Destination Port,Flow Duration,Total Fwd Packets,Total Backward Packets,Total Length of Fwd Packets,Total Length of Bwd Packets,Fwd Packet Length Max,Fwd Packet Length Min,Fwd Packet Length Mean,Fwd Packet Length Std,Bwd Packet Length Max,Bwd Packet Length Min,Bwd Packet Length Mean,Bwd Packet Length Std,Flow Bytes/s,Flow Packets/s,Flow IAT Mean,Flow IAT Std,Flow IAT Max,Flow IAT Min,Fwd IAT Total,Fwd IAT Mean,Fwd IAT Std,Fwd IAT Max,Fwd IAT Min,Bwd IAT Total,Bwd IAT Mean,Bwd IAT Std,Bwd IAT Max,Bwd IAT Min,Fwd PSH Flags,Bwd PSH Flags,Fwd URG Flags,Bwd URG Flags,Fwd Header Length,Bwd Header Length,Fwd Packets/s,Bwd Packets/s,Min Packet Length,Max Packet Length,Packet Length Mean,Packet Length Std,Packet Length Variance,FIN Flag Count,SYN Flag Count,RST Flag Count,PSH Flag Count,ACK Flag Count,URG Flag Count,CWE Flag Count,ECE Flag Count,Down/Up Ratio,Average Packet Size,Avg Fwd Segment Size,Avg Bwd Segment Size,Fwd Header Length.1,Fwd Avg Bytes/Bulk,Fwd Avg Packets/Bulk,Fwd Avg Bulk Rate,Bwd Avg Bytes/Bulk,Bwd Avg Packets/Bulk,Bwd Avg Bulk Rate,Subflow Fwd Packets,Subflow Fwd Bytes,Subflow Bwd Packets,Subflow Bwd Bytes,Init_Win_bytes_forward,Init_Win_bytes_backward,act_data_pkt_fwd,min_seg_size_forward,Active Mean,Active Std,Active Max,Active Min,Idle Mean,Idle Std,Idle Max,Idle Min,Label
21,9914087,9,15,108,188,24,0,12.0,9.733961167,34,0,12.53333333,14.54975045,29.8565062,2.4207978,431047.2609,1121922.522,3482172,1,6645624,830703.0,1540159.476,3524832,272,9913794,708128.1429,1385222.849,3482172,1,0,0,0,0,296,488,0.907799175,1.512998625,0,34,11.84,12.69737506,161.2233333,0,0,0,1,0,0,0,0,1,12.33333333,12.0,12.53333333,296,0,0,0,0,0,0,9,108,15,188,29200,227,6,32,0.0,0.0,0,0,0.0,0.0,0,0,ftp-patator
21,221,2,1,14,0,14,0,7.0,9.899494937,0,0,0.0,0.0,63348.41629,13574.66063,110.5,102.5304833,183,38,221,221.0,0.0,221,221,0,0.0,0.0,0,0,1,0,0,0,64,20,9049.773756,4524.886878,0,14,7.0,8.082903769,65.33333333,0,1,0,0,1,0,0,0,0,9.333333333,7.0,0.0,64,0,0,0,0,0,0,2,14,1,0,229,0,0,32,0.0,0.0,0,0,0.0,0.0,0,0,ftp-patator
21,9047147,9,15,101,188,23,0,11.22222222,8.941165721,34,0,12.53333333,14.54975045,31.94377189,2.652769984,393354.2174,1025660.063,3336030,3,5668944,708618.0,1311419.791,2967484,4,9047018,646215.5714,1266615.565,3336030,3,0,0,0,0,296,488,0.994788744,1.65798124,0,34,11.56,12.50359948,156.34,0,0,0,1,0,0,0,0,1,12.04166667,11.22222222,12.53333333,296,0,0,0,0,0,0,9,101,15,188,29200,227,6,32,0.0,0.0,0,0,0.0,0.0,0,0,ftp-patator
21,220,2,1,14,0,14,0,7.0,9.899494937,0,0,0.0,0.0,63636.36364,13636.36364,110.0,74.95331881,163,57,220,220.0,0.0,220,220,0,0.0,0.0,0,0,1,0,0,0,64,20,9090.909091,4545.454545,0,14,7.0,8.082903769,65.33333333,0,1,0,0,1,0,0,0,0,9.333333333,7.0,0.0,64,0,0,0,0,0,0,2,14,1,0,229,0,0,32,0.0,0.0,0,0,0.0,0.0,0,0,ftp-patator
21,9296939,9,15,123,188,32,0,13.66666667,11.95826074,34,0,12.53333333,14.54975045,33.45187056,2.581494834,404214.7391,1051532.196,3224684,1,6472822,809102.75,1496518.547,3266966,3,9296834,664059.5714,1298232.504,3224684,1,0,0,0,0,296,488,0.968060563,1.613434271,0,34,12.44,13.34815842,178.1733333,0,0,0,1,0,0,0,0,1,12.95833333,13.66666667,12.53333333,296,0,0,0,0,0,0,9,123,15,188,29200,227,6,32,0.0,0.0,0,0,0.0,0.0,0,0,ftp-patator
21,9670898,9,15,107,188,23,0,11.88888889,9.545214042,34,0,12.53333333,14.54975045,30.50388909,2.481672333,420473.8261,1071940.714,3300632,3,6448675,806084.375,1442155.632,3343601,49,9670748,690767.7143,1320424.38,3300632,3,0,0,0,0,296,488,0.930627125,1.551045208,0,34,11.8,12.64911064,160.0,0,0,0,1,0,0,0,0,1,12.29166667,11.88888889,12.53333333,296,0,0,0,0,0,0,9,107,15,188,29200,227,6,32,0.0,0.0,0,0,0.0,0.0,0,0,ftp-patator
21,8886433,9,15,110,188,24,0,12.22222222,9.934507761,34,0,12.53333333,14.54975045,33.5342651,2.700746182,386366.6522,1006688.272,3160459,3,5804023,725502.875,1350800.4,3203575,273,8886315,634736.7857,1243084.769,3160459,3,0,0,0,0,296,488,1.012779818,1.687966364,0,34,11.92,12.75055554,162.5766667,0,0,0,1,0,0,0,0,1,12.41666667,12.22222222,12.53333333,296,0,0,0,0,0,0,9,110,15,188,29200,227,6,32,0.0,0.0,0,0,0.0,0.0,0,0,ftp-patator
21,245,2,1,14,0,14,0,7.0,9.899494937,0,0,0.0,0.0,57142.85714,12244.89796,122.5,75.66042559,176,69,245,245.0,0.0,245,245,0,0.0,0.0,0,0,1,0,0,0,64,20,8163.265306,4081.632653,0,14,7.0,8.082903769,65.33333333,0,1,0,0,1,0,0,0,0,9.333333333,7.0,0.0,64,0,0,0,0,0,0,2,14,1,0,229,0,0,32,0.0,0.0,0,0,0.0,0.0,0,0,ftp-patator
21,9761022,9,15,113,188,31,0,12.55555556,10.79480328,34,0,12.53333333,14.54975045,30.8369349,2.458758929,424392.2609,1104704.511,3508020,3,6211454,776431.75,1435674.191,3137730,3,9760884,697206.0,1363974.12,3508020,3,0,0,0,0,296,488,0.922034598,1.536724331,0,34,12.04,12.98550474,168.6233333,0,0,0,1,0,0,0,0,1,12.54166667,12.55555556,12.53333333,296,0,0,0,0,0,0,9,113,15,188,29200,227,6,32,0.0,0.0,0,0,0.0,0.0,0,0,ftp-patator
21,258,2,1,14,0,14,0,7.0,9.899494937,0,0,0.0,0.0,54263.56589,11627.90698,129.0,56.56854249,169,89,258,258.0,0.0,258,258,0,0.0,0.0,0,0,1,0,0,0,64,20,7751.937984,3875.968992,0,14,7.0,8.082903769,65.33333333,0,1,0,0,1,0,0,0,0,9.333333333,7.0,0.0,64,0,0,0,0,0,0,2,14,1,0,229,0,0,32,0.0,0.0,0,0,0.0,0.0,0,0,ftp-patator
21,250,2,1,14,0,14,0,7.0,9.899494937,0,0,0.0,0.0,56000.0,12000.0,125.0,62.22539674,169,81,250,250.0,0.0,250,250,0,0.0,0.0,0,0,1,0,0,0,64,20,8000.0,4000.0,0,14,7.0,8.082903769,65.33333333,0,1,0,0,1,0,0,0,0,9.333333333,7.0,0.0,64,0,0,0,0,0,0,2,14,1,0,229,0,0,32,0.0,0.0,0,0,0.0,0.0,0,0,ftp-patator
21,221,2,1,14,0,14,0,7.0,9.899494937,0,0,0.0,0.0,63348.41629,13574.66063,110.5,89.80256121,174,47,221,221.0,0.0,221,221,0,0.0,0.0,0,0,1,0,0,0,64,20,9049.773756,4524.886878,0,14,7.0,8.082903769,65.33333333,0,1,0,0,1,0,0,0,0,9.333333333,7.0,0.0,64,0,0,0,0,0,0,2,14,1,0,229,0,0,32,0.0,0.0,0,0,0.0,0.0,0,0,ftp-patator
21,7846203,9,15,103,188,23,0,11.44444444,9.207484878,34,0,12.53333333,14.54975045,37.08800295,3.058804367,341139.2609,884206.5694,2758412,1,5356772,669596.5,1239168.88,2802721,3,7846142,560438.7143,1091208.716,2758412,1,0,0,0,0,296,488,1.147051638,1.911752729,0,34,11.64,12.56609194,157.9066667,0,0,0,1,0,0,0,0,1,12.125,11.44444444,12.53333333,296,0,0,0,0,0,0,9,103,15,188,29200,227,6,32,0.0,0.0,0,0,0.0,0.0,0,0,ftp-patator
21,8044130,9,15,104,188,22,0,11.55555556,9.166666667,34,0,12.53333333,14.54975045,36.29976144,2.983542036,349744.7826,907557.8132,2892576,1,5110068,638758.5,1181027.586,2586292,3,8044026,574573.2857,1120171.68,2892576,1,0,0,0,0,296,488,1.118828264,1.864713773,0,34,11.68,12.55560964,157.6433333,0,0,0,1,0,0,0,0,1,12.16666667,11.55555556,12.53333333,296,0,0,0,0,0,0,9,104,15,188,29200,227,6,32,0.0,0.0,0,0,0.0,0.0,0,0,ftp-patator
21,8081066,9,15,100,188,23,0,11.11111111,8.823894328,34,0,12.53333333,14.54975045,35.6388625,2.969905208,351350.6957,916369.9064,3060735,3,5625828,703228.5,1309755.072,3104228,61,8080945,577210.3571,1131683.289,3060735,3,0,0,0,0,296,488,1.113714453,1.856190755,0,34,11.52,12.47704559,155.6766667,0,0,0,1,0,0,0,0,1,12.0,11.11111111,12.53333333,296,0,0,0,0,0,0,9,100,15,188,29200,227,6,32,0.0,0.0,0,0,0.0,0.0,0,0,ftp-patator
21,290,2,1,14,0,14,0,7.0,9.899494937,0,0,0.0,0.0,48275.86207,10344.82759,145.0,56.56854249,185,105,290,290.0,0.0,290,290,0,0.0,0.0,0,0,1,0,0,0,64,20,6896.551724,3448.275862,0,14,7.0,8.082903769,65.33333333,0,1,0,0,1,0,0,0,0,9.333333333,7.0,0.0,64,0,0,0,0,0,0,2,14,1,0,229,0,0,32,0.0,0.0,0,0,0.0,0.0,0,0,ftp-patator
21,223,2,1,14,0,14,0,7.0,9.899494937,0,0,0.0,0.0,62780.26906,13452.9148,111.5,47.37615434,145,78,223,223.0,0.0,223,223,0,0.0,0.0,0,0,1,0,0,0,64,20,8968.609865,4484.304933,0,14,7.0,8.082903769,65.33333333,0,1,0,0,1,0,0,0,0,9.333333333,7.0,0.0,64,0,0,0,0,0,0,2,14,1,0,229,0,0,32,0.0,0.0,0,0,0.0,0.0,0,0,ftp-patator
21,8737665,9,15,107,188,23,0,11.88888889,9.545214042,34,0,12.53333333,14.54975045,33.76188032,2.746729246,379898.4783,988934.1401,3164840,2,5841628,730203.5,1358487.201,3209198,3,8737574,624112.4286,1221038.312,3164840,2,0,0,0,0,296,488,1.030023467,1.716705779,0,34,11.8,12.64911064,160.0,0,0,0,1,0,0,0,0,1,12.29166667,11.88888889,12.53333333,296,0,0,0,0,0,0,9,107,15,188,29200,227,6,32,0.0,0.0,0,0,0.0,0.0,0,0,ftp-patator
21,8923302,9,15,108,188,23,0,12.0,9.656603958,34,0,12.53333333,14.54975045,33.17157707,2.68958733,387969.6522,1008399.909,3178595,48,6212134,776516.75,1434511.507,3222783,256,8923199,637371.3571,1244862.509,3178595,48,0,0,0,0,296,488,1.008595249,1.680992081,0,34,11.84,12.67767066,160.7233333,0,0,0,1,0,0,0,0,1,12.33333333,12.0,12.53333333,296,0,0,0,0,0,0,9,108,15,188,29200,227,6,32,0.0,0.0,0,0,0.0,0.0,0,0,ftp-patator
21,229,2,1,14,0,14,0,7.0,9.899494937,0,0,0.0,0.0,61135.37118,13100.43668,114.5,43.13351365,145,84,229,229.0,0.0,229,229,0,0.0,0.0,0,0,1,0,0,0,64,20,8733.624454,4366.812227,0,14,7.0,8.082903769,65.33333333,0,1,0,0,1,0,0,0,0,9.333333333,7.0,0.0,64,0,0,0,0,0,0,2,14,1,0,229,0,0,32,0.0,0.0,0,0,0.0,0.0,0,0,ftp-patator
21,9370666,9,15,108,188,24,0,12.0,9.733961167,34,0,12.53333333,14.54975045,31.58793623,2.561184018,407420.2609,1064325.45,3516735,3,6735180,841897.5,1554583.458,3559573,3,9370511,669322.2143,1314635.189,3516735,3,0,0,0,0,296,488,0.960444007,1.600740011,0,34,11.84,12.69737506,161.2233333,0,0,0,1,0,0,0,0,1,12.33333333,12.0,12.53333333,296,0,0,0,0,0,0,9,108,15,188,29200,227,6,32,0.0,0.0,0,0,0.0,0.0,0,0,ftp-patator
21,258,2,1,14,0,14,0,7.0,9.899494937,0,0,0.0,0.0,54263.56589,11627.90698,129.0,73.53910524,181,77,258,258.0,0.0,258,258,0,0.0,0.0,0,0,1,0,0,0,64,20,7751.937984,3875.968992,0,14,7.0,8.082903769,65.33333333,0,1,0,0,1,0,0,0,0,9.333333333,7.0,0.0,64,0,0,0,0,0,0,2,14,1,0,229,0,0,32,0.0,0.0,0,0,0.0,0.0,0,0,ftp-patator
21,4,2,0,14,0,14,0,7.0,9.899494937,0,0,0.0,0.0,3500000.0,500000.0,4.0,0.0,4,4,4,4.0,0.0,4,4,0,0.0,0.0,0,0,1,0,0,0,64,0,500000.0,0.0,0,14,9.333333333,8.082903769,65.33333333,0,1,0,0,1,0,0,0,0,14.0,7.0,0.0,64,0,0,0,0,0,0,2,14,0,0,229,-1,0,32,0.0,0.0,0,0,0.0,0.0,0,0,ftp-patator
21,235,2,1,14,0,14,0,7.0,9.899494937,0,0,0.0,0.0,59574.46809,12765.95745,117.5,54.44722215,156,79,235,235.0,0.0,235,235,0,0.0,0.0,0,0,1,0,0,0,64,20,8510.638298,4255.319149,0,14,7.0,8.082903769,65.33333333,0,1,0,0,1,0,0,0,0,9.333333333,7.0,0.0,64,0,0,0,0,0,0,2,14,1,0,229,0,0,32,0.0,0.0,0,0,0.0,0.0,0,0,ftp-patator
21,9465274,9,15,104,188,23,0,11.55555556,9.221050796,34,0,12.53333333,14.54975045,30.84960879,2.535584284,411533.6522,1074906.391,3506652,3,6696035,837004.375,1551677.811,3549998,3,9465146,676081.8571,1327679.754,3506652,4,0,0,0,0,296,488,0.950844107,1.584740178,0,34,11.68,12.56887691,157.9766667,0,0,0,1,0,0,0,0,1,12.16666667,11.55555556,12.53333333,296,0,0,0,0,0,0,9,104,15,188,29200,227,6,32,0.0,0.0,0,0,0.0,0.0,0,0,ftp-patator
21,8551928,9,15,98,188,19,0,10.88888889,8.417904199,34,0,12.53333333,14.54975045,33.44275116,2.806384712,371822.9565,944446.2838,2880549,3,5912986,739123.25,1318310.383,2923229,4,8551841,610845.7857,1162881.353,2880549,3,0,0,0,0,296,488,1.052394267,1.753990445,0,34,11.44,12.38641729,153.4233333,0,0,0,1,0,0,0,0,1,11.91666667,10.88888889,12.53333333,296,0,0,0,0,0,0,9,98,15,188,29200,227,6,32,0.0,0.0,0,0,0.0,0.0,0,0,ftp-patator
21,9331871,9,15,103,188,23,0,11.44444444,9.098229376,34,0,12.53333333,14.54975045,31.18345721,2.571831522,405733.5217,1055350.559,3228856,3,6104320,763040.0,1415424.216,3273236,3,9331748,666553.4286,1302929.314,3228856,4,0,0,0,0,296,488,0.964436821,1.607394701,0,34,11.64,12.53953747,157.24,0,0,0,1,0,0,0,0,1,12.125,11.44444444,12.53333333,296,0,0,0,0,0,0,9,103,15,188,29200,227,6,32,0.0,0.0,0,0,0.0,0.0,0,0,ftp-patator
21,9861867,9,15,102,188,21,0,11.33333333,8.902246907,34,0,12.53333333,14.54975045,29.40619662,2.433616272,428776.8261,1116307.652,3520791,3,6299197,787399.625,1455092.962,3342820,250,9861719,704408.5,1378325.975,3520791,3,0,0,0,0,296,488,0.912606102,1.52101017,0,34,11.6,12.49333155,156.0833333,0,0,0,1,0,0,0,0,1,12.08333333,11.33333333,12.53333333,296,0,0,0,0,0,0,9,102,15,188,29200,227,6,32,0.0,0.0,0,0,0.0,0.0,0,0,ftp-patator
21,3,2,0,14,0,14,0,7.0,9.899494937,0,0,0.0,0.0,4666666.667,666666.6667,3.0,0.0,3,3,3,3.0,0.0,3,3,0,0.0,0.0,0,0,1,0,0,0,64,0,666666.6667,0.0,0,14,9.333333333,8.082903769,65.33333333,0,1,0,0,1,0,0,0,0,14.0,7.0,0.0,64,0,0,0,0,0,0,2,14,0,0,229,-1,0,32,0.0,0.0,0,0,0.0,0.0,0,0,ftp-patator
21,9294590,9,15,108,188,24,0,12.0,9.682458366,34,0,12.53333333,14.54975045,31.84648274,2.582147249,404112.6087,1051285.038,3244726,3,6007801,750975.125,1390482.947,3129952,200,9294470,663890.7143,1297930.135,3244726,3,0,0,0,0,296,488,0.968305218,1.613842031,0,34,11.84,12.68424219,160.89,0,0,0,1,0,0,0,0,1,12.33333333,12.0,12.53333333,296,0,0,0,0,0,0,9,108,15,188,29200,227,6,32,0.0,0.0,0,0,0.0,0.0,0,0,ftp-patator
21,9227216,9,15,103,188,23,0,11.44444444,9.207484878,34,0,12.53333333,14.54975045,31.5371397,2.601001212,401183.3043,1054791.379,3476861,1,5968546,746068.25,1408456.375,3521137,2,9227140,659081.4286,1303763.969,3476861,1,0,0,0,0,296,488,0.975375455,1.625625758,0,34,11.64,12.56609194,157.9066667,0,0,0,1,0,0,0,0,1,12.125,11.44444444,12.53333333,296,0,0,0,0,0,0,9,103,15,188,29200,227,6,32,0.0,0.0,0,0,0.0,0.0,0,0,ftp-patator
21,186,2,1,14,0,14,0,7.0,9.899494937,0,0,0.0,0.0,75268.8172,16129.03226,93.0,110.3086579,171,15,186,186.0,0.0,186,186,0,0.0,0.0,0,0,1,0,0,0,64,20,10752.68817,5376.344086,0,14,7.0,8.082903769,65.33333333,0,1,0,0,1,0,0,0,0,9.333333333,7.0,0.0,64,0,0,0,0,0,0,2,14,1,0,229,0,0,32,0.0,0.0,0,0,0.0,0.0,0,0,ftp-patator
21,9621679,9,15,104,188,24,0,11.55555556,9.248122933,34,0,12.53333333,14.54975045,30.34813363,2.494367147,418333.8696,1092680.544,3550573,3,6799131,849891.375,1575492.63,3593878,3,9621612,687258.0,1349632.751,3550573,3,0,0,0,0,296,488,0.93538768,1.558979467,0,34,11.68,12.57550529,158.1433333,0,0,0,1,0,0,0,0,1,12.16666667,11.55555556,12.53333333,296,0,0,0,0,0,0,9,104,15,188,29200,227,6,32,0.0,0.0,0,0,0.0,0.0,0,0,ftp-patator
21,3,2,0,14,0,14,0,7.0,9.899494937,0,0,0.0,0.0,4666666.667,666666.6667,3.0,0.0,3,3,3,3.0,0.0,3,3,0,0.0,0.0,0,0,1,0,0,0,64,0,666666.6667,0.0,0,14,9.333333333,8.082903769,65.33333333,0,1,0,0,1,0,0,0,0,14.0,7.0,0.0,64,0,0,0,0,0,0,2,14,0,0,229,-1,0,32,0.0,0.0,0,0,0.0,0.0,0,0,ftp-patator
21,3,2,0,14,0,14,0,7.0,9.899494937,0,0,0.0,0.0,4666666.667,666666.6667,3.0,0.0,3,3,3,3.0,0.0,3,3,0,0.0,0.0,0,0,1,0,0,0,64,0,666666.6667,0.0,0,14,9.333333333,8.082903769,65.33333333,0,1,0,0,1,0,0,0,0,14.0,7.0,0.0,64,0,0,0,0,0,0,2,14,0,0,229,-1,0,32,0.0,0.0,0,0,0.0,0.0,0,0,ftp-patator
21,9488220,9,15,95,188,19,0,10.55555556,8.11035004,34,0,12.53333333,14.54975045,29.82645849,2.52945231,412531.3043,1070427.686,3286290,3,6275750,784468.75,1447731.429,3329071,4,9488102,677721.5714,1321188.973,3286290,3,0,0,0,0,296,488,0.948544616,1.580907694,0,34,11.32,12.32450134,151.8933333,0,0,0,1,0,0,0,0,1,11.79166667,10.55555556,12.53333333,296,0,0,0,0,0,0,9,95,15,188,29200,227,6,32,0.0,0.0,0,0,0.0,0.0,0,0,ftp-patator
21,205,2,1,14,0,14,0,7.0,9.899494937,0,0,0.0,0.0,68292.68293,14634.14634,102.5,36.06244584,128,77,205,205.0,0.0,205,205,0,0.0,0.0,0,0,1,0,0,0,64,20,9756.097561,4878.04878,0,14,7.0,8.082903769,65.33333333,0,1,0,0,1,0,0,0,0,9.333333333,7.0,0.0,64,0,0,0,0,0,0,2,14,1,0,229,0,0,32,0.0,0.0,0,0,0.0,0.0,0,0,ftp-patator
21,3,2,0,14,0,14,0,7.0,9.899494937,0,0,0.0,0.0,4666666.667,666666.6667,3.0,0.0,3,3,3,3.0,0.0,3,3,0,0.0,0.0,0,0,1,0,0,0,64,0,666666.6667,0.0,0,14,9.333333333,8.082903769,65.33333333,0,1,0,0,1,0,0,0,0,14.0,7.0,0.0,64,0,0,0,0,0,0,2,14,0,0,229,-1,0,32,0.0,0.0,0,0,0.0,0.0,0,0,ftp-patator
21,9136947,9,15,113,188,31,0,12.55555556,10.8294865,34,0,12.53333333,14.54975045,32.94317019,2.626697955,397258.5652,1020820.101,3267180,3,5826676,728334.5,1316697.864,2908078,224,9136805,652628.9286,1258592.266,3267180,3,0,0,0,0,296,488,0.985011733,1.641686222,0,34,12.04,12.99512729,168.8733333,0,0,0,1,0,0,0,0,1,12.54166667,12.55555556,12.53333333,296,0,0,0,0,0,0,9,113,15,188,29200,227,6,32,0.0,0.0,0,0,0.0,0.0,0,0,ftp-patator
21,8698909,9,15,108,188,23,0,12.0,9.682458366,34,0,12.53333333,14.54975045,34.0272556,2.75896667,378213.4348,990726.0121,3267523,3,5706375,713296.875,1341782.012,3310269,49,8698827,621344.7857,1224087.392,3267523,3,0,0,0,0,296,488,1.034612501,1.724354169,0,34,11.84,12.68424219,160.89,0,0,0,1,0,0,0,0,1,12.33333333,12.0,12.53333333,296,0,0,0,0,0,0,9,108,15,188,29200,227,6,32,0.0,0.0,0,0,0.0,0.0,0,0,ftp-patator
21,249,2,1,14,0,14,0,7.0,9.899494937,0,0,0.0,0.0,56224.8996,12048.19277,124.5,57.27564928,165,84,249,249.0,0.0,249,249,0,0.0,0.0,0,0,1,0,0,0,64,20,8032.128514,4016.064257,0,14,7.0,8.082903769,65.33333333,0,1,0,0,1,0,0,0,0,9.333333333,7.0,0.0,64,0,0,0,0,0,0,2,14,1,0,229,0,0,32,0.0,0.0,0,0,0.0,0.0,0,0,ftp-patator
21,3,2,0,14,0,14,0,7.0,9.899494937,0,0,0.0,0.0,4666666.667,666666.6667,3.0,0.0,3,3,3,3.0,0.0,3,3,0,0.0,0.0,0,0,1,0,0,0,64,0,666666.6667,0.0,0,14,9.333333333,8.082903769,65.33333333,0,1,0,0,1,0,0,0,0,14.0,7.0,0.0,64,0,0,0,0,0,0,2,14,0,0,229,-1,0,32,0.0,0.0,0,0,0.0,0.0,0,0,ftp-patator
21,4,2,0,14,0,14,0,7.0,9.899494937,0,0,0.0,0.0,3500000.0,500000.0,4.0,0.0,4,4,4,4.0,0.0,4,4,0,0.0,0.0,0,0,1,0,0,0,64,0,500000.0,0.0,0,14,9.333333333,8.082903769,65.33333333,0,1,0,0,1,0,0,0,0,14.0,7.0,0.0,64,0,0,0,0,0,0,2,14,0,0,229,-1,0,32,0.0,0.0,0,0,0.0,0.0,0,0,ftp-patator
21,220,2,1,14,0,14,0,7.0,9.899494937,0,0,0.0,0.0,63636.36364,13636.36364,110.0,63.63961031,155,65,220,220.0,0.0,220,220,0,0.0,0.0,0,0,1,0,0,0,64,20,9090.909091,4545.454545,0,14,7.0,8.082903769,65.33333333,0,1,0,0,1,0,0,0,0,9.333333333,7.0,0.0,64,0,0,0,0,0,0,2,14,1,0,229,0,0,32,0.0,0.0,0,0,0.0,0.0,0,0,ftp-patator
21,9111146,9,15,110,188,24,0,12.22222222,9.921917377,34,0,12.53333333,14.54975045,32.70719183,2.634136255,396136.7826,1027704.716,3100808,3,6219260,777407.5,1435729.781,3143130,48,9111023,650787.3571,1268432.618,3100808,3,0,0,0,0,296,488,0.987801095,1.646335159,0,34,11.92,12.74728729,162.4933333,0,0,0,1,0,0,0,0,1,12.41666667,12.22222222,12.53333333,296,0,0,0,0,0,0,9,110,15,188,29200,227,6,32,0.0,0.0,0,0,0.0,0.0,0,0,ftp-patator
21,257,2,1,14,0,14,0,7.0,9.899494937,0,0,0.0,0.0,54474.70817,11673.15175,128.5,91.21677477,193,64,257,257.0,0.0,257,257,0,0.0,0.0,0,0,1,0,0,0,64,20,7782.101167,3891.050584,0,14,7.0,8.082903769,65.33333333,0,1,0,0,1,0,0,0,0,9.333333333,7.0,0.0,64,0,0,0,0,0,0,2,14,1,0,229,0,0,32,0.0,0.0,0,0,0.0,0.0,0,0,ftp-patator
21,268,2,1,14,0,14,0,7.0,9.899494937,0,0,0.0,0.0,52238.80597,11194.02985,134.0,121.6223664,220,48,268,268.0,0.0,268,268,0,0.0,0.0,0,0,1,0,0,0,64,20,7462.686567,3731.343284,0,14,7.0,8.082903769,65.33333333,0,1,0,0,1,0,0,0,0,9.333333333,7.0,0.0,64,0,0,0,0,0,0,2,14,1,0,229,0,0,32,0.0,0.0,0,0,0.0,0.0,0,0,ftp-patator
21,9506892,9,15,101,188,21,0,11.22222222,8.800252522,34,0,12.53333333,14.54975045,30.39899896,2.524484343,413343.1304,1078838.275,3500875,3,6329946,791243.25,1476216.926,3549038,3,9506805,679057.5,1332428.063,3500875,3,0,0,0,0,296,488,0.946681628,1.577802714,0,34,11.56,12.47023122,155.5066667,0,0,0,1,0,0,0,0,1,12.04166667,11.22222222,12.53333333,296,0,0,0,0,0,0,9,101,15,188,29200,227,6,32,0.0,0.0,0,0,0.0,0.0,0,0,ftp-patator
21,258,2,1,14,0,14,0,7.0,9.899494937,0,0,0.0,0.0,54263.56589,11627.90698,129.0,21.21320344,144,114,258,258.0,0.0,258,258,0,0.0,0.0,0,0,1,0,0,0,64,20,7751.937984,3875.968992,0,14,7.0,8.082903769,65.33333333,0,1,0,0,1,0,0,0,0,9.333333333,7.0,0.0,64,0,0,0,0,0,0,2,14,1,0,229,0,0,32,0.0,0.0,0,0,0.0,0.0,0,0,ftp-patator
21,9334611,9,15,113,188,25,0,12.55555556,10.33333333,34,0,12.53333333,14.54975045,32.24558581,2.571076609,405852.6522,1052229.334,3170057,3,6377138,797142.25,1468158.507,3213418,227,9334496,666749.7143,1298608.52,3170057,3,0,0,0,0,296,488,0.964153729,1.606922881,0,34,12.04,12.85975635,165.3733333,0,0,0,1,0,0,0,0,1,12.54166667,12.55555556,12.53333333,296,0,0,0,0,0,0,9,113,15,188,29200,227,6,32,0.0,0.0,0,0,0.0,0.0,0,0,ftp-patator
21,9569116,9,15,113,188,24,0,12.55555556,10.3091114,34,0,12.53333333,14.54975045,31.45536118,2.508068666,416048.5217,1080527.911,3327312,3,6198253,774781.625,1431529.081,3224862,43,9569027,683501.9286,1333786.426,3327312,3,0,0,0,0,296,488,0.94052575,1.567542916,0,34,12.04,12.85327455,165.2066667,0,0,0,1,0,0,0,0,1,12.54166667,12.55555556,12.53333333,296,0,0,0,0,0,0,9,113,15,188,29200,227,6,32,0.0,0.0,0,0,0.0,0.0,0,0,ftp-patator
21,9226633,9,15,96,188,20,0,10.66666667,8.246211251,34,0,12.53333333,14.54975045,30.78045913,2.601165561,401157.9565,1041682.552,3144518,3,6300245,787530.625,1455339.121,3186538,221,9226525,659037.5,1285813.64,3144518,3,0,0,0,0,296,488,0.975437085,1.625728475,0,34,11.36,12.35205786,152.5733333,0,0,0,1,0,0,0,0,1,11.83333333,10.66666667,12.53333333,296,0,0,0,0,0,0,9,96,15,188,29200,227,6,32,0.0,0.0,0,0,0.0,0.0,0,0,ftp-patator
21,202,2,1,14,0,14,0,7.0,9.899494937,0,0,0.0,0.0,69306.93069,14851.48515,101.0,25.45584412,119,83,202,202.0,0.0,202,202,0,0.0,0.0,0,0,1,0,0,0,64,20,9900.990099,4950.49505,0,14,7.0,8.082903769,65.33333333,0,1,0,0,1,0,0,0,0,9.333333333,7.0,0.0,64,0,0,0,0,0,0,2,14,1,0,229,0,0,32,0.0,0.0,0,0,0.0,0.0,0,0,ftp-patator
21,280,2,1,14,0,14,0,7.0,9.899494937,0,0,0.0,0.0,50000.0,10714.28571,140.0,113.137085,220,60,280,280.0,0.0,280,280,0,0.0,0.0,0,0,1,0,0,0,64,20,7142.857143,3571.428571,0,14,7.0,8.082903769,65.33333333,0,1,0,0,1,0,0,0,0,9.333333333,7.0,0.0,64,0,0,0,0,0,0,2,14,1,0,229,0,0,32,0.0,0.0,0,0,0.0,0.0,0,0,ftp-patator
21,10209152,9,15,107,188,25,0,11.88888889,9.636447017,34,0,12.53333333,14.54975045,28.89564187,2.350831881,443876.1739,1117896.076,3624988,3,6901154,862644.25,1510812.755,3669663,39,10200000,729215.7143,1375073.345,3624988,3,0,0,0,0,296,488,0.881561955,1.469269926,0,34,11.8,12.67214794,160.5833333,0,0,0,1,0,0,0,0,1,12.29166667,11.88888889,12.53333333,296,0,0,0,0,0,0,9,107,15,188,29200,227,6,32,0.0,0.0,0,0,0.0,0.0,0,0,ftp-patator
21,227,2,1,14,0,14,0,7.0,9.899494937,0,0,0.0,0.0,61674.00881,13215.85903,113.5,60.1040764,156,71,227,227.0,0.0,227,227,0,0.0,0.0,0,0,1,0,0,0,64,20,8810.572687,4405.286344,0,14,7.0,8.082903769,65.33333333,0,1,0,0,1,0,0,0,0,9.333333333,7.0,0.0,64,0,0,0,0,0,0,2,14,1,0,229,0,0,32,0.0,0.0,0,0,0.0,0.0,0,0,ftp-patator
21,9129808,9,15,113,188,25,0,12.55555556,10.36956015,34,0,12.53333333,14.54975045,32.96892991,2.628751886,396948.1739,1029360.827,3069997,3,6149194,768649.25,1419873.146,3112679,3,9129714,652122.4286,1270414.063,3069997,4,0,0,0,0,296,488,0.985781957,1.642969929,0,34,12.04,12.86947292,165.6233333,0,0,0,1,0,0,0,0,1,12.54166667,12.55555556,12.53333333,296,0,0,0,0,0,0,9,113,15,188,29200,227,6,32,0.0,0.0,0,0,0.0,0.0,0,0,ftp-patator
21,9803729,9,15,93,188,18,0,10.33333333,7.874007874,34,0,12.53333333,14.54975045,28.66256299,2.448048085,426249.087,1109430.139,3498981,3,6502840,812855.0,1506478.474,3541024,248,9803579,700255.6429,1369794.168,3498981,3,0,0,0,0,296,488,0.918018032,1.530030053,0,34,11.24,12.27897933,150.7733333,0,0,0,1,0,0,0,0,1,11.70833333,10.33333333,12.53333333,296,0,0,0,0,0,0,9,93,15,188,29200,227,6,32,0.0,0.0,0,0,0.0,0.0,0,0,ftp-patator
21,8559330,9,15,118,188,27,0,13.11111111,11.03907202,34,0,12.53333333,14.54975045,35.75046178,2.803957786,372144.7826,970617.7287,3020895,3,5497067,687133.375,1280078.673,3039362,251,8559202,611371.5714,1198679.125,3020895,3,0,0,0,0,296,488,1.05148417,1.752473617,0,34,12.24,13.06483831,170.69,0,0,0,1,0,0,0,0,1,12.75,13.11111111,12.53333333,296,0,0,0,0,0,0,9,118,15,188,29200,227,6,32,0.0,0.0,0,0,0.0,0.0,0,0,ftp-patator
21,77,2,2,14,0,14,0,7.0,9.899494937,0,0,0.0,0.0,181818.1818,51948.05195,25.66666667,42.72391992,75,1,77,77.0,0.0,77,77,1,1.0,0.0,1,1,1,0,0,0,64,40,25974.02597,25974.02597,0,14,5.6,7.668115805,58.8,0,1,0,0,1,0,0,0,1,7.0,7.0,0.0,64,0,0,0,0,0,0,2,14,2,0,229,0,0,32,0.0,0.0,0,0,0.0,0.0,0,0,ftp-patator
21,3,2,0,14,0,14,0,7.0,9.899494937,0,0,0.0,0.0,4666666.667,666666.6667,3.0,0.0,3,3,3,3.0,0.0,3,3,0,0.0,0.0,0,0,1,0,0,0,64,0,666666.6667,0.0,0,14,9.333333333,8.082903769,65.33333333,0,1,0,0,1,0,0,0,0,14.0,7.0,0.0,64,0,0,0,0,0,0,2,14,0,0,229,-1,0,32,0.0,0.0,0,0,0.0,0.0,0,0,ftp-patator
21,9060383,9,15,100,188,24,0,11.11111111,8.894442709,34,0,12.53333333,14.54975045,31.78673573,2.648894644,393929.6957,1023876.656,3160593,3,5858598,732324.75,1354850.873,3124653,217,9060295,647163.9286,1263966.247,3160593,3,0,0,0,0,296,488,0.993335491,1.655559152,0,34,11.52,12.49373176,156.0933333,0,0,0,1,0,0,0,0,1,12.0,11.11111111,12.53333333,296,0,0,0,0,0,0,9,100,15,188,29200,227,6,32,0.0,0.0,0,0,0.0,0.0,0,0,ftp-patator
21,3,2,0,14,0,14,0,7.0,9.899494937,0,0,0.0,0.0,4666666.667,666666.6667,3.0,0.0,3,3,3,3.0,0.0,3,3,0,0.0,0.0,0,0,1,0,0,0,64,0,666666.6667,0.0,0,14,9.333333333,8.082903769,65.33333333,0,1,0,0,1,0,0,0,0,14.0,7.0,0.0,64,0,0,0,0,0,0,2,14,0,0,229,-1,0,32,0.0,0.0,0,0,0.0,0.0,0,0,ftp-patator
21,236,2,1,14,0,14,0,7.0,9.899494937,0,0,0.0,0.0,59322.0339,12711.86441,118.0,62.22539674,162,74,236,236.0,0.0,236,236,0,0.0,0.0,0,0,1,0,0,0,64,20,8474.576271,4237.288136,0,14,7.0,8.082903769,65.33333333,0,1,0,0,1,0,0,0,0,9.333333333,7.0,0.0,64,0,0,0,0,0,0,2,14,1,0,229,0,0,32,0.0,0.0,0,0,0.0,0.0,0,0,ftp-patator
21,9249297,9,15,97,188,20,0,10.77777778,8.363279527,34,0,12.53333333,14.54975045,30.81315261,2.594791799,402143.3478,1046122.104,3297736,3,6136716,767089.5,1422312.127,3339552,173,9249261,660661.5,1291549.949,3297736,3,0,0,0,0,296,488,0.973046925,1.621744874,0,34,11.4,12.37605214,153.1666667,0,0,0,1,0,0,0,0,1,11.875,10.77777778,12.53333333,296,0,0,0,0,0,0,9,97,15,188,29200,227,6,32,0.0,0.0,0,0,0.0,0.0,0,0,ftp-patator
21,248,2,1,14,0,14,0,7.0,9.899494937,0,0,0.0,0.0,56451.6129,12096.77419,124.0,32.52691193,147,101,248,248.0,0.0,248,248,0,0.0,0.0,0,0,1,0,0,0,64,20,8064.516129,4032.258065,0,14,7.0,8.082903769,65.33333333,0,1,0,0,1,0,0,0,0,9.333333333,7.0,0.0,64,0,0,0,0,0,0,2,14,1,0,229,0,0,32,0.0,0.0,0,0,0.0,0.0,0,0,ftp-patator
21,9317492,9,15,111,188,24,0,12.33333333,10.07472084,34,0,12.53333333,14.54975045,32.09018049,2.575800441,405108.3478,1050678.275,3160569,3,6367748,795968.5,1467805.698,3203353,4,9317383,665527.3571,1296746.235,3160569,3,0,0,0,0,296,488,0.965925165,1.609875275,0,34,11.96,12.78827588,163.54,0,0,0,1,0,0,0,0,1,12.45833333,12.33333333,12.53333333,296,0,0,0,0,0,0,9,111,15,188,29200,227,6,32,0.0,0.0,0,0,0.0,0.0,0,0,ftp-patator
21,225,2,1,14,0,14,0,7.0,9.899494937,0,0,0.0,0.0,62222.22222,13333.33333,112.5,79.90306627,169,56,225,225.0,0.0,225,225,0,0.0,0.0,0,0,1,0,0,0,64,20,8888.888889,4444.444444,0,14,7.0,8.082903769,65.33333333,0,1,0,0,1,0,0,0,0,9.333333333,7.0,0.0,64,0,0,0,0,0,0,2,14,1,0,229,0,0,32,0.0,0.0,0,0,0.0,0.0,0,0,ftp-patator
21,1,2,0,14,0,14,0,7.0,9.899494937,0,0,0.0,0.0,14000000.0,2000000.0,1.0,0.0,1,1,1,1.0,0.0,1,1,0,0.0,0.0,0,0,1,0,0,0,64,0,2000000.0,0.0,0,14,9.333333333,8.082903769,65.33333333,0,1,0,0,1,0,0,0,0,14.0,7.0,0.0,64,0,0,0,0,0,0,2,14,0,0,229,-1,0,32,0.0,0.0,0,0,0.0,0.0,0,0,ftp-patator
21,8690527,9,15,108,188,24,0,12.0,9.733961167,34,0,12.53333333,14.54975045,34.06007484,2.76162769,377849.0,972683.9712,3155874,3,6079360,759920.0,1383309.727,3198989,3,8690410,620743.5714,1199487.526,3155874,3,0,0,0,0,296,488,1.035610384,1.726017306,0,34,11.84,12.69737506,161.2233333,0,0,0,1,0,0,0,0,1,12.33333333,12.0,12.53333333,296,0,0,0,0,0,0,9,108,15,188,29200,227,6,32,0.0,0.0,0,0,0.0,0.0,0,0,ftp-patator
21,2,2,0,14,0,14,0,7.0,9.899494937,0,0,0.0,0.0,7000000.0,1000000.0,2.0,0.0,2,2,2,2.0,0.0,2,2,0,0.0,0.0,0,0,1,0,0,0,64,0,1000000.0,0.0,0,14,9.333333333,8.082903769,65.33333333,0,1,0,0,1,0,0,0,0,14.0,7.0,0.0,64,0,0,0,0,0,0,2,14,0,0,229,-1,0,32,0.0,0.0,0,0,0.0,0.0,0,0,ftp-patator
21,253,2,1,14,0,14,0,7.0,9.899494937,0,0,0.0,0.0,55335.96838,11857.70751,126.5,101.1162697,198,55,253,253.0,0.0,253,253,0,0.0,0.0,0,0,1,0,0,0,64,20,7905.13834,3952.56917,0,14,7.0,8.082903769,65.33333333,0,1,0,0,1,0,0,0,0,9.333333333,7.0,0.0,64,0,0,0,0,0,0,2,14,1,0,229,0,0,32,0.0,0.0,0,0,0.0,0.0,0,0,ftp-patator
21,9968841,9,15,109,188,24,0,12.11111111,9.803627447,34,0,12.53333333,14.54975045,29.79283148,2.407501534,433427.8696,1124985.732,3371750,4,6597659,824707.375,1521572.31,3416017,212,9968735,712052.5,1388574.237,3371750,4,0,0,0,0,296,488,0.902813075,1.504688459,0,34,11.88,12.71586935,161.6933333,0,0,0,1,0,0,0,0,1,12.375,12.11111111,12.53333333,296,0,0,0,0,0,0,9,109,15,188,29200,227,6,32,0.0,0.0,0,0,0.0,0.0,0,0,ftp-patator
21,218,2,1,14,0,14,0,7.0,9.899494937,0,0,0.0,0.0,64220.18349,13761.46789,109.0,79.19595949,165,53,218,218.0,0.0,218,218,0,0.0,0.0,0,0,1,0,0,0,64,20,9174.311927,4587.155963,0,14,7.0,8.082903769,65.33333333,0,1,0,0,1,0,0,0,0,9.333333333,7.0,0.0,64,0,0,0,0,0,0,2,14,1,0,229,0,0,32,0.0,0.0,0,0,0.0,0.0,0,0,ftp-patator
21,219,2,1,14,0,14,0,7.0,9.899494937,0,0,0.0,0.0,63926.94064,13698.63014,109.5,105.3589104,184,35,219,219.0,0.0,219,219,0,0.0,0.0,0,0,1,0,0,0,64,20,9132.420091,4566.210046,0,14,7.0,8.082903769,65.33333333,0,1,0,0,1,0,0,0,0,9.333333333,7.0,0.0,64,0,0,0,0,0,0,2,14,1,0,229,0,0,32,0.0,0.0,0,0,0.0,0.0,0,0,ftp-patator
21,8553340,9,15,104,188,23,0,11.55555556,9.221050796,34,0,12.53333333,14.54975045,34.13871073,2.80592143,371884.3478,965000.8251,3086605,3,5682066,710258.25,1314310.734,3128563,48,8553205,610943.2143,1191072.56,3086605,3,0,0,0,0,296,488,1.052220536,1.753700893,0,34,11.68,12.56887691,157.9766667,0,0,0,1,0,0,0,0,1,12.16666667,11.55555556,12.53333333,296,0,0,0,0,0,0,9,104,15,188,29200,227,6,32,0.0,0.0,0,0,0.0,0.0,0,0,ftp-patator
21,215,2,1,14,0,14,0,7.0,9.899494937,0,0,0.0,0.0,65116.27907,13953.48837,107.5,55.86143571,147,68,215,215.0,0.0,215,215,0,0.0,0.0,0,0,1,0,0,0,64,20,9302.325581,4651.162791,0,14,7.0,8.082903769,65.33333333,0,1,0,0,1,0,0,0,0,9.333333333,7.0,0.0,64,0,0,0,0,0,0,2,14,1,0,229,0,0,32,0.0,0.0,0,0,0.0,0.0,0,0,ftp-patator
21,8700630,9,15,108,188,24,0,12.0,9.682458366,34,0,12.53333333,14.54975045,34.02052495,2.758420942,378288.2609,982829.2315,3040388,3,5618157,702269.625,1300343.839,2932585,217,8700515,621465.3571,1213241.093,3040388,3,0,0,0,0,296,488,1.034407853,1.724013089,0,34,11.84,12.68424219,160.89,0,0,0,1,0,0,0,0,1,12.33333333,12.0,12.53333333,296,0,0,0,0,0,0,9,108,15,188,29200,227,6,32,0.0,0.0,0,0,0.0,0.0,0,0,ftp-patator
21,8865753,9,15,103,188,25,0,11.44444444,9.234596785,34,0,12.53333333,14.54975045,32.82293111,2.707045865,385467.5217,1005172.374,3222317,3,5765935,720741.875,1344231.426,3266636,246,8865602,633257.2857,1241327.281,3222317,3,0,0,0,0,296,488,1.015142199,1.691903666,0,34,11.64,12.57272179,158.0733333,0,0,0,1,0,0,0,0,1,12.125,11.44444444,12.53333333,296,0,0,0,0,0,0,9,103,15,188,29200,227,6,32,0.0,0.0,0,0,0.0,0.0,0,0,ftp-patator
21,3,2,0,14,0,14,0,7.0,9.899494937,0,0,0.0,0.0,4666666.667,666666.6667,3.0,0.0,3,3,3,3.0,0.0,3,3,0,0.0,0.0,0,0,1,0,0,0,64,0,666666.6667,0.0,0,14,9.333333333,8.082903769,65.33333333,0,1,0,0,1,0,0,0,0,14.0,7.0,0.0,64,0,0,0,0,0,0,2,14,0,0,229,-1,0,32,0.0,0.0,0,0,0.0,0.0,0,0,ftp-patator
21,8940271,9,15,101,188,23,0,11.22222222,8.941165721,34,0,12.53333333,14.54975045,32.32564203,2.684482383,388707.4348,1030626.243,3548814,3,6730548,841318.5,1560805.133,3592800,272,8940149,638582.0714,1275041.065,3548814,3,0,0,0,0,296,488,1.006680894,1.677801489,0,34,11.56,12.50359948,156.34,0,0,0,1,0,0,0,0,1,12.04166667,11.22222222,12.53333333,296,0,0,0,0,0,0,9,101,15,188,29200,227,6,32,0.0,0.0,0,0,0.0,0.0,0,0,ftp-patator
21,3,2,0,14,0,14,0,7.0,9.899494937,0,0,0.0,0.0,4666666.667,666666.6667,3.0,0.0,3,3,3,3.0,0.0,3,3,0,0.0,0.0,0,0,1,0,0,0,64,0,666666.6667,0.0,0,14,9.333333333,8.082903769,65.33333333,0,1,0,0,1,0,0,0,0,14.0,7.0,0.0,64,0,0,0,0,0,0,2,14,0,0,229,-1,0,32,0.0,0.0,0,0,0.0,0.0,0,0,ftp-patator
21,8172868,9,15,100,188,20,0,11.11111111,8.652231568,34,0,12.53333333,14.54975045,35.23854784,2.936545653,355342.087,916599.1665,3112661,1,5798649,724831.125,1322514.84,3157401,3,8172815,583772.5,1130581.632,3112661,1,0,0,0,0,296,488,1.10120462,1.835341033,0,34,11.52,12.43690744,154.6766667,0,0,0,1,0,0,0,0,1,12.0,11.11111111,12.53333333,296,0,0,0,0,0,0,9,100,15,188,29200,227,6,32,0.0,0.0,0,0,0.0,0.0,0,0,ftp-patator
21,8383908,9,15,105,188,23,0,11.66666667,9.313968005,34,0,12.53333333,14.54975045,34.94790258,2.862626832,364517.7391,917814.2017,2821424,3,5698230,712278.75,1253101.838,2864281,219,8383839,598845.6429,1128931.215,2821424,3,0,0,0,0,296,488,1.073485062,1.78914177,0,34,11.72,12.59139918,158.5433333,0,0,0,1,0,0,0,0,1,12.20833333,11.66666667,12.53333333,296,0,0,0,0,0,0,9,105,15,188,29200,227,6,32,0.0,0.0,0,0,0.0,0.0,0,0,ftp-patator
21,8646082,9,15,110,188,23,0,12.22222222,9.909310997,34,0,12.53333333,14.54975045,34.46647857,2.775823778,375916.6087,977184.2687,3027231,3,5578626,697328.25,1291179.33,2915727,3,8645964,617568.8571,1206343.672,3027231,3,0,0,0,0,296,488,1.040933917,1.734889861,0,34,11.92,12.7440182,162.41,0,0,0,1,0,0,0,0,1,12.41666667,12.22222222,12.53333333,296,0,0,0,0,0,0,9,110,15,188,29200,227,6,32,0.0,0.0,0,0,0.0,0.0,0,0,ftp-patator
21,3,2,0,14,0,14,0,7.0,9.899494937,0,0,0.0,0.0,4666666.667,666666.6667,3.0,0.0,3,3,3,3.0,0.0,3,3,0,0.0,0.0,0,0,1,0,0,0,64,0,666666.6667,0.0,0,14,9.333333333,8.082903769,65.33333333,0,1,0,0,1,0,0,0,0,14.0,7.0,0.0,64,0,0,0,0,0,0,2,14,0,0,229,-1,0,32,0.0,0.0,0,0,0.0,0.0,0,0,ftp-patator
21,8300508,9,15,97,188,21,0,10.77777778,8.393118875,34,0,12.53333333,14.54975045,34.33524791,2.891389298,360891.6522,938520.8639,2917318,3,5340316,667539.5,1239196.22,2873828,230,8300419,592887.0714,1158667.215,2917318,3,0,0,0,0,296,488,1.084270987,1.807118311,0,34,11.4,12.38278375,153.3333333,0,0,0,1,0,0,0,0,1,11.875,10.77777778,12.53333333,296,0,0,0,0,0,0,9,97,15,188,29200,227,6,32,0.0,0.0,0,0,0.0,0.0,0,0,ftp-patator
21,233,2,1,14,0,14,0,7.0,9.899494937,0,0,0.0,0.0,60085.83691,12875.53648,116.5,101.1162697,188,45,233,233.0,0.0,233,233,0,0.0,0.0,0,0,1,0,0,0,64,20,8583.690987,4291.845494,0,14,7.0,8.082903769,65.33333333,0,1,0,0,1,0,0,0,0,9.333333333,7.0,0.0,64,0,0,0,0,0,0,2,14,1,0,229,0,0,32,0.0,0.0,0,0,0.0,0.0,0,0,ftp-patator
21,191,2,2,14,0,14,0,7.0,9.899494937,0,0,0.0,0.0,73298.42932,20942.40838,63.66666667,60.5006887,124,3,191,191.0,0.0,191,191,3,3.0,0.0,3,3,1,0,0,0,64,40,10471.20419,10471.20419,0,14,5.6,7.668115805,58.8,0,1,0,0,1,0,0,0,1,7.0,7.0,0.0,64,0,0,0,0,0,0,2,14,2,0,229,0,0,32,0.0,0.0,0,0,0.0,0.0,0,0,ftp-patator
21,4,2,0,14,0,14,0,7.0,9.899494937,0,0,0.0,0.0,3500000.0,500000.0,4.0,0.0,4,4,4,4.0,0.0,4,4,0,0.0,0.0,0,0,1,0,0,0,64,0,500000.0,0.0,0,14,9.333333333,8.082903769,65.33333333,0,1,0,0,1,0,0,0,0,14.0,7.0,0.0,64,0,0,0,0,0,0,2,14,0,0,229,-1,0,32,0.0,0.0,0,0,0.0,0.0,0,0,ftp-patator
21,8786309,9,15,99,188,21,0,11.0,8.631338251,34,0,12.53333333,14.54975045,32.66445558,2.731522417,382013.4348,968295.3229,3237497,3,6418480,802310.0,1412501.035,3281500,283,8786265,627590.3571,1191959.19,3237497,3,0,0,0,0,296,488,1.024320907,1.707201511,0,34,11.48,12.43355675,154.5933333,0,0,0,1,0,0,0,0,1,11.95833333,11.0,12.53333333,296,0,0,0,0,0,0,9,99,15,188,29200,227,6,32,0.0,0.0,0,0,0.0,0.0,0,0,ftp-patator
21,8338350,9,15,110,188,23,0,12.22222222,9.909310997,34,0,12.53333333,14.54975045,35.73848543,2.878267283,362536.9565,942773.6868,2991008,3,5816575,727071.875,1346269.337,3032960,226,8338239,595588.5,1163914.187,2991008,3,0,0,0,0,296,488,1.079350231,1.798917052,0,34,11.92,12.7440182,162.41,0,0,0,1,0,0,0,0,1,12.41666667,12.22222222,12.53333333,296,0,0,0,0,0,0,9,110,15,188,29200,227,6,32,0.0,0.0,0,0,0.0,0.0,0,0,ftp-patator
21,10177762,9,15,99,188,20,0,11.0,8.544003745,34,0,12.53333333,14.54975045,28.19873367,2.358082258,442511.3913,1156176.271,3699505,3,6435111,804388.875,1492809.915,3442624,4,10200000,726978.7143,1428105.527,3699505,3,0,0,0,0,296,488,0.884280847,1.473801411,0,34,11.48,12.41343358,154.0933333,0,0,0,1,0,0,0,0,1,11.95833333,11.0,12.53333333,296,0,0,0,0,0,0,9,99,15,188,29200,227,6,32,0.0,0.0,0,0,0.0,0.0,0,0,ftp-patator
21,8770961,9,15,107,188,23,0,11.88888889,9.584420228,34,0,12.53333333,14.54975045,33.63371471,2.736302214,381346.1304,993414.4957,3212069,3,6103784,762973.0,1415216.504,3254769,48,8770816,626486.8571,1226668.595,3212069,3,0,0,0,0,296,488,1.02611333,1.710188884,0,34,11.8,12.6589889,160.25,0,0,0,1,0,0,0,0,1,12.29166667,11.88888889,12.53333333,296,0,0,0,0,0,0,9,107,15,188,29200,227,6,32,0.0,0.0,0,0,0.0,0.0,0,0,ftp-patator
21,291,2,1,14,0,14,0,7.0,9.899494937,0,0,0.0,0.0,48109.96564,10309.27835,145.5,88.38834765,208,83,291,291.0,0.0,291,291,0,0.0,0.0,0,0,1,0,0,0,64,20,6872.852234,3436.426117,0,14,7.0,8.082903769,65.33333333,0,1,0,0,1,0,0,0,0,9.333333333,7.0,0.0,64,0,0,0,0,0,0,2,14,1,0,229,0,0,32,0.0,0.0,0,0,0.0,0.0,0,0,ftp-patator
21,8730100,9,15,112,188,24,0,12.44444444,10.17486009,34,0,12.53333333,14.54975045,34.36386754,2.749109403,379569.5652,988136.2109,3228645,3,5969065,746133.125,1385677.42,3270074,3,8730009,623572.0714,1220061.11,3228645,3,0,0,0,0,296,488,1.030916026,1.718193377,0,34,12.0,12.81600562,164.25,0,0,0,1,0,0,0,0,1,12.5,12.44444444,12.53333333,296,0,0,0,0,0,0,9,112,15,188,29200,227,6,32,0.0,0.0,0,0,0.0,0.0,0,0,ftp-patator
21,3,2,0,14,0,14,0,7.0,9.899494937,0,0,0.0,0.0,4666666.667,666666.6667,3.0,0.0,3,3,3,3.0,0.0,3,3,0,0.0,0.0,0,0,1,0,0,0,64,0,666666.6667,0.0,0,14,9.333333333,8.082903769,65.33333333,0,1,0,0,1,0,0,0,0,14.0,7.0,0.0,64,0,0,0,0,0,0,2,14,0,0,229,-1,0,32,0.0,0.0,0,0,0.0,0.0,0,0,ftp-patator
21,195,2,1,14,0,14,0,7.0,9.899494937,0,0,0.0,0.0,71794.87179,15384.61538,97.5,109.6015511,175,20,195,195.0,0.0,195,195,0,0.0,0.0,0,0,1,0,0,0,64,20,10256.41026,5128.205128,0,14,7.0,8.082903769,65.33333333,0,1,0,0,1,0,0,0,0,9.333333333,7.0,0.0,64,0,0,0,0,0,0,2,14,1,0,229,0,0,32,0.0,0.0,0,0,0.0,0.0,0,0,ftp-patator
21,8782592,9,15,115,188,30,0,12.77777778,10.86022304,34,0,12.53333333,14.54975045,34.50006558,2.732678462,381851.8261,992770.2794,3180495,4,5559915,694989.375,1283213.674,2811218,4,8782503,627321.6429,1225604.757,3180495,5,0,0,0,0,296,488,1.024754423,1.707924039,0,34,12.12,13.00743377,169.1933333,0,0,0,1,0,0,0,0,1,12.625,12.77777778,12.53333333,296,0,0,0,0,0,0,9,115,15,188,29200,227,6,32,0.0,0.0,0,0,0.0,0.0,0,0,ftp-patator
21,4,2,0,14,0,14,0,7.0,9.899494937,0,0,0.0,0.0,3500000.0,500000.0,4.0,0.0,4,4,4,4.0,0.0,4,4,0,0.0,0.0,0,0,1,0,0,0,64,0,500000.0,0.0,0,14,9.333333333,8.082903769,65.33333333,0,1,0,0,1,0,0,0,0,14.0,7.0,0.0,64,0,0,0,0,0,0,2,14,0,0,229,-1,0,32,0.0,0.0,0,0,0.0,0.0,0,0,ftp-patator
21,9138836,9,15,104,188,23,0,11.55555556,9.193898943,34,0,12.53333333,14.54975045,31.95155269,2.626155016,397340.6957,1034311.151,3300607,3,5795785,724473.125,1339798.455,2931975,3,9138717,652765.5,1277061.969,3300607,3,0,0,0,0,296,488,0.984808131,1.641346885,0,34,11.68,12.56224502,157.81,0,0,0,1,0,0,0,0,1,12.16666667,11.55555556,12.53333333,296,0,0,0,0,0,0,9,104,15,188,29200,227,6,32,0.0,0.0,0,0,0.0,0.0,0,0,ftp-patator
21,8761526,9,15,110,188,28,0,12.22222222,10.1707642,34,0,12.53333333,14.54975045,34.01233986,2.739248848,380935.913,995043.001,3271075,3,6221574,777696.75,1442464.775,3313560,3,8761450,625817.8571,1229042.377,3271075,47,0,0,0,0,296,488,1.027218318,1.71203053,0,34,11.92,12.8124939,164.16,0,0,0,1,0,0,0,0,1,12.41666667,12.22222222,12.53333333,296,0,0,0,0,0,0,9,110,15,188,29200,227,6,32,0.0,0.0,0,0,0.0,0.0,0,0,ftp-patator
21,233,2,1,14,0,14,0,7.0,9.899494937,0,0,0.0,0.0,60085.83691,12875.53648,116.5,51.61879503,153,80,233,233.0,0.0,233,233,0,0.0,0.0,0,0,1,0,0,0,64,20,8583.690987,4291.845494,0,14,7.0,8.082903769,65.33333333,0,1,0,0,1,0,0,0,0,9.333333333,7.0,0.0,64,0,0,0,0,0,0,2,14,1,0,229,0,0,32,0.0,0.0,0,0,0.0,0.0,0,0,ftp-patator
21,224,2,1,14,0,14,0,7.0,9.899494937,0,0,0.0,0.0,62500.0,13392.85714,112.0,82.02438662,170,54,224,224.0,0.0,224,224,0,0.0,0.0,0,0,1,0,0,0,64,20,8928.571429,4464.285714,0,14,7.0,8.082903769,65.33333333,0,1,0,0,1,0,0,0,0,9.333333333,7.0,0.0,64,0,0,0,0,0,0,2,14,1,0,229,0,0,32,0.0,0.0,0,0,0.0,0.0,0,0,ftp-patator
21,8546742,9,15,103,188,23,0,11.44444444,9.207484878,34,0,12.53333333,14.54975045,34.04806182,2.808087573,371597.4783,974268.5244,3217635,3,5601332,700166.5,1317968.532,3259691,3,8546627,610473.3571,1203871.552,3217635,3,0,0,0,0,296,488,1.05303284,1.755054733,0,34,11.64,12.56609194,157.9066667,0,0,0,1,0,0,0,0,1,12.125,11.44444444,12.53333333,296,0,0,0,0,0,0,9,103,15,188,29200,227,6,32,0.0,0.0,0,0,0.0,0.0,0,0,ftp-patator
21,211,2,1,14,0,14,0,7.0,9.899494937,0,0,0.0,0.0,66350.7109,14218.00948,105.5,116.6726189,188,23,211,211.0,0.0,211,211,0,0.0,0.0,0,0,1,0,0,0,64,20,9478.672986,4739.336493,0,14,7.0,8.082903769,65.33333333,0,1,0,0,1,0,0,0,0,9.333333333,7.0,0.0,64,0,0,0,0,0,0,2,14,1,0,229,0,0,32,0.0,0.0,0,0,0.0,0.0,0,0,ftp-patator
21,8000825,9,15,105,188,22,0,11.66666667,9.300537619,34,0,12.53333333,14.54975045,36.62122344,2.999690657,347861.9565,902951.7759,2885810,3,5459790,682473.75,1266635.32,2931820,220,8000730,571480.7143,1114525.303,2885810,3,0,0,0,0,296,488,1.124883996,1.874806661,0,34,11.72,12.58808961,158.46,0,0,0,1,0,0,0,0,1,12.20833333,11.66666667,12.53333333,296,0,0,0,0,0,0,9,105,15,188,29200,227,6,32,0.0,0.0,0,0,0.0,0.0,0,0,ftp-patator
21,9602386,9,15,109,188,23,0,12.11111111,9.778093429,34,0,12.53333333,14.54975045,30.92981265,2.4993788,417495.0435,1076571.037,3241399,3,6561205,820150.625,1497496.527,3284303,239,9602222,685873.0,1327849.584,3241399,3,0,0,0,0,296,488,0.93726705,1.56211175,0,34,11.88,12.70931417,161.5266667,0,0,0,1,0,0,0,0,1,12.375,12.11111111,12.53333333,296,0,0,0,0,0,0,9,109,15,188,29200,227,6,32,0.0,0.0,0,0,0.0,0.0,0,0,ftp-patator
21,4,2,0,14,0,14,0,7.0,9.899494937,0,0,0.0,0.0,3500000.0,500000.0,4.0,0.0,4,4,4,4.0,0.0,4,4,0,0.0,0.0,0,0,1,0,0,0,64,0,500000.0,0.0,0,14,9.333333333,8.082903769,65.33333333,0,1,0,0,1,0,0,0,0,14.0,7.0,0.0,64,0,0,0,0,0,0,2,14,0,0,229,-1,0,32,0.0,0.0,0,0,0.0,0.0,0,0,ftp-patator
21,9367127,9,15,99,188,19,0,11.0,8.529361055,34,0,12.53333333,14.54975045,30.63906361,2.562151661,407266.3913,1055497.063,3544741,3,6896642,862080.25,1560641.091,3587428,3,9367001,669071.5,1302590.258,3544741,3,0,0,0,0,296,488,0.960806873,1.601344788,0,34,11.48,12.41007655,154.01,0,0,0,1,0,0,0,0,1,11.95833333,11.0,12.53333333,296,0,0,0,0,0,0,9,99,15,188,29200,227,6,32,0.0,0.0,0,0,0.0,0.0,0,0,ftp-patator
21,222,2,1,14,0,14,0,7.0,9.899494937,0,0,0.0,0.0,63063.06306,13513.51351,111.0,87.68124087,173,49,222,222.0,0.0,222,222,0,0.0,0.0,0,0,1,0,0,0,64,20,9009.009009,4504.504505,0,14,7.0,8.082903769,65.33333333,0,1,0,0,1,0,0,0,0,9.333333333,7.0,0.0,64,0,0,0,0,0,0,2,14,1,0,229,0,0,32,0.0,0.0,0,0,0.0,0.0,0,0,ftp-patator
21,9286502,9,15,106,188,23,0,11.77777778,9.444281044,34,0,12.53333333,14.54975045,31.65885282,2.584396148,403760.9565,1049616.467,3261001,3,6217174,777146.75,1439367.056,3303919,3,9286439,663317.0714,1295766.155,3261001,3,0,0,0,0,296,488,0.969148556,1.615247593,0,34,11.76,12.62365504,159.3566667,0,0,0,1,0,0,0,0,1,12.25,11.77777778,12.53333333,296,0,0,0,0,0,0,9,106,15,188,29200,227,6,32,0.0,0.0,0,0,0.0,0.0,0,0,ftp-patator
21,9507635,9,15,105,188,24,0,11.66666667,9.513148795,34,0,12.53333333,14.54975045,30.81733786,2.52428706,413375.4348,1075462.805,3286190,3,6549374,818671.75,1514473.037,3329665,218,9507595,679113.9286,1327788.478,3286190,3,0,0,0,0,296,488,0.946607647,1.577679412,0,34,11.72,12.64093878,159.7933333,0,0,0,1,0,0,0,0,1,12.20833333,11.66666667,12.53333333,296,0,0,0,0,0,0,9,105,15,188,29200,227,6,32,0.0,0.0,0,0,0.0,0.0,0,0,ftp-patator
21,9533431,9,15,110,188,24,0,12.22222222,9.921917377,34,0,12.53333333,14.54975045,31.25842102,2.517456727,414497.0,1079336.078,3396679,3,6677754,834719.25,1544838.159,3443206,3,9533311,680950.7857,1332703.558,3396679,3,0,0,0,0,296,488,0.944046273,1.573410454,0,34,11.92,12.74728729,162.4933333,0,0,0,1,0,0,0,0,1,12.41666667,12.22222222,12.53333333,296,0,0,0,0,0,0,9,110,15,188,29200,227,6,32,0.0,0.0,0,0,0.0,0.0,0,0,ftp-patator
21,9431700,9,15,111,188,25,0,12.33333333,10.12422837,34,0,12.53333333,14.54975045,31.70160204,2.544610198,410073.913,1071740.943,3564708,3,5823683,727960.375,1346657.51,3199579,4,9431642,673688.7143,1323856.649,3564708,3,0,0,0,0,296,488,0.954228824,1.590381373,0,34,11.96,12.80130202,163.8733333,0,0,0,1,0,0,0,0,1,12.45833333,12.33333333,12.53333333,296,0,0,0,0,0,0,9,111,15,188,29200,227,6,32,0.0,0.0,0,0,0.0,0.0,0,0,ftp-patator
21,9718171,9,15,109,188,26,0,12.11111111,9.980536614,34,0,12.53333333,14.54975045,30.56130624,2.469600504,422529.1739,1100488.022,3483775,3,6645415,830676.875,1540068.336,3524964,3,9718052,694146.5714,1358852.928,3483775,3,0,0,0,0,296,488,0.926100189,1.543500315,0,34,11.88,12.76166133,162.86,0,0,0,1,0,0,0,0,1,12.375,12.11111111,12.53333333,296,0,0,0,0,0,0,9,109,15,188,29200,227,6,32,0.0,0.0,0,0,0.0,0.0,0,0,ftp-patator
21,9117447,9,15,105,188,26,0,11.66666667,9.669539803,34,0,12.53333333,14.54975045,32.136189,2.632315823,396410.7391,1030063.435,3104705,3,6222792,777849.0,1438671.281,3147022,4,9117295,651235.3571,1271569.912,3104705,3,0,0,0,0,296,488,0.987118433,1.645197389,0,34,11.72,12.68043112,160.7933333,0,0,0,1,0,0,0,0,1,12.20833333,11.66666667,12.53333333,296,0,0,0,0,0,0,9,105,15,188,29200,227,6,32,0.0,0.0,0,0,0.0,0.0,0,0,ftp-patator
21,238,2,1,14,0,14,0,7.0,9.899494937,0,0,0.0,0.0,58823.52941,12605.04202,119.0,67.88225099,167,71,238,238.0,0.0,238,238,0,0.0,0.0,0,0,1,0,0,0,64,20,8403.361345,4201.680672,0,14,7.0,8.082903769,65.33333333,0,1,0,0,1,0,0,0,0,9.333333333,7.0,0.0,64,0,0,0,0,0,0,2,14,1,0,229,0,0,32,0.0,0.0,0,0,0.0,0.0,0,0,ftp-patator
21,3,2,0,14,0,14,0,7.0,9.899494937,0,0,0.0,0.0,4666666.667,666666.6667,3.0,0.0,3,3,3,3.0,0.0,3,3,0,0.0,0.0,0,0,1,0,0,0,64,0,666666.6667,0.0,0,14,9.333333333,8.082903769,65.33333333,0,1,0,0,1,0,0,0,0,14.0,7.0,0.0,64,0,0,0,0,0,0,2,14,0,0,229,-1,0,32,0.0,0.0,0,0,0.0,0.0,0,0,ftp-patator
21,313,2,1,14,0,14,0,7.0,9.899494937,0,0,0.0,0.0,44728.4345,9584.664537,156.5,135.0573952,252,61,313,313.0,0.0,313,313,0,0.0,0.0,0,0,1,0,0,0,64,20,6389.776358,3194.888179,0,14,7.0,8.082903769,65.33333333,0,1,0,0,1,0,0,0,0,9.333333333,7.0,0.0,64,0,0,0,0,0,0,2,14,1,0,229,0,0,32,0.0,0.0,0,0,0.0,0.0,0,0,ftp-patator
21,10012007,9,15,100,188,20,0,11.11111111,8.666666667,34,0,12.53333333,14.54975045,28.76546131,2.397121776,435304.6522,1132288.485,3417561,3,6551259,818907.375,1515532.482,3375299,246,10000000,715132.6429,1397919.225,3417561,3,0,0,0,0,296,488,0.898920666,1.49820111,0,34,11.52,12.44025723,154.76,0,0,0,1,0,0,0,0,1,12.0,11.11111111,12.53333333,296,0,0,0,0,0,0,9,100,15,188,29200,227,6,32,0.0,0.0,0,0,0.0,0.0,0,0,ftp-patator
21,1,2,0,14,0,14,0,7.0,9.899494937,0,0,0.0,0.0,14000000.0,2000000.0,1.0,0.0,1,1,1,1.0,0.0,1,1,0,0.0,0.0,0,0,1,0,0,0,64,0,2000000.0,0.0,0,14,9.333333333,8.082903769,65.33333333,0,1,0,0,1,0,0,0,0,14.0,7.0,0.0,64,0,0,0,0,0,0,2,14,0,0,229,-1,0,32,0.0,0.0,0,0,0.0,0.0,0,0,ftp-patator
21,9098382,9,15,118,188,27,0,13.11111111,11.03907202,34,0,12.53333333,14.54975045,33.63235353,2.63783165,395581.8261,1029756.919,3240820,37,6320487,790060.875,1462777.418,3283770,152,9098345,649881.7857,1271438.93,3240820,48,0,0,0,0,296,488,0.989186869,1.648644781,0,34,12.24,13.06483831,170.69,0,0,0,1,0,0,0,0,1,12.75,13.11111111,12.53333333,296,0,0,0,0,0,0,9,118,15,188,29200,227,6,32,0.0,0.0,0,0,0.0,0.0,0,0,ftp-patator
21,236,2,1,14,0,14,0,7.0,9.899494937,0,0,0.0,0.0,59322.0339,12711.86441,118.0,87.68124087,180,56,236,236.0,0.0,236,236,0,0.0,0.0,0,0,1,0,0,0,64,20,8474.576271,4237.288136,0,14,7.0,8.082903769,65.33333333,0,1,0,0,1,0,0,0,0,9.333333333,7.0,0.0,64,0,0,0,0,0,0,2,14,1,0,229,0,0,32,0.0,0.0,0,0,0.0,0.0,0,0,ftp-patator
21,9490362,9,15,105,188,27,0,11.66666667,9.669539803,34,0,12.53333333,14.54975045,30.87342717,2.528881406,412624.4348,1074276.968,3370005,3,6579830,822478.75,1522600.365,3415521,3,9490275,677876.7857,1326430.917,3370005,3,0,0,0,0,296,488,0.948330527,1.580550879,0,34,11.72,12.68043112,160.7933333,0,0,0,1,0,0,0,0,1,12.20833333,11.66666667,12.53333333,296,0,0,0,0,0,0,9,105,15,188,29200,227,6,32,0.0,0.0,0,0,0.0,0.0,0,0,ftp-patator
21,4,2,0,14,0,14,0,7.0,9.899494937,0,0,0.0,0.0,3500000.0,500000.0,4.0,0.0,4,4,4,4.0,0.0,4,4,0,0.0,0.0,0,0,1,0,0,0,64,0,500000.0,0.0,0,14,9.333333333,8.082903769,65.33333333,0,1,0,0,1,0,0,0,0,14.0,7.0,0.0,64,0,0,0,0,0,0,2,14,0,0,229,-1,0,32,0.0,0.0,0,0,0.0,0.0,0,0,ftp-patator
21,9034637,9,15,110,188,24,0,12.22222222,9.934507761,34,0,12.53333333,14.54975045,32.9841697,2.656443197,392810.3043,1028071.014,3540412,3,6825250,853156.25,1552149.803,3584849,3,9034542,645324.4286,1270113.746,3540412,3,0,0,0,0,296,488,0.996166199,1.660276998,0,34,11.92,12.75055554,162.5766667,0,0,0,1,0,0,0,0,1,12.41666667,12.22222222,12.53333333,296,0,0,0,0,0,0,9,110,15,188,29200,227,6,32,0.0,0.0,0,0,0.0,0.0,0,0,ftp-patator
21,50,2,0,14,0,14,0,7.0,9.899494937,0,0,0.0,0.0,280000.0,40000.0,50.0,0.0,50,50,50,50.0,0.0,50,50,0,0.0,0.0,0,0,1,0,0,0,64,0,40000.0,0.0,0,14,9.333333333,8.082903769,65.33333333,0,1,0,0,1,0,0,0,0,14.0,7.0,0.0,64,0,0,0,0,0,0,2,14,0,0,229,-1,0,32,0.0,0.0,0,0,0.0,0.0,0,0,ftp-patator
21,18,2,0,14,0,14,0,7.0,9.899494937,0,0,0.0,0.0,777777.7778,111111.1111,18.0,0.0,18,18,18,18.0,0.0,18,18,0,0.0,0.0,0,0,1,0,0,0,64,0,111111.1111,0.0,0,14,9.333333333,8.082903769,65.33333333,0,1,0,0,1,0,0,0,0,14.0,7.0,0.0,64,0,0,0,0,0,0,2,14,0,0,229,-1,0,32,0.0,0.0,0,0,0.0,0.0,0,0,ftp-patator
21,8950903,9,15,103,188,23,0,11.44444444,9.139353247,34,0,12.53333333,14.54975045,32.51068635,2.68129372,389169.6957,1018866.381,3419187,3,6004388,750548.5,1409777.021,3462075,4,8950788,639342.0,1258782.451,3419187,3,0,0,0,0,296,488,1.005485145,1.675808575,0,34,11.64,12.54950198,157.49,0,0,0,1,0,0,0,0,1,12.125,11.44444444,12.53333333,296,0,0,0,0,0,0,9,103,15,188,29200,227,6,32,0.0,0.0,0,0,0.0,0.0,0,0,ftp-patator
21,9179555,9,15,93,188,18,0,10.33333333,7.874007874,34,0,12.53333333,14.54975045,30.61150568,2.614505823,399111.087,1035588.918,3156780,3,6158818,769852.25,1422912.767,3200523,4,9179495,655678.2143,1278185.202,3156780,3,0,0,0,0,296,488,0.980439684,1.634066139,0,34,11.24,12.27897933,150.7733333,0,0,0,1,0,0,0,0,1,11.70833333,10.33333333,12.53333333,296,0,0,0,0,0,0,9,93,15,188,29200,227,6,32,0.0,0.0,0,0,0.0,0.0,0,0,ftp-patator
21,222,2,1,14,0,14,0,7.0,9.899494937,0,0,0.0,0.0,63063.06306,13513.51351,111.0,113.137085,191,31,222,222.0,0.0,222,222,0,0.0,0.0,0,0,1,0,0,0,64,20,9009.009009,4504.504505,0,14,7.0,8.082903769,65.33333333,0,1,0,0,1,0,0,0,0,9.333333333,7.0,0.0,64,0,0,0,0,0,0,2,14,1,0,229,0,0,32,0.0,0.0,0,0,0.0,0.0,0,0,ftp-patator
21,9005911,9,15,112,188,24,0,12.44444444,10.17486009,34,0,12.53333333,14.54975045,33.31145511,2.664916409,391561.3478,1018564.138,3215937,3,6263984,782998.0,1449360.501,3257699,158,9005769,643269.2143,1257526.658,3215937,3,0,0,0,0,296,488,0.999343653,1.665572755,0,34,12.0,12.81600562,164.25,0,0,0,1,0,0,0,0,1,12.5,12.44444444,12.53333333,296,0,0,0,0,0,0,9,112,15,188,29200,227,6,32,0.0,0.0,0,0,0.0,0.0,0,0,ftp-patator
21,8365755,9,15,108,188,23,0,12.0,9.682458366,34,0,12.53333333,14.54975045,35.38234146,2.868838497,363728.4783,945355.7586,2999682,3,5840258,730032.25,1350862.239,3043481,4,8365627,597544.7857,1167033.377,2999682,3,0,0,0,0,296,488,1.075814436,1.793024061,0,34,11.84,12.68424219,160.89,0,0,0,1,0,0,0,0,1,12.33333333,12.0,12.53333333,296,0,0,0,0,0,0,9,108,15,188,29200,227,6,32,0.0,0.0,0,0,0.0,0.0,0,0,ftp-patator
21,9243078,9,15,100,188,20,0,11.11111111,8.652231568,34,0,12.53333333,14.54975045,31.15845176,2.596537647,401872.9565,1045391.642,3311986,3,6124730,765591.25,1420781.934,3355969,141,9243064,660218.8571,1290641.69,3311986,3,0,0,0,0,296,488,0.973701618,1.622836029,0,34,11.52,12.43690744,154.6766667,0,0,0,1,0,0,0,0,1,12.0,11.11111111,12.53333333,296,0,0,0,0,0,0,9,100,15,188,29200,227,6,32,0.0,0.0,0,0,0.0,0.0,0,0,ftp-patator
21,9500058,9,15,114,188,26,0,12.66666667,10.48808848,34,0,12.53333333,14.54975045,31.7892796,2.526300366,413046.0,1074738.87,3308869,3,6148250,768531.25,1422855.43,3197507,4,9499978,678569.8571,1326913.964,3308869,3,0,0,0,0,296,488,0.947362637,1.578937729,0,34,12.08,12.90322957,166.4933333,0,0,0,1,0,0,0,0,1,12.58333333,12.66666667,12.53333333,296,0,0,0,0,0,0,9,114,15,188,29200,227,6,32,0.0,0.0,0,0,0.0,0.0,0,0,ftp-patator
21,8871363,9,15,117,188,27,0,13.0,10.89724736,34,0,12.53333333,14.54975045,34.38028632,2.705334006,385711.4348,1009274.785,3350646,3,6387088,798386.0,1479283.86,3393936,224,8871246,633660.4286,1246860.162,3350646,3,0,0,0,0,296,488,1.014500252,1.690833754,0,34,12.2,13.02241657,169.5833333,0,0,0,1,0,0,0,0,1,12.70833333,13.0,12.53333333,296,0,0,0,0,0,0,9,117,15,188,29200,227,6,32,0.0,0.0,0,0,0.0,0.0,0,0,ftp-patator
21,8527861,9,15,107,188,23,0,11.88888889,9.584420228,34,0,12.53333333,14.54975045,34.59249629,2.814304783,370776.5652,963016.2803,3016548,3,5721148,715143.5,1326940.782,3061026,3,8527763,609125.9286,1188742.158,3016548,3,0,0,0,0,296,488,1.055364294,1.758940489,0,34,11.8,12.6589889,160.25,0,0,0,1,0,0,0,0,1,12.29166667,11.88888889,12.53333333,296,0,0,0,0,0,0,9,107,15,188,29200,227,6,32,0.0,0.0,0,0,0.0,0.0,0,0,ftp-patator
21,2,2,0,14,0,14,0,7.0,9.899494937,0,0,0.0,0.0,7000000.0,1000000.0,2.0,0.0,2,2,2,2.0,0.0,2,2,0,0.0,0.0,0,0,1,0,0,0,64,0,1000000.0,0.0,0,14,9.333333333,8.082903769,65.33333333,0,1,0,0,1,0,0,0,0,14.0,7.0,0.0,64,0,0,0,0,0,0,2,14,0,0,229,-1,0,32,0.0,0.0,0,0,0.0,0.0,0,0,ftp-patator
21,273,2,1,14,0,14,0,7.0,9.899494937,0,0,0.0,0.0,51282.05128,10989.01099,136.5,72.83199846,188,85,273,273.0,0.0,273,273,0,0.0,0.0,0,0,1,0,0,0,64,20,7326.007326,3663.003663,0,14,7.0,8.082903769,65.33333333,0,1,0,0,1,0,0,0,0,9.333333333,7.0,0.0,64,0,0,0,0,0,0,2,14,1,0,229,0,0,32,0.0,0.0,0,0,0.0,0.0,0,0,ftp-patator
21,4,2,0,14,0,14,0,7.0,9.899494937,0,0,0.0,0.0,3500000.0,500000.0,4.0,0.0,4,4,4,4.0,0.0,4,4,0,0.0,0.0,0,0,1,0,0,0,64,0,500000.0,0.0,0,14,9.333333333,8.082903769,65.33333333,0,1,0,0,1,0,0,0,0,14.0,7.0,0.0,64,0,0,0,0,0,0,2,14,0,0,229,-1,0,32,0.0,0.0,0,0,0.0,0.0,0,0,ftp-patator
21,9393279,9,15,108,188,25,0,12.0,9.759610648,34,0,12.53333333,14.54975045,31.51189271,2.555018327,408403.4348,1050847.838,3483288,3,6787298,848412.25,1530889.639,3527486,211,9393160,670940.0,1295808.924,3483288,3,0,0,0,0,296,488,0.958131873,1.596886455,0,34,11.84,12.7039364,161.39,0,0,0,1,0,0,0,0,1,12.33333333,12.0,12.53333333,296,0,0,0,0,0,0,9,108,15,188,29200,227,6,32,0.0,0.0,0,0,0.0,0.0,0,0,ftp-patator
21,226,2,1,14,0,14,0,7.0,9.899494937,0,0,0.0,0.0,61946.90265,13274.33628,113.0,80.61017306,170,56,226,226.0,0.0,226,226,0,0.0,0.0,0,0,1,0,0,0,64,20,8849.557522,4424.778761,0,14,7.0,8.082903769,65.33333333,0,1,0,0,1,0,0,0,0,9.333333333,7.0,0.0,64,0,0,0,0,0,0,2,14,1,0,229,0,0,32,0.0,0.0,0,0,0.0,0.0,0,0,ftp-patator
21,10063922,9,15,107,188,26,0,11.88888889,9.701088141,34,0,12.53333333,14.54975045,29.31262782,2.384756162,437561.8261,1142002.581,3692164,3,6700169,837521.125,1561512.403,3736046,218,10100000,718843.4286,1410433.181,3692164,3,0,0,0,0,296,488,0.894283561,1.490472601,0,34,11.8,12.68857754,161.0,0,0,0,1,0,0,0,0,1,12.29166667,11.88888889,12.53333333,296,0,0,0,0,0,0,9,107,15,188,29200,227,6,32,0.0,0.0,0,0,0.0,0.0,0,0,ftp-patator
21,9938773,9,15,101,188,21,0,11.22222222,8.800252522,34,0,12.53333333,14.54975045,29.07803609,2.414785004,432120.5652,1123234.353,3367285,3,6570892,821361.5,1520600.916,3411808,204,9938643,709903.0714,1386635.412,3367285,3,0,0,0,0,296,488,0.905544377,1.509240628,0,34,11.56,12.47023122,155.5066667,0,0,0,1,0,0,0,0,1,12.04166667,11.22222222,12.53333333,296,0,0,0,0,0,0,9,101,15,188,29200,227,6,32,0.0,0.0,0,0,0.0,0.0,0,0,ftp-patator
21,8759947,9,15,107,188,24,0,11.88888889,9.597453366,34,0,12.53333333,14.54975045,33.67600283,2.739742603,380867.2609,995065.7699,3196031,3,5697407,712175.875,1333577.176,3239954,226,8759826,625701.8571,1229100.779,3196031,3,0,0,0,0,296,488,1.027403476,1.712339127,0,34,11.8,12.66227994,160.3333333,0,0,0,1,0,0,0,0,1,12.29166667,11.88888889,12.53333333,296,0,0,0,0,0,0,9,107,15,188,29200,227,6,32,0.0,0.0,0,0,0.0,0.0,0,0,ftp-patator
21,3,2,0,14,0,14,0,7.0,9.899494937,0,0,0.0,0.0,4666666.667,666666.6667,3.0,0.0,3,3,3,3.0,0.0,3,3,0,0.0,0.0,0,0,1,0,0,0,64,0,666666.6667,0.0,0,14,9.333333333,8.082903769,65.33333333,0,1,0,0,1,0,0,0,0,14.0,7.0,0.0,64,0,0,0,0,0,0,2,14,0,0,229,-1,0,32,0.0,0.0,0,0,0.0,0.0,0,0,ftp-patator
21,8625593,9,15,109,188,23,0,12.11111111,9.778093429,34,0,12.53333333,14.54975045,34.43241526,2.782417394,375025.7826,974184.5024,3052738,3,5788201,723525.125,1342293.076,3094957,3,8625470,616105.0,1202547.258,3052738,3,0,0,0,0,296,488,1.043406523,1.739010871,0,34,11.88,12.70931417,161.5266667,0,0,0,1,0,0,0,0,1,12.375,12.11111111,12.53333333,296,0,0,0,0,0,0,9,109,15,188,29200,227,6,32,0.0,0.0,0,0,0.0,0.0,0,0,ftp-patator
21,2,2,0,14,0,14,0,7.0,9.899494937,0,0,0.0,0.0,7000000.0,1000000.0,2.0,0.0,2,2,2,2.0,0.0,2,2,0,0.0,0.0,0,0,1,0,0,0,64,0,1000000.0,0.0,0,14,9.333333333,8.082903769,65.33333333,0,1,0,0,1,0,0,0,0,14.0,7.0,0.0,64,0,0,0,0,0,0,2,14,0,0,229,-1,0,32,0.0,0.0,0,0,0.0,0.0,0,0,ftp-patator
21,9377835,9,15,105,188,27,0,11.66666667,9.617692031,34,0,12.53333333,14.54975045,31.24388518,2.55922609,407731.9565,1066047.269,3484707,3,6643352,830419.0,1539957.5,3525963,4,9377770,669840.7143,1316879.208,3484707,3,0,0,0,0,296,488,0.959709784,1.599516306,0,34,11.72,12.66728069,160.46,0,0,0,1,0,0,0,0,1,12.20833333,11.66666667,12.53333333,296,0,0,0,0,0,0,9,105,15,188,29200,227,6,32,0.0,0.0,0,0,0.0,0.0,0,0,ftp-patator
21,8337738,9,15,108,188,23,0,12.0,9.682458366,34,0,12.53333333,14.54975045,35.50123547,2.878478551,362510.3478,947933.8005,3211717,2,5084063,635507.875,1175022.708,2571416,219,8337631,595545.0714,1170994.577,3211717,2,0,0,0,0,296,488,1.079429457,1.799049095,0,34,11.84,12.68424219,160.89,0,0,0,1,0,0,0,0,1,12.33333333,12.0,12.53333333,296,0,0,0,0,0,0,9,108,15,188,29200,227,6,32,0.0,0.0,0,0,0.0,0.0,0,0,ftp-patator
21,2,2,0,14,0,14,0,7.0,9.899494937,0,0,0.0,0.0,7000000.0,1000000.0,2.0,0.0,2,2,2,2.0,0.0,2,2,0,0.0,0.0,0,0,1,0,0,0,64,0,1000000.0,0.0,0,14,9.333333333,8.082903769,65.33333333,0,1,0,0,1,0,0,0,0,14.0,7.0,0.0,64,0,0,0,0,0,0,2,14,0,0,229,-1,0,32,0.0,0.0,0,0,0.0,0.0,0,0,ftp-patator
21,241,2,1,14,0,14,0,7.0,9.899494937,0,0,0.0,0.0,58091.28631,12448.13278,120.5,68.58935778,169,72,241,241.0,0.0,241,241,0,0.0,0.0,0,0,1,0,0,0,64,20,8298.755187,4149.377593,0,14,7.0,8.082903769,65.33333333,0,1,0,0,1,0,0,0,0,9.333333333,7.0,0.0,64,0,0,0,0,0,0,2,14,1,0,229,0,0,32,0.0,0.0,0,0,0.0,0.0,0,0,ftp-patator
21,8662926,9,15,111,188,30,0,12.33333333,10.63014581,34,0,12.53333333,14.54975045,34.51489716,2.770426528,376648.9565,977401.3981,3064544,3,5812076,726509.5,1347321.53,3110921,288,8662864,618776.0,1206379.816,3064544,3,0,0,0,0,296,488,1.038909948,1.73151658,0,34,11.96,12.93728462,167.3733333,0,0,0,1,0,0,0,0,1,12.45833333,12.33333333,12.53333333,296,0,0,0,0,0,0,9,111,15,188,29200,227,6,32,0.0,0.0,0,0,0.0,0.0,0,0,ftp-patator
21,9569600,9,15,100,188,22,0,11.11111111,8.781293248,34,0,12.53333333,14.54975045,30.09530179,2.507941816,416069.5652,1078844.505,3389049,3,6321781,790222.625,1455363.345,3431036,3,9569492,683535.1429,1331472.971,3389049,3,0,0,0,0,296,488,0.940478181,1.567463635,0,34,11.52,12.46702317,155.4266667,0,0,0,1,0,0,0,0,1,12.0,11.11111111,12.53333333,296,0,0,0,0,0,0,9,100,15,188,29200,227,6,32,0.0,0.0,0,0,0.0,0.0,0,0,ftp-patator
21,42,2,0,14,0,14,0,7.0,9.899494937,0,0,0.0,0.0,333333.3333,47619.04762,42.0,0.0,42,42,42,42.0,0.0,42,42,0,0.0,0.0,0,0,1,0,0,0,64,0,47619.04762,0.0,0,14,9.333333333,8.082903769,65.33333333,0,1,0,0,1,0,0,0,0,14.0,7.0,0.0,64,0,0,0,0,0,0,2,14,0,0,229,-1,0,32,0.0,0.0,0,0,0.0,0.0,0,0,ftp-patator
21,266,2,1,14,0,14,0,7.0,9.899494937,0,0,0.0,0.0,52631.57895,11278.19549,133.0,38.18376618,160,106,266,266.0,0.0,266,266,0,0.0,0.0,0,0,1,0,0,0,64,20,7518.796992,3759.398496,0,14,7.0,8.082903769,65.33333333,0,1,0,0,1,0,0,0,0,9.333333333,7.0,0.0,64,0,0,0,0,0,0,2,14,1,0,229,0,0,32,0.0,0.0,0,0,0.0,0.0,0,0,ftp-patator
21,9765359,9,15,110,188,24,0,12.22222222,9.921917377,34,0,12.53333333,14.54975045,30.51603121,2.457666943,424580.8261,1104503.335,3440994,3,6277709,784713.625,1451513.722,3194068,3,9765241,697517.2143,1363629.946,3440994,3,0,0,0,0,296,488,0.921625104,1.536041839,0,34,11.92,12.74728729,162.4933333,0,0,0,1,0,0,0,0,1,12.41666667,12.22222222,12.53333333,296,0,0,0,0,0,0,9,110,15,188,29200,227,6,32,0.0,0.0,0,0,0.0,0.0,0,0,ftp-patator
21,9976052,9,15,102,188,22,0,11.33333333,8.94427191,34,0,12.53333333,14.54975045,29.06961592,2.405761317,433741.3913,1131706.506,3674457,3,6707666,838458.25,1562137.209,3720146,3,9975944,712567.4286,1397673.474,3674457,18,0,0,0,0,296,488,0.902160494,1.503600823,0,34,11.6,12.50333289,156.3333333,0,0,0,1,0,0,0,0,1,12.08333333,11.33333333,12.53333333,296,0,0,0,0,0,0,9,102,15,188,29200,227,6,32,0.0,0.0,0,0,0.0,0.0,0,0,ftp-patator
21,238,2,1,14,0,14,0,7.0,9.899494937,0,0,0.0,0.0,58823.52941,12605.04202,119.0,93.33809512,185,53,238,238.0,0.0,238,238,0,0.0,0.0,0,0,1,0,0,0,64,20,8403.361345,4201.680672,0,14,7.0,8.082903769,65.33333333,0,1,0,0,1,0,0,0,0,9.333333333,7.0,0.0,64,0,0,0,0,0,0,2,14,1,0,229,0,0,32,0.0,0.0,0,0,0.0,0.0,0,0,ftp-patator
21,258,2,1,14,0,14,0,7.0,9.899494937,0,0,0.0,0.0,54263.56589,11627.90698,129.0,60.81118318,172,86,258,258.0,0.0,258,258,0,0.0,0.0,0,0,1,0,0,0,64,20,7751.937984,3875.968992,0,14,7.0,8.082903769,65.33333333,0,1,0,0,1,0,0,0,0,9.333333333,7.0,0.0,64,0,0,0,0,0,0,2,14,1,0,229,0,0,32,0.0,0.0,0,0,0.0,0.0,0,0,ftp-patator
21,8999740,9,15,112,188,26,0,12.44444444,10.28483241,34,0,12.53333333,14.54975045,33.33429632,2.666743706,391293.0435,1024198.802,3420714,1,5531781,691472.625,1283901.663,3057986,222,8999625,642830.3571,1265341.421,3420714,1,0,0,0,0,296,488,1.00002889,1.666714816,0,34,12.0,12.84523258,165.0,0,0,0,1,0,0,0,0,1,12.5,12.44444444,12.53333333,296,0,0,0,0,0,0,9,112,15,188,29200,227,6,32,0.0,0.0,0,0,0.0,0.0,0,0,ftp-patator
21,9501332,9,15,102,188,24,0,11.33333333,9.055385138,34,0,12.53333333,14.54975045,30.52203628,2.525961623,413101.3913,1079663.175,3506256,3,6324145,790518.125,1476677.027,3550439,230,9501215,678658.2143,1333643.755,3506256,3,0,0,0,0,296,488,0.947235609,1.578726014,0,34,11.6,12.52996409,157.0,0,0,0,1,0,0,0,0,1,12.08333333,11.33333333,12.53333333,296,0,0,0,0,0,0,9,102,15,188,29200,227,6,32,0.0,0.0,0,0,0.0,0.0,0,0,ftp-patator
21,239,2,1,14,0,14,0,7.0,9.899494937,0,0,0.0,0.0,58577.40586,12552.30126,119.5,23.33452378,136,103,239,239.0,0.0,239,239,0,0.0,0.0,0,0,1,0,0,0,64,20,8368.200837,4184.100418,0,14,7.0,8.082903769,65.33333333,0,1,0,0,1,0,0,0,0,9.333333333,7.0,0.0,64,0,0,0,0,0,0,2,14,1,0,229,0,0,32,0.0,0.0,0,0,0.0,0.0,0,0,ftp-patator
21,48,2,0,14,0,14,0,7.0,9.899494937,0,0,0.0,0.0,291666.6667,41666.66667,48.0,0.0,48,48,48,48.0,0.0,48,48,0,0.0,0.0,0,0,1,0,0,0,64,0,41666.66667,0.0,0,14,9.333333333,8.082903769,65.33333333,0,1,0,0,1,0,0,0,0,14.0,7.0,0.0,64,0,0,0,0,0,0,2,14,0,0,229,-1,0,32,0.0,0.0,0,0,0.0,0.0,0,0,ftp-patator
21,4,2,0,14,0,14,0,7.0,9.899494937,0,0,0.0,0.0,3500000.0,500000.0,4.0,0.0,4,4,4,4.0,0.0,4,4,0,0.0,0.0,0,0,1,0,0,0,64,0,500000.0,0.0,0,14,9.333333333,8.082903769,65.33333333,0,1,0,0,1,0,0,0,0,14.0,7.0,0.0,64,0,0,0,0,0,0,2,14,0,0,229,-1,0,32,0.0,0.0,0,0,0.0,0.0,0,0,ftp-patator
21,8702235,9,15,105,188,23,0,11.66666667,9.313968005,34,0,12.53333333,14.54975045,33.66951134,2.757912192,378358.0435,983381.5543,3100517,3,6016377,752047.125,1392544.18,3143205,3,8702115,621579.6429,1213974.889,3100517,3,0,0,0,0,296,488,1.034217072,1.72369512,0,34,11.72,12.59139918,158.5433333,0,0,0,1,0,0,0,0,1,12.20833333,11.66666667,12.53333333,296,0,0,0,0,0,0,9,105,15,188,29200,227,6,32,0.0,0.0,0,0,0.0,0.0,0,0,ftp-patator
21,8260374,9,15,100,188,20,0,11.11111111,8.652231568,34,0,12.53333333,14.54975045,34.86524944,2.905437454,359146.6957,931785.3047,2960902,3,5258965,657370.625,1213252.782,2654277,223,8260263,590018.7857,1150052.257,2960902,3,0,0,0,0,296,488,1.089539045,1.815898408,0,34,11.52,12.43690744,154.6766667,0,0,0,1,0,0,0,0,1,12.0,11.11111111,12.53333333,296,0,0,0,0,0,0,9,100,15,188,29200,227,6,32,0.0,0.0,0,0,0.0,0.0,0,0,ftp-patator
21,266,2,1,14,0,14,0,7.0,9.899494937,0,0,0.0,0.0,52631.57895,11278.19549,133.0,25.45584412,151,115,266,266.0,0.0,266,266,0,0.0,0.0,0,0,1,0,0,0,64,20,7518.796992,3759.398496,0,14,7.0,8.082903769,65.33333333,0,1,0,0,1,0,0,0,0,9.333333333,7.0,0.0,64,0,0,0,0,0,0,2,14,1,0,229,0,0,32,0.0,0.0,0,0,0.0,0.0,0,0,ftp-patator
21,237,2,1,14,0,14,0,7.0,9.899494937,0,0,0.0,0.0,59071.72996,12658.22785,118.5,95.45941546,186,51,237,237.0,0.0,237,237,0,0.0,0.0,0,0,1,0,0,0,64,20,8438.818565,4219.409283,0,14,7.0,8.082903769,65.33333333,0,1,0,0,1,0,0,0,0,9.333333333,7.0,0.0,64,0,0,0,0,0,0,2,14,1,0,229,0,0,32,0.0,0.0,0,0,0.0,0.0,0,0,ftp-patator
21,8207051,9,15,108,188,24,0,12.0,9.682458366,34,0,12.53333333,14.54975045,36.06654814,2.924314714,356828.3043,926115.3634,2813855,3,5659773,707471.625,1308272.782,2857617,247,8206985,586213.2143,1143099.014,2813855,3,0,0,0,0,296,488,1.096618018,1.827696696,0,34,11.84,12.68424219,160.89,0,0,0,1,0,0,0,0,1,12.33333333,12.0,12.53333333,296,0,0,0,0,0,0,9,108,15,188,29200,227,6,32,0.0,0.0,0,0,0.0,0.0,0,0,ftp-patator
21,9715360,9,15,98,188,22,0,10.88888889,8.550503559,34,0,12.53333333,14.54975045,29.43792098,2.470315048,422406.9565,1099936.678,3471307,3,6638880,829860.0,1538478.768,3513939,46,9715325,693951.7857,1358136.81,3471307,3,0,0,0,0,296,488,0.926368143,1.543946905,0,34,11.44,12.41665548,154.1733333,0,0,0,1,0,0,0,0,1,11.91666667,10.88888889,12.53333333,296,0,0,0,0,0,0,9,98,15,188,29200,227,6,32,0.0,0.0,0,0,0.0,0.0,0,0,ftp-patator
21,3,2,0,14,0,14,0,7.0,9.899494937,0,0,0.0,0.0,4666666.667,666666.6667,3.0,0.0,3,3,3,3.0,0.0,3,3,0,0.0,0.0,0,0,1,0,0,0,64,0,666666.6667,0.0,0,14,9.333333333,8.082903769,65.33333333,0,1,0,0,1,0,0,0,0,14.0,7.0,0.0,64,0,0,0,0,0,0,2,14,0,0,229,-1,0,32,0.0,0.0,0,0,0.0,0.0,0,0,ftp-patator
21,8834062,9,15,115,188,27,0,12.77777778,10.63928778,34,0,12.53333333,14.54975045,34.29905744,2.716757025,384089.6522,995549.5947,3068591,3,5975764,746970.5,1380138.039,3114917,218,8833953,630996.6429,1228622.389,3068591,3,0,0,0,0,296,488,1.018783884,1.697973141,0,34,12.12,12.94642808,167.61,0,0,0,1,0,0,0,0,1,12.625,12.77777778,12.53333333,296,0,0,0,0,0,0,9,115,15,188,29200,227,6,32,0.0,0.0,0,0,0.0,0.0,0,0,ftp-patator
21,8520370,9,15,112,188,27,0,12.44444444,10.29697906,34,0,12.53333333,14.54975045,35.20973854,2.816779084,370450.8696,957895.1253,3036263,4,5442010,680251.25,1246662.8,2732383,4,8520245,608588.9286,1181839.152,3036263,4,0,0,0,0,296,488,1.056292156,1.760486927,0,34,12.0,12.84847591,165.0833333,0,0,0,1,0,0,0,0,1,12.5,12.44444444,12.53333333,296,0,0,0,0,0,0,9,112,15,188,29200,227,6,32,0.0,0.0,0,0,0.0,0.0,0,0,ftp-patator
21,8125962,9,15,108,188,25,0,12.0,9.759610648,34,0,12.53333333,14.54975045,36.42645634,2.95349646,353302.6957,916205.5612,2852870,3,5544211,693026.375,1283254.742,2896972,4,8125844,580417.4286,1130765.791,2852870,3,0,0,0,0,296,488,1.107561172,1.845935287,0,34,11.84,12.7039364,161.39,0,0,0,1,0,0,0,0,1,12.33333333,12.0,12.53333333,296,0,0,0,0,0,0,9,108,15,188,29200,227,6,32,0.0,0.0,0,0,0.0,0.0,0,0,ftp-patator
21,249,2,1,14,0,14,0,7.0,9.899494937,0,0,0.0,0.0,56224.8996,12048.19277,124.5,34.64823228,149,100,249,249.0,0.0,249,249,0,0.0,0.0,0,0,1,0,0,0,64,20,8032.128514,4016.064257,0,14,7.0,8.082903769,65.33333333,0,1,0,0,1,0,0,0,0,9.333333333,7.0,0.0,64,0,0,0,0,0,0,2,14,1,0,229,0,0,32,0.0,0.0,0,0,0.0,0.0,0,0,ftp-patator
21,48,2,0,14,0,14,0,7.0,9.899494937,0,0,0.0,0.0,291666.6667,41666.66667,48.0,0.0,48,48,48,48.0,0.0,48,48,0,0.0,0.0,0,0,1,0,0,0,64,0,41666.66667,0.0,0,14,9.333333333,8.082903769,65.33333333,0,1,0,0,1,0,0,0,0,14.0,7.0,0.0,64,0,0,0,0,0,0,2,14,0,0,229,-1,0,32,0.0,0.0,0,0,0.0,0.0,0,0,ftp-patator
21,10038729,9,15,111,188,28,0,12.33333333,10.51189802,34,0,12.53333333,14.54975045,29.78464704,2.3907409,436466.4783,1136447.516,3532698,3,6463825,807978.125,1494573.608,3289985,3,10000000,717046.0714,1403206.345,3532698,3,0,0,0,0,296,488,0.896527837,1.494213062,0,34,11.96,12.90503778,166.54,0,0,0,1,0,0,0,0,1,12.45833333,12.33333333,12.53333333,296,0,0,0,0,0,0,9,111,15,188,29200,227,6,32,0.0,0.0,0,0,0.0,0.0,0,0,ftp-patator
21,9008834,9,15,114,188,26,0,12.66666667,10.52378259,34,0,12.53333333,14.54975045,33.52265121,2.664051752,391688.4348,1016997.962,3138672,3,5826196,728274.5,1346501.458,3031741,4,9008752,643482.2857,1255330.499,3138672,3,0,0,0,0,296,488,0.999019407,1.665032345,0,34,12.08,12.91291343,166.7433333,0,0,0,1,0,0,0,0,1,12.58333333,12.66666667,12.53333333,296,0,0,0,0,0,0,9,114,15,188,29200,227,6,32,0.0,0.0,0,0,0.0,0.0,0,0,ftp-patator
21,3,2,0,14,0,14,0,7.0,9.899494937,0,0,0.0,0.0,4666666.667,666666.6667,3.0,0.0,3,3,3,3.0,0.0,3,3,0,0.0,0.0,0,0,1,0,0,0,64,0,666666.6667,0.0,0,14,9.333333333,8.082903769,65.33333333,0,1,0,0,1,0,0,0,0,14.0,7.0,0.0,64,0,0,0,0,0,0,2,14,0,0,229,-1,0,32,0.0,0.0,0,0,0.0,0.0,0,0,ftp-patator
21,8487539,9,15,107,188,23,0,11.88888889,9.584420228,34,0,12.53333333,14.54975045,34.75683587,2.827674783,369023.4348,956684.1673,3396833,3,5890952,736369.0,1357654.778,3440460,4,8487418,606244.1429,1180688.614,3396833,3,0,0,0,0,296,488,1.060378044,1.767296739,0,34,11.8,12.6589889,160.25,0,0,0,1,0,0,0,0,1,12.29166667,11.88888889,12.53333333,296,0,0,0,0,0,0,9,107,15,188,29200,227,6,32,0.0,0.0,0,0,0.0,0.0,0,0,ftp-patator
21,8785109,9,15,107,188,24,0,11.88888889,9.597453366,34,0,12.53333333,14.54975045,33.57954921,2.731895529,381961.2609,991639.8441,3000054,4,5995539,749442.375,1386086.765,3042219,220,8785036,627502.5714,1224015.776,3000054,4,0,0,0,0,296,488,1.024460823,1.707434706,0,34,11.8,12.66227994,160.3333333,0,0,0,1,0,0,0,0,1,12.29166667,11.88888889,12.53333333,296,0,0,0,0,0,0,9,107,15,188,29200,227,6,32,0.0,0.0,0,0,0.0,0.0,0,0,ftp-patator
21,238,2,1,14,0,14,0,7.0,9.899494937,0,0,0.0,0.0,58823.52941,12605.04202,119.0,86.2670273,180,58,238,238.0,0.0,238,238,0,0.0,0.0,0,0,1,0,0,0,64,20,8403.361345,4201.680672,0,14,7.0,8.082903769,65.33333333,0,1,0,0,1,0,0,0,0,9.333333333,7.0,0.0,64,0,0,0,0,0,0,2,14,1,0,229,0,0,32,0.0,0.0,0,0,0.0,0.0,0,0,ftp-patator
21,151,2,1,14,0,14,0,7.0,9.899494937,0,0,0.0,0.0,92715.23179,19867.54967,75.5,38.89087297,103,48,151,151.0,0.0,151,151,0,0.0,0.0,0,0,1,0,0,0,64,20,13245.03311,6622.516556,0,14,7.0,8.082903769,65.33333333,0,1,0,0,1,0,0,0,0,9.333333333,7.0,0.0,64,0,0,0,0,0,0,2,14,1,0,229,0,0,32,0.0,0.0,0,0,0.0,0.0,0,0,ftp-patator
21,8811094,9,15,103,188,21,0,11.44444444,9.015418891,34,0,12.53333333,14.54975045,33.02654585,2.723838833,383091.0435,957258.5842,3070074,3,5957581,744697.625,1291399.136,3114132,3,8811049,629360.6429,1176381.168,3070074,3,0,0,0,0,296,488,1.021439562,1.702399271,0,34,11.64,12.51958466,156.74,0,0,0,1,0,0,0,0,1,12.125,11.44444444,12.53333333,296,0,0,0,0,0,0,9,103,15,188,29200,227,6,32,0.0,0.0,0,0,0.0,0.0,0,0,ftp-patator
21,227,2,1,14,0,14,0,7.0,9.899494937,0,0,0.0,0.0,61674.00881,13215.85903,113.5,79.90306627,170,57,227,227.0,0.0,227,227,0,0.0,0.0,0,0,1,0,0,0,64,20,8810.572687,4405.286344,0,14,7.0,8.082903769,65.33333333,0,1,0,0,1,0,0,0,0,9.333333333,7.0,0.0,64,0,0,0,0,0,0,2,14,1,0,229,0,0,32,0.0,0.0,0,0,0.0,0.0,0,0,ftp-patator
21,8670913,9,15,107,188,24,0,11.88888889,9.649409884,34,0,12.53333333,14.54975045,34.02179217,2.767874617,376996.2174,979728.2238,3140745,3,5487793,685974.125,1266653.803,2772265,3,8670802,619343.0,1209448.433,3140745,3,0,0,0,0,296,488,1.037952981,1.729921636,0,34,11.8,12.67543556,160.6666667,0,0,0,1,0,0,0,0,1,12.29166667,11.88888889,12.53333333,296,0,0,0,0,0,0,9,107,15,188,29200,227,6,32,0.0,0.0,0,0,0.0,0.0,0,0,ftp-patator
21,1,2,0,14,0,14,0,7.0,9.899494937,0,0,0.0,0.0,14000000.0,2000000.0,1.0,0.0,1,1,1,1.0,0.0,1,1,0,0.0,0.0,0,0,1,0,0,0,64,0,2000000.0,0.0,0,14,9.333333333,8.082903769,65.33333333,0,1,0,0,1,0,0,0,0,14.0,7.0,0.0,64,0,0,0,0,0,0,2,14,0,0,229,-1,0,32,0.0,0.0,0,0,0.0,0.0,0,0,ftp-patator
21,223,2,1,14,0,14,0,7.0,9.899494937,0,0,0.0,0.0,62780.26906,13452.9148,111.5,58.68986284,153,70,223,223.0,0.0,223,223,0,0.0,0.0,0,0,1,0,0,0,64,20,8968.609865,4484.304933,0,14,7.0,8.082903769,65.33333333,0,1,0,0,1,0,0,0,0,9.333333333,7.0,0.0,64,0,0,0,0,0,0,2,14,1,0,229,0,0,32,0.0,0.0,0,0,0.0,0.0,0,0,ftp-patator
21,4,2,0,14,0,14,0,7.0,9.899494937,0,0,0.0,0.0,3500000.0,500000.0,4.0,0.0,4,4,4,4.0,0.0,4,4,0,0.0,0.0,0,0,1,0,0,0,64,0,500000.0,0.0,0,14,9.333333333,8.082903769,65.33333333,0,1,0,0,1,0,0,0,0,14.0,7.0,0.0,64,0,0,0,0,0,0,2,14,0,0,229,-1,0,32,0.0,0.0,0,0,0.0,0.0,0,0,ftp-patator
21,259,2,1,14,0,14,0,7.0,9.899494937,0,0,0.0,0.0,54054.05405,11583.01158,129.5,19.09188309,143,116,259,259.0,0.0,259,259,0,0.0,0.0,0,0,1,0,0,0,64,20,7722.007722,3861.003861,0,14,7.0,8.082903769,65.33333333,0,1,0,0,1,0,0,0,0,9.333333333,7.0,0.0,64,0,0,0,0,0,0,2,14,1,0,229,0,0,32,0.0,0.0,0,0,0.0,0.0,0,0,ftp-patator
21,272,2,1,14,0,14,0,7.0,9.899494937,0,0,0.0,0.0,51470.58824,11029.41176,136.0,80.61017306,193,79,272,272.0,0.0,272,272,0,0.0,0.0,0,0,1,0,0,0,64,20,7352.941176,3676.470588,0,14,7.0,8.082903769,65.33333333,0,1,0,0,1,0,0,0,0,9.333333333,7.0,0.0,64,0,0,0,0,0,0,2,14,1,0,229,0,0,32,0.0,0.0,0,0,0.0,0.0,0,0,ftp-patator
21,9173719,9,15,103,188,22,0,11.44444444,9.043106644,34,0,12.53333333,14.54975045,31.7210501,2.61616908,398857.3478,1034399.201,3195259,3,5934775,741846.875,1367913.762,3083676,4,9173594,655256.7143,1276645.878,3195259,3,0,0,0,0,296,488,0.981063405,1.635105675,0,34,11.64,12.52623913,156.9066667,0,0,0,1,0,0,0,0,1,12.125,11.44444444,12.53333333,296,0,0,0,0,0,0,9,103,15,188,29200,227,6,32,0.0,0.0,0,0,0.0,0.0,0,0,ftp-patator
21,243,2,1,14,0,14,0,7.0,9.899494937,0,0,0.0,0.0,57613.16872,12345.67901,121.5,89.80256121,185,58,243,243.0,0.0,243,243,0,0.0,0.0,0,0,1,0,0,0,64,20,8230.452675,4115.226337,0,14,7.0,8.082903769,65.33333333,0,1,0,0,1,0,0,0,0,9.333333333,7.0,0.0,64,0,0,0,0,0,0,2,14,1,0,229,0,0,32,0.0,0.0,0,0,0.0,0.0,0,0,ftp-patator
21,9321537,9,15,105,188,23,0,11.66666667,9.354143467,34,0,12.53333333,14.54975045,31.43258456,2.574682694,405284.2174,1054141.2,3249822,2,6029570,753696.25,1395193.804,3140064,2,9321388,665813.4286,1301433.141,3249822,3,0,0,0,0,296,488,0.96550601,1.609176684,0,34,11.72,12.60132268,158.7933333,0,0,0,1,0,0,0,0,1,12.20833333,11.66666667,12.53333333,296,0,0,0,0,0,0,9,105,15,188,29200,227,6,32,0.0,0.0,0,0,0.0,0.0,0,0,ftp-patator
21,9122561,9,15,104,188,23,0,11.55555556,9.221050796,34,0,12.53333333,14.54975045,32.00855549,2.630840177,396633.087,1032512.355,3187460,1,5893853,736731.625,1366640.621,3149675,49,9122453,651603.7857,1274847.239,3187460,1,0,0,0,0,296,488,0.986565067,1.644275111,0,34,11.68,12.56887691,157.9766667,0,0,0,1,0,0,0,0,1,12.16666667,11.55555556,12.53333333,296,0,0,0,0,0,0,9,104,15,188,29200,227,6,32,0.0,0.0,0,0,0.0,0.0,0,0,ftp-patator
21,8836483,9,15,106,188,23,0,11.77777778,9.444281044,34,0,12.53333333,14.54975045,33.2711555,2.716012694,384194.913,963218.1782,3061282,3,5732268,716533.5,1242171.131,2758756,133,8836419,631172.7857,1184176.145,3061282,3,0,0,0,0,296,488,1.01850476,1.697507934,0,34,11.76,12.62365504,159.3566667,0,0,0,1,0,0,0,0,1,12.25,11.77777778,12.53333333,296,0,0,0,0,0,0,9,106,15,188,29200,227,6,32,0.0,0.0,0,0,0.0,0.0,0,0,ftp-patator
21,8847954,9,15,104,188,24,0,11.55555556,9.368979548,34,0,12.53333333,14.54975045,33.00197989,2.712491498,384693.6522,1000464.231,3124600,3,5681646,710205.75,1314978.187,2968376,232,8847842,631988.7143,1235146.472,3124600,3,0,0,0,0,296,488,1.017184312,1.695307186,0,34,11.68,12.60528989,158.8933333,0,0,0,1,0,0,0,0,1,12.16666667,11.55555556,12.53333333,296,0,0,0,0,0,0,9,104,15,188,29200,227,6,32,0.0,0.0,0,0,0.0,0.0,0,0,ftp-patator
21,9113116,9,15,112,188,30,0,12.44444444,10.61968821,34,0,12.53333333,14.54975045,32.91958535,2.633566828,396222.4348,1030477.039,3200858,3,6040913,755114.125,1401571.56,3242952,3,9113026,650930.4286,1272201.132,3200858,3,0,0,0,0,296,488,0.987587561,1.645979268,0,34,12.0,12.93573861,167.3333333,0,0,0,1,0,0,0,0,1,12.5,12.44444444,12.53333333,296,0,0,0,0,0,0,9,112,15,188,29200,227,6,32,0.0,0.0,0,0,0.0,0.0,0,0,ftp-patator
21,230,2,1,14,0,14,0,7.0,9.899494937,0,0,0.0,0.0,60869.56522,13043.47826,115.0,89.09545443,178,52,230,230.0,0.0,230,230,0,0.0,0.0,0,0,1,0,0,0,64,20,8695.652174,4347.826087,0,14,7.0,8.082903769,65.33333333,0,1,0,0,1,0,0,0,0,9.333333333,7.0,0.0,64,0,0,0,0,0,0,2,14,1,0,229,0,0,32,0.0,0.0,0,0,0.0,0.0,0,0,ftp-patator
21,223,2,1,14,0,14,0,7.0,9.899494937,0,0,0.0,0.0,62780.26906,13452.9148,111.5,129.400541,203,20,223,223.0,0.0,223,223,0,0.0,0.0,0,0,1,0,0,0,64,20,8968.609865,4484.304933,0,14,7.0,8.082903769,65.33333333,0,1,0,0,1,0,0,0,0,9.333333333,7.0,0.0,64,0,0,0,0,0,0,2,14,1,0,229,0,0,32,0.0,0.0,0,0,0.0,0.0,0,0,ftp-patator
21,243,2,1,14,0,14,0,7.0,9.899494937,0,0,0.0,0.0,57613.16872,12345.67901,121.5,89.80256121,185,58,243,243.0,0.0,243,243,0,0.0,0.0,0,0,1,0,0,0,64,20,8230.452675,4115.226337,0,14,7.0,8.082903769,65.33333333,0,1,0,0,1,0,0,0,0,9.333333333,7.0,0.0,64,0,0,0,0,0,0,2,14,1,0,229,0,0,32,0.0,0.0,0,0,0.0,0.0,0,0,ftp-patator
21,247,2,1,14,0,14,0,7.0,9.899494937,0,0,0.0,0.0,56680.16194,12145.74899,123.5,91.21677477,188,59,247,247.0,0.0,247,247,0,0.0,0.0,0,0,1,0,0,0,64,20,8097.165992,4048.582996,0,14,7.0,8.082903769,65.33333333,0,1,0,0,1,0,0,0,0,9.333333333,7.0,0.0,64,0,0,0,0,0,0,2,14,1,0,229,0,0,32,0.0,0.0,0,0,0.0,0.0,0,0,ftp-patator
21,8958793,9,15,108,188,28,0,12.0,10.09950494,34,0,12.53333333,14.54975045,33.04016512,2.678932307,389512.7391,1013815.15,3232593,4,6155480,769435.0,1426743.736,3275052,16,8958771,639912.2143,1251735.96,3232593,4,0,0,0,0,296,488,1.004599615,1.674332692,0,34,11.84,12.79218511,163.64,0,0,0,1,0,0,0,0,1,12.33333333,12.0,12.53333333,296,0,0,0,0,0,0,9,108,15,188,29200,227,6,32,0.0,0.0,0,0,0.0,0.0,0,0,ftp-patator
21,239,2,1,14,0,14,0,7.0,9.899494937,0,0,0.0,0.0,58577.40586,12552.30126,119.5,88.38834765,182,57,239,239.0,0.0,239,239,0,0.0,0.0,0,0,1,0,0,0,64,20,8368.200837,4184.100418,0,14,7.0,8.082903769,65.33333333,0,1,0,0,1,0,0,0,0,9.333333333,7.0,0.0,64,0,0,0,0,0,0,2,14,1,0,229,0,0,32,0.0,0.0,0,0,0.0,0.0,0,0,ftp-patator
21,8445896,9,15,107,188,22,0,11.88888889,9.518986874,34,0,12.53333333,14.54975045,34.92820655,2.841616804,367212.8696,955006.605,3036839,4,5894267,736783.375,1363800.008,3079305,228,8445835,603273.9286,1179023.909,3036839,4,0,0,0,0,296,488,1.065606302,1.776010503,0,34,11.8,12.64252085,159.8333333,0,0,0,1,0,0,0,0,1,12.29166667,11.88888889,12.53333333,296,0,0,0,0,0,0,9,107,15,188,29200,227,6,32,0.0,0.0,0,0,0.0,0.0,0,0,ftp-patator
21,10308286,9,15,102,188,23,0,11.33333333,9.013878189,34,0,12.53333333,14.54975045,28.132708,2.32822411,448186.3478,1161551.505,3551647,3,7167441,895930.125,1643015.684,3595074,4,10300000,736299.6429,1433467.353,3551647,3,0,0,0,0,296,488,0.873084041,1.455140069,0,34,11.6,12.51998403,156.75,0,0,0,1,0,0,0,0,1,12.08333333,11.33333333,12.53333333,296,0,0,0,0,0,0,9,102,15,188,29200,227,6,32,0.0,0.0,0,0,0.0,0.0,0,0,ftp-patator
21,3,2,0,14,0,14,0,7.0,9.899494937,0,0,0.0,0.0,4666666.667,666666.6667,3.0,0.0,3,3,3,3.0,0.0,3,3,0,0.0,0.0,0,0,1,0,0,0,64,0,666666.6667,0.0,0,14,9.333333333,8.082903769,65.33333333,0,1,0,0,1,0,0,0,0,14.0,7.0,0.0,64,0,0,0,0,0,0,2,14,0,0,229,-1,0,32,0.0,0.0,0,0,0.0,0.0,0,0,ftp-patator
21,287,2,1,14,0,14,0,7.0,9.899494937,0,0,0.0,0.0,48780.4878,10452.96167,143.5,57.27564928,184,103,287,287.0,0.0,287,287,0,0.0,0.0,0,0,1,0,0,0,64,20,6968.641115,3484.320557,0,14,7.0,8.082903769,65.33333333,0,1,0,0,1,0,0,0,0,9.333333333,7.0,0.0,64,0,0,0,0,0,0,2,14,1,0,229,0,0,32,0.0,0.0,0,0,0.0,0.0,0,0,ftp-patator
21,217,2,1,14,0,14,0,7.0,9.899494937,0,0,0.0,0.0,64516.12903,13824.88479,108.5,51.61879503,145,72,217,217.0,0.0,217,217,0,0.0,0.0,0,0,1,0,0,0,64,20,9216.589862,4608.294931,0,14,7.0,8.082903769,65.33333333,0,1,0,0,1,0,0,0,0,9.333333333,7.0,0.0,64,0,0,0,0,0,0,2,14,1,0,229,0,0,32,0.0,0.0,0,0,0.0,0.0,0,0,ftp-patator
21,10158055,9,15,98,188,23,0,10.88888889,8.62328888,34,0,12.53333333,14.54975045,28.15499621,2.362657024,441654.5652,1146002.182,3627943,3,6488168,811021.0,1488121.07,3262690,3,10200000,725566.4286,1414470.522,3627943,3,0,0,0,0,296,488,0.885996384,1.47666064,0,34,11.44,12.4334227,154.59,0,0,0,1,0,0,0,0,1,11.91666667,10.88888889,12.53333333,296,0,0,0,0,0,0,9,98,15,188,29200,227,6,32,0.0,0.0,0,0,0.0,0.0,0,0,ftp-patator
21,251,2,1,14,0,14,0,7.0,9.899494937,0,0,0.0,0.0,55776.89243,11952.19124,125.5,95.45941546,193,58,251,251.0,0.0,251,251,0,0.0,0.0,0,0,1,0,0,0,64,20,7968.12749,3984.063745,0,14,7.0,8.082903769,65.33333333,0,1,0,0,1,0,0,0,0,9.333333333,7.0,0.0,64,0,0,0,0,0,0,2,14,1,0,229,0,0,32,0.0,0.0,0,0,0.0,0.0,0,0,ftp-patator
21,1,2,0,14,0,14,0,7.0,9.899494937,0,0,0.0,0.0,14000000.0,2000000.0,1.0,0.0,1,1,1,1.0,0.0,1,1,0,0.0,0.0,0,0,1,0,0,0,64,0,2000000.0,0.0,0,14,9.333333333,8.082903769,65.33333333,0,1,0,0,1,0,0,0,0,14.0,7.0,0.0,64,0,0,0,0,0,0,2,14,0,0,229,-1,0,32,0.0,0.0,0,0,0.0,0.0,0,0,ftp-patator
21,253,2,1,14,0,14,0,7.0,9.899494937,0,0,0.0,0.0,55335.96838,11857.70751,126.5,23.33452378,143,110,253,253.0,0.0,253,253,0,0.0,0.0,0,0,1,0,0,0,64,20,7905.13834,3952.56917,0,14,7.0,8.082903769,65.33333333,0,1,0,0,1,0,0,0,0,9.333333333,7.0,0.0,64,0,0,0,0,0,0,2,14,1,0,229,0,0,32,0.0,0.0,0,0,0.0,0.0,0,0,ftp-patator
21,258,2,1,14,0,14,0,7.0,9.899494937,0,0,0.0,0.0,54263.56589,11627.90698,129.0,72.12489168,180,78,258,258.0,0.0,258,258,0,0.0,0.0,0,0,1,0,0,0,64,20,7751.937984,3875.968992,0,14,7.0,8.082903769,65.33333333,0,1,0,0,1,0,0,0,0,9.333333333,7.0,0.0,64,0,0,0,0,0,0,2,14,1,0,229,0,0,32,0.0,0.0,0,0,0.0,0.0,0,0,ftp-patator
21,9011022,9,15,107,188,25,0,11.88888889,9.636447017,34,0,12.53333333,14.54975045,32.73768503,2.663404883,391783.5652,992400.0659,3113419,3,6108984,763623.0,1355044.146,3156172,3,9010932,643638.0,1221534.722,3113419,3,0,0,0,0,296,488,0.998776831,1.664628052,0,34,11.8,12.67214794,160.5833333,0,0,0,1,0,0,0,0,1,12.29166667,11.88888889,12.53333333,296,0,0,0,0,0,0,9,107,15,188,29200,227,6,32,0.0,0.0,0,0,0.0,0.0,0,0,ftp-patator
21,9343463,9,15,106,188,22,0,11.77777778,9.404490653,34,0,12.53333333,14.54975045,31.46584944,2.568640771,406237.5217,1055001.848,3256297,2,6044854,755606.75,1396688.335,3143912,2,9343328,667380.5714,1302274.987,3256297,3,0,0,0,0,296,488,0.963240289,1.605400482,0,34,11.76,12.61374911,159.1066667,0,0,0,1,0,0,0,0,1,12.25,11.77777778,12.53333333,296,0,0,0,0,0,0,9,106,15,188,29200,227,6,32,0.0,0.0,0,0,0.0,0.0,0,0,ftp-patator
21,8646642,9,15,106,188,23,0,11.77777778,9.497075573,34,0,12.53333333,14.54975045,34.00163902,2.775644001,375940.9565,975542.0566,2948601,3,5910726,738840.75,1366190.352,2990699,3,8646522,617608.7143,1204083.444,2948601,3,0,0,0,0,296,488,1.040866501,1.734777501,0,34,11.76,12.63685087,159.69,0,0,0,1,0,0,0,0,1,12.25,11.77777778,12.53333333,296,0,0,0,0,0,0,9,106,15,188,29200,227,6,32,0.0,0.0,0,0,0.0,0.0,0,0,ftp-patator
21,8597153,9,15,107,188,23,0,11.88888889,9.584420228,34,0,12.53333333,14.54975045,34.31368501,2.791621831,373789.2609,974714.749,3027721,3,5525305,690663.125,1286648.123,3053760,220,8597035,614073.9286,1203711.836,3027721,3,0,0,0,0,296,488,1.046858187,1.744763644,0,34,11.8,12.6589889,160.25,0,0,0,1,0,0,0,0,1,12.29166667,11.88888889,12.53333333,296,0,0,0,0,0,0,9,107,15,188,29200,227,6,32,0.0,0.0,0,0,0.0,0.0,0,0,ftp-patator
21,9260002,9,15,108,188,24,0,12.0,9.695359715,34,0,12.53333333,14.54975045,31.96543586,2.591792097,402608.7826,1056328.275,3724776,3,6337504,792188.0,1487462.113,3767959,3,9259916,661422.5714,1305370.86,3724776,3,0,0,0,0,296,488,0.971922036,1.619870061,0,34,11.84,12.68752668,160.9733333,0,0,0,1,0,0,0,0,1,12.33333333,12.0,12.53333333,296,0,0,0,0,0,0,9,108,15,188,29200,227,6,32,0.0,0.0,0,0,0.0,0.0,0,0,ftp-patator
21,8791821,9,15,107,188,26,0,11.88888889,9.778093429,34,0,12.53333333,14.54975045,33.55391335,2.729809899,382253.087,992173.8577,2984729,3,5764857,720607.125,1334383.574,3008257,3,8791703,627978.7857,1224645.935,2984729,3,0,0,0,0,296,488,1.023678712,1.706131187,0,34,11.8,12.70826503,161.5,0,0,0,1,0,0,0,0,1,12.29166667,11.88888889,12.53333333,296,0,0,0,0,0,0,9,107,15,188,29200,227,6,32,0.0,0.0,0,0,0.0,0.0,0,0,ftp-patator
21,43,2,0,14,0,14,0,7.0,9.899494937,0,0,0.0,0.0,325581.3953,46511.62791,43.0,0.0,43,43,43,43.0,0.0,43,43,0,0.0,0.0,0,0,1,0,0,0,64,0,46511.62791,0.0,0,14,9.333333333,8.082903769,65.33333333,0,1,0,0,1,0,0,0,0,14.0,7.0,0.0,64,0,0,0,0,0,0,2,14,0,0,229,-1,0,32,0.0,0.0,0,0,0.0,0.0,0,0,ftp-patator
21,8419079,9,15,101,188,22,0,11.22222222,8.913161305,34,0,12.53333333,14.54975045,34.32679513,2.850668108,366046.913,960797.4666,3099284,0,6201770,775221.25,1432519.61,3141535,0,8419029,601359.2143,1187374.101,3099284,3,0,0,0,0,296,488,1.06900054,1.781667567,0,34,11.56,12.49693296,156.1733333,0,0,0,1,0,0,0,0,1,12.04166667,11.22222222,12.53333333,296,0,0,0,0,0,0,9,101,15,188,29200,227,6,32,0.0,0.0,0,0,0.0,0.0,0,0,ftp-patator
21,9367320,9,15,95,188,19,0,10.55555556,8.156456202,34,0,12.53333333,14.54975045,30.21141586,2.562098871,407274.7826,1056945.705,3186451,3,6395136,799392.0,1475080.829,3228942,3,9367187,669084.7857,1304570.241,3186451,3,0,0,0,0,296,488,0.960787077,1.601311795,0,34,11.32,12.33463957,152.1433333,0,0,0,1,0,0,0,0,1,11.79166667,10.55555556,12.53333333,296,0,0,0,0,0,0,9,95,15,188,29200,227,6,32,0.0,0.0,0,0,0.0,0.0,0,0,ftp-patator
21,8631039,9,15,95,188,19,0,10.55555556,8.11035004,34,0,12.53333333,14.54975045,32.78863646,2.780661749,375262.5652,977457.5934,3084752,3,5676626,709578.25,1321333.878,3127595,217,8630914,616493.8571,1206950.048,3084752,3,0,0,0,0,296,488,1.042748156,1.737913593,0,34,11.32,12.32450134,151.8933333,0,0,0,1,0,0,0,0,1,11.79166667,10.55555556,12.53333333,296,0,0,0,0,0,0,9,95,15,188,29200,227,6,32,0.0,0.0,0,0,0.0,0.0,0,0,ftp-patator
21,8934888,9,15,114,188,27,0,12.66666667,10.6653645,34,0,12.53333333,14.54975045,33.80008792,2.686099703,388473.3913,1008789.331,3124698,3,5767255,720906.875,1334207.466,3007562,4,8934792,638199.4286,1245217.852,3124698,3,0,0,0,0,296,488,1.007287388,1.678812314,0,34,12.08,12.95157648,167.7433333,0,0,0,1,0,0,0,0,1,12.58333333,12.66666667,12.53333333,296,0,0,0,0,0,0,9,114,15,188,29200,227,6,32,0.0,0.0,0,0,0.0,0.0,0,0,ftp-patator
21,9001697,9,15,127,188,36,0,14.11111111,12.77149604,34,0,12.53333333,14.54975045,34.9934018,2.666163947,391378.1304,994790.8668,3184584,24,5776251,722031.375,1280789.685,2820916,236,9001635,642973.9286,1224965.552,3184584,47,0,0,0,0,296,488,0.99981148,1.666352467,0,36,12.6,13.61371857,185.3333333,0,0,0,1,0,0,0,0,1,13.125,14.11111111,12.53333333,296,0,0,0,0,0,0,9,127,15,188,29200,227,6,32,0.0,0.0,0,0,0.0,0.0,0,0,ftp-patator
21,8911289,9,15,124,188,32,0,13.77777778,12.10142324,34,0,12.53333333,14.54975045,35.0117699,2.693213069,387447.3478,1012017.238,3262549,3,5870245,733780.625,1371517.386,3305988,3,8911178,636512.7143,1250005.009,3262549,3,0,0,0,0,296,488,1.009954901,1.683258168,0,34,12.48,13.39502395,179.4266667,0,0,0,1,0,0,0,0,1,13.0,13.77777778,12.53333333,296,0,0,0,0,0,0,9,124,15,188,29200,227,6,32,0.0,0.0,0,0,0.0,0.0,0,0,ftp-patator
21,221,2,1,14,0,14,0,7.0,9.899494937,0,0,0.0,0.0,63348.41629,13574.66063,110.5,95.45941546,178,43,221,221.0,0.0,221,221,0,0.0,0.0,0,0,1,0,0,0,64,20,9049.773756,4524.886878,0,14,7.0,8.082903769,65.33333333,0,1,0,0,1,0,0,0,0,9.333333333,7.0,0.0,64,0,0,0,0,0,0,2,14,1,0,229,0,0,32,0.0,0.0,0,0,0.0,0.0,0,0,ftp-patator
21,9133142,9,15,102,188,21,0,11.33333333,8.93028555,34,0,12.53333333,14.54975045,31.75249,2.627792276,397093.1304,1013099.056,3155086,4,5936185,742023.125,1327139.174,3020155,207,9133054,652361.0,1248051.737,3155086,4,0,0,0,0,296,488,0.985422103,1.642370172,0,34,11.6,12.5,156.25,0,0,0,1,0,0,0,0,1,12.08333333,11.33333333,12.53333333,296,0,0,0,0,0,0,9,102,15,188,29200,227,6,32,0.0,0.0,0,0,0.0,0.0,0,0,ftp-patator
21,9909897,9,15,103,188,23,0,11.44444444,9.207484878,34,0,12.53333333,14.54975045,29.36458371,2.421821337,430865.087,1090299.287,3291354,1,6832561,854070.125,1508762.732,3334375,119,9909896,707849.7143,1341875.671,3291354,1,0,0,0,0,296,488,0.908183001,1.513638335,0,34,11.64,12.56609194,157.9066667,0,0,0,1,0,0,0,0,1,12.125,11.44444444,12.53333333,296,0,0,0,0,0,0,9,103,15,188,29200,227,6,32,0.0,0.0,0,0,0.0,0.0,0,0,ftp-patator
21,8856871,9,15,121,188,29,0,13.44444444,11.47945024,34,0,12.53333333,14.54975045,34.88816762,2.709760592,385081.3478,999034.7951,3252739,3,6020451,752556.375,1390644.373,3295358,221,8856738,632624.1429,1233049.653,3252739,3,0,0,0,0,296,488,1.016160222,1.69360037,0,34,12.36,13.2,174.24,0,0,0,1,0,0,0,0,1,12.875,13.44444444,12.53333333,296,0,0,0,0,0,0,9,121,15,188,29200,227,6,32,0.0,0.0,0,0,0.0,0.0,0,0,ftp-patator
21,309,2,1,14,0,14,0,7.0,9.899494937,0,0,0.0,0.0,45307.44337,9708.737864,154.5,67.17514421,202,107,309,309.0,0.0,309,309,0,0.0,0.0,0,0,1,0,0,0,64,20,6472.491909,3236.245955,0,14,7.0,8.082903769,65.33333333,0,1,0,0,1,0,0,0,0,9.333333333,7.0,0.0,64,0,0,0,0,0,0,2,14,1,0,229,0,0,32,0.0,0.0,0,0,0.0,0.0,0,0,ftp-patator
21,257,2,1,14,0,14,0,7.0,9.899494937,0,0,0.0,0.0,54474.70817,11673.15175,128.5,70.00357134,178,79,257,257.0,0.0,257,257,0,0.0,0.0,0,0,1,0,0,0,64,20,7782.101167,3891.050584,0,14,7.0,8.082903769,65.33333333,0,1,0,0,1,0,0,0,0,9.333333333,7.0,0.0,64,0,0,0,0,0,0,2,14,1,0,229,0,0,32,0.0,0.0,0,0,0.0,0.0,0,0,ftp-patator
21,8699907,9,15,110,188,25,0,12.22222222,9.984710534,34,0,12.53333333,14.54975045,34.25323972,2.758650179,378256.8261,974505.5026,3131492,20,5527202,690900.25,1255604.773,2761956,223,8699842,621417.2857,1201837.238,3131492,45,0,0,0,0,296,488,1.034493817,1.724156362,0,34,11.92,12.76362018,162.91,0,0,0,1,0,0,0,0,1,12.41666667,12.22222222,12.53333333,296,0,0,0,0,0,0,9,110,15,188,29200,227,6,32,0.0,0.0,0,0,0.0,0.0,0,0,ftp-patator
21,273,2,1,14,0,14,0,7.0,9.899494937,0,0,0.0,0.0,51282.05128,10989.01099,136.5,70.00357134,186,87,273,273.0,0.0,273,273,0,0.0,0.0,0,0,1,0,0,0,64,20,7326.007326,3663.003663,0,14,7.0,8.082903769,65.33333333,0,1,0,0,1,0,0,0,0,9.333333333,7.0,0.0,64,0,0,0,0,0,0,2,14,1,0,229,0,0,32,0.0,0.0,0,0,0.0,0.0,0,0,ftp-patator
21,8948847,9,15,104,188,23,0,11.55555556,9.193898943,34,0,12.53333333,14.54975045,32.62990193,2.681909748,389080.3043,1012764.165,3241864,3,5664264,708033.0,1309295.531,2869902,3,8948724,639194.5714,1250452.228,3241864,3,0,0,0,0,296,488,1.005716155,1.676193592,0,34,11.68,12.56224502,157.81,0,0,0,1,0,0,0,0,1,12.16666667,11.55555556,12.53333333,296,0,0,0,0,0,0,9,104,15,188,29200,227,6,32,0.0,0.0,0,0,0.0,0.0,0,0,ftp-patator
21,8471759,9,15,104,188,23,0,11.55555556,9.355628134,34,0,12.53333333,14.54975045,34.46745829,2.832941777,368337.3478,950210.8838,2984668,3,5700423,712552.875,1306859.395,3027213,18,8471663,605118.7857,1172051.623,2984668,3,0,0,0,0,296,488,1.062353167,1.770588611,0,34,11.68,12.60198397,158.81,0,0,0,1,0,0,0,0,1,12.16666667,11.55555556,12.53333333,296,0,0,0,0,0,0,9,104,15,188,29200,227,6,32,0.0,0.0,0,0,0.0,0.0,0,0,ftp-patator
21,9197467,9,15,111,188,26,0,12.33333333,10.19803903,34,0,12.53333333,14.54975045,32.50895056,2.609414092,399889.8696,1044076.144,3295813,3,6565901,820737.625,1517717.593,3340407,4,9197402,656957.2857,1289541.282,3295813,3,0,0,0,0,296,488,0.978530284,1.630883807,0,34,11.96,12.82081641,164.3733333,0,0,0,1,0,0,0,0,1,12.45833333,12.33333333,12.53333333,296,0,0,0,0,0,0,9,111,15,188,29200,227,6,32,0.0,0.0,0,0,0.0,0.0,0,0,ftp-patator
21,9047204,9,15,110,188,25,0,12.22222222,9.984710534,34,0,12.53333333,14.54975045,32.93835311,2.652753271,393356.6957,1027115.18,3304265,3,5956042,744505.25,1391161.88,3348344,244,9047069,646219.2143,1268608.251,3304265,3,0,0,0,0,296,488,0.994782476,1.657970794,0,34,11.92,12.76362018,162.91,0,0,0,1,0,0,0,0,1,12.41666667,12.22222222,12.53333333,296,0,0,0,0,0,0,9,110,15,188,29200,227,6,32,0.0,0.0,0,0,0.0,0.0,0,0,ftp-patator
21,8453667,9,15,109,188,23,0,12.11111111,9.790868762,34,0,12.53333333,14.54975045,35.13268266,2.839004659,367550.7391,956784.5361,3104206,3,5892828,736603.5,1366440.226,3148223,3,8453554,603825.2857,1181343.873,3104206,3,0,0,0,0,296,488,1.064626747,1.774377912,0,34,11.88,12.71259218,161.61,0,0,0,1,0,0,0,0,1,12.375,12.11111111,12.53333333,296,0,0,0,0,0,0,9,109,15,188,29200,227,6,32,0.0,0.0,0,0,0.0,0.0,0,0,ftp-patator
21,222,2,1,14,0,14,0,7.0,9.899494937,0,0,0.0,0.0,63063.06306,13513.51351,111.0,53.74011537,149,73,222,222.0,0.0,222,222,0,0.0,0.0,0,0,1,0,0,0,64,20,9009.009009,4504.504505,0,14,7.0,8.082903769,65.33333333,0,1,0,0,1,0,0,0,0,9.333333333,7.0,0.0,64,0,0,0,0,0,0,2,14,1,0,229,0,0,32,0.0,0.0,0,0,0.0,0.0,0,0,ftp-patator
21,9016892,9,15,108,188,23,0,12.0,9.656603958,34,0,12.53333333,14.54975045,32.82727574,2.661671006,392038.7826,1017145.476,3041276,3,5933817,741727.125,1371316.654,3003300,221,9016826,644059.0,1255407.547,3041276,3,0,0,0,0,296,488,0.998126627,1.663544379,0,34,11.84,12.67767066,160.7233333,0,0,0,1,0,0,0,0,1,12.33333333,12.0,12.53333333,296,0,0,0,0,0,0,9,108,15,188,29200,227,6,32,0.0,0.0,0,0,0.0,0.0,0,0,ftp-patator
21,49,2,0,14,0,14,0,7.0,9.899494937,0,0,0.0,0.0,285714.2857,40816.32653,49.0,0.0,49,49,49,49.0,0.0,49,49,0,0.0,0.0,0,0,1,0,0,0,64,0,40816.32653,0.0,0,14,9.333333333,8.082903769,65.33333333,0,1,0,0,1,0,0,0,0,14.0,7.0,0.0,64,0,0,0,0,0,0,2,14,0,0,229,-1,0,32,0.0,0.0,0,0,0.0,0.0,0,0,ftp-patator
21,8504763,9,15,116,188,32,0,12.88888889,11.18530782,34,0,12.53333333,14.54975045,35.74467625,2.821948125,369772.3043,961420.2887,3084719,24,5680264,710033.0,1320874.481,3128244,24,8504701,607478.6429,1186909.621,3084719,41,0,0,0,0,296,488,1.058230547,1.763717578,0,34,12.16,13.10114499,171.64,0,0,0,1,0,0,0,0,1,12.66666667,12.88888889,12.53333333,296,0,0,0,0,0,0,9,116,15,188,29200,227,6,32,0.0,0.0,0,0,0.0,0.0,0,0,ftp-patator
21,3,2,0,14,0,14,0,7.0,9.899494937,0,0,0.0,0.0,4666666.667,666666.6667,3.0,0.0,3,3,3,3.0,0.0,3,3,0,0.0,0.0,0,0,1,0,0,0,64,0,666666.6667,0.0,0,14,9.333333333,8.082903769,65.33333333,0,1,0,0,1,0,0,0,0,14.0,7.0,0.0,64,0,0,0,0,0,0,2,14,0,0,229,-1,0,32,0.0,0.0,0,0,0.0,0.0,0,0,ftp-patator
21,9300900,9,15,101,188,21,0,11.22222222,8.786036902,34,0,12.53333333,14.54975045,31.07226182,2.580395446,404386.9565,1048618.23,3216947,3,6424105,803013.125,1478485.458,3260843,356,9300793,664342.3571,1294177.96,3216947,3,0,0,0,0,296,488,0.967648292,1.612747154,0,34,11.56,12.46688948,155.4233333,0,0,0,1,0,0,0,0,1,12.04166667,11.22222222,12.53333333,296,0,0,0,0,0,0,9,101,15,188,29200,227,6,32,0.0,0.0,0,0,0.0,0.0,0,0,ftp-patator
21,228,2,1,14,0,14,0,7.0,9.899494937,0,0,0.0,0.0,61403.50877,13157.89474,114.0,69.29646456,163,65,228,228.0,0.0,228,228,0,0.0,0.0,0,0,1,0,0,0,64,20,8771.929825,4385.964912,0,14,7.0,8.082903769,65.33333333,0,1,0,0,1,0,0,0,0,9.333333333,7.0,0.0,64,0,0,0,0,0,0,2,14,1,0,229,0,0,32,0.0,0.0,0,0,0.0,0.0,0,0,ftp-patator
21,48,2,0,14,0,14,0,7.0,9.899494937,0,0,0.0,0.0,291666.6667,41666.66667,48.0,0.0,48,48,48,48.0,0.0,48,48,0,0.0,0.0,0,0,1,0,0,0,64,0,41666.66667,0.0,0,14,9.333333333,8.082903769,65.33333333,0,1,0,0,1,0,0,0,0,14.0,7.0,0.0,64,0,0,0,0,0,0,2,14,0,0,229,-1,0,32,0.0,0.0,0,0,0.0,0.0,0,0,ftp-patator
21,8451691,9,15,123,188,32,0,13.66666667,12.10371844,34,0,12.53333333,14.54975045,36.7973699,2.839668417,367464.8261,963154.5488,3299590,3,5759963,719995.375,1354375.751,3342840,230,8451538,603681.2857,1190103.354,3299590,3,0,0,0,0,296,488,1.064875656,1.77479276,0,34,12.44,13.39178853,179.34,0,0,0,1,0,0,0,0,1,12.95833333,13.66666667,12.53333333,296,0,0,0,0,0,0,9,123,15,188,29200,227,6,32,0.0,0.0,0,0,0.0,0.0,0,0,ftp-patator
21,9634761,9,15,104,188,24,0,11.55555556,9.261629326,34,0,12.53333333,14.54975045,30.30692718,2.490980316,418902.6522,1090363.371,3356322,3,6236174,779521.75,1443212.178,3244028,3,9634636,688188.2857,1346258.552,3356322,3,0,0,0,0,296,488,0.934117618,1.556862697,0,34,11.68,12.57881817,158.2266667,0,0,0,1,0,0,0,0,1,12.16666667,11.55555556,12.53333333,296,0,0,0,0,0,0,9,104,15,188,29200,227,6,32,0.0,0.0,0,0,0.0,0.0,0,0,ftp-patator
21,10376517,9,15,104,188,22,0,11.55555556,9.153020145,34,0,12.53333333,14.54975045,28.1404637,2.312914825,451152.913,1173611.632,3512313,3,6861812,857726.5,1587811.432,3555736,3,10400000,741173.8571,1448947.49,3512313,3,0,0,0,0,296,488,0.867343059,1.445571766,0,34,11.68,12.55229063,157.56,0,0,0,1,0,0,0,0,1,12.16666667,11.55555556,12.53333333,296,0,0,0,0,0,0,9,104,15,188,29200,227,6,32,0.0,0.0,0,0,0.0,0.0,0,0,ftp-patator
21,50,2,0,14,0,14,0,7.0,9.899494937,0,0,0.0,0.0,280000.0,40000.0,50.0,0.0,50,50,50,50.0,0.0,50,50,0,0.0,0.0,0,0,1,0,0,0,64,0,40000.0,0.0,0,14,9.333333333,8.082903769,65.33333333,0,1,0,0,1,0,0,0,0,14.0,7.0,0.0,64,0,0,0,0,0,0,2,14,0,0,229,-1,0,32,0.0,0.0,0,0,0.0,0.0,0,0,ftp-patator
21,251,2,1,14,0,14,0,7.0,9.899494937,0,0,0.0,0.0,55776.89243,11952.19124,125.5,51.61879503,162,89,251,251.0,0.0,251,251,0,0.0,0.0,0,0,1,0,0,0,64,20,7968.12749,3984.063745,0,14,7.0,8.082903769,65.33333333,0,1,0,0,1,0,0,0,0,9.333333333,7.0,0.0,64,0,0,0,0,0,0,2,14,1,0,229,0,0,32,0.0,0.0,0,0,0.0,0.0,0,0,ftp-patator
21,191,2,2,14,0,14,0,7.0,9.899494937,0,0,0.0,0.0,73298.42932,20942.40838,63.66666667,28.58904219,95,39,191,191.0,0.0,191,191,39,39.0,0.0,39,39,1,0,0,0,64,40,10471.20419,10471.20419,0,14,5.6,7.668115805,58.8,0,1,0,0,1,0,0,0,1,7.0,7.0,0.0,64,0,0,0,0,0,0,2,14,2,0,229,0,0,32,0.0,0.0,0,0,0.0,0.0,0,0,ftp-patator
21,244,2,1,14,0,14,0,7.0,9.899494937,0,0,0.0,0.0,57377.04918,12295.08197,122.0,46.66904756,155,89,244,244.0,0.0,244,244,0,0.0,0.0,0,0,1,0,0,0,64,20,8196.721311,4098.360656,0,14,7.0,8.082903769,65.33333333,0,1,0,0,1,0,0,0,0,9.333333333,7.0,0.0,64,0,0,0,0,0,0,2,14,1,0,229,0,0,32,0.0,0.0,0,0,0.0,0.0,0,0,ftp-patator
21,49,2,0,14,0,14,0,7.0,9.899494937,0,0,0.0,0.0,285714.2857,40816.32653,49.0,0.0,49,49,49,49.0,0.0,49,49,0,0.0,0.0,0,0,1,0,0,0,64,0,40816.32653,0.0,0,14,9.333333333,8.082903769,65.33333333,0,1,0,0,1,0,0,0,0,14.0,7.0,0.0,64,0,0,0,0,0,0,2,14,0,0,229,-1,0,32,0.0,0.0,0,0,0.0,0.0,0,0,ftp-patator
21,8917294,9,15,110,188,27,0,12.22222222,10.08436634,34,0,12.53333333,14.54975045,33.4182096,2.691399431,387708.4348,1009959.564,3248677,3,5626665,703333.125,1302222.375,2933262,3,8917231,636945.0714,1247091.763,3248677,3,0,0,0,0,296,488,1.009274787,1.682124645,0,34,11.92,12.78970941,163.5766667,0,0,0,1,0,0,0,0,1,12.41666667,12.22222222,12.53333333,296,0,0,0,0,0,0,9,110,15,188,29200,227,6,32,0.0,0.0,0,0,0.0,0.0,0,0,ftp-patator
21,251,2,1,14,0,14,0,7.0,9.899494937,0,0,0.0,0.0,55776.89243,11952.19124,125.5,96.87362902,194,57,251,251.0,0.0,251,251,0,0.0,0.0,0,0,1,0,0,0,64,20,7968.12749,3984.063745,0,14,7.0,8.082903769,65.33333333,0,1,0,0,1,0,0,0,0,9.333333333,7.0,0.0,64,0,0,0,0,0,0,2,14,1,0,229,0,0,32,0.0,0.0,0,0,0.0,0.0,0,0,ftp-patator
21,245,2,1,14,0,14,0,7.0,9.899494937,0,0,0.0,0.0,57142.85714,12244.89796,122.5,50.20458146,158,87,245,245.0,0.0,245,245,0,0.0,0.0,0,0,1,0,0,0,64,20,8163.265306,4081.632653,0,14,7.0,8.082903769,65.33333333,0,1,0,0,1,0,0,0,0,9.333333333,7.0,0.0,64,0,0,0,0,0,0,2,14,1,0,229,0,0,32,0.0,0.0,0,0,0.0,0.0,0,0,ftp-patator
21,8102670,9,15,103,188,26,0,11.44444444,9.342257638,34,0,12.53333333,14.54975045,35.91408758,2.961986604,352290.0,918103.8629,3018399,3,5041231,630153.875,1167431.716,2658202,3,8102585,578756.0714,1133725.722,3018399,3,0,0,0,0,296,488,1.110744977,1.851241628,0,34,11.64,12.59920632,158.74,0,0,0,1,0,0,0,0,1,12.125,11.44444444,12.53333333,296,0,0,0,0,0,0,9,103,15,188,29200,227,6,32,0.0,0.0,0,0,0.0,0.0,0,0,ftp-patator
21,273,2,1,14,0,14,0,7.0,9.899494937,0,0,0.0,0.0,51282.05128,10989.01099,136.5,70.00357134,186,87,273,273.0,0.0,273,273,0,0.0,0.0,0,0,1,0,0,0,64,20,7326.007326,3663.003663,0,14,7.0,8.082903769,65.33333333,0,1,0,0,1,0,0,0,0,9.333333333,7.0,0.0,64,0,0,0,0,0,0,2,14,1,0,229,0,0,32,0.0,0.0,0,0,0.0,0.0,0,0,ftp-patator
21,8907884,9,15,104,188,22,0,11.55555556,9.153020145,34,0,12.53333333,14.54975045,32.77995088,2.694242538,387299.3043,1007706.023,3224004,3,5640015,705001.875,1303635.328,2857381,3,8907764,636268.8571,1244149.737,3224004,3,0,0,0,0,296,488,1.010340952,1.683901587,0,34,11.68,12.55229063,157.56,0,0,0,1,0,0,0,0,1,12.16666667,11.55555556,12.53333333,296,0,0,0,0,0,0,9,104,15,188,29200,227,6,32,0.0,0.0,0,0,0.0,0.0,0,0,ftp-patator
21,9011291,9,15,110,188,26,0,12.22222222,10.02219759,34,0,12.53333333,14.54975045,33.06962343,2.663325377,391795.2609,1022011.752,3324625,4,5644567,705570.875,1306680.57,2956008,16,9011205,643657.5,1262164.956,3324625,4,0,0,0,0,296,488,0.998747016,1.664578361,0,34,11.92,12.77340988,163.16,0,0,0,1,0,0,0,0,1,12.41666667,12.22222222,12.53333333,296,0,0,0,0,0,0,9,110,15,188,29200,227,6,32,0.0,0.0,0,0,0.0,0.0,0,0,ftp-patator
21,8386861,9,15,105,188,25,0,11.66666667,9.433981132,34,0,12.53333333,14.54975045,34.93559748,2.861618906,364646.1304,959482.3331,3400711,1,5785238,723154.75,1367853.817,3445100,3,8386771,599055.0714,1186060.121,3400711,1,0,0,0,0,296,488,1.07310709,1.788511816,0,34,11.72,12.62114628,159.2933333,0,0,0,1,0,0,0,0,1,12.20833333,11.66666667,12.53333333,296,0,0,0,0,0,0,9,105,15,188,29200,227,6,32,0.0,0.0,0,0,0.0,0.0,0,0,ftp-patator
21,9576881,9,15,103,188,22,0,11.44444444,9.070709883,34,0,12.53333333,14.54975045,30.38567567,2.506035107,416386.1304,1077364.4,3295713,2,6290930,786366.25,1443198.616,3338671,322,9576820,684058.5714,1329328.388,3295713,2,0,0,0,0,296,488,0.939763165,1.566271942,0,34,11.64,12.53289006,157.0733333,0,0,0,1,0,0,0,0,1,12.125,11.44444444,12.53333333,296,0,0,0,0,0,0,9,103,15,188,29200,227,6,32,0.0,0.0,0,0,0.0,0.0,0,0,ftp-patator
21,4,2,0,14,0,14,0,7.0,9.899494937,0,0,0.0,0.0,3500000.0,500000.0,4.0,0.0,4,4,4,4.0,0.0,4,4,0,0.0,0.0,0,0,1,0,0,0,64,0,500000.0,0.0,0,14,9.333333333,8.082903769,65.33333333,0,1,0,0,1,0,0,0,0,14.0,7.0,0.0,64,0,0,0,0,0,0,2,14,0,0,229,-1,0,32,0.0,0.0,0,0,0.0,0.0,0,0,ftp-patator
21,9500973,9,15,107,188,23,0,11.88888889,9.545214042,34,0,12.53333333,14.54975045,31.04945146,2.526057068,413085.7826,1074897.124,3310215,29,6148430,768553.75,1422915.11,3199668,222,9500897,678635.5,1327116.204,3310215,49,0,0,0,0,296,488,0.947271401,1.578785668,0,34,11.8,12.64911064,160.0,0,0,0,1,0,0,0,0,1,12.29166667,11.88888889,12.53333333,296,0,0,0,0,0,0,9,107,15,188,29200,227,6,32,0.0,0.0,0,0,0.0,0.0,0,0,ftp-patator
21,230,2,1,14,0,14,0,7.0,9.899494937,0,0,0.0,0.0,60869.56522,13043.47826,115.0,4.242640687,118,112,230,230.0,0.0,230,230,0,0.0,0.0,0,0,1,0,0,0,64,20,8695.652174,4347.826087,0,14,7.0,8.082903769,65.33333333,0,1,0,0,1,0,0,0,0,9.333333333,7.0,0.0,64,0,0,0,0,0,0,2,14,1,0,229,0,0,32,0.0,0.0,0,0,0.0,0.0,0,0,ftp-patator
21,8857273,9,15,102,188,25,0,11.33333333,9.151502609,34,0,12.53333333,14.54975045,32.7414544,2.709637605,385098.8261,1001322.811,3207004,3,5608171,701021.375,1294453.124,2835502,46,8857217,632658.3571,1236176.869,3207004,3,0,0,0,0,296,488,1.016114102,1.693523503,0,34,11.6,12.55322004,157.5833333,0,0,0,1,0,0,0,0,1,12.08333333,11.33333333,12.53333333,296,0,0,0,0,0,0,9,102,15,188,29200,227,6,32,0.0,0.0,0,0,0.0,0.0,0,0,ftp-patator
21,1,2,0,14,0,14,0,7.0,9.899494937,0,0,0.0,0.0,14000000.0,2000000.0,1.0,0.0,1,1,1,1.0,0.0,1,1,0,0.0,0.0,0,0,1,0,0,0,64,0,2000000.0,0.0,0,14,9.333333333,8.082903769,65.33333333,0,1,0,0,1,0,0,0,0,14.0,7.0,0.0,64,0,0,0,0,0,0,2,14,0,0,229,-1,0,32,0.0,0.0,0,0,0.0,0.0,0,0,ftp-patator
21,205,2,1,14,0,14,0,7.0,9.899494937,0,0,0.0,0.0,68292.68293,14634.14634,102.5,70.00357134,152,53,205,205.0,0.0,205,205,0,0.0,0.0,0,0,1,0,0,0,64,20,9756.097561,4878.04878,0,14,7.0,8.082903769,65.33333333,0,1,0,0,1,0,0,0,0,9.333333333,7.0,0.0,64,0,0,0,0,0,0,2,14,1,0,229,0,0,32,0.0,0.0,0,0,0.0,0.0,0,0,ftp-patator
21,9778576,9,15,108,188,30,0,12.0,10.29563014,34,0,12.53333333,14.54975045,30.27025612,2.454345091,425155.4783,1109344.917,3593297,3,6835104,854388.0,1584751.79,3641504,226,9778453,698460.9286,1370062.148,3593297,3,0,0,0,0,296,488,0.920379409,1.533965682,0,34,11.84,12.84419454,164.9733333,0,0,0,1,0,0,0,0,1,12.33333333,12.0,12.53333333,296,0,0,0,0,0,0,9,108,15,188,29200,227,6,32,0.0,0.0,0,0,0.0,0.0,0,0,ftp-patator
21,268,2,1,14,0,14,0,7.0,9.899494937,0,0,0.0,0.0,52238.80597,11194.02985,134.0,67.88225099,182,86,268,268.0,0.0,268,268,0,0.0,0.0,0,0,1,0,0,0,64,20,7462.686567,3731.343284,0,14,7.0,8.082903769,65.33333333,0,1,0,0,1,0,0,0,0,9.333333333,7.0,0.0,64,0,0,0,0,0,0,2,14,1,0,229,0,0,32,0.0,0.0,0,0,0.0,0.0,0,0,ftp-patator
21,9079364,9,15,108,188,23,0,12.0,9.656603958,34,0,12.53333333,14.54975045,32.60140248,2.643356958,394754.9565,1033489.704,3532699,3,5955930,744491.25,1395986.227,3573872,3,9079258,648518.4286,1276851.327,3532699,3,0,0,0,0,296,488,0.991258859,1.652098099,0,34,11.84,12.67767066,160.7233333,0,0,0,1,0,0,0,0,1,12.33333333,12.0,12.53333333,296,0,0,0,0,0,0,9,108,15,188,29200,227,6,32,0.0,0.0,0,0,0.0,0.0,0,0,ftp-patator
21,210,2,1,14,0,14,0,7.0,9.899494937,0,0,0.0,0.0,66666.66667,14285.71429,105.0,35.35533906,130,80,210,210.0,0.0,210,210,0,0.0,0.0,0,0,1,0,0,0,64,20,9523.809524,4761.904762,0,14,7.0,8.082903769,65.33333333,0,1,0,0,1,0,0,0,0,9.333333333,7.0,0.0,64,0,0,0,0,0,0,2,14,1,0,229,0,0,32,0.0,0.0,0,0,0.0,0.0,0,0,ftp-patator
21,9294948,9,15,111,188,24,0,12.33333333,10.04987562,34,0,12.53333333,14.54975045,32.16801213,2.582047796,404128.1739,1051384.133,3328057,3,6292132,786516.5,1459525.843,3370159,4,9294830,663916.4286,1298060.699,3328057,3,0,0,0,0,296,488,0.968267924,1.613779873,0,34,11.96,12.78175783,163.3733333,0,0,0,1,0,0,0,0,1,12.45833333,12.33333333,12.53333333,296,0,0,0,0,0,0,9,111,15,188,29200,227,6,32,0.0,0.0,0,0,0.0,0.0,0,0,ftp-patator
21,237,2,1,14,0,14,0,7.0,9.899494937,0,0,0.0,0.0,59071.72996,12658.22785,118.5,48.7903679,153,84,237,237.0,0.0,237,237,0,0.0,0.0,0,0,1,0,0,0,64,20,8438.818565,4219.409283,0,14,7.0,8.082903769,65.33333333,0,1,0,0,1,0,0,0,0,9.333333333,7.0,0.0,64,0,0,0,0,0,0,2,14,1,0,229,0,0,32,0.0,0.0,0,0,0.0,0.0,0,0,ftp-patator
21,9453858,9,15,101,188,20,0,11.22222222,8.771798245,34,0,12.53333333,14.54975045,30.56953045,2.538646127,411037.3043,1078658.401,3711739,3,6738785,842348.125,1570508.057,3756101,212,9453776,675269.7143,1332992.134,3711739,3,0,0,0,0,296,488,0.951992298,1.58665383,0,34,11.56,12.46354685,155.34,0,0,0,1,0,0,0,0,1,12.04166667,11.22222222,12.53333333,296,0,0,0,0,0,0,9,101,15,188,29200,227,6,32,0.0,0.0,0,0,0.0,0.0,0,0,ftp-patator
21,10086713,9,15,110,188,23,0,12.22222222,9.909310997,34,0,12.53333333,14.54975045,29.5438167,2.379367788,438552.7391,1140134.094,3529225,3,6899048,862381.0,1593478.629,3573934,4,10100000,720470.6429,1407523.045,3529225,3,0,0,0,0,296,488,0.892262921,1.487104868,0,34,11.92,12.7440182,162.41,0,0,0,1,0,0,0,0,1,12.41666667,12.22222222,12.53333333,296,0,0,0,0,0,0,9,110,15,188,29200,227,6,32,0.0,0.0,0,0,0.0,0.0,0,0,ftp-patator
21,251,2,1,14,0,14,0,7.0,9.899494937,0,0,0.0,0.0,55776.89243,11952.19124,125.5,62.93250353,170,81,251,251.0,0.0,251,251,0,0.0,0.0,0,0,1,0,0,0,64,20,7968.12749,3984.063745,0,14,7.0,8.082903769,65.33333333,0,1,0,0,1,0,0,0,0,9.333333333,7.0,0.0,64,0,0,0,0,0,0,2,14,1,0,229,0,0,32,0.0,0.0,0,0,0.0,0.0,0,0,ftp-patator
21,9643510,9,15,97,188,20,0,10.77777778,8.333333333,34,0,12.53333333,14.54975045,29.55355467,2.488720393,419283.0435,1070540.367,3285842,3,6427145,803393.125,1440798.821,3328880,3,9643484,688820.2857,1318926.497,3285842,4,0,0,0,0,296,488,0.933270147,1.555450246,0,34,11.4,12.36931688,153.0,0,0,0,1,0,0,0,0,1,11.875,10.77777778,12.53333333,296,0,0,0,0,0,0,9,97,15,188,29200,227,6,32,0.0,0.0,0,0,0.0,0.0,0,0,ftp-patator
21,234,2,1,14,0,14,0,7.0,9.899494937,0,0,0.0,0.0,59829.05983,12820.51282,117.0,39.59797975,145,89,234,234.0,0.0,234,234,0,0.0,0.0,0,0,1,0,0,0,64,20,8547.008547,4273.504274,0,14,7.0,8.082903769,65.33333333,0,1,0,0,1,0,0,0,0,9.333333333,7.0,0.0,64,0,0,0,0,0,0,2,14,1,0,229,0,0,32,0.0,0.0,0,0,0.0,0.0,0,0,ftp-patator
21,8961244,9,15,116,188,28,0,12.88888889,10.85638573,34,0,12.53333333,14.54975045,33.92386146,2.678199589,389619.3043,1000650.048,3008682,3,5910592,738824.0,1342096.8,3037944,3,8961125,640080.3571,1233646.613,3008682,4,0,0,0,0,296,488,1.004324846,1.673874743,0,34,12.16,13.00858691,169.2233333,0,0,0,1,0,0,0,0,1,12.66666667,12.88888889,12.53333333,296,0,0,0,0,0,0,9,116,15,188,29200,227,6,32,0.0,0.0,0,0,0.0,0.0,0,0,ftp-patator
21,237,2,1,14,0,14,0,7.0,9.899494937,0,0,0.0,0.0,59071.72996,12658.22785,118.5,33.23401872,142,95,237,237.0,0.0,237,237,0,0.0,0.0,0,0,1,0,0,0,64,20,8438.818565,4219.409283,0,14,7.0,8.082903769,65.33333333,0,1,0,0,1,0,0,0,0,9.333333333,7.0,0.0,64,0,0,0,0,0,0,2,14,1,0,229,0,0,32,0.0,0.0,0,0,0.0,0.0,0,0,ftp-patator
21,8214726,9,15,106,188,24,0,11.77777778,9.510228412,34,0,12.53333333,14.54975045,35.78938604,2.921582534,357162.0,929335.6054,3217184,1,5798353,724794.125,1341056.425,3260769,3,8214598,586757.0,1147400.582,3217184,1,0,0,0,0,296,488,1.09559345,1.825989084,0,34,11.76,12.64014768,159.7733333,0,0,0,1,0,0,0,0,1,12.25,11.77777778,12.53333333,296,0,0,0,0,0,0,9,106,15,188,29200,227,6,32,0.0,0.0,0,0,0.0,0.0,0,0,ftp-patator
21,204,2,1,14,0,14,0,7.0,9.899494937,0,0,0.0,0.0,68627.45098,14705.88235,102.0,29.69848481,123,81,204,204.0,0.0,204,204,0,0.0,0.0,0,0,1,0,0,0,64,20,9803.921569,4901.960784,0,14,7.0,8.082903769,65.33333333,0,1,0,0,1,0,0,0,0,9.333333333,7.0,0.0,64,0,0,0,0,0,0,2,14,1,0,229,0,0,32,0.0,0.0,0,0,0.0,0.0,0,0,ftp-patator
21,1,2,0,14,0,14,0,7.0,9.899494937,0,0,0.0,0.0,14000000.0,2000000.0,1.0,0.0,1,1,1,1.0,0.0,1,1,0,0.0,0.0,0,0,1,0,0,0,64,0,2000000.0,0.0,0,14,9.333333333,8.082903769,65.33333333,0,1,0,0,1,0,0,0,0,14.0,7.0,0.0,64,0,0,0,0,0,0,2,14,0,0,229,-1,0,32,0.0,0.0,0,0,0.0,0.0,0,0,ftp-patator
21,49,2,0,14,0,14,0,7.0,9.899494937,0,0,0.0,0.0,285714.2857,40816.32653,49.0,0.0,49,49,49,49.0,0.0,49,49,0,0.0,0.0,0,0,1,0,0,0,64,0,40816.32653,0.0,0,14,9.333333333,8.082903769,65.33333333,0,1,0,0,1,0,0,0,0,14.0,7.0,0.0,64,0,0,0,0,0,0,2,14,0,0,229,-1,0,32,0.0,0.0,0,0,0.0,0.0,0,0,ftp-patator
21,8308576,9,15,96,188,19,0,10.66666667,8.200609733,34,0,12.53333333,14.54975045,34.18154928,2.888581629,361242.4348,934114.9445,2911407,1,5674097,709262.125,1307039.084,2955497,1,8308415,593458.2143,1152506.151,2911407,3,0,0,0,0,296,488,1.083218111,1.805363518,0,34,11.36,12.34193394,152.3233333,0,0,0,1,0,0,0,0,1,11.83333333,10.66666667,12.53333333,296,0,0,0,0,0,0,9,96,15,188,29200,227,6,32,0.0,0.0,0,0,0.0,0.0,0,0,ftp-patator
21,275,2,1,14,0,14,0,7.0,9.899494937,0,0,0.0,0.0,50909.09091,10909.09091,137.5,147.7853173,242,33,275,275.0,0.0,275,275,0,0.0,0.0,0,0,1,0,0,0,64,20,7272.727273,3636.363636,0,14,7.0,8.082903769,65.33333333,0,1,0,0,1,0,0,0,0,9.333333333,7.0,0.0,64,0,0,0,0,0,0,2,14,1,0,229,0,0,32,0.0,0.0,0,0,0.0,0.0,0,0,ftp-patator
21,233,2,1,14,0,14,0,7.0,9.899494937,0,0,0.0,0.0,60085.83691,12875.53648,116.5,45.96194078,149,84,233,233.0,0.0,233,233,0,0.0,0.0,0,0,1,0,0,0,64,20,8583.690987,4291.845494,0,14,7.0,8.082903769,65.33333333,0,1,0,0,1,0,0,0,0,9.333333333,7.0,0.0,64,0,0,0,0,0,0,2,14,1,0,229,0,0,32,0.0,0.0,0,0,0.0,0.0,0,0,ftp-patator
21,9038716,9,15,112,188,26,0,12.44444444,10.24830609,34,0,12.53333333,14.54975045,33.19055494,2.655244395,392987.6522,1024603.551,3321591,3,6128458,766057.25,1425950.535,3365244,3,9038625,645616.0714,1265295.42,3321591,45,0,0,0,0,296,488,0.995716648,1.659527747,0,34,12.0,12.83549765,164.75,0,0,0,1,0,0,0,0,1,12.5,12.44444444,12.53333333,296,0,0,0,0,0,0,9,112,15,188,29200,227,6,32,0.0,0.0,0,0,0.0,0.0,0,0,ftp-patator
21,9656984,9,15,104,188,26,0,11.55555556,9.475113602,34,0,12.53333333,14.54975045,30.23718378,2.485247982,419868.8696,1076804.041,3422687,3,6191248,773906.0,1392488.787,3063304,3,9656920,689780.0,1327316.745,3422687,3,0,0,0,0,296,488,0.931967993,1.553279989,0,34,11.68,12.63170614,159.56,0,0,0,1,0,0,0,0,1,12.16666667,11.55555556,12.53333333,296,0,0,0,0,0,0,9,104,15,188,29200,227,6,32,0.0,0.0,0,0,0.0,0.0,0,0,ftp-patator
21,8809219,9,15,105,188,28,0,11.66666667,9.746794345,34,0,12.53333333,14.54975045,33.26061028,2.724418589,383009.5217,998950.519,3142651,3,5620985,702623.125,1309170.177,3108730,225,8809125,629223.2143,1233665.829,3142651,3,0,0,0,0,296,488,1.021656971,1.702761618,0,34,11.72,12.70013123,161.2933333,0,0,0,1,0,0,0,0,1,12.20833333,11.66666667,12.53333333,296,0,0,0,0,0,0,9,105,15,188,29200,227,6,32,0.0,0.0,0,0,0.0,0.0,0,0,ftp-patator
21,8925489,9,15,108,188,24,0,12.0,9.733961167,34,0,12.53333333,14.54975045,33.16344908,2.688928304,388064.7391,1002836.04,3292727,3,5852177,731522.125,1341202.691,3334207,3,8925396,637528.2857,1237204.962,3292727,42,0,0,0,0,296,488,1.008348114,1.68058019,0,34,11.84,12.69737506,161.2233333,0,0,0,1,0,0,0,0,1,12.33333333,12.0,12.53333333,296,0,0,0,0,0,0,9,108,15,188,29200,227,6,32,0.0,0.0,0,0,0.0,0.0,0,0,ftp-patator
21,229,2,1,14,0,14,0,7.0,9.899494937,0,0,0.0,0.0,61135.37118,13100.43668,114.5,51.61879503,151,78,229,229.0,0.0,229,229,0,0.0,0.0,0,0,1,0,0,0,64,20,8733.624454,4366.812227,0,14,7.0,8.082903769,65.33333333,0,1,0,0,1,0,0,0,0,9.333333333,7.0,0.0,64,0,0,0,0,0,0,2,14,1,0,229,0,0,32,0.0,0.0,0,0,0.0,0.0,0,0,ftp-patator
21,4,2,0,14,0,14,0,7.0,9.899494937,0,0,0.0,0.0,3500000.0,500000.0,4.0,0.0,4,4,4,4.0,0.0,4,4,0,0.0,0.0,0,0,1,0,0,0,64,0,500000.0,0.0,0,14,9.333333333,8.082903769,65.33333333,0,1,0,0,1,0,0,0,0,14.0,7.0,0.0,64,0,0,0,0,0,0,2,14,0,0,229,-1,0,32,0.0,0.0,0,0,0.0,0.0,0,0,ftp-patator
21,250,2,1,14,0,14,0,7.0,9.899494937,0,0,0.0,0.0,56000.0,12000.0,125.0,93.33809512,191,59,250,250.0,0.0,250,250,0,0.0,0.0,0,0,1,0,0,0,64,20,8000.0,4000.0,0,14,7.0,8.082903769,65.33333333,0,1,0,0,1,0,0,0,0,9.333333333,7.0,0.0,64,0,0,0,0,0,0,2,14,1,0,229,0,0,32,0.0,0.0,0,0,0.0,0.0,0,0,ftp-patator
21,309,2,1,14,0,14,0,7.0,9.899494937,0,0,0.0,0.0,45307.44337,9708.737864,154.5,65.76093065,201,108,309,309.0,0.0,309,309,0,0.0,0.0,0,0,1,0,0,0,64,20,6472.491909,3236.245955,0,14,7.0,8.082903769,65.33333333,0,1,0,0,1,0,0,0,0,9.333333333,7.0,0.0,64,0,0,0,0,0,0,2,14,1,0,229,0,0,32,0.0,0.0,0,0,0.0,0.0,0,0,ftp-patator
21,212,2,1,14,0,14,0,7.0,9.899494937,0,0,0.0,0.0,66037.73585,14150.9434,106.0,121.6223664,192,20,212,212.0,0.0,212,212,0,0.0,0.0,0,0,1,0,0,0,64,20,9433.962264,4716.981132,0,14,7.0,8.082903769,65.33333333,0,1,0,0,1,0,0,0,0,9.333333333,7.0,0.0,64,0,0,0,0,0,0,2,14,1,0,229,0,0,32,0.0,0.0,0,0,0.0,0.0,0,0,ftp-patator
21,9760848,9,15,112,188,27,0,12.44444444,10.36956015,34,0,12.53333333,14.54975045,30.7350345,2.45880276,424384.6957,1103296.565,3351417,3,6542704,817838.0,1513834.365,3395378,48,9760721,697194.3571,1362046.456,3351417,3,0,0,0,0,296,488,0.922051035,1.536751725,0,34,12.0,12.86791876,165.5833333,0,0,0,1,0,0,0,0,1,12.5,12.44444444,12.53333333,296,0,0,0,0,0,0,9,112,15,188,29200,227,6,32,0.0,0.0,0,0,0.0,0.0,0,0,ftp-patator
21,8939762,9,15,111,188,24,0,12.33333333,10.04987562,34,0,12.53333333,14.54975045,33.44608056,2.684635229,388685.3043,1012929.948,3345580,3,5552419,694052.375,1280856.274,2895226,309,8939639,638545.6429,1250820.119,3345580,3,0,0,0,0,296,488,1.006738211,1.677897018,0,34,11.96,12.78175783,163.3733333,0,0,0,1,0,0,0,0,1,12.45833333,12.33333333,12.53333333,296,0,0,0,0,0,0,9,111,15,188,29200,227,6,32,0.0,0.0,0,0,0.0,0.0,0,0,ftp-patator
21,9059489,9,15,108,188,23,0,12.0,9.682458366,34,0,12.53333333,14.54975045,32.67292449,2.64915604,393890.8261,1022238.579,3156936,3,5857300,732162.5,1352223.791,3049042,174,9059366,647097.5714,1261737.254,3156936,3,0,0,0,0,296,488,0.993433515,1.655722525,0,34,11.84,12.68424219,160.89,0,0,0,1,0,0,0,0,1,12.33333333,12.0,12.53333333,296,0,0,0,0,0,0,9,108,15,188,29200,227,6,32,0.0,0.0,0,0,0.0,0.0,0,0,ftp-patator
21,8820981,9,15,104,188,23,0,11.55555556,9.193898943,34,0,12.53333333,14.54975045,33.10289411,2.720785817,383520.913,980411.3579,2886762,3,5894153,736769.125,1327522.046,2900720,19,8820942,630067.2857,1208053.202,2886762,3,0,0,0,0,296,488,1.020294682,1.700491136,0,34,11.68,12.56224502,157.81,0,0,0,1,0,0,0,0,1,12.16666667,11.55555556,12.53333333,296,0,0,0,0,0,0,9,104,15,188,29200,227,6,32,0.0,0.0,0,0,0.0,0.0,0,0,ftp-patator
21,4,2,0,14,0,14,0,7.0,9.899494937,0,0,0.0,0.0,3500000.0,500000.0,4.0,0.0,4,4,4,4.0,0.0,4,4,0,0.0,0.0,0,0,1,0,0,0,64,0,500000.0,0.0,0,14,9.333333333,8.082903769,65.33333333,0,1,0,0,1,0,0,0,0,14.0,7.0,0.0,64,0,0,0,0,0,0,2,14,0,0,229,-1,0,32,0.0,0.0,0,0,0.0,0.0,0,0,ftp-patator
21,218,2,1,14,0,14,0,7.0,9.899494937,0,0,0.0,0.0,64220.18349,13761.46789,109.0,82.02438662,167,51,218,218.0,0.0,218,218,0,0.0,0.0,0,0,1,0,0,0,64,20,9174.311927,4587.155963,0,14,7.0,8.082903769,65.33333333,0,1,0,0,1,0,0,0,0,9.333333333,7.0,0.0,64,0,0,0,0,0,0,2,14,1,0,229,0,0,32,0.0,0.0,0,0,0.0,0.0,0,0,ftp-patator
21,9105240,9,15,114,188,26,0,12.66666667,10.47616342,34,0,12.53333333,14.54975045,33.16771441,2.635844854,395880.0,1029382.662,3175090,0,5887293,735911.625,1362284.241,3062730,1,9105049,650360.6429,1270826.859,3175090,0,0,0,0,0,296,488,0.98844182,1.647403034,0,34,12.08,12.9,166.41,0,0,0,1,0,0,0,0,1,12.58333333,12.66666667,12.53333333,296,0,0,0,0,0,0,9,114,15,188,29200,227,6,32,0.0,0.0,0,0,0.0,0.0,0,0,ftp-patator
21,1,2,0,14,0,14,0,7.0,9.899494937,0,0,0.0,0.0,14000000.0,2000000.0,1.0,0.0,1,1,1,1.0,0.0,1,1,0,0.0,0.0,0,0,1,0,0,0,64,0,2000000.0,0.0,0,14,9.333333333,8.082903769,65.33333333,0,1,0,0,1,0,0,0,0,14.0,7.0,0.0,64,0,0,0,0,0,0,2,14,0,0,229,-1,0,32,0.0,0.0,0,0,0.0,0.0,0,0,ftp-patator
21,8970988,9,15,110,188,24,0,12.22222222,9.934507761,34,0,12.53333333,14.54975045,33.2181918,2.675290615,390042.9565,1003572.324,3263435,3,5844569,730571.125,1328474.069,3306281,238,8970896,640778.2857,1237506.987,3263435,3,0,0,0,0,296,488,1.00323398,1.672056634,0,34,11.92,12.75055554,162.5766667,0,0,0,1,0,0,0,0,1,12.41666667,12.22222222,12.53333333,296,0,0,0,0,0,0,9,110,15,188,29200,227,6,32,0.0,0.0,0,0,0.0,0.0,0,0,ftp-patator
21,8893465,9,15,96,188,19,0,10.66666667,8.200609733,34,0,12.53333333,14.54975045,31.9335602,2.698610721,386672.3913,989320.9768,3027712,3,6006384,750798.0,1355949.791,3071465,4,8893338,635238.4286,1219154.891,3027712,3,0,0,0,0,296,488,1.011979021,1.686631701,0,34,11.36,12.34193394,152.3233333,0,0,0,1,0,0,0,0,1,11.83333333,10.66666667,12.53333333,296,0,0,0,0,0,0,9,96,15,188,29200,227,6,32,0.0,0.0,0,0,0.0,0.0,0,0,ftp-patator
21,8442108,9,15,104,188,23,0,11.55555556,9.355628134,34,0,12.53333333,14.54975045,34.58851747,2.842891846,367048.1739,952558.5255,2992352,2,5671070,708883.75,1313753.048,3035804,17,8442021,603001.5,1175727.649,2992352,2,0,0,0,0,296,488,1.066084442,1.776807404,0,34,11.68,12.60198397,158.81,0,0,0,1,0,0,0,0,1,12.16666667,11.55555556,12.53333333,296,0,0,0,0,0,0,9,104,15,188,29200,227,6,32,0.0,0.0,0,0,0.0,0.0,0,0,ftp-patator
21,3,2,0,14,0,14,0,7.0,9.899494937,0,0,0.0,0.0,4666666.667,666666.6667,3.0,0.0,3,3,3,3.0,0.0,3,3,0,0.0,0.0,0,0,1,0,0,0,64,0,666666.6667,0.0,0,14,9.333333333,8.082903769,65.33333333,0,1,0,0,1,0,0,0,0,14.0,7.0,0.0,64,0,0,0,0,0,0,2,14,0,0,229,-1,0,32,0.0,0.0,0,0,0.0,0.0,0,0,ftp-patator
21,9382085,9,15,104,188,23,0,11.55555556,9.193898943,34,0,12.53333333,14.54975045,31.12314587,2.558066784,407916.7391,1075336.828,3802037,3,6579969,822496.125,1548835.329,3846386,3,9381969,670140.6429,1329537.953,3802037,3,0,0,0,0,296,488,0.959275044,1.59879174,0,34,11.68,12.56224502,157.81,0,0,0,1,0,0,0,0,1,12.16666667,11.55555556,12.53333333,296,0,0,0,0,0,0,9,104,15,188,29200,227,6,32,0.0,0.0,0,0,0.0,0.0,0,0,ftp-patator
21,215,2,1,14,0,14,0,7.0,9.899494937,0,0,0.0,0.0,65116.27907,13953.48837,107.5,72.83199846,159,56,215,215.0,0.0,215,215,0,0.0,0.0,0,0,1,0,0,0,64,20,9302.325581,4651.162791,0,14,7.0,8.082903769,65.33333333,0,1,0,0,1,0,0,0,0,9.333333333,7.0,0.0,64,0,0,0,0,0,0,2,14,1,0,229,0,0,32,0.0,0.0,0,0,0.0,0.0,0,0,ftp-patator
21,8863970,9,15,98,188,20,0,10.88888889,8.491826135,34,0,12.53333333,14.54975045,32.26545216,2.707590391,385390.0,1009053.186,3362553,3,6399231,799903.875,1482710.105,3405567,3,8863879,633134.2143,1246668.158,3362553,3,0,0,0,0,296,488,1.015346397,1.692243995,0,34,11.44,12.40322539,153.84,0,0,0,1,0,0,0,0,1,11.91666667,10.88888889,12.53333333,296,0,0,0,0,0,0,9,98,15,188,29200,227,6,32,0.0,0.0,0,0,0.0,0.0,0,0,ftp-patator
21,249,2,1,14,0,14,0,7.0,9.899494937,0,0,0.0,0.0,56224.8996,12048.19277,124.5,54.44722215,163,86,249,249.0,0.0,249,249,0,0.0,0.0,0,0,1,0,0,0,64,20,8032.128514,4016.064257,0,14,7.0,8.082903769,65.33333333,0,1,0,0,1,0,0,0,0,9.333333333,7.0,0.0,64,0,0,0,0,0,0,2,14,1,0,229,0,0,32,0.0,0.0,0,0,0.0,0.0,0,0,ftp-patator
21,8792816,9,15,106,188,23,0,11.77777778,9.417772796,34,0,12.53333333,14.54975045,33.43638716,2.729500993,382296.3478,974586.0035,2952550,1,6044039,755504.875,1355172.641,2994553,48,8792720,628051.4286,1200495.393,2952550,1,0,0,0,0,296,488,1.023562872,1.70593812,0,34,11.76,12.61705195,159.19,0,0,0,1,0,0,0,0,1,12.25,11.77777778,12.53333333,296,0,0,0,0,0,0,9,106,15,188,29200,227,6,32,0.0,0.0,0,0,0.0,0.0,0,0,ftp-patator
21,9734588,9,15,114,188,29,0,12.66666667,10.6653645,34,0,12.53333333,14.54975045,31.02339822,2.46543562,423242.9565,1090694.111,3421908,3,6451971,806496.375,1470562.117,3468034,4,9734539,695324.2143,1345169.825,3421908,3,0,0,0,0,296,488,0.924538357,1.540897262,0,34,12.08,12.95157648,167.7433333,0,0,0,1,0,0,0,0,1,12.58333333,12.66666667,12.53333333,296,0,0,0,0,0,0,9,114,15,188,29200,227,6,32,0.0,0.0,0,0,0.0,0.0,0,0,ftp-patator
21,233,2,1,14,0,14,0,7.0,9.899494937,0,0,0.0,0.0,60085.83691,12875.53648,116.5,43.13351365,147,86,233,233.0,0.0,233,233,0,0.0,0.0,0,0,1,0,0,0,64,20,8583.690987,4291.845494,0,14,7.0,8.082903769,65.33333333,0,1,0,0,1,0,0,0,0,9.333333333,7.0,0.0,64,0,0,0,0,0,0,2,14,1,0,229,0,0,32,0.0,0.0,0,0,0.0,0.0,0,0,ftp-patator
21,192,2,1,14,0,14,0,7.0,9.899494937,0,0,0.0,0.0,72916.66667,15625.0,96.0,46.66904756,129,63,192,192.0,0.0,192,192,0,0.0,0.0,0,0,1,0,0,0,64,20,10416.66667,5208.333333,0,14,7.0,8.082903769,65.33333333,0,1,0,0,1,0,0,0,0,9.333333333,7.0,0.0,64,0,0,0,0,0,0,2,14,1,0,229,0,0,32,0.0,0.0,0,0,0.0,0.0,0,0,ftp-patator
21,8600774,9,15,116,188,26,0,12.88888889,10.77548658,34,0,12.53333333,14.54975045,35.3456561,2.790446534,373946.6957,970353.4462,2967204,3,5766906,720863.25,1334584.614,3008535,329,8600654,614332.4286,1197678.098,2967204,3,0,0,0,0,296,488,1.04641745,1.744029084,0,34,12.16,12.98614646,168.64,0,0,0,1,0,0,0,0,1,12.66666667,12.88888889,12.53333333,296,0,0,0,0,0,0,9,116,15,188,29200,227,6,32,0.0,0.0,0,0,0.0,0.0,0,0,ftp-patator
21,231,2,1,14,0,14,0,7.0,9.899494937,0,0,0.0,0.0,60606.06061,12987.01299,115.5,50.20458146,151,80,231,231.0,0.0,231,231,0,0.0,0.0,0,0,1,0,0,0,64,20,8658.008658,4329.004329,0,14,7.0,8.082903769,65.33333333,0,1,0,0,1,0,0,0,0,9.333333333,7.0,0.0,64,0,0,0,0,0,0,2,14,1,0,229,0,0,32,0.0,0.0,0,0,0.0,0.0,0,0,ftp-patator
21,204,2,1,14,0,14,0,7.0,9.899494937,0,0,0.0,0.0,68627.45098,14705.88235,102.0,31.11269837,124,80,204,204.0,0.0,204,204,0,0.0,0.0,0,0,1,0,0,0,64,20,9803.921569,4901.960784,0,14,7.0,8.082903769,65.33333333,0,1,0,0,1,0,0,0,0,9.333333333,7.0,0.0,64,0,0,0,0,0,0,2,14,1,0,229,0,0,32,0.0,0.0,0,0,0.0,0.0,0,0,ftp-patator
21,230,2,1,14,0,14,0,7.0,9.899494937,0,0,0.0,0.0,60869.56522,13043.47826,115.0,48.08326112,149,81,230,230.0,0.0,230,230,0,0.0,0.0,0,0,1,0,0,0,64,20,8695.652174,4347.826087,0,14,7.0,8.082903769,65.33333333,0,1,0,0,1,0,0,0,0,9.333333333,7.0,0.0,64,0,0,0,0,0,0,2,14,1,0,229,0,0,32,0.0,0.0,0,0,0.0,0.0,0,0,ftp-patator
21,207,2,1,14,0,14,0,7.0,9.899494937,0,0,0.0,0.0,67632.85024,14492.75362,103.5,41.71930009,133,74,207,207.0,0.0,207,207,0,0.0,0.0,0,0,1,0,0,0,64,20,9661.835749,4830.917874,0,14,7.0,8.082903769,65.33333333,0,1,0,0,1,0,0,0,0,9.333333333,7.0,0.0,64,0,0,0,0,0,0,2,14,1,0,229,0,0,32,0.0,0.0,0,0,0.0,0.0,0,0,ftp-patator
21,8449721,9,15,122,188,35,0,13.55555556,12.16666667,34,0,12.53333333,14.54975045,36.68760187,2.840330468,367379.1739,953597.1909,2960777,3,5763910,720488.75,1333938.236,3001980,257,8449573,603540.9286,1177036.047,2960777,3,0,0,0,0,296,488,1.065123925,1.775206542,0,35,12.4,13.40708768,179.75,0,0,0,1,0,0,0,0,1,12.91666667,13.55555556,12.53333333,296,0,0,0,0,0,0,9,122,15,188,29200,227,6,32,0.0,0.0,0,0,0.0,0.0,0,0,ftp-patator
21,231,2,1,14,0,14,0,7.0,9.899494937,0,0,0.0,0.0,60606.06061,12987.01299,115.5,41.71930009,145,86,231,231.0,0.0,231,231,0,0.0,0.0,0,0,1,0,0,0,64,20,8658.008658,4329.004329,0,14,7.0,8.082903769,65.33333333,0,1,0,0,1,0,0,0,0,9.333333333,7.0,0.0,64,0,0,0,0,0,0,2,14,1,0,229,0,0,32,0.0,0.0,0,0,0.0,0.0,0,0,ftp-patator
21,232,2,1,14,0,14,0,7.0,9.899494937,0,0,0.0,0.0,60344.82759,12931.03448,116.0,84.85281374,176,56,232,232.0,0.0,232,232,0,0.0,0.0,0,0,1,0,0,0,64,20,8620.689655,4310.344828,0,14,7.0,8.082903769,65.33333333,0,1,0,0,1,0,0,0,0,9.333333333,7.0,0.0,64,0,0,0,0,0,0,2,14,1,0,229,0,0,32,0.0,0.0,0,0,0.0,0.0,0,0,ftp-patator
21,9474930,9,15,106,188,26,0,11.77777778,9.718253158,34,0,12.53333333,14.54975045,31.02925299,2.533000244,411953.4783,1073717.511,3367811,3,6248065,781008.125,1452633.971,3410072,3,9474855,676775.3571,1325900.424,3367811,3,0,0,0,0,296,488,0.949875091,1.583125152,0,34,11.76,12.6927801,161.1066667,0,0,0,1,0,0,0,0,1,12.25,11.77777778,12.53333333,296,0,0,0,0,0,0,9,106,15,188,29200,227,6,32,0.0,0.0,0,0,0.0,0.0,0,0,ftp-patator
21,217,2,1,14,0,14,0,7.0,9.899494937,0,0,0.0,0.0,64516.12903,13824.88479,108.5,75.66042559,162,55,217,217.0,0.0,217,217,0,0.0,0.0,0,0,1,0,0,0,64,20,9216.589862,4608.294931,0,14,7.0,8.082903769,65.33333333,0,1,0,0,1,0,0,0,0,9.333333333,7.0,0.0,64,0,0,0,0,0,0,2,14,1,0,229,0,0,32,0.0,0.0,0,0,0.0,0.0,0,0,ftp-patator
21,209,2,1,14,0,14,0,7.0,9.899494937,0,0,0.0,0.0,66985.64593,14354.06699,104.5,64.34671709,150,59,209,209.0,0.0,209,209,0,0.0,0.0,0,0,1,0,0,0,64,20,9569.37799,4784.688995,0,14,7.0,8.082903769,65.33333333,0,1,0,0,1,0,0,0,0,9.333333333,7.0,0.0,64,0,0,0,0,0,0,2,14,1,0,229,0,0,32,0.0,0.0,0,0,0.0,0.0,0,0,ftp-patator
21,3,2,0,14,0,14,0,7.0,9.899494937,0,0,0.0,0.0,4666666.667,666666.6667,3.0,0.0,3,3,3,3.0,0.0,3,3,0,0.0,0.0,0,0,1,0,0,0,64,0,666666.6667,0.0,0,14,9.333333333,8.082903769,65.33333333,0,1,0,0,1,0,0,0,0,14.0,7.0,0.0,64,0,0,0,0,0,0,2,14,0,0,229,-1,0,32,0.0,0.0,0,0,0.0,0.0,0,0,ftp-patator
21,4,2,0,14,0,14,0,7.0,9.899494937,0,0,0.0,0.0,3500000.0,500000.0,4.0,0.0,4,4,4,4.0,0.0,4,4,0,0.0,0.0,0,0,1,0,0,0,64,0,500000.0,0.0,0,14,9.333333333,8.082903769,65.33333333,0,1,0,0,1,0,0,0,0,14.0,7.0,0.0,64,0,0,0,0,0,0,2,14,0,0,229,-1,0,32,0.0,0.0,0,0,0.0,0.0,0,0,ftp-patator
21,214,2,1,14,0,14,0,7.0,9.899494937,0,0,0.0,0.0,65420.56075,14018.69159,107.0,26.87005769,126,88,214,214.0,0.0,214,214,0,0.0,0.0,0,0,1,0,0,0,64,20,9345.794393,4672.897196,0,14,7.0,8.082903769,65.33333333,0,1,0,0,1,0,0,0,0,9.333333333,7.0,0.0,64,0,0,0,0,0,0,2,14,1,0,229,0,0,32,0.0,0.0,0,0,0.0,0.0,0,0,ftp-patator
21,224,2,1,14,0,14,0,7.0,9.899494937,0,0,0.0,0.0,62500.0,13392.85714,112.0,45.254834,144,80,224,224.0,0.0,224,224,0,0.0,0.0,0,0,1,0,0,0,64,20,8928.571429,4464.285714,0,14,7.0,8.082903769,65.33333333,0,1,0,0,1,0,0,0,0,9.333333333,7.0,0.0,64,0,0,0,0,0,0,2,14,1,0,229,0,0,32,0.0,0.0,0,0,0.0,0.0,0,0,ftp-patator
21,8988191,9,15,115,188,31,0,12.77777778,10.97471842,34,0,12.53333333,14.54975045,33.71089911,2.670170227,390790.913,1013009.35,3128667,3,5815830,726978.75,1339785.488,3026885,204,8988093,642006.6429,1250182.073,3128667,3,0,0,0,0,296,488,1.001313835,1.668856392,0,34,12.12,13.03942739,170.0266667,0,0,0,1,0,0,0,0,1,12.625,12.77777778,12.53333333,296,0,0,0,0,0,0,9,115,15,188,29200,227,6,32,0.0,0.0,0,0,0.0,0.0,0,0,ftp-patator
21,9384850,9,15,100,188,23,0,11.11111111,8.823894328,34,0,12.53333333,14.54975045,30.6877574,2.557313116,408036.9565,1064696.993,3512000,3,6342482,792810.25,1477751.892,3555323,49,9384711,670336.5,1314925.563,3512000,3,0,0,0,0,296,488,0.958992419,1.598320698,0,34,11.52,12.47704559,155.6766667,0,0,0,1,0,0,0,0,1,12.0,11.11111111,12.53333333,296,0,0,0,0,0,0,9,100,15,188,29200,227,6,32,0.0,0.0,0,0,0.0,0.0,0,0,ftp-patator
21,8961946,9,15,100,188,20,0,11.11111111,8.666666667,34,0,12.53333333,14.54975045,32.13587763,2.677989803,389649.8261,1027524.216,3511539,3,5858568,732321.0,1391471.212,3554246,219,8961830,640130.7143,1270468.774,3511539,3,0,0,0,0,296,488,1.004246176,1.673743627,0,34,11.52,12.44025723,154.76,0,0,0,1,0,0,0,0,1,12.0,11.11111111,12.53333333,296,0,0,0,0,0,0,9,100,15,188,29200,227,6,32,0.0,0.0,0,0,0.0,0.0,0,0,ftp-patator
21,245,2,1,14,0,14,0,7.0,9.899494937,0,0,0.0,0.0,57142.85714,12244.89796,122.5,94.0452019,189,56,245,245.0,0.0,245,245,0,0.0,0.0,0,0,1,0,0,0,64,20,8163.265306,4081.632653,0,14,7.0,8.082903769,65.33333333,0,1,0,0,1,0,0,0,0,9.333333333,7.0,0.0,64,0,0,0,0,0,0,2,14,1,0,229,0,0,32,0.0,0.0,0,0,0.0,0.0,0,0,ftp-patator
21,8794789,9,15,108,188,23,0,12.0,9.682458366,34,0,12.53333333,14.54975045,33.65629352,2.728888664,382382.1304,992414.7221,2984669,3,5944046,743005.75,1374333.112,3027002,3,8794706,628193.2857,1224928.552,2984669,48,0,0,0,0,296,488,1.023333249,1.705555415,0,34,11.84,12.68424219,160.89,0,0,0,1,0,0,0,0,1,12.33333333,12.0,12.53333333,296,0,0,0,0,0,0,9,108,15,188,29200,227,6,32,0.0,0.0,0,0,0.0,0.0,0,0,ftp-patator
21,9909046,9,15,106,188,23,0,11.77777778,9.444281044,34,0,12.53333333,14.54975045,29.66985924,2.422029326,430828.087,1121320.028,3448232,3,6420041,802505.125,1485521.412,3335361,4,9908922,707780.1429,1384468.837,3448232,3,0,0,0,0,296,488,0.908260997,1.513768328,0,34,11.76,12.62365504,159.3566667,0,0,0,1,0,0,0,0,1,12.25,11.77777778,12.53333333,296,0,0,0,0,0,0,9,106,15,188,29200,227,6,32,0.0,0.0,0,0,0.0,0.0,0,0,ftp-patator
21,3,2,0,14,0,14,0,7.0,9.899494937,0,0,0.0,0.0,4666666.667,666666.6667,3.0,0.0,3,3,3,3.0,0.0,3,3,0,0.0,0.0,0,0,1,0,0,0,64,0,666666.6667,0.0,0,14,9.333333333,8.082903769,65.33333333,0,1,0,0,1,0,0,0,0,14.0,7.0,0.0,64,0,0,0,0,0,0,2,14,0,0,229,-1,0,32,0.0,0.0,0,0,0.0,0.0,0,0,ftp-patator
21,8571767,9,15,111,188,23,0,12.33333333,10.03742995,34,0,12.53333333,14.54975045,34.88195608,2.799889451,372685.5217,980098.4476,3372032,1,5747834,718479.25,1359905.308,3415127,48,8571680,612262.8571,1211472.793,3372032,1,0,0,0,0,296,488,1.049958544,1.749930907,0,34,11.96,12.77849756,163.29,0,0,0,1,0,0,0,0,1,12.45833333,12.33333333,12.53333333,296,0,0,0,0,0,0,9,111,15,188,29200,227,6,32,0.0,0.0,0,0,0.0,0.0,0,0,ftp-patator
21,213,2,1,14,0,14,0,7.0,9.899494937,0,0,0.0,0.0,65727.69953,14084.50704,106.5,26.1629509,125,88,213,213.0,0.0,213,213,0,0.0,0.0,0,0,1,0,0,0,64,20,9389.671362,4694.835681,0,14,7.0,8.082903769,65.33333333,0,1,0,0,1,0,0,0,0,9.333333333,7.0,0.0,64,0,0,0,0,0,0,2,14,1,0,229,0,0,32,0.0,0.0,0,0,0.0,0.0,0,0,ftp-patator
21,237,2,1,14,0,14,0,7.0,9.899494937,0,0,0.0,0.0,59071.72996,12658.22785,118.5,27.57716447,138,99,237,237.0,0.0,237,237,0,0.0,0.0,0,0,1,0,0,0,64,20,8438.818565,4219.409283,0,14,7.0,8.082903769,65.33333333,0,1,0,0,1,0,0,0,0,9.333333333,7.0,0.0,64,0,0,0,0,0,0,2,14,1,0,229,0,0,32,0.0,0.0,0,0,0.0,0.0,0,0,ftp-patator
21,9066962,9,15,101,188,24,0,11.22222222,8.969082698,34,0,12.53333333,14.54975045,31.87396175,2.646972602,394215.7391,1037516.629,3612739,4,5413852,676731.5,1253135.475,2831119,218,9066876,647634.0,1282550.239,3612739,4,0,0,0,0,296,488,0.992614726,1.654357876,0,34,11.56,12.51026245,156.5066667,0,0,0,1,0,0,0,0,1,12.04166667,11.22222222,12.53333333,296,0,0,0,0,0,0,9,101,15,188,29200,227,6,32,0.0,0.0,0,0,0.0,0.0,0,0,ftp-patator
21,242,2,1,14,0,14,0,7.0,9.899494937,0,0,0.0,0.0,57851.23967,12396.69421,121.0,96.16652224,189,53,242,242.0,0.0,242,242,0,0.0,0.0,0,0,1,0,0,0,64,20,8264.46281,4132.231405,0,14,7.0,8.082903769,65.33333333,0,1,0,0,1,0,0,0,0,9.333333333,7.0,0.0,64,0,0,0,0,0,0,2,14,1,0,229,0,0,32,0.0,0.0,0,0,0.0,0.0,0,0,ftp-patator
21,9112000,9,15,105,188,22,0,11.66666667,9.300537619,34,0,12.53333333,14.54975045,32.15539947,2.633889377,396173.913,1013859.361,3152682,3,5916822,739602.75,1330160.509,3012671,248,9111914,650851.0,1249426.948,3152682,3,0,0,0,0,296,488,0.987708516,1.64618086,0,34,11.72,12.58808961,158.46,0,0,0,1,0,0,0,0,1,12.20833333,11.66666667,12.53333333,296,0,0,0,0,0,0,9,105,15,188,29200,227,6,32,0.0,0.0,0,0,0.0,0.0,0,0,ftp-patator
21,3,2,0,14,0,14,0,7.0,9.899494937,0,0,0.0,0.0,4666666.667,666666.6667,3.0,0.0,3,3,3,3.0,0.0,3,3,0,0.0,0.0,0,0,1,0,0,0,64,0,666666.6667,0.0,0,14,9.333333333,8.082903769,65.33333333,0,1,0,0,1,0,0,0,0,14.0,7.0,0.0,64,0,0,0,0,0,0,2,14,0,0,229,-1,0,32,0.0,0.0,0,0,0.0,0.0,0,0,ftp-patator
21,8211996,9,15,100,188,23,0,11.11111111,8.823894328,34,0,12.53333333,14.54975045,35.07064543,2.922553786,357043.3043,924508.765,2733836,3,5491905,686488.125,1268868.564,2780816,223,8211854,586561.0,1140822.888,2733836,3,0,0,0,0,296,488,1.09595767,1.826596116,0,34,11.52,12.47704559,155.6766667,0,0,0,1,0,0,0,0,1,12.0,11.11111111,12.53333333,296,0,0,0,0,0,0,9,100,15,188,29200,227,6,32,0.0,0.0,0,0,0.0,0.0,0,0,ftp-patator
21,8760627,9,15,111,188,29,0,12.33333333,10.36822068,34,0,12.53333333,14.54975045,34.12997723,2.739529945,380896.8261,988491.3327,3048960,3,5924578,740572.25,1370733.448,3093416,257,8760482,625748.7143,1220079.833,3048960,3,0,0,0,0,296,488,1.027323729,1.712206215,0,34,11.96,12.86623488,165.54,0,0,0,1,0,0,0,0,1,12.45833333,12.33333333,12.53333333,296,0,0,0,0,0,0,9,111,15,188,29200,227,6,32,0.0,0.0,0,0,0.0,0.0,0,0,ftp-patator
21,9295458,9,15,105,188,26,0,11.66666667,9.539392014,34,0,12.53333333,14.54975045,31.52077068,2.581906131,404150.3478,1049958.522,3294401,3,6135965,766995.625,1420256.336,3338353,3,9295409,663957.7857,1296098.068,3294401,49,0,0,0,0,296,488,0.968214799,1.613691332,0,34,11.72,12.6475294,159.96,0,0,0,1,0,0,0,0,1,12.20833333,11.66666667,12.53333333,296,0,0,0,0,0,0,9,105,15,188,29200,227,6,32,0.0,0.0,0,0,0.0,0.0,0,0,ftp-patator
21,9676544,9,15,135,188,40,0,15.0,14.0,34,0,12.53333333,14.54975045,33.37968597,2.480224345,420719.3043,1104400.436,3694373,3,5939119,742389.875,1381259.101,3260925,49,9676391,691170.7857,1364851.052,3694373,3,0,0,0,0,296,488,0.930084129,1.550140215,0,40,12.92,14.05323213,197.4933333,0,0,0,1,0,0,0,0,1,13.45833333,15.0,12.53333333,296,0,0,0,0,0,0,9,135,15,188,29200,227,6,32,0.0,0.0,0,0,0.0,0.0,0,0,ftp-patator
21,248,2,1,14,0,14,0,7.0,9.899494937,0,0,0.0,0.0,56451.6129,12096.77419,124.0,106.0660172,199,49,248,248.0,0.0,248,248,0,0.0,0.0,0,0,1,0,0,0,64,20,8064.516129,4032.258065,0,14,7.0,8.082903769,65.33333333,0,1,0,0,1,0,0,0,0,9.333333333,7.0,0.0,64,0,0,0,0,0,0,2,14,1,0,229,0,0,32,0.0,0.0,0,0,0.0,0.0,0,0,ftp-patator
21,9318659,9,15,113,188,25,0,12.55555556,10.33333333,34,0,12.53333333,14.54975045,32.30078491,2.575477867,405159.087,1063594.919,3491753,3,6823650,852956.25,1578523.012,3536186,4,9318542,665610.1429,1314427.386,3491753,3,0,0,0,0,296,488,0.9658042,1.609673667,0,34,12.04,12.85975635,165.3733333,0,0,0,1,0,0,0,0,1,12.54166667,12.55555556,12.53333333,296,0,0,0,0,0,0,9,113,15,188,29200,227,6,32,0.0,0.0,0,0,0.0,0.0,0,0,ftp-patator
21,240,2,1,14,0,14,0,7.0,9.899494937,0,0,0.0,0.0,58333.33333,12500.0,120.0,91.92388155,185,55,240,240.0,0.0,240,240,0,0.0,0.0,0,0,1,0,0,0,64,20,8333.333333,4166.666667,0,14,7.0,8.082903769,65.33333333,0,1,0,0,1,0,0,0,0,9.333333333,7.0,0.0,64,0,0,0,0,0,0,2,14,1,0,229,0,0,32,0.0,0.0,0,0,0.0,0.0,0,0,ftp-patator
21,216,2,1,14,0,14,0,7.0,9.899494937,0,0,0.0,0.0,64814.81481,13888.88889,108.0,35.35533906,133,83,216,216.0,0.0,216,216,0,0.0,0.0,0,0,1,0,0,0,64,20,9259.259259,4629.62963,0,14,7.0,8.082903769,65.33333333,0,1,0,0,1,0,0,0,0,9.333333333,7.0,0.0,64,0,0,0,0,0,0,2,14,1,0,229,0,0,32,0.0,0.0,0,0,0.0,0.0,0,0,ftp-patator
21,9253770,9,15,102,188,22,0,11.33333333,8.94427191,34,0,12.53333333,14.54975045,31.33857876,2.593537553,402337.8261,1043272.864,3215467,3,6131637,766454.625,1414190.754,3258095,55,9253714,660979.5714,1287574.238,3215467,3,0,0,0,0,296,488,0.972576582,1.620960971,0,34,11.6,12.50333289,156.3333333,0,0,0,1,0,0,0,0,1,12.08333333,11.33333333,12.53333333,296,0,0,0,0,0,0,9,102,15,188,29200,227,6,32,0.0,0.0,0,0,0.0,0.0,0,0,ftp-patator
21,273,2,1,14,0,14,0,7.0,9.899494937,0,0,0.0,0.0,51282.05128,10989.01099,136.5,57.27564928,177,96,273,273.0,0.0,273,273,0,0.0,0.0,0,0,1,0,0,0,64,20,7326.007326,3663.003663,0,14,7.0,8.082903769,65.33333333,0,1,0,0,1,0,0,0,0,9.333333333,7.0,0.0,64,0,0,0,0,0,0,2,14,1,0,229,0,0,32,0.0,0.0,0,0,0.0,0.0,0,0,ftp-patator
21,9052209,9,15,109,188,29,0,12.11111111,10.20348524,34,0,12.53333333,14.54975045,32.8096711,2.651286553,393574.3043,1020207.445,3111133,3,6075211,759401.375,1401803.275,3154542,233,9052116,646579.7143,1259061.825,3111133,3,0,0,0,0,296,488,0.994232458,1.657054096,0,34,11.88,12.82029641,164.36,0,0,0,1,0,0,0,0,1,12.375,12.11111111,12.53333333,296,0,0,0,0,0,0,9,109,15,188,29200,227,6,32,0.0,0.0,0,0,0.0,0.0,0,0,ftp-patator
21,269,2,1,14,0,14,0,7.0,9.899494937,0,0,0.0,0.0,52044.60967,11152.41636,134.5,72.83199846,186,83,269,269.0,0.0,269,269,0,0.0,0.0,0,0,1,0,0,0,64,20,7434.944238,3717.472119,0,14,7.0,8.082903769,65.33333333,0,1,0,0,1,0,0,0,0,9.333333333,7.0,0.0,64,0,0,0,0,0,0,2,14,1,0,229,0,0,32,0.0,0.0,0,0,0.0,0.0,0,0,ftp-patator
21,4,2,0,14,0,14,0,7.0,9.899494937,0,0,0.0,0.0,3500000.0,500000.0,4.0,0.0,4,4,4,4.0,0.0,4,4,0,0.0,0.0,0,0,1,0,0,0,64,0,500000.0,0.0,0,14,9.333333333,8.082903769,65.33333333,0,1,0,0,1,0,0,0,0,14.0,7.0,0.0,64,0,0,0,0,0,0,2,14,0,0,229,-1,0,32,0.0,0.0,0,0,0.0,0.0,0,0,ftp-patator
21,8726665,9,15,103,188,22,0,11.44444444,9.070709883,34,0,12.53333333,14.54975045,33.34607207,2.750191511,379420.2174,977980.2893,2956623,3,5980420,747552.5,1367194.154,3001177,243,8726537,623324.0714,1206190.48,2956623,3,0,0,0,0,296,488,1.031321817,1.718869694,0,34,11.64,12.53289006,157.0733333,0,0,0,1,0,0,0,0,1,12.125,11.44444444,12.53333333,296,0,0,0,0,0,0,9,103,15,188,29200,227,6,32,0.0,0.0,0,0,0.0,0.0,0,0,ftp-patator
21,225,2,1,14,0,14,0,7.0,9.899494937,0,0,0.0,0.0,62222.22222,13333.33333,112.5,79.90306627,169,56,225,225.0,0.0,225,225,0,0.0,0.0,0,0,1,0,0,0,64,20,8888.888889,4444.444444,0,14,7.0,8.082903769,65.33333333,0,1,0,0,1,0,0,0,0,9.333333333,7.0,0.0,64,0,0,0,0,0,0,2,14,1,0,229,0,0,32,0.0,0.0,0,0,0.0,0.0,0,0,ftp-patator
21,318,2,2,14,0,14,0,7.0,9.899494937,0,0,0.0,0.0,44025.15723,12578.61635,106.0,132.7290473,258,13,318,318.0,0.0,318,318,258,258.0,0.0,258,258,1,0,0,0,64,40,6289.308176,6289.308176,0,14,5.6,7.668115805,58.8,0,1,0,0,1,0,0,0,1,7.0,7.0,0.0,64,0,0,0,0,0,0,2,14,2,0,229,0,0,32,0.0,0.0,0,0,0.0,0.0,0,0,ftp-patator
21,8904861,9,15,103,188,23,0,11.44444444,9.08448005,34,0,12.53333333,14.54975045,32.67878072,2.695157173,387167.8696,1009007.749,3308727,3,6264288,783036.0,1449672.573,3351483,3,8904755,636053.9286,1245980.808,3308727,3,0,0,0,0,296,488,1.01068394,1.684473233,0,34,11.64,12.53621421,157.1566667,0,0,0,1,0,0,0,0,1,12.125,11.44444444,12.53333333,296,0,0,0,0,0,0,9,103,15,188,29200,227,6,32,0.0,0.0,0,0,0.0,0.0,0,0,ftp-patator
21,247,2,1,14,0,14,0,7.0,9.899494937,0,0,0.0,0.0,56680.16194,12145.74899,123.5,9.192388155,130,117,247,247.0,0.0,247,247,0,0.0,0.0,0,0,1,0,0,0,64,20,8097.165992,4048.582996,0,14,7.0,8.082903769,65.33333333,0,1,0,0,1,0,0,0,0,9.333333333,7.0,0.0,64,0,0,0,0,0,0,2,14,1,0,229,0,0,32,0.0,0.0,0,0,0.0,0.0,0,0,ftp-patator
21,210,2,1,14,0,14,0,7.0,9.899494937,0,0,0.0,0.0,66666.66667,14285.71429,105.0,94.75230868,172,38,210,210.0,0.0,210,210,0,0.0,0.0,0,0,1,0,0,0,64,20,9523.809524,4761.904762,0,14,7.0,8.082903769,65.33333333,0,1,0,0,1,0,0,0,0,9.333333333,7.0,0.0,64,0,0,0,0,0,0,2,14,1,0,229,0,0,32,0.0,0.0,0,0,0.0,0.0,0,0,ftp-patator
21,8760497,9,15,106,188,23,0,11.77777778,9.444281044,34,0,12.53333333,14.54975045,33.55973982,2.739570597,380891.1739,995128.3831,3271424,3,6230285,778785.625,1444293.137,3314294,235,8760370,625740.7143,1229177.308,3271424,3,0,0,0,0,296,488,1.027338974,1.712231623,0,34,11.76,12.62365504,159.3566667,0,0,0,1,0,0,0,0,1,12.25,11.77777778,12.53333333,296,0,0,0,0,0,0,9,106,15,188,29200,227,6,32,0.0,0.0,0,0,0.0,0.0,0,0,ftp-patator
21,274,2,1,14,0,14,0,7.0,9.899494937,0,0,0.0,0.0,51094.89051,10948.90511,137.0,70.71067812,187,87,274,274.0,0.0,274,274,0,0.0,0.0,0,0,1,0,0,0,64,20,7299.270073,3649.635036,0,14,7.0,8.082903769,65.33333333,0,1,0,0,1,0,0,0,0,9.333333333,7.0,0.0,64,0,0,0,0,0,0,2,14,1,0,229,0,0,32,0.0,0.0,0,0,0.0,0.0,0,0,ftp-patator
21,9254147,9,15,112,188,27,0,12.44444444,10.29697906,34,0,12.53333333,14.54975045,32.4178987,2.593431896,402354.2174,1048135.073,3291458,3,6091595,761449.375,1416330.643,3335763,3,9254027,661001.9286,1294236.916,3291458,3,0,0,0,0,296,488,0.972536961,1.620894935,0,34,12.0,12.84847591,165.0833333,0,0,0,1,0,0,0,0,1,12.5,12.44444444,12.53333333,296,0,0,0,0,0,0,9,112,15,188,29200,227,6,32,0.0,0.0,0,0,0.0,0.0,0,0,ftp-patator
21,8527051,9,15,110,188,23,0,12.22222222,9.909310997,34,0,12.53333333,14.54975045,34.94760381,2.814572119,370741.3478,964307.6299,3096354,3,5700071,712508.875,1325912.875,3139612,219,8526958,609068.4286,1190524.909,3096354,3,0,0,0,0,296,488,1.055464545,1.759107574,0,34,11.92,12.7440182,162.41,0,0,0,1,0,0,0,0,1,12.41666667,12.22222222,12.53333333,296,0,0,0,0,0,0,9,110,15,188,29200,227,6,32,0.0,0.0,0,0,0.0,0.0,0,0,ftp-patator
21,253,2,1,14,0,14,0,7.0,9.899494937,0,0,0.0,0.0,55335.96838,11857.70751,126.5,61.51828996,170,83,253,253.0,0.0,253,253,0,0.0,0.0,0,0,1,0,0,0,64,20,7905.13834,3952.56917,0,14,7.0,8.082903769,65.33333333,0,1,0,0,1,0,0,0,0,9.333333333,7.0,0.0,64,0,0,0,0,0,0,2,14,1,0,229,0,0,32,0.0,0.0,0,0,0.0,0.0,0,0,ftp-patator
21,9889987,9,15,96,188,20,0,10.66666667,8.246211251,34,0,12.53333333,14.54975045,28.71591237,2.42669682,429999.4348,1119394.75,3464807,3,6759573,844946.625,1564099.202,3505998,3,9889884,706420.2857,1382123.271,3464807,3,0,0,0,0,296,488,0.910011307,1.516685512,0,34,11.36,12.35205786,152.5733333,0,0,0,1,0,0,0,0,1,11.83333333,10.66666667,12.53333333,296,0,0,0,0,0,0,9,96,15,188,29200,227,6,32,0.0,0.0,0,0,0.0,0.0,0,0,ftp-patator
21,8894569,9,15,102,188,22,0,11.33333333,8.94427191,34,0,12.53333333,14.54975045,32.60416553,2.698275768,386720.3913,1006677.061,3221353,3,5631134,703891.75,1301726.284,2852147,3,8894481,635320.0714,1242942.658,3221353,3,0,0,0,0,296,488,1.011853413,1.686422355,0,34,11.6,12.50333289,156.3333333,0,0,0,1,0,0,0,0,1,12.08333333,11.33333333,12.53333333,296,0,0,0,0,0,0,9,102,15,188,29200,227,6,32,0.0,0.0,0,0,0.0,0.0,0,0,ftp-patator
21,221,2,1,14,0,14,0,7.0,9.899494937,0,0,0.0,0.0,63348.41629,13574.66063,110.5,61.51828996,154,67,221,221.0,0.0,221,221,0,0.0,0.0,0,0,1,0,0,0,64,20,9049.773756,4524.886878,0,14,7.0,8.082903769,65.33333333,0,1,0,0,1,0,0,0,0,9.333333333,7.0,0.0,64,0,0,0,0,0,0,2,14,1,0,229,0,0,32,0.0,0.0,0,0,0.0,0.0,0,0,ftp-patator
21,257,2,1,14,0,14,0,7.0,9.899494937,0,0,0.0,0.0,54474.70817,11673.15175,128.5,74.24621202,181,76,257,257.0,0.0,257,257,0,0.0,0.0,0,0,1,0,0,0,64,20,7782.101167,3891.050584,0,14,7.0,8.082903769,65.33333333,0,1,0,0,1,0,0,0,0,9.333333333,7.0,0.0,64,0,0,0,0,0,0,2,14,1,0,229,0,0,32,0.0,0.0,0,0,0.0,0.0,0,0,ftp-patator
21,4,2,0,14,0,14,0,7.0,9.899494937,0,0,0.0,0.0,3500000.0,500000.0,4.0,0.0,4,4,4,4.0,0.0,4,4,0,0.0,0.0,0,0,1,0,0,0,64,0,500000.0,0.0,0,14,9.333333333,8.082903769,65.33333333,0,1,0,0,1,0,0,0,0,14.0,7.0,0.0,64,0,0,0,0,0,0,2,14,0,0,229,-1,0,32,0.0,0.0,0,0,0.0,0.0,0,0,ftp-patator
21,224,2,1,14,0,14,0,7.0,9.899494937,0,0,0.0,0.0,62500.0,13392.85714,112.0,76.36753237,166,58,224,224.0,0.0,224,224,0,0.0,0.0,0,0,1,0,0,0,64,20,8928.571429,4464.285714,0,14,7.0,8.082903769,65.33333333,0,1,0,0,1,0,0,0,0,9.333333333,7.0,0.0,64,0,0,0,0,0,0,2,14,1,0,229,0,0,32,0.0,0.0,0,0,0.0,0.0,0,0,ftp-patator
21,239,2,1,14,0,14,0,7.0,9.899494937,0,0,0.0,0.0,58577.40586,12552.30126,119.5,96.87362902,188,51,239,239.0,0.0,239,239,0,0.0,0.0,0,0,1,0,0,0,64,20,8368.200837,4184.100418,0,14,7.0,8.082903769,65.33333333,0,1,0,0,1,0,0,0,0,9.333333333,7.0,0.0,64,0,0,0,0,0,0,2,14,1,0,229,0,0,32,0.0,0.0,0,0,0.0,0.0,0,0,ftp-patator
21,218,2,1,14,0,14,0,7.0,9.899494937,0,0,0.0,0.0,64220.18349,13761.46789,109.0,49.49747468,144,74,218,218.0,0.0,218,218,0,0.0,0.0,0,0,1,0,0,0,64,20,9174.311927,4587.155963,0,14,7.0,8.082903769,65.33333333,0,1,0,0,1,0,0,0,0,9.333333333,7.0,0.0,64,0,0,0,0,0,0,2,14,1,0,229,0,0,32,0.0,0.0,0,0,0.0,0.0,0,0,ftp-patator
21,9314063,9,15,116,188,26,0,12.88888889,10.74062899,34,0,12.53333333,14.54975045,32.63881724,2.576748729,404959.2609,1056062.576,3394818,7,6142047,767755.875,1430931.599,3438815,234,9313975,665283.9286,1304179.45,3394818,48,0,0,0,0,296,488,0.966280773,1.610467956,0,34,12.16,12.97651725,168.39,0,0,0,1,0,0,0,0,1,12.66666667,12.88888889,12.53333333,296,0,0,0,0,0,0,9,116,15,188,29200,227,6,32,0.0,0.0,0,0,0.0,0.0,0,0,ftp-patator
21,245,2,1,14,0,14,0,7.0,9.899494937,0,0,0.0,0.0,57142.85714,12244.89796,122.5,68.58935778,171,74,245,245.0,0.0,245,245,0,0.0,0.0,0,0,1,0,0,0,64,20,8163.265306,4081.632653,0,14,7.0,8.082903769,65.33333333,0,1,0,0,1,0,0,0,0,9.333333333,7.0,0.0,64,0,0,0,0,0,0,2,14,1,0,229,0,0,32,0.0,0.0,0,0,0.0,0.0,0,0,ftp-patator
21,8564879,9,15,102,188,22,0,11.33333333,8.94427191,34,0,12.53333333,14.54975045,33.85920572,2.802141163,372386.0435,966337.1309,3028244,3,5747844,718480.5,1331239.83,3072703,3,8564754,611768.1429,1192725.417,3028244,3,0,0,0,0,296,488,1.050802936,1.751338227,0,34,11.6,12.50333289,156.3333333,0,0,0,1,0,0,0,0,1,12.08333333,11.33333333,12.53333333,296,0,0,0,0,0,0,9,102,15,188,29200,227,6,32,0.0,0.0,0,0,0.0,0.0,0,0,ftp-patator
21,9794876,9,15,96,188,20,0,10.66666667,8.231038817,34,0,12.53333333,14.54975045,28.99475195,2.450260728,425864.1739,1102740.893,3476052,2,6503229,812903.625,1495261.314,3520365,2,9794745,699624.6429,1360759.166,3476052,3,0,0,0,0,296,488,0.918847773,1.531412955,0,34,11.36,12.34868414,152.49,0,0,0,1,0,0,0,0,1,11.83333333,10.66666667,12.53333333,296,0,0,0,0,0,0,9,96,15,188,29200,227,6,32,0.0,0.0,0,0,0.0,0.0,0,0,ftp-patator
21,241,2,1,14,0,14,0,7.0,9.899494937,0,0,0.0,0.0,58091.28631,12448.13278,120.5,139.3000359,219,22,241,241.0,0.0,241,241,0,0.0,0.0,0,0,1,0,0,0,64,20,8298.755187,4149.377593,0,14,7.0,8.082903769,65.33333333,0,1,0,0,1,0,0,0,0,9.333333333,7.0,0.0,64,0,0,0,0,0,0,2,14,1,0,229,0,0,32,0.0,0.0,0,0,0.0,0.0,0,0,ftp-patator
21,231,2,1,14,0,14,0,7.0,9.899494937,0,0,0.0,0.0,60606.06061,12987.01299,115.5,38.89087297,143,88,231,231.0,0.0,231,231,0,0.0,0.0,0,0,1,0,0,0,64,20,8658.008658,4329.004329,0,14,7.0,8.082903769,65.33333333,0,1,0,0,1,0,0,0,0,9.333333333,7.0,0.0,64,0,0,0,0,0,0,2,14,1,0,229,0,0,32,0.0,0.0,0,0,0.0,0.0,0,0,ftp-patator
21,9638712,9,15,118,188,30,0,13.11111111,11.17412686,34,0,12.53333333,14.54975045,31.7469803,2.489959239,419074.4348,1091474.237,3452417,3,6591952,823994.0,1527735.953,3495158,3,9638595,688471.0714,1347720.067,3452417,3,0,0,0,0,296,488,0.933734715,1.556224525,0,34,12.24,13.10305308,171.69,0,0,0,1,0,0,0,0,1,12.75,13.11111111,12.53333333,296,0,0,0,0,0,0,9,118,15,188,29200,227,6,32,0.0,0.0,0,0,0.0,0.0,0,0,ftp-patator
21,266,2,1,14,0,14,0,7.0,9.899494937,0,0,0.0,0.0,52631.57895,11278.19549,133.0,22.627417,149,117,266,266.0,0.0,266,266,0,0.0,0.0,0,0,1,0,0,0,64,20,7518.796992,3759.398496,0,14,7.0,8.082903769,65.33333333,0,1,0,0,1,0,0,0,0,9.333333333,7.0,0.0,64,0,0,0,0,0,0,2,14,1,0,229,0,0,32,0.0,0.0,0,0,0.0,0.0,0,0,ftp-patator
21,231,2,1,14,0,14,0,7.0,9.899494937,0,0,0.0,0.0,60606.06061,12987.01299,115.5,47.37615434,149,82,231,231.0,0.0,231,231,0,0.0,0.0,0,0,1,0,0,0,64,20,8658.008658,4329.004329,0,14,7.0,8.082903769,65.33333333,0,1,0,0,1,0,0,0,0,9.333333333,7.0,0.0,64,0,0,0,0,0,0,2,14,1,0,229,0,0,32,0.0,0.0,0,0,0.0,0.0,0,0,ftp-patator
21,8606016,9,15,110,188,25,0,12.22222222,9.984710534,34,0,12.53333333,14.54975045,34.62694004,2.788746849,374174.6087,975019.5278,3045337,1,6106616,763327.0,1411493.315,3088396,190,8605977,614712.6429,1203992.872,3045337,1,0,0,0,0,296,488,1.045780068,1.74296678,0,34,11.92,12.76362018,162.91,0,0,0,1,0,0,0,0,1,12.41666667,12.22222222,12.53333333,296,0,0,0,0,0,0,9,110,15,188,29200,227,6,32,0.0,0.0,0,0,0.0,0.0,0,0,ftp-patator
21,48,2,0,14,0,14,0,7.0,9.899494937,0,0,0.0,0.0,291666.6667,41666.66667,48.0,0.0,48,48,48,48.0,0.0,48,48,0,0.0,0.0,0,0,1,0,0,0,64,0,41666.66667,0.0,0,14,9.333333333,8.082903769,65.33333333,0,1,0,0,1,0,0,0,0,14.0,7.0,0.0,64,0,0,0,0,0,0,2,14,0,0,229,-1,0,32,0.0,0.0,0,0,0.0,0.0,0,0,ftp-patator
21,4,2,0,14,0,14,0,7.0,9.899494937,0,0,0.0,0.0,3500000.0,500000.0,4.0,0.0,4,4,4,4.0,0.0,4,4,0,0.0,0.0,0,0,1,0,0,0,64,0,500000.0,0.0,0,14,9.333333333,8.082903769,65.33333333,0,1,0,0,1,0,0,0,0,14.0,7.0,0.0,64,0,0,0,0,0,0,2,14,0,0,229,-1,0,32,0.0,0.0,0,0,0.0,0.0,0,0,ftp-patator
21,10216648,9,15,102,188,23,0,11.33333333,9.069178574,34,0,12.53333333,14.54975045,28.38504371,2.349107065,444202.087,1156779.062,3596692,3,6577741,822217.625,1520883.157,3344540,209,10200000,729753.4286,1428336.415,3596692,3,0,0,0,0,296,488,0.880915149,1.468191916,0,34,11.6,12.53328901,157.0833333,0,0,0,1,0,0,0,0,1,12.08333333,11.33333333,12.53333333,296,0,0,0,0,0,0,9,102,15,188,29200,227,6,32,0.0,0.0,0,0,0.0,0.0,0,0,ftp-patator
21,220,2,1,14,0,14,0,7.0,9.899494937,0,0,0.0,0.0,63636.36364,13636.36364,110.0,84.85281374,170,50,220,220.0,0.0,220,220,0,0.0,0.0,0,0,1,0,0,0,64,20,9090.909091,4545.454545,0,14,7.0,8.082903769,65.33333333,0,1,0,0,1,0,0,0,0,9.333333333,7.0,0.0,64,0,0,0,0,0,0,2,14,1,0,229,0,0,32,0.0,0.0,0,0,0.0,0.0,0,0,ftp-patator
21,8373067,9,15,103,188,23,0,11.44444444,9.207484878,34,0,12.53333333,14.54975045,34.75429015,2.866333209,364046.3913,946446.0961,3073998,4,5840793,730099.125,1351483.478,3118167,251,8372961,598068.6429,1168413.06,3073998,4,0,0,0,0,296,488,1.074874953,1.791458255,0,34,11.64,12.56609194,157.9066667,0,0,0,1,0,0,0,0,1,12.125,11.44444444,12.53333333,296,0,0,0,0,0,0,9,103,15,188,29200,227,6,32,0.0,0.0,0,0,0.0,0.0,0,0,ftp-patator
21,3,2,0,14,0,14,0,7.0,9.899494937,0,0,0.0,0.0,4666666.667,666666.6667,3.0,0.0,3,3,3,3.0,0.0,3,3,0,0.0,0.0,0,0,1,0,0,0,64,0,666666.6667,0.0,0,14,9.333333333,8.082903769,65.33333333,0,1,0,0,1,0,0,0,0,14.0,7.0,0.0,64,0,0,0,0,0,0,2,14,0,0,229,-1,0,32,0.0,0.0,0,0,0.0,0.0,0,0,ftp-patator
21,270,2,1,14,0,14,0,7.0,9.899494937,0,0,0.0,0.0,51851.85185,11111.11111,135.0,36.76955262,161,109,270,270.0,0.0,270,270,0,0.0,0.0,0,0,1,0,0,0,64,20,7407.407407,3703.703704,0,14,7.0,8.082903769,65.33333333,0,1,0,0,1,0,0,0,0,9.333333333,7.0,0.0,64,0,0,0,0,0,0,2,14,1,0,229,0,0,32,0.0,0.0,0,0,0.0,0.0,0,0,ftp-patator
21,3,2,0,14,0,14,0,7.0,9.899494937,0,0,0.0,0.0,4666666.667,666666.6667,3.0,0.0,3,3,3,3.0,0.0,3,3,0,0.0,0.0,0,0,1,0,0,0,64,0,666666.6667,0.0,0,14,9.333333333,8.082903769,65.33333333,0,1,0,0,1,0,0,0,0,14.0,7.0,0.0,64,0,0,0,0,0,0,2,14,0,0,229,-1,0,32,0.0,0.0,0,0,0.0,0.0,0,0,ftp-patator
21,8427178,9,15,100,188,23,0,11.11111111,8.823894328,34,0,12.53333333,14.54975045,34.17514143,2.847928452,366399.0435,951558.0635,2987903,1,5655787,706973.375,1311908.111,3032481,216,8427106,601936.1429,1174586.027,2987903,1,0,0,0,0,296,488,1.06797317,1.779955283,0,34,11.52,12.47704559,155.6766667,0,0,0,1,0,0,0,0,1,12.0,11.11111111,12.53333333,296,0,0,0,0,0,0,9,100,15,188,29200,227,6,32,0.0,0.0,0,0,0.0,0.0,0,0,ftp-patator
21,3,2,0,14,0,14,0,7.0,9.899494937,0,0,0.0,0.0,4666666.667,666666.6667,3.0,0.0,3,3,3,3.0,0.0,3,3,0,0.0,0.0,0,0,1,0,0,0,64,0,666666.6667,0.0,0,14,9.333333333,8.082903769,65.33333333,0,1,0,0,1,0,0,0,0,14.0,7.0,0.0,64,0,0,0,0,0,0,2,14,0,0,229,-1,0,32,0.0,0.0,0,0,0.0,0.0,0,0,ftp-patator
21,8528718,9,15,106,188,29,0,11.77777778,10.03466215,34,0,12.53333333,14.54975045,34.47176938,2.81402199,370813.8261,965361.2568,3116788,3,5882364,735295.5,1364779.418,3159344,227,8528636,609188.2857,1191942.751,3116788,3,0,0,0,0,296,488,1.055258246,1.758763744,0,34,11.76,12.77458414,163.19,0,0,0,1,0,0,0,0,1,12.25,11.77777778,12.53333333,296,0,0,0,0,0,0,9,106,15,188,29200,227,6,32,0.0,0.0,0,0,0.0,0.0,0,0,ftp-patator
21,8662443,9,15,118,188,32,0,13.11111111,11.37370261,34,0,12.53333333,14.54975045,35.32490777,2.770581001,376627.9565,979888.8393,3139727,3,5480432,685054.0,1266827.647,2771153,4,8662326,618737.5714,1209798.81,3139727,3,0,0,0,0,296,488,1.038967875,1.731613126,0,34,12.24,13.16016717,173.19,0,0,0,1,0,0,0,0,1,12.75,13.11111111,12.53333333,296,0,0,0,0,0,0,9,118,15,188,29200,227,6,32,0.0,0.0,0,0,0.0,0.0,0,0,ftp-patator
21,277,2,1,14,0,14,0,7.0,9.899494937,0,0,0.0,0.0,50541.51625,10830.32491,138.5,130.8147545,231,46,277,277.0,0.0,277,277,0,0.0,0.0,0,0,1,0,0,0,64,20,7220.216606,3610.108303,0,14,7.0,8.082903769,65.33333333,0,1,0,0,1,0,0,0,0,9.333333333,7.0,0.0,64,0,0,0,0,0,0,2,14,1,0,229,0,0,32,0.0,0.0,0,0,0.0,0.0,0,0,ftp-patator
21,311,2,1,14,0,14,0,7.0,9.899494937,0,0,0.0,0.0,45016.07717,9646.302251,155.5,85.55992052,216,95,311,311.0,0.0,311,311,0,0.0,0.0,0,0,1,0,0,0,64,20,6430.868167,3215.434084,0,14,7.0,8.082903769,65.33333333,0,1,0,0,1,0,0,0,0,9.333333333,7.0,0.0,64,0,0,0,0,0,0,2,14,1,0,229,0,0,32,0.0,0.0,0,0,0.0,0.0,0,0,ftp-patator
21,9093823,9,15,96,188,18,0,10.66666667,8.185352772,34,0,12.53333333,14.54975045,31.22998985,2.639154072,395383.6087,1015212.559,3101149,14,6125984,765748.0,1391802.784,3145325,215,9093743,649553.0714,1251564.405,3101149,14,0,0,0,0,296,488,0.989682777,1.649471295,0,34,11.36,12.33855745,152.24,0,0,0,1,0,0,0,0,1,11.83333333,10.66666667,12.53333333,296,0,0,0,0,0,0,9,96,15,188,29200,227,6,32,0.0,0.0,0,0,0.0,0.0,0,0,ftp-patator
21,3,2,0,14,0,14,0,7.0,9.899494937,0,0,0.0,0.0,4666666.667,666666.6667,3.0,0.0,3,3,3,3.0,0.0,3,3,0,0.0,0.0,0,0,1,0,0,0,64,0,666666.6667,0.0,0,14,9.333333333,8.082903769,65.33333333,0,1,0,0,1,0,0,0,0,14.0,7.0,0.0,64,0,0,0,0,0,0,2,14,0,0,229,-1,0,32,0.0,0.0,0,0,0.0,0.0,0,0,ftp-patator
21,8713286,9,15,109,188,24,0,12.11111111,9.829095132,34,0,12.53333333,14.54975045,34.08587759,2.754414351,378838.5217,993812.3536,3190122,4,6402906,800363.25,1479373.311,3234449,221,8713165,622368.9286,1228099.029,3190122,4,0,0,0,0,296,488,1.032905382,1.721508969,0,34,11.88,12.72242115,161.86,0,0,0,1,0,0,0,0,1,12.375,12.11111111,12.53333333,296,0,0,0,0,0,0,9,109,15,188,29200,227,6,32,0.0,0.0,0,0,0.0,0.0,0,0,ftp-patator
21,9426717,9,15,112,188,28,0,12.44444444,10.41766662,34,0,12.53333333,14.54975045,31.82444111,2.545955289,409857.2609,1064185.308,3204819,3,6429399,803674.875,1484352.953,3247231,3,9426608,673329.1429,1313578.8,3204819,3,0,0,0,0,296,488,0.954733233,1.591222055,0,34,12.0,12.88086436,165.9166667,0,0,0,1,0,0,0,0,1,12.5,12.44444444,12.53333333,296,0,0,0,0,0,0,9,112,15,188,29200,227,6,32,0.0,0.0,0,0,0.0,0.0,0,0,ftp-patator
21,216,2,1,14,0,14,0,7.0,9.899494937,0,0,0.0,0.0,64814.81481,13888.88889,108.0,53.74011537,146,70,216,216.0,0.0,216,216,0,0.0,0.0,0,0,1,0,0,0,64,20,9259.259259,4629.62963,0,14,7.0,8.082903769,65.33333333,0,1,0,0,1,0,0,0,0,9.333333333,7.0,0.0,64,0,0,0,0,0,0,2,14,1,0,229,0,0,32,0.0,0.0,0,0,0.0,0.0,0,0,ftp-patator
21,248,2,1,14,0,14,0,7.0,9.899494937,0,0,0.0,0.0,56451.6129,12096.77419,124.0,15.55634919,135,113,248,248.0,0.0,248,248,0,0.0,0.0,0,0,1,0,0,0,64,20,8064.516129,4032.258065,0,14,7.0,8.082903769,65.33333333,0,1,0,0,1,0,0,0,0,9.333333333,7.0,0.0,64,0,0,0,0,0,0,2,14,1,0,229,0,0,32,0.0,0.0,0,0,0.0,0.0,0,0,ftp-patator
21,192,1,1,14,0,14,14,14.0,0.0,0,0,0.0,0.0,72916.66667,10416.66667,192.0,0.0,192,192,0,0.0,0.0,0,0,0,0.0,0.0,0,0,1,0,0,0,32,32,5208.333333,5208.333333,0,14,9.333333333,8.082903769,65.33333333,0,1,0,0,1,0,0,0,1,14.0,14.0,0.0,32,0,0,0,0,0,0,1,14,1,0,227,227,0,32,0.0,0.0,0,0,0.0,0.0,0,0,ftp-patator
21,4,2,0,14,0,14,0,7.0,9.899494937,0,0,0.0,0.0,3500000.0,500000.0,4.0,0.0,4,4,4,4.0,0.0,4,4,0,0.0,0.0,0,0,1,0,0,0,64,0,500000.0,0.0,0,14,9.333333333,8.082903769,65.33333333,0,1,0,0,1,0,0,0,0,14.0,7.0,0.0,64,0,0,0,0,0,0,2,14,0,0,229,-1,0,32,0.0,0.0,0,0,0.0,0.0,0,0,ftp-patator
21,9137811,9,15,105,188,24,0,11.66666667,9.513148795,34,0,12.53333333,14.54975045,32.06457214,2.626449595,397296.1304,1041070.72,3492804,3,6642408,830301.0,1535497.116,3536938,289,9137666,652690.4286,1286340.796,3492804,3,0,0,0,0,296,488,0.984918598,1.641530997,0,34,11.72,12.64093878,159.7933333,0,0,0,1,0,0,0,0,1,12.20833333,11.66666667,12.53333333,296,0,0,0,0,0,0,9,105,15,188,29200,227,6,32,0.0,0.0,0,0,0.0,0.0,0,0,ftp-patator
21,246,2,1,14,0,14,0,7.0,9.899494937,0,0,0.0,0.0,56910.56911,12195.12195,123.0,98.99494937,193,53,246,246.0,0.0,246,246,0,0.0,0.0,0,0,1,0,0,0,64,20,8130.081301,4065.04065,0,14,7.0,8.082903769,65.33333333,0,1,0,0,1,0,0,0,0,9.333333333,7.0,0.0,64,0,0,0,0,0,0,2,14,1,0,229,0,0,32,0.0,0.0,0,0,0.0,0.0,0,0,ftp-patator
21,260,2,1,14,0,14,0,7.0,9.899494937,0,0,0.0,0.0,53846.15385,11538.46154,130.0,73.53910524,182,78,260,260.0,0.0,260,260,0,0.0,0.0,0,0,1,0,0,0,64,20,7692.307692,3846.153846,0,14,7.0,8.082903769,65.33333333,0,1,0,0,1,0,0,0,0,9.333333333,7.0,0.0,64,0,0,0,0,0,0,2,14,1,0,229,0,0,32,0.0,0.0,0,0,0.0,0.0,0,0,ftp-patator
21,8053724,9,15,119,188,29,0,13.22222222,11.22249725,34,0,12.53333333,14.54975045,38.11901178,2.979987891,350161.913,904880.7262,2743326,3,5514684,689335.5,1270465.872,2786656,216,8053621,575258.6429,1116352.777,2743326,3,0,0,0,0,296,488,1.117495459,1.862492432,0,34,12.28,13.11970528,172.1266667,0,0,0,1,0,0,0,0,1,12.79166667,13.22222222,12.53333333,296,0,0,0,0,0,0,9,119,15,188,29200,227,6,32,0.0,0.0,0,0,0.0,0.0,0,0,ftp-patator
21,8345026,9,15,110,188,24,0,12.22222222,9.921917377,34,0,12.53333333,14.54975045,35.70989473,2.875964676,362827.2174,947205.7495,3300770,3,5787632,723454.0,1350030.952,3342994,4,8344918,596065.5714,1169886.61,3300770,3,0,0,0,0,296,488,1.078486754,1.797477923,0,34,11.92,12.74728729,162.4933333,0,0,0,1,0,0,0,0,1,12.41666667,12.22222222,12.53333333,296,0,0,0,0,0,0,9,110,15,188,29200,227,6,32,0.0,0.0,0,0,0.0,0.0,0,0,ftp-patator
21,8990188,9,15,100,188,22,0,11.11111111,8.724168219,34,0,12.53333333,14.54975045,32.03492519,2.669577099,390877.7391,1015083.35,3061364,3,6136603,767075.375,1417364.912,3102682,231,8990064,642147.4286,1252994.259,3061364,3,0,0,0,0,296,488,1.001091412,1.668485687,0,34,11.52,12.45364739,155.0933333,0,0,0,1,0,0,0,0,1,12.0,11.11111111,12.53333333,296,0,0,0,0,0,0,9,100,15,188,29200,227,6,32,0.0,0.0,0,0,0.0,0.0,0,0,ftp-patator
21,204,2,1,14,0,14,0,7.0,9.899494937,0,0,0.0,0.0,68627.45098,14705.88235,102.0,63.63961031,147,57,204,204.0,0.0,204,204,0,0.0,0.0,0,0,1,0,0,0,64,20,9803.921569,4901.960784,0,14,7.0,8.082903769,65.33333333,0,1,0,0,1,0,0,0,0,9.333333333,7.0,0.0,64,0,0,0,0,0,0,2,14,1,0,229,0,0,32,0.0,0.0,0,0,0.0,0.0,0,0,ftp-patator
21,8897740,9,15,105,188,24,0,11.66666667,9.513148795,34,0,12.53333333,14.54975045,32.92971024,2.697314149,386858.2609,1008017.014,3212813,3,5904536,738067.0,1374743.859,3256574,4,8897622,635544.4286,1244731.786,3212813,3,0,0,0,0,296,488,1.011492806,1.685821343,0,34,11.72,12.64093878,159.7933333,0,0,0,1,0,0,0,0,1,12.20833333,11.66666667,12.53333333,296,0,0,0,0,0,0,9,105,15,188,29200,227,6,32,0.0,0.0,0,0,0.0,0.0,0,0,ftp-patator
21,9199570,9,15,107,188,23,0,11.88888889,9.545214042,34,0,12.53333333,14.54975045,32.06671616,2.608817586,399981.3043,1045746.853,3432704,3,5726682,715835.25,1327855.096,3062004,3,9199451,657103.6429,1291800.941,3432704,3,0,0,0,0,296,488,0.978306595,1.630510991,0,34,11.8,12.64911064,160.0,0,0,0,1,0,0,0,0,1,12.29166667,11.88888889,12.53333333,296,0,0,0,0,0,0,9,107,15,188,29200,227,6,32,0.0,0.0,0,0,0.0,0.0,0,0,ftp-patator
21,8994400,9,15,110,188,24,0,12.22222222,9.921917377,34,0,12.53333333,14.54975045,33.13172641,2.668326959,391060.8696,1002456.579,3140672,3,6067706,758463.25,1374802.658,3182884,270,8994292,642449.4286,1235610.839,3140672,3,0,0,0,0,296,488,1.00062261,1.667704349,0,34,11.92,12.74728729,162.4933333,0,0,0,1,0,0,0,0,1,12.41666667,12.22222222,12.53333333,296,0,0,0,0,0,0,9,110,15,188,29200,227,6,32,0.0,0.0,0,0,0.0,0.0,0,0,ftp-patator
21,8806487,9,15,122,188,31,0,13.55555556,11.83333333,34,0,12.53333333,14.54975045,35.20132375,2.725263774,382890.7391,993442.9274,3109409,3,5905404,738175.5,1366583.946,3156049,3,8806341,629024.3571,1226162.028,3109409,3,0,0,0,0,296,488,1.021973915,1.703289859,0,34,12.4,13.30726619,177.0833333,0,0,0,1,0,0,0,0,1,12.91666667,13.55555556,12.53333333,296,0,0,0,0,0,0,9,122,15,188,29200,227,6,32,0.0,0.0,0,0,0.0,0.0,0,0,ftp-patator
21,228,2,1,14,0,14,0,7.0,9.899494937,0,0,0.0,0.0,61403.50877,13157.89474,114.0,83.43860018,173,55,228,228.0,0.0,228,228,0,0.0,0.0,0,0,1,0,0,0,64,20,8771.929825,4385.964912,0,14,7.0,8.082903769,65.33333333,0,1,0,0,1,0,0,0,0,9.333333333,7.0,0.0,64,0,0,0,0,0,0,2,14,1,0,229,0,0,32,0.0,0.0,0,0,0.0,0.0,0,0,ftp-patator
21,3,2,0,14,0,14,0,7.0,9.899494937,0,0,0.0,0.0,4666666.667,666666.6667,3.0,0.0,3,3,3,3.0,0.0,3,3,0,0.0,0.0,0,0,1,0,0,0,64,0,666666.6667,0.0,0,14,9.333333333,8.082903769,65.33333333,0,1,0,0,1,0,0,0,0,14.0,7.0,0.0,64,0,0,0,0,0,0,2,14,0,0,229,-1,0,32,0.0,0.0,0,0,0.0,0.0,0,0,ftp-patator
21,221,2,1,14,0,14,0,7.0,9.899494937,0,0,0.0,0.0,63348.41629,13574.66063,110.5,50.20458146,146,75,221,221.0,0.0,221,221,0,0.0,0.0,0,0,1,0,0,0,64,20,9049.773756,4524.886878,0,14,7.0,8.082903769,65.33333333,0,1,0,0,1,0,0,0,0,9.333333333,7.0,0.0,64,0,0,0,0,0,0,2,14,1,0,229,0,0,32,0.0,0.0,0,0,0.0,0.0,0,0,ftp-patator
21,8855177,9,15,109,188,25,0,12.11111111,9.854496999,34,0,12.53333333,14.54975045,33.53970226,2.71027897,385007.6957,1007090.253,3196732,1,6404724,800590.5,1480102.766,3238379,3,8855005,632500.3571,1244116.483,3196732,1,0,0,0,0,296,488,1.016354614,1.693924356,0,34,11.88,12.72896958,162.0266667,0,0,0,1,0,0,0,0,1,12.375,12.11111111,12.53333333,296,0,0,0,0,0,0,9,109,15,188,29200,227,6,32,0.0,0.0,0,0,0.0,0.0,0,0,ftp-patator
21,3,2,0,14,0,14,0,7.0,9.899494937,0,0,0.0,0.0,4666666.667,666666.6667,3.0,0.0,3,3,3,3.0,0.0,3,3,0,0.0,0.0,0,0,1,0,0,0,64,0,666666.6667,0.0,0,14,9.333333333,8.082903769,65.33333333,0,1,0,0,1,0,0,0,0,14.0,7.0,0.0,64,0,0,0,0,0,0,2,14,0,0,229,-1,0,32,0.0,0.0,0,0,0.0,0.0,0,0,ftp-patator
21,8441937,9,15,106,188,22,0,11.77777778,9.391189725,34,0,12.53333333,14.54975045,34.82613054,2.842949432,367040.7391,952224.7143,3015125,47,5559449,694931.125,1287920.232,3058987,249,8441861,602990.0714,1175272.522,3015125,47,0,0,0,0,296,488,1.066106037,1.776843395,0,34,11.76,12.61044541,159.0233333,0,0,0,1,0,0,0,0,1,12.25,11.77777778,12.53333333,296,0,0,0,0,0,0,9,106,15,188,29200,227,6,32,0.0,0.0,0,0,0.0,0.0,0,0,ftp-patator
21,48,2,0,14,0,14,0,7.0,9.899494937,0,0,0.0,0.0,291666.6667,41666.66667,48.0,0.0,48,48,48,48.0,0.0,48,48,0,0.0,0.0,0,0,1,0,0,0,64,0,41666.66667,0.0,0,14,9.333333333,8.082903769,65.33333333,0,1,0,0,1,0,0,0,0,14.0,7.0,0.0,64,0,0,0,0,0,0,2,14,0,0,229,-1,0,32,0.0,0.0,0,0,0.0,0.0,0,0,ftp-patator
21,265,2,1,14,0,14,0,7.0,9.899494937,0,0,0.0,0.0,52830.18868,11320.75472,132.5,61.51828996,176,89,265,265.0,0.0,265,265,0,0.0,0.0,0,0,1,0,0,0,64,20,7547.169811,3773.584906,0,14,7.0,8.082903769,65.33333333,0,1,0,0,1,0,0,0,0,9.333333333,7.0,0.0,64,0,0,0,0,0,0,2,14,1,0,229,0,0,32,0.0,0.0,0,0,0.0,0.0,0,0,ftp-patator
21,8659046,9,15,99,188,21,0,11.0,8.631338251,34,0,12.53333333,14.54975045,33.14452885,2.771667918,376480.2609,969907.2751,3240567,3,6295896,786987.0,1420897.129,3283448,314,8658934,618495.2857,1196168.167,3240567,3,0,0,0,0,296,488,1.039375469,1.732292449,0,34,11.48,12.43355675,154.5933333,0,0,0,1,0,0,0,0,1,11.95833333,11.0,12.53333333,296,0,0,0,0,0,0,9,99,15,188,29200,227,6,32,0.0,0.0,0,0,0.0,0.0,0,0,ftp-patator
21,8737347,9,15,111,188,24,0,12.33333333,10.07472084,34,0,12.53333333,14.54975045,34.22091397,2.746829215,379884.6522,987433.7046,3052727,3,5639897,704987.125,1305391.549,2943433,3,8737247,624089.0714,1218986.714,3052727,4,0,0,0,0,296,488,1.030060956,1.716768259,0,34,11.96,12.78827588,163.54,0,0,0,1,0,0,0,0,1,12.45833333,12.33333333,12.53333333,296,0,0,0,0,0,0,9,111,15,188,29200,227,6,32,0.0,0.0,0,0,0.0,0.0,0,0,ftp-patator
21,9406060,9,15,104,188,23,0,11.55555556,9.221050796,34,0,12.53333333,14.54975045,31.04381643,2.551546556,408959.1304,1061423.592,3315789,3,6047764,755970.5,1392190.996,3143570,4,9405958,671854.1429,1310110.958,3315789,3,0,0,0,0,296,488,0.956829959,1.594716598,0,34,11.68,12.56887691,157.9766667,0,0,0,1,0,0,0,0,1,12.16666667,11.55555556,12.53333333,296,0,0,0,0,0,0,9,104,15,188,29200,227,6,32,0.0,0.0,0,0,0.0,0.0,0,0,ftp-patator
21,9804672,9,15,109,188,25,0,12.11111111,9.854496999,34,0,12.53333333,14.54975045,30.29168135,2.447812635,426290.087,1109164.023,3408661,3,6352605,794075.625,1470142.143,3303819,221,9804551,700325.0714,1369413.489,3408661,3,0,0,0,0,296,488,0.917929738,1.529882897,0,34,11.88,12.72896958,162.0266667,0,0,0,1,0,0,0,0,1,12.375,12.11111111,12.53333333,296,0,0,0,0,0,0,9,109,15,188,29200,227,6,32,0.0,0.0,0,0,0.0,0.0,0,0,ftp-patator
21,270,2,1,14,0,14,0,7.0,9.899494937,0,0,0.0,0.0,51851.85185,11111.11111,135.0,53.74011537,173,97,270,270.0,0.0,270,270,0,0.0,0.0,0,0,1,0,0,0,64,20,7407.407407,3703.703704,0,14,7.0,8.082903769,65.33333333,0,1,0,0,1,0,0,0,0,9.333333333,7.0,0.0,64,0,0,0,0,0,0,2,14,1,0,229,0,0,32,0.0,0.0,0,0,0.0,0.0,0,0,ftp-patator
21,8744162,9,15,105,188,23,0,11.66666667,9.313968005,34,0,12.53333333,14.54975045,33.50807087,2.744688399,380180.9565,984034.107,3039430,3,5917494,739686.75,1363551.631,3083405,3,8744050,624575.0,1214221.621,3039430,3,0,0,0,0,296,488,1.02925815,1.715430249,0,34,11.72,12.59139918,158.5433333,0,0,0,1,0,0,0,0,1,12.20833333,11.66666667,12.53333333,296,0,0,0,0,0,0,9,105,15,188,29200,227,6,32,0.0,0.0,0,0,0.0,0.0,0,0,ftp-patator
21,234,2,1,14,0,14,0,7.0,9.899494937,0,0,0.0,0.0,59829.05983,12820.51282,117.0,46.66904756,150,84,234,234.0,0.0,234,234,0,0.0,0.0,0,0,1,0,0,0,64,20,8547.008547,4273.504274,0,14,7.0,8.082903769,65.33333333,0,1,0,0,1,0,0,0,0,9.333333333,7.0,0.0,64,0,0,0,0,0,0,2,14,1,0,229,0,0,32,0.0,0.0,0,0,0.0,0.0,0,0,ftp-patator
21,8587446,9,15,109,188,26,0,12.11111111,9.980536614,34,0,12.53333333,14.54975045,34.58537032,2.794777399,373367.2174,970423.0619,3072109,3,5474984,684373.0,1265606.424,2762501,3,8587358,613382.7143,1197977.32,3072109,3,0,0,0,0,296,488,1.048041525,1.746735875,0,34,11.88,12.76166133,162.86,0,0,0,1,0,0,0,0,1,12.375,12.11111111,12.53333333,296,0,0,0,0,0,0,9,109,15,188,29200,227,6,32,0.0,0.0,0,0,0.0,0.0,0,0,ftp-patator
21,238,2,1,14,0,14,0,7.0,9.899494937,0,0,0.0,0.0,58823.52941,12605.04202,119.0,48.08326112,153,85,238,238.0,0.0,238,238,0,0.0,0.0,0,0,1,0,0,0,64,20,8403.361345,4201.680672,0,14,7.0,8.082903769,65.33333333,0,1,0,0,1,0,0,0,0,9.333333333,7.0,0.0,64,0,0,0,0,0,0,2,14,1,0,229,0,0,32,0.0,0.0,0,0,0.0,0.0,0,0,ftp-patator
21,9632150,9,15,118,188,29,0,13.11111111,11.10680472,34,0,12.53333333,14.54975045,31.76860825,2.491655549,418789.1304,1087063.085,3335690,3,6644156,830519.5,1531443.664,3378127,3,9632121,688008.6429,1341772.438,3335690,4,0,0,0,0,296,488,0.934370831,1.557284718,0,34,12.24,13.08395965,171.19,0,0,0,1,0,0,0,0,1,12.75,13.11111111,12.53333333,296,0,0,0,0,0,0,9,118,15,188,29200,227,6,32,0.0,0.0,0,0,0.0,0.0,0,0,ftp-patator
21,9660227,9,15,95,188,19,0,10.55555556,8.11035004,34,0,12.53333333,14.54975045,29.29537784,2.484413669,420009.8696,1092226.684,3300667,3,6317567,789695.875,1461505.733,3263090,3,9660107,690007.6429,1348420.641,3300667,3,0,0,0,0,296,488,0.931655126,1.552758543,0,34,11.32,12.32450134,151.8933333,0,0,0,1,0,0,0,0,1,11.79166667,10.55555556,12.53333333,296,0,0,0,0,0,0,9,95,15,188,29200,227,6,32,0.0,0.0,0,0,0.0,0.0,0,0,ftp-patator
21,8547423,9,15,104,188,24,0,11.55555556,9.248122933,34,0,12.53333333,14.54975045,34.16234343,2.807863844,371627.087,963914.4698,3465521,2,5038958,629869.75,1124139.009,2483256,92,8547364,610526.0,1189677.887,3465521,47,0,0,0,0,296,488,1.052948941,1.754914902,0,34,11.68,12.57550529,158.1433333,0,0,0,1,0,0,0,0,1,12.16666667,11.55555556,12.53333333,296,0,0,0,0,0,0,9,104,15,188,29200,227,6,32,0.0,0.0,0,0,0.0,0.0,0,0,ftp-patator
21,49,2,0,14,0,14,0,7.0,9.899494937,0,0,0.0,0.0,285714.2857,40816.32653,49.0,0.0,49,49,49,49.0,0.0,49,49,0,0.0,0.0,0,0,1,0,0,0,64,0,40816.32653,0.0,0,14,9.333333333,8.082903769,65.33333333,0,1,0,0,1,0,0,0,0,14.0,7.0,0.0,64,0,0,0,0,0,0,2,14,0,0,229,-1,0,32,0.0,0.0,0,0,0.0,0.0,0,0,ftp-patator
21,3,2,0,14,0,14,0,7.0,9.899494937,0,0,0.0,0.0,4666666.667,666666.6667,3.0,0.0,3,3,3,3.0,0.0,3,3,0,0.0,0.0,0,0,1,0,0,0,64,0,666666.6667,0.0,0,14,9.333333333,8.082903769,65.33333333,0,1,0,0,1,0,0,0,0,14.0,7.0,0.0,64,0,0,0,0,0,0,2,14,0,0,229,-1,0,32,0.0,0.0,0,0,0.0,0.0,0,0,ftp-patator
21,9083970,9,15,107,188,23,0,11.88888889,9.545214042,34,0,12.53333333,14.54975045,32.47478801,2.642016651,394955.2174,1029396.188,3317641,3,6314289,789286.125,1463773.458,3359744,3,9083854,648846.7143,1271169.244,3317641,3,0,0,0,0,296,488,0.990756244,1.651260407,0,34,11.8,12.64911064,160.0,0,0,0,1,0,0,0,0,1,12.29166667,11.88888889,12.53333333,296,0,0,0,0,0,0,9,107,15,188,29200,227,6,32,0.0,0.0,0,0,0.0,0.0,0,0,ftp-patator
21,228,2,1,14,0,14,0,7.0,9.899494937,0,0,0.0,0.0,61403.50877,13157.89474,114.0,33.9411255,138,90,228,228.0,0.0,228,228,0,0.0,0.0,0,0,1,0,0,0,64,20,8771.929825,4385.964912,0,14,7.0,8.082903769,65.33333333,0,1,0,0,1,0,0,0,0,9.333333333,7.0,0.0,64,0,0,0,0,0,0,2,14,1,0,229,0,0,32,0.0,0.0,0,0,0.0,0.0,0,0,ftp-patator
21,9900044,9,15,106,188,23,0,11.77777778,9.444281044,34,0,12.53333333,14.54975045,29.69683771,2.42423165,430436.6957,1120930.749,3433539,3,6878513,859814.125,1589421.718,3474834,4,9899924,707137.4286,1384073.48,3433539,3,0,0,0,0,296,488,0.909086869,1.515144781,0,34,11.76,12.62365504,159.3566667,0,0,0,1,0,0,0,0,1,12.25,11.77777778,12.53333333,296,0,0,0,0,0,0,9,106,15,188,29200,227,6,32,0.0,0.0,0,0,0.0,0.0,0,0,ftp-patator
21,234,2,1,14,0,14,0,7.0,9.899494937,0,0,0.0,0.0,59829.05983,12820.51282,117.0,86.2670273,178,56,234,234.0,0.0,234,234,0,0.0,0.0,0,0,1,0,0,0,64,20,8547.008547,4273.504274,0,14,7.0,8.082903769,65.33333333,0,1,0,0,1,0,0,0,0,9.333333333,7.0,0.0,64,0,0,0,0,0,0,2,14,1,0,229,0,0,32,0.0,0.0,0,0,0.0,0.0,0,0,ftp-patator
21,261,2,1,14,0,14,0,7.0,9.899494937,0,0,0.0,0.0,53639.84674,11494.25287,130.5,20.50609665,145,116,261,261.0,0.0,261,261,0,0.0,0.0,0,0,1,0,0,0,64,20,7662.835249,3831.417625,0,14,7.0,8.082903769,65.33333333,0,1,0,0,1,0,0,0,0,9.333333333,7.0,0.0,64,0,0,0,0,0,0,2,14,1,0,229,0,0,32,0.0,0.0,0,0,0.0,0.0,0,0,ftp-patator
21,49,2,0,14,0,14,0,7.0,9.899494937,0,0,0.0,0.0,285714.2857,40816.32653,49.0,0.0,49,49,49,49.0,0.0,49,49,0,0.0,0.0,0,0,1,0,0,0,64,0,40816.32653,0.0,0,14,9.333333333,8.082903769,65.33333333,0,1,0,0,1,0,0,0,0,14.0,7.0,0.0,64,0,0,0,0,0,0,2,14,0,0,229,-1,0,32,0.0,0.0,0,0,0.0,0.0,0,0,ftp-patator
21,250,2,1,14,0,14,0,7.0,9.899494937,0,0,0.0,0.0,56000.0,12000.0,125.0,9.899494937,132,118,250,250.0,0.0,250,250,0,0.0,0.0,0,0,1,0,0,0,64,20,8000.0,4000.0,0,14,7.0,8.082903769,65.33333333,0,1,0,0,1,0,0,0,0,9.333333333,7.0,0.0,64,0,0,0,0,0,0,2,14,1,0,229,0,0,32,0.0,0.0,0,0,0.0,0.0,0,0,ftp-patator
21,19,2,0,14,0,14,0,7.0,9.899494937,0,0,0.0,0.0,736842.1053,105263.1579,19.0,0.0,19,19,19,19.0,0.0,19,19,0,0.0,0.0,0,0,1,0,0,0,64,0,105263.1579,0.0,0,14,9.333333333,8.082903769,65.33333333,0,1,0,0,1,0,0,0,0,14.0,7.0,0.0,64,0,0,0,0,0,0,2,14,0,0,229,-1,0,32,0.0,0.0,0,0,0.0,0.0,0,0,ftp-patator
21,240,2,1,14,0,14,0,7.0,9.899494937,0,0,0.0,0.0,58333.33333,12500.0,120.0,138.5929291,218,22,240,240.0,0.0,240,240,0,0.0,0.0,0,0,1,0,0,0,64,20,8333.333333,4166.666667,0,14,7.0,8.082903769,65.33333333,0,1,0,0,1,0,0,0,0,9.333333333,7.0,0.0,64,0,0,0,0,0,0,2,14,1,0,229,0,0,32,0.0,0.0,0,0,0.0,0.0,0,0,ftp-patator
21,219,2,1,14,0,14,0,7.0,9.899494937,0,0,0.0,0.0,63926.94064,13698.63014,109.5,99.70205615,180,39,219,219.0,0.0,219,219,0,0.0,0.0,0,0,1,0,0,0,64,20,9132.420091,4566.210046,0,14,7.0,8.082903769,65.33333333,0,1,0,0,1,0,0,0,0,9.333333333,7.0,0.0,64,0,0,0,0,0,0,2,14,1,0,229,0,0,32,0.0,0.0,0,0,0.0,0.0,0,0,ftp-patator
21,9790554,9,15,110,188,25,0,12.22222222,10.03466215,34,0,12.53333333,14.54975045,30.43750129,2.451342386,425676.2609,1107714.835,3428771,3,6691498,836437.25,1548425.751,3471177,215,9790458,699318.4286,1367643.02,3428771,3,0,0,0,0,296,488,0.919253395,1.532088991,0,34,11.92,12.77667145,163.2433333,0,0,0,1,0,0,0,0,1,12.41666667,12.22222222,12.53333333,296,0,0,0,0,0,0,9,110,15,188,29200,227,6,32,0.0,0.0,0,0,0.0,0.0,0,0,ftp-patator
21,9123120,9,15,103,188,22,0,11.44444444,9.043106644,34,0,12.53333333,14.54975045,31.89698261,2.630678978,396657.3913,1035201.514,3392518,3,6141070,767633.75,1432301.351,3435658,200,9123071,651647.9286,1278522.455,3392518,3,0,0,0,0,296,488,0.986504617,1.644174361,0,34,11.64,12.52623913,156.9066667,0,0,0,1,0,0,0,0,1,12.125,11.44444444,12.53333333,296,0,0,0,0,0,0,9,103,15,188,29200,227,6,32,0.0,0.0,0,0,0.0,0.0,0,0,ftp-patator
21,8266138,9,15,100,188,21,0,11.11111111,8.681077762,34,0,12.53333333,14.54975045,34.84093781,2.903411484,359397.3043,935350.6594,2964018,3,5435659,679457.375,1265745.983,3008509,3,8266032,590430.8571,1154850.404,2964018,3,0,0,0,0,296,488,1.088779307,1.814632178,0,34,11.52,12.44360612,154.8433333,0,0,0,1,0,0,0,0,1,12.0,11.11111111,12.53333333,296,0,0,0,0,0,0,9,100,15,188,29200,227,6,32,0.0,0.0,0,0,0.0,0.0,0,0,ftp-patator
21,8929573,9,15,108,188,25,0,12.0,9.886859967,34,0,12.53333333,14.54975045,33.14828156,2.687698505,388242.3043,1008714.103,3543258,3,5344807,668100.875,1204757.718,2898950,3,8929502,637821.5714,1245200.725,3543258,3,0,0,0,0,296,488,1.007886939,1.679811565,0,34,11.84,12.7366924,162.2233333,0,0,0,1,0,0,0,0,1,12.33333333,12.0,12.53333333,296,0,0,0,0,0,0,9,108,15,188,29200,227,6,32,0.0,0.0,0,0,0.0,0.0,0,0,ftp-patator
21,9055951,9,15,104,188,22,0,11.55555556,9.153020145,34,0,12.53333333,14.54975045,32.24399072,2.650191018,393737.0,1039404.871,3528045,36,6741021,842627.625,1561158.718,3569854,49,9055764,646840.2857,1285305.946,3528045,47,0,0,0,0,296,488,0.993821632,1.656369386,0,34,11.68,12.55229063,157.56,0,0,0,1,0,0,0,0,1,12.16666667,11.55555556,12.53333333,296,0,0,0,0,0,0,9,104,15,188,29200,227,6,32,0.0,0.0,0,0,0.0,0.0,0,0,ftp-patator
21,9230996,9,15,105,188,23,0,11.66666667,9.313968005,34,0,12.53333333,14.54975045,31.7408869,2.599936128,401347.6522,1056101.356,3474148,3,5962206,745275.75,1407709.877,3516224,4,9230913,659350.9286,1305501.547,3474148,3,0,0,0,0,296,488,0.974976048,1.62496008,0,34,11.72,12.59139918,158.5433333,0,0,0,1,0,0,0,0,1,12.20833333,11.66666667,12.53333333,296,0,0,0,0,0,0,9,105,15,188,29200,227,6,32,0.0,0.0,0,0,0.0,0.0,0,0,ftp-patator
21,9248140,9,15,110,188,27,0,12.22222222,10.10912679,34,0,12.53333333,14.54975045,32.22269559,2.595116423,402093.0435,1048287.606,3276580,3,6043988,755498.5,1406354.721,3320630,4,9248015,660572.5,1294536.744,3276580,3,0,0,0,0,296,488,0.973168659,1.621947765,0,34,11.92,12.7962234,163.7433333,0,0,0,1,0,0,0,0,1,12.41666667,12.22222222,12.53333333,296,0,0,0,0,0,0,9,110,15,188,29200,227,6,32,0.0,0.0,0,0,0.0,0.0,0,0,ftp-patator
21,46,2,0,14,0,14,0,7.0,9.899494937,0,0,0.0,0.0,304347.8261,43478.26087,46.0,0.0,46,46,46,46.0,0.0,46,46,0,0.0,0.0,0,0,1,0,0,0,64,0,43478.26087,0.0,0,14,9.333333333,8.082903769,65.33333333,0,1,0,0,1,0,0,0,0,14.0,7.0,0.0,64,0,0,0,0,0,0,2,14,0,0,229,-1,0,32,0.0,0.0,0,0,0.0,0.0,0,0,ftp-patator
21,9473911,9,15,103,188,23,0,11.44444444,9.207484878,34,0,12.53333333,14.54975045,30.71593136,2.53327269,411909.1739,1071566.691,3285762,3,6597798,824724.75,1523431.881,3328603,3,9473819,676701.3571,1322969.324,3285762,3,0,0,0,0,296,488,0.949977259,1.583295431,0,34,11.64,12.56609194,157.9066667,0,0,0,1,0,0,0,0,1,12.125,11.44444444,12.53333333,296,0,0,0,0,0,0,9,103,15,188,29200,227,6,32,0.0,0.0,0,0,0.0,0.0,0,0,ftp-patator
21,9124929,9,15,109,188,24,0,12.11111111,9.829095132,34,0,12.53333333,14.54975045,32.54819846,2.630157451,396736.0435,1032190.077,3185249,1,5897213,737151.625,1367091.649,3149870,3,9124790,651770.7143,1274370.957,3185249,1,0,0,0,0,296,488,0.986309044,1.643848407,0,34,11.88,12.72242115,161.86,0,0,0,1,0,0,0,0,1,12.375,12.11111111,12.53333333,296,0,0,0,0,0,0,9,109,15,188,29200,227,6,32,0.0,0.0,0,0,0.0,0.0,0,0,ftp-patator
21,9146811,9,15,103,188,21,0,11.44444444,9.015418891,34,0,12.53333333,14.54975045,31.81436678,2.623865301,397687.4348,1032230.985,3146932,3,6134148,766768.5,1419527.149,3191081,243,9146678,653334.1429,1274087.846,3146932,3,0,0,0,0,296,488,0.983949488,1.639915813,0,34,11.64,12.51958466,156.74,0,0,0,1,0,0,0,0,1,12.125,11.44444444,12.53333333,296,0,0,0,0,0,0,9,103,15,188,29200,227,6,32,0.0,0.0,0,0,0.0,0.0,0,0,ftp-patator
21,9343972,9,15,110,188,26,0,12.22222222,10.02219759,34,0,12.53333333,14.54975045,31.89221886,2.568500847,406259.6522,1056330.366,3290329,3,6266956,783369.5,1451831.393,3334251,3,9343853,667418.0714,1304085.903,3290329,3,0,0,0,0,296,488,0.963187818,1.60531303,0,34,11.92,12.77340988,163.16,0,0,0,1,0,0,0,0,1,12.41666667,12.22222222,12.53333333,296,0,0,0,0,0,0,9,110,15,188,29200,227,6,32,0.0,0.0,0,0,0.0,0.0,0,0,ftp-patator
21,7963858,9,15,112,188,24,0,12.44444444,10.17486009,34,0,12.53333333,14.54975045,37.67018448,3.013614758,346254.6957,900966.2739,2943904,3,5567628,695953.5,1290196.885,2985062,4,7963760,568840.0,1112372.678,2943904,3,0,0,0,0,296,488,1.130105534,1.883509224,0,34,12.0,12.81600562,164.25,0,0,0,1,0,0,0,0,1,12.5,12.44444444,12.53333333,296,0,0,0,0,0,0,9,112,15,188,29200,227,6,32,0.0,0.0,0,0,0.0,0.0,0,0,ftp-patator
21,238,2,1,14,0,14,0,7.0,9.899494937,0,0,0.0,0.0,58823.52941,12605.04202,119.0,52.32590181,156,82,238,238.0,0.0,238,238,0,0.0,0.0,0,0,1,0,0,0,64,20,8403.361345,4201.680672,0,14,7.0,8.082903769,65.33333333,0,1,0,0,1,0,0,0,0,9.333333333,7.0,0.0,64,0,0,0,0,0,0,2,14,1,0,229,0,0,32,0.0,0.0,0,0,0.0,0.0,0,0,ftp-patator
21,9833858,9,15,116,188,30,0,12.88888889,10.97092116,34,0,12.53333333,14.54975045,30.91360481,2.440547748,427559.0435,1126008.001,3665172,3,6304523,788065.375,1487684.217,3707563,227,9833817,702415.5,1392036.003,3665172,3,0,0,0,0,296,488,0.915205406,1.525342343,0,34,12.16,13.0405777,170.0566667,0,0,0,1,0,0,0,0,1,12.66666667,12.88888889,12.53333333,296,0,0,0,0,0,0,9,116,15,188,29200,227,6,32,0.0,0.0,0,0,0.0,0.0,0,0,ftp-patator
21,549,2,1,14,0,14,0,7.0,9.899494937,0,0,0.0,0.0,25500.91075,5464.480874,274.5,266.5792565,463,86,549,549.0,0.0,549,549,0,0.0,0.0,0,0,1,0,0,0,64,20,3642.98725,1821.493625,0,14,7.0,8.082903769,65.33333333,0,1,0,0,1,0,0,0,0,9.333333333,7.0,0.0,64,0,0,0,0,0,0,2,14,1,0,229,0,0,32,0.0,0.0,0,0,0.0,0.0,0,0,ftp-patator
21,8458307,9,15,107,188,26,0,11.88888889,9.726824308,34,0,12.53333333,14.54975045,34.87695587,2.837447257,367752.4783,954000.762,2924669,3,5678438,709804.75,1314374.769,2969349,3,8458180,604155.7143,1177456.107,2924669,3,0,0,0,0,296,488,1.064042722,1.773404536,0,34,11.8,12.69514343,161.1666667,0,0,0,1,0,0,0,0,1,12.29166667,11.88888889,12.53333333,296,0,0,0,0,0,0,9,107,15,188,29200,227,6,32,0.0,0.0,0,0,0.0,0.0,0,0,ftp-patator
21,8639756,9,15,111,188,26,0,12.33333333,10.12422837,34,0,12.53333333,14.54975045,34.60745882,2.777856226,375641.5652,963404.1814,3123721,3,5473240,684155.0,1231643.761,2801133,236,8639613,617115.2143,1187542.666,3123721,3,0,0,0,0,296,488,1.041696085,1.736160142,0,34,11.96,12.80130202,163.8733333,0,0,0,1,0,0,0,0,1,12.45833333,12.33333333,12.53333333,296,0,0,0,0,0,0,9,111,15,188,29200,227,6,32,0.0,0.0,0,0,0.0,0.0,0,0,ftp-patator
21,43,2,0,14,0,14,0,7.0,9.899494937,0,0,0.0,0.0,325581.3953,46511.62791,43.0,0.0,43,43,43,43.0,0.0,43,43,0,0.0,0.0,0,0,1,0,0,0,64,0,46511.62791,0.0,0,14,9.333333333,8.082903769,65.33333333,0,1,0,0,1,0,0,0,0,14.0,7.0,0.0,64,0,0,0,0,0,0,2,14,0,0,229,-1,0,32,0.0,0.0,0,0,0.0,0.0,0,0,ftp-patator
21,4,2,0,14,0,14,0,7.0,9.899494937,0,0,0.0,0.0,3500000.0,500000.0,4.0,0.0,4,4,4,4.0,0.0,4,4,0,0.0,0.0,0,0,1,0,0,0,64,0,500000.0,0.0,0,14,9.333333333,8.082903769,65.33333333,0,1,0,0,1,0,0,0,0,14.0,7.0,0.0,64,0,0,0,0,0,0,2,14,0,0,229,-1,0,32,0.0,0.0,0,0,0.0,0.0,0,0,ftp-patator
21,3,2,0,14,0,14,0,7.0,9.899494937,0,0,0.0,0.0,4666666.667,666666.6667,3.0,0.0,3,3,3,3.0,0.0,3,3,0,0.0,0.0,0,0,1,0,0,0,64,0,666666.6667,0.0,0,14,9.333333333,8.082903769,65.33333333,0,1,0,0,1,0,0,0,0,14.0,7.0,0.0,64,0,0,0,0,0,0,2,14,0,0,229,-1,0,32,0.0,0.0,0,0,0.0,0.0,0,0,ftp-patator
21,224,2,1,14,0,14,0,7.0,9.899494937,0,0,0.0,0.0,62500.0,13392.85714,112.0,50.91168825,148,76,224,224.0,0.0,224,224,0,0.0,0.0,0,0,1,0,0,0,64,20,8928.571429,4464.285714,0,14,7.0,8.082903769,65.33333333,0,1,0,0,1,0,0,0,0,9.333333333,7.0,0.0,64,0,0,0,0,0,0,2,14,1,0,229,0,0,32,0.0,0.0,0,0,0.0,0.0,0,0,ftp-patator
21,249,2,1,14,0,14,0,7.0,9.899494937,0,0,0.0,0.0,56224.8996,12048.19277,124.5,135.0573952,220,29,249,249.0,0.0,249,249,0,0.0,0.0,0,0,1,0,0,0,64,20,8032.128514,4016.064257,0,14,7.0,8.082903769,65.33333333,0,1,0,0,1,0,0,0,0,9.333333333,7.0,0.0,64,0,0,0,0,0,0,2,14,1,0,229,0,0,32,0.0,0.0,0,0,0.0,0.0,0,0,ftp-patator
21,9941465,9,15,118,188,28,0,13.11111111,11.06169567,34,0,12.53333333,14.54975045,30.78017174,2.414131116,432237.6087,1124438.673,3435052,3,6464164,808020.5,1494269.701,3271783,4,9941377,710098.3571,1388243.244,3435052,3,0,0,0,0,296,488,0.905299169,1.508831948,0,34,12.24,13.07121519,170.8566667,0,0,0,1,0,0,0,0,1,12.75,13.11111111,12.53333333,296,0,0,0,0,0,0,9,118,15,188,29200,227,6,32,0.0,0.0,0,0,0.0,0.0,0,0,ftp-patator
21,2,2,0,14,0,14,0,7.0,9.899494937,0,0,0.0,0.0,7000000.0,1000000.0,2.0,0.0,2,2,2,2.0,0.0,2,2,0,0.0,0.0,0,0,1,0,0,0,64,0,1000000.0,0.0,0,14,9.333333333,8.082903769,65.33333333,0,1,0,0,1,0,0,0,0,14.0,7.0,0.0,64,0,0,0,0,0,0,2,14,0,0,229,-1,0,32,0.0,0.0,0,0,0.0,0.0,0,0,ftp-patator
21,258,2,1,14,0,14,0,7.0,9.899494937,0,0,0.0,0.0,54263.56589,11627.90698,129.0,66.46803743,176,82,258,258.0,0.0,258,258,0,0.0,0.0,0,0,1,0,0,0,64,20,7751.937984,3875.968992,0,14,7.0,8.082903769,65.33333333,0,1,0,0,1,0,0,0,0,9.333333333,7.0,0.0,64,0,0,0,0,0,0,2,14,1,0,229,0,0,32,0.0,0.0,0,0,0.0,0.0,0,0,ftp-patator
21,8902781,9,15,103,188,23,0,11.44444444,9.207484878,34,0,12.53333333,14.54975045,32.68641563,2.695786856,387077.4348,1006292.194,3144542,3,5971993,746499.125,1384596.321,3187747,3,8902704,635907.4286,1242288.091,3144542,3,0,0,0,0,296,488,1.010920071,1.684866785,0,34,11.64,12.56609194,157.9066667,0,0,0,1,0,0,0,0,1,12.125,11.44444444,12.53333333,296,0,0,0,0,0,0,9,103,15,188,29200,227,6,32,0.0,0.0,0,0,0.0,0.0,0,0,ftp-patator
21,9035348,9,15,108,188,25,0,12.0,9.733961167,34,0,12.53333333,14.54975045,32.7602213,2.656234159,392841.2174,1026603.22,3412908,1,6168496,771062.0,1439785.963,3455031,218,9035225,645373.2143,1268088.835,3412908,1,0,0,0,0,296,488,0.99608781,1.66014635,0,34,11.84,12.69737506,161.2233333,0,0,0,1,0,0,0,0,1,12.33333333,12.0,12.53333333,296,0,0,0,0,0,0,9,108,15,188,29200,227,6,32,0.0,0.0,0,0,0.0,0.0,0,0,ftp-patator
21,7902937,9,15,109,188,25,0,12.11111111,9.955456349,34,0,12.53333333,14.54975045,37.58096515,3.036845669,343605.9565,890632.7631,2808596,3,5308122,663515.25,1229652.293,2852532,210,7902859,564489.9286,1099145.025,2808596,3,0,0,0,0,296,488,1.138817126,1.898028543,0,34,11.88,12.75512969,162.6933333,0,0,0,1,0,0,0,0,1,12.375,12.11111111,12.53333333,296,0,0,0,0,0,0,9,109,15,188,29200,227,6,32,0.0,0.0,0,0,0.0,0.0,0,0,ftp-patator
21,9100076,9,15,103,188,22,0,11.44444444,9.043106644,34,0,12.53333333,14.54975045,31.97775491,2.637340611,395655.4783,1029589.421,3243349,2,6321585,790198.125,1463138.313,3287515,226,9099974,649998.1429,1271185.605,3243349,2,0,0,0,0,296,488,0.989002729,1.648337882,0,34,11.64,12.52623913,156.9066667,0,0,0,1,0,0,0,0,1,12.125,11.44444444,12.53333333,296,0,0,0,0,0,0,9,103,15,188,29200,227,6,32,0.0,0.0,0,0,0.0,0.0,0,0,ftp-patator
21,209,2,1,14,0,14,0,7.0,9.899494937,0,0,0.0,0.0,66985.64593,14354.06699,104.5,62.93250353,149,60,209,209.0,0.0,209,209,0,0.0,0.0,0,0,1,0,0,0,64,20,9569.37799,4784.688995,0,14,7.0,8.082903769,65.33333333,0,1,0,0,1,0,0,0,0,9.333333333,7.0,0.0,64,0,0,0,0,0,0,2,14,1,0,229,0,0,32,0.0,0.0,0,0,0.0,0.0,0,0,ftp-patator
21,43,2,0,14,0,14,0,7.0,9.899494937,0,0,0.0,0.0,325581.3953,46511.62791,43.0,0.0,43,43,43,43.0,0.0,43,43,0,0.0,0.0,0,0,1,0,0,0,64,0,46511.62791,0.0,0,14,9.333333333,8.082903769,65.33333333,0,1,0,0,1,0,0,0,0,14.0,7.0,0.0,64,0,0,0,0,0,0,2,14,0,0,229,-1,0,32,0.0,0.0,0,0,0.0,0.0,0,0,ftp-patator
21,3,2,0,14,0,14,0,7.0,9.899494937,0,0,0.0,0.0,4666666.667,666666.6667,3.0,0.0,3,3,3,3.0,0.0,3,3,0,0.0,0.0,0,0,1,0,0,0,64,0,666666.6667,0.0,0,14,9.333333333,8.082903769,65.33333333,0,1,0,0,1,0,0,0,0,14.0,7.0,0.0,64,0,0,0,0,0,0,2,14,0,0,229,-1,0,32,0.0,0.0,0,0,0.0,0.0,0,0,ftp-patator
21,3,2,0,14,0,14,0,7.0,9.899494937,0,0,0.0,0.0,4666666.667,666666.6667,3.0,0.0,3,3,3,3.0,0.0,3,3,0,0.0,0.0,0,0,1,0,0,0,64,0,666666.6667,0.0,0,14,9.333333333,8.082903769,65.33333333,0,1,0,0,1,0,0,0,0,14.0,7.0,0.0,64,0,0,0,0,0,0,2,14,0,0,229,-1,0,32,0.0,0.0,0,0,0.0,0.0,0,0,ftp-patator
21,349,2,1,14,0,14,0,7.0,9.899494937,0,0,0.0,0.0,40114.61318,8595.988539,174.5,139.3000359,273,76,349,349.0,0.0,349,349,0,0.0,0.0,0,0,1,0,0,0,64,20,5730.659026,2865.329513,0,14,7.0,8.082903769,65.33333333,0,1,0,0,1,0,0,0,0,9.333333333,7.0,0.0,64,0,0,0,0,0,0,2,14,1,0,229,0,0,32,0.0,0.0,0,0,0.0,0.0,0,0,ftp-patator
21,16,2,0,14,0,14,0,7.0,9.899494937,0,0,0.0,0.0,875000.0,125000.0,16.0,0.0,16,16,16,16.0,0.0,16,16,0,0.0,0.0,0,0,1,0,0,0,64,0,125000.0,0.0,0,14,9.333333333,8.082903769,65.33333333,0,1,0,0,1,0,0,0,0,14.0,7.0,0.0,64,0,0,0,0,0,0,2,14,0,0,229,-1,0,32,0.0,0.0,0,0,0.0,0.0,0,0,ftp-patator
21,8819916,9,15,107,188,24,0,11.88888889,9.571369344,34,0,12.53333333,14.54975045,33.44703056,2.721114351,383474.6087,987535.5891,3195655,4,5837744,729718.0,1333828.563,3239129,197,8819852,629989.4286,1217851.501,3195655,4,0,0,0,0,296,488,1.020417882,1.700696469,0,34,11.8,12.655697,160.1666667,0,0,0,1,0,0,0,0,1,12.29166667,11.88888889,12.53333333,296,0,0,0,0,0,0,9,107,15,188,29200,227,6,32,0.0,0.0,0,0,0.0,0.0,0,0,ftp-patator
21,9255529,9,15,103,188,22,0,11.44444444,9.043106644,34,0,12.53333333,14.54975045,31.44066644,2.593044655,402414.3043,1051306.945,3317606,4,6604511,825563.875,1527124.647,3359456,4,9255440,661102.8571,1298559.237,3317606,48,0,0,0,0,296,488,0.972391746,1.620652909,0,34,11.64,12.52623913,156.9066667,0,0,0,1,0,0,0,0,1,12.125,11.44444444,12.53333333,296,0,0,0,0,0,0,9,103,15,188,29200,227,6,32,0.0,0.0,0,0,0.0,0.0,0,0,ftp-patator
21,8854509,9,15,102,188,22,0,11.33333333,8.94427191,34,0,12.53333333,14.54975045,32.75167488,2.710483438,384978.6522,999175.5159,3103599,3,5706848,713356.0,1317553.023,2973608,220,8854389,632456.3571,1233278.293,3103599,3,0,0,0,0,296,488,1.016431289,1.694052149,0,34,11.6,12.50333289,156.3333333,0,0,0,1,0,0,0,0,1,12.08333333,11.33333333,12.53333333,296,0,0,0,0,0,0,9,102,15,188,29200,227,6,32,0.0,0.0,0,0,0.0,0.0,0,0,ftp-patator
21,8937466,9,15,106,188,28,0,11.77777778,9.871395263,34,0,12.53333333,14.54975045,32.89523004,2.685324901,388585.4783,1014772.891,3264732,3,5880159,735019.875,1373663.074,3307852,3,8937374,638383.8571,1253378.575,3264732,3,0,0,0,0,296,488,1.006996838,1.678328063,0,34,11.76,12.73211163,162.1066667,0,0,0,1,0,0,0,0,1,12.25,11.77777778,12.53333333,296,0,0,0,0,0,0,9,106,15,188,29200,227,6,32,0.0,0.0,0,0,0.0,0.0,0,0,ftp-patator
21,4,2,0,14,0,14,0,7.0,9.899494937,0,0,0.0,0.0,3500000.0,500000.0,4.0,0.0,4,4,4,4.0,0.0,4,4,0,0.0,0.0,0,0,1,0,0,0,64,0,500000.0,0.0,0,14,9.333333333,8.082903769,65.33333333,0,1,0,0,1,0,0,0,0,14.0,7.0,0.0,64,0,0,0,0,0,0,2,14,0,0,229,-1,0,32,0.0,0.0,0,0,0.0,0.0,0,0,ftp-patator
21,9770189,9,15,108,188,23,0,12.0,9.656603958,34,0,12.53333333,14.54975045,30.29624094,2.456451968,424790.8261,1100296.728,3420751,3,6562136,820267.0,1508696.024,3462587,233,9770088,697863.4286,1357788.604,3420751,3,0,0,0,0,296,488,0.921169488,1.53528248,0,34,11.84,12.67767066,160.7233333,0,0,0,1,0,0,0,0,1,12.33333333,12.0,12.53333333,296,0,0,0,0,0,0,9,108,15,188,29200,227,6,32,0.0,0.0,0,0,0.0,0.0,0,0,ftp-patator
21,8508463,9,15,101,188,21,0,11.22222222,8.800252522,34,0,12.53333333,14.54975045,33.96618167,2.820720969,369933.1739,968458.1592,3252692,3,5661712,707714.0,1332637.867,3298788,48,8508301,607735.7857,1196500.06,3252692,3,0,0,0,0,296,488,1.057770363,1.762950606,0,34,11.56,12.47023122,155.5066667,0,0,0,1,0,0,0,0,1,12.04166667,11.22222222,12.53333333,296,0,0,0,0,0,0,9,101,15,188,29200,227,6,32,0.0,0.0,0,0,0.0,0.0,0,0,ftp-patator
21,8676120,9,15,105,188,23,0,11.66666667,9.300537619,34,0,12.53333333,14.54975045,33.7708561,2.766213469,377222.6087,979731.8907,3053538,4,5754455,719306.875,1334950.097,3097877,48,8676030,619716.4286,1209371.763,3053538,4,0,0,0,0,296,488,1.037330051,1.728883418,0,34,11.72,12.58808961,158.46,0,0,0,1,0,0,0,0,1,12.20833333,11.66666667,12.53333333,296,0,0,0,0,0,0,9,105,15,188,29200,227,6,32,0.0,0.0,0,0,0.0,0.0,0,0,ftp-patator
21,257,2,1,14,0,14,0,7.0,9.899494937,0,0,0.0,0.0,54474.70817,11673.15175,128.5,24.74873734,146,111,257,257.0,0.0,257,257,0,0.0,0.0,0,0,1,0,0,0,64,20,7782.101167,3891.050584,0,14,7.0,8.082903769,65.33333333,0,1,0,0,1,0,0,0,0,9.333333333,7.0,0.0,64,0,0,0,0,0,0,2,14,1,0,229,0,0,32,0.0,0.0,0,0,0.0,0.0,0,0,ftp-patator
21,3,2,0,14,0,14,0,7.0,9.899494937,0,0,0.0,0.0,4666666.667,666666.6667,3.0,0.0,3,3,3,3.0,0.0,3,3,0,0.0,0.0,0,0,1,0,0,0,64,0,666666.6667,0.0,0,14,9.333333333,8.082903769,65.33333333,0,1,0,0,1,0,0,0,0,14.0,7.0,0.0,64,0,0,0,0,0,0,2,14,0,0,229,-1,0,32,0.0,0.0,0,0,0.0,0.0,0,0,ftp-patator
21,9785473,9,15,113,188,24,0,12.55555556,10.3091114,34,0,12.53333333,14.54975045,30.75988253,2.452615218,425455.3478,1110221.204,3709240,1,6488026,811003.25,1510211.57,3752434,1,9785362,698954.4286,1371160.548,3709240,1,0,0,0,0,296,488,0.919730707,1.532884512,0,34,12.04,12.85327455,165.2066667,0,0,0,1,0,0,0,0,1,12.54166667,12.55555556,12.53333333,296,0,0,0,0,0,0,9,113,15,188,29200,227,6,32,0.0,0.0,0,0,0.0,0.0,0,0,ftp-patator
21,4,2,0,14,0,14,0,7.0,9.899494937,0,0,0.0,0.0,3500000.0,500000.0,4.0,0.0,4,4,4,4.0,0.0,4,4,0,0.0,0.0,0,0,1,0,0,0,64,0,500000.0,0.0,0,14,9.333333333,8.082903769,65.33333333,0,1,0,0,1,0,0,0,0,14.0,7.0,0.0,64,0,0,0,0,0,0,2,14,0,0,229,-1,0,32,0.0,0.0,0,0,0.0,0.0,0,0,ftp-patator
21,8547392,9,15,95,188,19,0,10.55555556,8.11035004,34,0,12.53333333,14.54975045,33.10951457,2.807874028,371625.7391,966719.4438,3104744,3,5400706,675088.25,1248454.671,2736835,48,8547297,610521.2143,1193517.495,3104744,3,0,0,0,0,296,488,1.05295276,1.754921267,0,34,11.32,12.32450134,151.8933333,0,0,0,1,0,0,0,0,1,11.79166667,10.55555556,12.53333333,296,0,0,0,0,0,0,9,95,15,188,29200,227,6,32,0.0,0.0,0,0,0.0,0.0,0,0,ftp-patator
21,9578987,9,15,132,188,38,0,14.66666667,13.78404875,34,0,12.53333333,14.54975045,33.40645519,2.505484139,416477.6957,1093163.477,3700742,3,6420527,802565.875,1511638.49,3748443,3,9578924,684208.8571,1350946.934,3700742,3,0,0,0,0,296,488,0.939556552,1.565927587,0,38,12.8,13.96424004,195.0,0,0,0,1,0,0,0,0,1,13.33333333,14.66666667,12.53333333,296,0,0,0,0,0,0,9,132,15,188,29200,227,6,32,0.0,0.0,0,0,0.0,0.0,0,0,ftp-patator
21,7991173,9,15,115,188,27,0,12.77777778,10.65103021,34,0,12.53333333,14.54975045,37.91683649,3.003313781,347442.3043,904505.8558,2950327,3,5581972,697746.5,1294827.774,2993103,228,7991086,570791.8571,1116803.457,2950327,3,0,0,0,0,296,488,1.126242668,1.877071113,0,34,12.12,12.94964607,167.6933333,0,0,0,1,0,0,0,0,1,12.625,12.77777778,12.53333333,296,0,0,0,0,0,0,9,115,15,188,29200,227,6,32,0.0,0.0,0,0,0.0,0.0,0,0,ftp-patator
21,9270754,9,15,100,188,20,0,11.11111111,8.666666667,34,0,12.53333333,14.54975045,31.06543438,2.588786198,403076.2609,1048300.513,3219553,2,6459489,807436.125,1492672.202,3263923,4,9270614,662186.7143,1294207.719,3219553,2,0,0,0,0,296,488,0.970794824,1.617991374,0,34,11.52,12.44025723,154.76,0,0,0,1,0,0,0,0,1,12.0,11.11111111,12.53333333,296,0,0,0,0,0,0,9,100,15,188,29200,227,6,32,0.0,0.0,0,0,0.0,0.0,0,0,ftp-patator
21,209,2,1,14,0,14,0,7.0,9.899494937,0,0,0.0,0.0,66985.64593,14354.06699,104.5,34.64823228,129,80,209,209.0,0.0,209,209,0,0.0,0.0,0,0,1,0,0,0,64,20,9569.37799,4784.688995,0,14,7.0,8.082903769,65.33333333,0,1,0,0,1,0,0,0,0,9.333333333,7.0,0.0,64,0,0,0,0,0,0,2,14,1,0,229,0,0,32,0.0,0.0,0,0,0.0,0.0,0,0,ftp-patator
21,232,2,1,14,0,14,0,7.0,9.899494937,0,0,0.0,0.0,60344.82759,12931.03448,116.0,41.01219331,145,87,232,232.0,0.0,232,232,0,0.0,0.0,0,0,1,0,0,0,64,20,8620.689655,4310.344828,0,14,7.0,8.082903769,65.33333333,0,1,0,0,1,0,0,0,0,9.333333333,7.0,0.0,64,0,0,0,0,0,0,2,14,1,0,229,0,0,32,0.0,0.0,0,0,0.0,0.0,0,0,ftp-patator
21,68,2,0,14,0,14,0,7.0,9.899494937,0,0,0.0,0.0,205882.3529,29411.76471,68.0,0.0,68,68,68,68.0,0.0,68,68,0,0.0,0.0,0,0,1,0,0,0,64,0,29411.76471,0.0,0,14,9.333333333,8.082903769,65.33333333,0,1,0,0,1,0,0,0,0,14.0,7.0,0.0,64,0,0,0,0,0,0,2,14,0,0,229,-1,0,32,0.0,0.0,0,0,0.0,0.0,0,0,ftp-patator
21,9012180,9,15,110,188,24,0,12.22222222,9.934507761,34,0,12.53333333,14.54975045,33.0663613,2.663062655,391833.913,1017352.064,3144758,3,5825344,728168.0,1346832.475,3033857,3,9012112,643722.2857,1255764.42,3144758,3,0,0,0,0,296,488,0.998648496,1.66441416,0,34,11.92,12.75055554,162.5766667,0,0,0,1,0,0,0,0,1,12.41666667,12.22222222,12.53333333,296,0,0,0,0,0,0,9,110,15,188,29200,227,6,32,0.0,0.0,0,0,0.0,0.0,0,0,ftp-patator
21,7989983,9,15,99,188,23,0,11.0,8.717797887,34,0,12.53333333,14.54975045,35.9199763,3.003761084,347390.5652,902095.1551,2868022,3,5081870,635233.75,1173943.38,2557029,3,7989928,570709.1429,1113517.532,2868022,4,0,0,0,0,296,488,1.126410407,1.877350678,0,34,11.48,12.45364739,155.0933333,0,0,0,1,0,0,0,0,1,11.95833333,11.0,12.53333333,296,0,0,0,0,0,0,9,99,15,188,29200,227,6,32,0.0,0.0,0,0,0.0,0.0,0,0,ftp-patator
21,8558871,9,15,109,188,23,0,12.11111111,9.790868762,34,0,12.53333333,14.54975045,34.70083846,2.804108159,372124.8261,940852.0395,2888779,3,5808592,726074.0,1285745.711,2931066,4,8558815,611343.9286,1157830.094,2888779,3,0,0,0,0,296,488,1.051540559,1.752567599,0,34,11.88,12.71259218,161.61,0,0,0,1,0,0,0,0,1,12.375,12.11111111,12.53333333,296,0,0,0,0,0,0,9,109,15,188,29200,227,6,32,0.0,0.0,0,0,0.0,0.0,0,0,ftp-patator
21,259,2,1,14,0,14,0,7.0,9.899494937,0,0,0.0,0.0,54054.05405,11583.01158,129.5,74.24621202,182,77,259,259.0,0.0,259,259,0,0.0,0.0,0,0,1,0,0,0,64,20,7722.007722,3861.003861,0,14,7.0,8.082903769,65.33333333,0,1,0,0,1,0,0,0,0,9.333333333,7.0,0.0,64,0,0,0,0,0,0,2,14,1,0,229,0,0,32,0.0,0.0,0,0,0.0,0.0,0,0,ftp-patator
21,222,2,1,14,0,14,0,7.0,9.899494937,0,0,0.0,0.0,63063.06306,13513.51351,111.0,36.76955262,137,85,222,222.0,0.0,222,222,0,0.0,0.0,0,0,1,0,0,0,64,20,9009.009009,4504.504505,0,14,7.0,8.082903769,65.33333333,0,1,0,0,1,0,0,0,0,9.333333333,7.0,0.0,64,0,0,0,0,0,0,2,14,1,0,229,0,0,32,0.0,0.0,0,0,0.0,0.0,0,0,ftp-patator
21,248,2,1,14,0,14,0,7.0,9.899494937,0,0,0.0,0.0,56451.6129,12096.77419,124.0,57.98275606,165,83,248,248.0,0.0,248,248,0,0.0,0.0,0,0,1,0,0,0,64,20,8064.516129,4032.258065,0,14,7.0,8.082903769,65.33333333,0,1,0,0,1,0,0,0,0,9.333333333,7.0,0.0,64,0,0,0,0,0,0,2,14,1,0,229,0,0,32,0.0,0.0,0,0,0.0,0.0,0,0,ftp-patator
21,9833428,9,15,101,188,22,0,11.22222222,8.913161305,34,0,12.53333333,14.54975045,29.38954757,2.44065447,427540.3478,1113109.026,3506648,2,6656617,832077.125,1543527.607,3550045,2,9833290,702377.8571,1374378.785,3506648,3,0,0,0,0,296,488,0.915245426,1.525409044,0,34,11.56,12.49693296,156.1733333,0,0,0,1,0,0,0,0,1,12.04166667,11.22222222,12.53333333,296,0,0,0,0,0,0,9,101,15,188,29200,227,6,32,0.0,0.0,0,0,0.0,0.0,0,0,ftp-patator
21,9085788,9,15,110,188,26,0,12.22222222,10.02219759,34,0,12.53333333,14.54975045,32.79847604,2.641488003,395034.2609,1007832.96,3213170,3,6384002,798000.25,1428398.752,3255309,3,9085728,648980.5714,1241562.217,3213170,3,0,0,0,0,296,488,0.990558001,1.650930002,0,34,11.92,12.77340988,163.16,0,0,0,1,0,0,0,0,1,12.41666667,12.22222222,12.53333333,296,0,0,0,0,0,0,9,110,15,188,29200,227,6,32,0.0,0.0,0,0,0.0,0.0,0,0,ftp-patator
21,8592275,9,15,108,188,27,0,12.0,9.912113801,34,0,12.53333333,14.54975045,34.44954916,2.793206689,373577.1739,972845.2514,3163634,3,5992631,749078.875,1389928.581,3208133,3,8592158,613725.5714,1201224.382,3163634,3,0,0,0,0,296,488,1.047452508,1.74575418,0,34,11.84,12.7432335,162.39,0,0,0,1,0,0,0,0,1,12.33333333,12.0,12.53333333,296,0,0,0,0,0,0,9,108,15,188,29200,227,6,32,0.0,0.0,0,0,0.0,0.0,0,0,ftp-patator
21,9880532,9,15,102,188,24,0,11.33333333,9.055385138,34,0,12.53333333,14.54975045,29.3506463,2.429019004,429588.3478,1126864.125,3741493,3,7129688,891211.0,1651744.408,3786052,4,9880448,705746.2857,1392499.652,3741493,3,0,0,0,0,296,488,0.910882127,1.518136878,0,34,11.6,12.52996409,157.0,0,0,0,1,0,0,0,0,1,12.08333333,11.33333333,12.53333333,296,0,0,0,0,0,0,9,102,15,188,29200,227,6,32,0.0,0.0,0,0,0.0,0.0,0,0,ftp-patator
21,246,2,1,14,0,14,0,7.0,9.899494937,0,0,0.0,0.0,56910.56911,12195.12195,123.0,50.91168825,159,87,246,246.0,0.0,246,246,0,0.0,0.0,0,0,1,0,0,0,64,20,8130.081301,4065.04065,0,14,7.0,8.082903769,65.33333333,0,1,0,0,1,0,0,0,0,9.333333333,7.0,0.0,64,0,0,0,0,0,0,2,14,1,0,229,0,0,32,0.0,0.0,0,0,0.0,0.0,0,0,ftp-patator
21,3,2,0,14,0,14,0,7.0,9.899494937,0,0,0.0,0.0,4666666.667,666666.6667,3.0,0.0,3,3,3,3.0,0.0,3,3,0,0.0,0.0,0,0,1,0,0,0,64,0,666666.6667,0.0,0,14,9.333333333,8.082903769,65.33333333,0,1,0,0,1,0,0,0,0,14.0,7.0,0.0,64,0,0,0,0,0,0,2,14,0,0,229,-1,0,32,0.0,0.0,0,0,0.0,0.0,0,0,ftp-patator
21,9352121,9,15,101,188,23,0,11.22222222,8.941165721,34,0,12.53333333,14.54975045,30.90208093,2.566262776,406613.9565,1060889.048,3456015,3,6556118,819514.75,1519886.357,3500551,47,9351968,667997.7143,1310209.899,3456015,3,0,0,0,0,296,488,0.962348541,1.603914235,0,34,11.56,12.50359948,156.34,0,0,0,1,0,0,0,0,1,12.04166667,11.22222222,12.53333333,296,0,0,0,0,0,0,9,101,15,188,29200,227,6,32,0.0,0.0,0,0,0.0,0.0,0,0,ftp-patator
21,9322474,9,15,101,188,22,0,11.22222222,8.828615092,34,0,12.53333333,14.54975045,31.00035463,2.574423914,405324.9565,1043594.858,3312533,1,6420390,802548.75,1460724.068,3355848,218,9322415,665886.7857,1286953.427,3312533,2,0,0,0,0,296,488,0.965408968,1.609014946,0,34,11.56,12.47691201,155.6733333,0,0,0,1,0,0,0,0,1,12.04166667,11.22222222,12.53333333,296,0,0,0,0,0,0,9,101,15,188,29200,227,6,32,0.0,0.0,0,0,0.0,0.0,0,0,ftp-patator
21,4,2,0,14,0,14,0,7.0,9.899494937,0,0,0.0,0.0,3500000.0,500000.0,4.0,0.0,4,4,4,4.0,0.0,4,4,0,0.0,0.0,0,0,1,0,0,0,64,0,500000.0,0.0,0,14,9.333333333,8.082903769,65.33333333,0,1,0,0,1,0,0,0,0,14.0,7.0,0.0,64,0,0,0,0,0,0,2,14,0,0,229,-1,0,32,0.0,0.0,0,0,0.0,0.0,0,0,ftp-patator
21,3,2,0,14,0,14,0,7.0,9.899494937,0,0,0.0,0.0,4666666.667,666666.6667,3.0,0.0,3,3,3,3.0,0.0,3,3,0,0.0,0.0,0,0,1,0,0,0,64,0,666666.6667,0.0,0,14,9.333333333,8.082903769,65.33333333,0,1,0,0,1,0,0,0,0,14.0,7.0,0.0,64,0,0,0,0,0,0,2,14,0,0,229,-1,0,32,0.0,0.0,0,0,0.0,0.0,0,0,ftp-patator
21,8904169,9,15,108,188,26,0,12.0,9.797958971,34,0,12.53333333,14.54975045,33.24285512,2.695366631,387137.7826,1011813.917,3434483,3,5425487,678185.875,1252274.488,3128684,3,8904079,636005.6429,1249841.36,3434483,4,0,0,0,0,296,488,1.010762487,1.684604144,0,34,11.84,12.71377206,161.64,0,0,0,1,0,0,0,0,1,12.33333333,12.0,12.53333333,296,0,0,0,0,0,0,9,108,15,188,29200,227,6,32,0.0,0.0,0,0,0.0,0.0,0,0,ftp-patator
21,8414591,9,15,109,188,25,0,12.11111111,9.841804261,34,0,12.53333333,14.54975045,35.29583315,2.852188538,365851.7826,947335.0803,3003448,3,5543232,692904.0,1279485.703,3047820,218,8414532,601038.0,1168990.477,3003448,3,0,0,0,0,296,488,1.069570702,1.782617836,0,34,11.88,12.72569579,161.9433333,0,0,0,1,0,0,0,0,1,12.375,12.11111111,12.53333333,296,0,0,0,0,0,0,9,109,15,188,29200,227,6,32,0.0,0.0,0,0,0.0,0.0,0,0,ftp-patator
21,224,2,1,14,0,14,0,7.0,9.899494937,0,0,0.0,0.0,62500.0,13392.85714,112.0,32.52691193,135,89,224,224.0,0.0,224,224,0,0.0,0.0,0,0,1,0,0,0,64,20,8928.571429,4464.285714,0,14,7.0,8.082903769,65.33333333,0,1,0,0,1,0,0,0,0,9.333333333,7.0,0.0,64,0,0,0,0,0,0,2,14,1,0,229,0,0,32,0.0,0.0,0,0,0.0,0.0,0,0,ftp-patator
21,44,2,0,14,0,14,0,7.0,9.899494937,0,0,0.0,0.0,318181.8182,45454.54545,44.0,0.0,44,44,44,44.0,0.0,44,44,0,0.0,0.0,0,0,1,0,0,0,64,0,45454.54545,0.0,0,14,9.333333333,8.082903769,65.33333333,0,1,0,0,1,0,0,0,0,14.0,7.0,0.0,64,0,0,0,0,0,0,2,14,0,0,229,-1,0,32,0.0,0.0,0,0,0.0,0.0,0,0,ftp-patator
21,8848474,9,15,107,188,24,0,11.88888889,9.597453366,34,0,12.53333333,14.54975045,33.33908197,2.712332093,384716.2609,1009880.691,3444707,1,5361647,670205.875,1243885.981,2882514,3,8848394,632028.1429,1248037.289,3444707,1,0,0,0,0,296,488,1.017124535,1.695207558,0,34,11.8,12.66227994,160.3333333,0,0,0,1,0,0,0,0,1,12.29166667,11.88888889,12.53333333,296,0,0,0,0,0,0,9,107,15,188,29200,227,6,32,0.0,0.0,0,0,0.0,0.0,0,0,ftp-patator
21,9467574,9,15,123,188,37,0,13.66666667,12.55985669,34,0,12.53333333,14.54975045,32.84896426,2.534968303,411633.6522,1073041.809,3360860,3,6232766,779095.75,1449409.238,3404550,219,9467482,676248.7143,1325087.869,3360860,3,0,0,0,0,296,488,0.950613114,1.58435519,0,37,12.44,13.53107535,183.09,0,0,0,1,0,0,0,0,1,12.95833333,13.66666667,12.53333333,296,0,0,0,0,0,0,9,123,15,188,29200,227,6,32,0.0,0.0,0,0,0.0,0.0,0,0,ftp-patator
21,277,2,1,14,0,14,0,7.0,9.899494937,0,0,0.0,0.0,50541.51625,10830.32491,138.5,81.31727984,196,81,277,277.0,0.0,277,277,0,0.0,0.0,0,0,1,0,0,0,64,20,7220.216606,3610.108303,0,14,7.0,8.082903769,65.33333333,0,1,0,0,1,0,0,0,0,9.333333333,7.0,0.0,64,0,0,0,0,0,0,2,14,1,0,229,0,0,32,0.0,0.0,0,0,0.0,0.0,0,0,ftp-patator
21,8860664,9,15,104,188,23,0,11.55555556,9.275116052,34,0,12.53333333,14.54975045,32.95464087,2.70860062,385246.2609,972965.525,3134392,4,5683335,710416.875,1244738.573,2902817,4,8860577,632898.3571,1197200.945,3134392,4,0,0,0,0,296,488,1.015725232,1.692875387,0,34,11.68,12.58213019,158.31,0,0,0,1,0,0,0,0,1,12.16666667,11.55555556,12.53333333,296,0,0,0,0,0,0,9,104,15,188,29200,227,6,32,0.0,0.0,0,0,0.0,0.0,0,0,ftp-patator
21,231,2,1,14,0,14,0,7.0,9.899494937,0,0,0.0,0.0,60606.06061,12987.01299,115.5,133.6431816,210,21,231,231.0,0.0,231,231,0,0.0,0.0,0,0,1,0,0,0,64,20,8658.008658,4329.004329,0,14,7.0,8.082903769,65.33333333,0,1,0,0,1,0,0,0,0,9.333333333,7.0,0.0,64,0,0,0,0,0,0,2,14,1,0,229,0,0,32,0.0,0.0,0,0,0.0,0.0,0,0,ftp-patator
21,4,2,0,14,0,14,0,7.0,9.899494937,0,0,0.0,0.0,3500000.0,500000.0,4.0,0.0,4,4,4,4.0,0.0,4,4,0,0.0,0.0,0,0,1,0,0,0,64,0,500000.0,0.0,0,14,9.333333333,8.082903769,65.33333333,0,1,0,0,1,0,0,0,0,14.0,7.0,0.0,64,0,0,0,0,0,0,2,14,0,0,229,-1,0,32,0.0,0.0,0,0,0.0,0.0,0,0,ftp-patator
21,196,2,1,14,0,14,0,7.0,9.899494937,0,0,0.0,0.0,71428.57143,15306.12245,98.0,82.02438662,156,40,196,196.0,0.0,196,196,0,0.0,0.0,0,0,1,0,0,0,64,20,10204.08163,5102.040816,0,14,7.0,8.082903769,65.33333333,0,1,0,0,1,0,0,0,0,9.333333333,7.0,0.0,64,0,0,0,0,0,0,2,14,1,0,229,0,0,32,0.0,0.0,0,0,0.0,0.0,0,0,ftp-patator
21,229,2,1,14,0,14,0,7.0,9.899494937,0,0,0.0,0.0,61135.37118,13100.43668,114.5,40.30508653,143,86,229,229.0,0.0,229,229,0,0.0,0.0,0,0,1,0,0,0,64,20,8733.624454,4366.812227,0,14,7.0,8.082903769,65.33333333,0,1,0,0,1,0,0,0,0,9.333333333,7.0,0.0,64,0,0,0,0,0,0,2,14,1,0,229,0,0,32,0.0,0.0,0,0,0.0,0.0,0,0,ftp-patator
21,8635522,9,15,120,188,33,0,13.33333333,11.80042372,34,0,12.53333333,14.54975045,35.6666337,2.779218211,375457.4783,976977.1305,3160424,2,5954947,744368.375,1380996.795,3202894,2,8635428,616816.2857,1206227.208,3160424,3,0,0,0,0,296,488,1.042206829,1.737011382,0,34,12.32,13.29072358,176.6433333,0,0,0,1,0,0,0,0,1,12.83333333,13.33333333,12.53333333,296,0,0,0,0,0,0,9,120,15,188,29200,227,6,32,0.0,0.0,0,0,0.0,0.0,0,0,ftp-patator
21,8559889,9,15,100,188,23,0,11.11111111,8.795516535,34,0,12.53333333,14.54975045,33.6452961,2.803774675,372169.087,945223.1156,2883466,3,5920157,740019.625,1319985.743,2926448,233,8559849,611417.7857,1163822.193,2883466,3,0,0,0,0,296,488,1.051415503,1.752359172,0,34,11.52,12.47036487,155.51,0,0,0,1,0,0,0,0,1,12.0,11.11111111,12.53333333,296,0,0,0,0,0,0,9,100,15,188,29200,227,6,32,0.0,0.0,0,0,0.0,0.0,0,0,ftp-patator
21,8514760,9,15,106,188,24,0,11.77777778,9.510228412,34,0,12.53333333,14.54975045,34.52827795,2.818634935,370206.9565,969514.1447,3268458,3,5717451,714681.375,1343507.045,3311230,249,8514606,608186.1429,1197851.18,3268458,3,0,0,0,0,296,488,1.056988101,1.761646834,0,34,11.76,12.64014768,159.7733333,0,0,0,1,0,0,0,0,1,12.25,11.77777778,12.53333333,296,0,0,0,0,0,0,9,106,15,188,29200,227,6,32,0.0,0.0,0,0,0.0,0.0,0,0,ftp-patator
21,277,2,1,14,0,14,0,7.0,9.899494937,0,0,0.0,0.0,50541.51625,10830.32491,138.5,67.17514421,186,91,277,277.0,0.0,277,277,0,0.0,0.0,0,0,1,0,0,0,64,20,7220.216606,3610.108303,0,14,7.0,8.082903769,65.33333333,0,1,0,0,1,0,0,0,0,9.333333333,7.0,0.0,64,0,0,0,0,0,0,2,14,1,0,229,0,0,32,0.0,0.0,0,0,0.0,0.0,0,0,ftp-patator
21,46,2,0,14,0,14,0,7.0,9.899494937,0,0,0.0,0.0,304347.8261,43478.26087,46.0,0.0,46,46,46,46.0,0.0,46,46,0,0.0,0.0,0,0,1,0,0,0,64,0,43478.26087,0.0,0,14,9.333333333,8.082903769,65.33333333,0,1,0,0,1,0,0,0,0,14.0,7.0,0.0,64,0,0,0,0,0,0,2,14,0,0,229,-1,0,32,0.0,0.0,0,0,0.0,0.0,0,0,ftp-patator
21,236,2,1,14,0,14,0,7.0,9.899494937,0,0,0.0,0.0,59322.0339,12711.86441,118.0,48.08326112,152,84,236,236.0,0.0,236,236,0,0.0,0.0,0,0,1,0,0,0,64,20,8474.576271,4237.288136,0,14,7.0,8.082903769,65.33333333,0,1,0,0,1,0,0,0,0,9.333333333,7.0,0.0,64,0,0,0,0,0,0,2,14,1,0,229,0,0,32,0.0,0.0,0,0,0.0,0.0,0,0,ftp-patator
21,3,2,0,14,0,14,0,7.0,9.899494937,0,0,0.0,0.0,4666666.667,666666.6667,3.0,0.0,3,3,3,3.0,0.0,3,3,0,0.0,0.0,0,0,1,0,0,0,64,0,666666.6667,0.0,0,14,9.333333333,8.082903769,65.33333333,0,1,0,0,1,0,0,0,0,14.0,7.0,0.0,64,0,0,0,0,0,0,2,14,0,0,229,-1,0,32,0.0,0.0,0,0,0.0,0.0,0,0,ftp-patator
21,9114495,9,15,103,188,21,0,11.44444444,9.02927338,34,0,12.53333333,14.54975045,31.92716656,2.633168376,396282.3913,1028353.02,3128849,3,6117086,764635.75,1413481.704,3173321,3,9114393,651028.0714,1269268.777,3128849,3,0,0,0,0,296,488,0.987438141,1.645730235,0,34,11.64,12.52291233,156.8233333,0,0,0,1,0,0,0,0,1,12.125,11.44444444,12.53333333,296,0,0,0,0,0,0,9,103,15,188,29200,227,6,32,0.0,0.0,0,0,0.0,0.0,0,0,ftp-patator
21,228,2,1,14,0,14,0,7.0,9.899494937,0,0,0.0,0.0,61403.50877,13157.89474,114.0,62.22539674,158,70,228,228.0,0.0,228,228,0,0.0,0.0,0,0,1,0,0,0,64,20,8771.929825,4385.964912,0,14,7.0,8.082903769,65.33333333,0,1,0,0,1,0,0,0,0,9.333333333,7.0,0.0,64,0,0,0,0,0,0,2,14,1,0,229,0,0,32,0.0,0.0,0,0,0.0,0.0,0,0,ftp-patator
21,19,2,0,14,0,14,0,7.0,9.899494937,0,0,0.0,0.0,736842.1053,105263.1579,19.0,0.0,19,19,19,19.0,0.0,19,19,0,0.0,0.0,0,0,1,0,0,0,64,0,105263.1579,0.0,0,14,9.333333333,8.082903769,65.33333333,0,1,0,0,1,0,0,0,0,14.0,7.0,0.0,64,0,0,0,0,0,0,2,14,0,0,229,-1,0,32,0.0,0.0,0,0,0.0,0.0,0,0,ftp-patator
21,8790929,9,15,111,188,23,0,12.33333333,10.03742995,34,0,12.53333333,14.54975045,34.01233248,2.730086888,382214.3043,994954.2194,3215836,37,6115188,764398.5,1417230.552,3259305,247,8790844,627917.4286,1228469.912,3215836,48,0,0,0,0,296,488,1.023782583,1.706304305,0,34,11.96,12.77849756,163.29,0,0,0,1,0,0,0,0,1,12.45833333,12.33333333,12.53333333,296,0,0,0,0,0,0,9,111,15,188,29200,227,6,32,0.0,0.0,0,0,0.0,0.0,0,0,ftp-patator
21,8182853,9,15,106,188,24,0,11.77777778,9.470715097,34,0,12.53333333,14.54975045,35.92878914,2.932962379,355776.2174,916681.7087,2915890,3,5225357,653169.625,1190568.919,2607171,3,8182806,584486.1429,1130537.851,2915890,3,0,0,0,0,296,488,1.099860892,1.833101487,0,34,11.76,12.63025468,159.5233333,0,0,0,1,0,0,0,0,1,12.25,11.77777778,12.53333333,296,0,0,0,0,0,0,9,106,15,188,29200,227,6,32,0.0,0.0,0,0,0.0,0.0,0,0,ftp-patator
21,1,2,0,14,0,14,0,7.0,9.899494937,0,0,0.0,0.0,14000000.0,2000000.0,1.0,0.0,1,1,1,1.0,0.0,1,1,0,0.0,0.0,0,0,1,0,0,0,64,0,2000000.0,0.0,0,14,9.333333333,8.082903769,65.33333333,0,1,0,0,1,0,0,0,0,14.0,7.0,0.0,64,0,0,0,0,0,0,2,14,0,0,229,-1,0,32,0.0,0.0,0,0,0.0,0.0,0,0,ftp-patator
21,2,2,0,14,0,14,0,7.0,9.899494937,0,0,0.0,0.0,7000000.0,1000000.0,2.0,0.0,2,2,2,2.0,0.0,2,2,0,0.0,0.0,0,0,1,0,0,0,64,0,1000000.0,0.0,0,14,9.333333333,8.082903769,65.33333333,0,1,0,0,1,0,0,0,0,14.0,7.0,0.0,64,0,0,0,0,0,0,2,14,0,0,229,-1,0,32,0.0,0.0,0,0,0.0,0.0,0,0,ftp-patator
