Destination Port,Flow Duration,Total Fwd Packets,Total Backward Packets,Total Length of Fwd Packets,Total Length of Bwd Packets,Fwd Packet Length Max,Fwd Packet Length Min,Fwd Packet Length Mean,Fwd Packet Length Std,Bwd Packet Length Max,Bwd Packet Length Min,Bwd Packet Length Mean,Bwd Packet Length Std,Flow Bytes/s,Flow Packets/s,Flow IAT Mean,Flow IAT Std,Flow IAT Max,Flow IAT Min,Fwd IAT Total,Fwd IAT Mean,Fwd IAT Std,Fwd IAT Max,Fwd IAT Min,Bwd IAT Total,Bwd IAT Mean,Bwd IAT Std,Bwd IAT Max,Bwd IAT Min,Fwd PSH Flags,Bwd PSH Flags,Fwd URG Flags,Bwd URG Flags,Fwd Header Length,Bwd Header Length,Fwd Packets/s,Bwd Packets/s,Min Packet Length,Max Packet Length,Packet Length Mean,Packet Length Std,Packet Length Variance,FIN Flag Count,SYN Flag Count,RST Flag Count,PSH Flag Count,ACK Flag Count,URG Flag Count,CWE Flag Count,ECE Flag Count,Down/Up Ratio,Average Packet Size,Avg Fwd Segment Size,Avg Bwd Segment Size,Fwd Header Length.1,Fwd Avg Bytes/Bulk,Fwd Avg Packets/Bulk,Fwd Avg Bulk Rate,Bwd Avg Bytes/Bulk,Bwd Avg Packets/Bulk,Bwd Avg Bulk Rate,Subflow Fwd Packets,Subflow Fwd Bytes,Subflow Bwd Packets,Subflow Bwd Bytes,Init_Win_bytes_forward,Init_Win_bytes_backward,act_data_pkt_fwd,min_seg_size_forward,Active Mean,Active Std,Active Max,Active Min,Idle Mean,Idle Std,Idle Max,Idle Min,Label
22,12109530,21,32,2008,2745,640,0,95.61904762,140.0451628,976,0,85.78125,220.240592,392.5007824,4.376718172,232875.5769,644357.3709,2720332,3,10600000,531971.75,953008.3058,2764698,375,12100000,390625.9032,801403.4039,2720332,3,0,0,0,0,680,1032,1.734171351,2.642546821,0,976,88.01851852,189.5902723,35944.47135,0,0,0,1,0,0,0,0,1,89.67924528,95.61904762,85.78125,680,0,0,0,0,0,0,21,2008,32,2745,29200,247,16,32,0.0,0.0,0,0,0.0,0.0,0,0,ssh-patator
22,12500031,21,32,2008,2745,640,0,95.61904762,140.0451628,976,0,85.78125,220.240592,380.239057,4.239989485,240385.2115,654394.4118,2438519,1,10300000,516476.35,920996.4244,2501315,494,12500000,403222.0323,812574.6708,2438519,1,0,0,0,0,680,1032,1.679995834,2.559993651,0,976,88.01851852,189.5902723,35944.47135,0,0,0,1,0,0,0,0,1,89.67924528,95.61904762,85.78125,680,0,0,0,0,0,0,21,2008,32,2745,29200,247,16,32,0.0,0.0,0,0,0.0,0.0,0,0,ssh-patator
22,12271678,21,32,2008,2745,640,0,95.61904762,140.0451628,976,0,85.78125,220.240592,387.3145954,4.318887767,235993.8077,642111.0909,2560238,3,10100000,505937.15,900419.4786,2608355,374,12300000,395857.4194,797258.1893,2560238,3,0,0,0,0,680,1032,1.711257417,2.60763035,0,976,88.01851852,189.5902723,35944.47135,0,0,0,1,0,0,0,0,1,89.67924528,95.61904762,85.78125,680,0,0,0,0,0,0,21,2008,32,2745,29200,247,16,32,0.0,0.0,0,0,0.0,0.0,0,0,ssh-patator
22,13558366,21,32,2008,2745,640,0,95.61904762,140.0451628,976,0,85.78125,220.240592,350.558467,3.909025616,260737.8077,706092.5628,2595496,4,11300000,567013.25,1004278.307,2664917,347,13600000,437362.3226,876257.8001,2595496,4,0,0,0,0,680,1032,1.548859206,2.360166409,0,976,88.01851852,189.5902723,35944.47135,0,0,0,1,0,0,0,0,1,89.67924528,95.61904762,85.78125,680,0,0,0,0,0,0,21,2008,32,2745,29200,247,16,32,0.0,0.0,0,0,0.0,0.0,0,0,ssh-patator
22,13439071,21,32,2008,2745,640,0,95.61904762,140.0451628,976,0,85.78125,220.240592,353.6702797,3.943724979,258443.6731,697308.5468,2531250,3,11300000,566320.95,997202.1614,2601421,474,13400000,433514.4516,865025.3203,2531250,3,0,0,0,0,680,1032,1.562608011,2.381116969,0,976,88.01851852,189.5902723,35944.47135,0,0,0,1,0,0,0,0,1,89.67924528,95.61904762,85.78125,680,0,0,0,0,0,0,21,2008,32,2745,29200,247,16,32,0.0,0.0,0,0,0.0,0.0,0,0,ssh-patator
22,101,1,1,0,0,0,0,0.0,0.0,0,0,0.0,0.0,0.0,19801.9802,101.0,0.0,101,101,0,0.0,0.0,0,0,0,0.0,0.0,0,0,0,0,0,0,32,32,9900.990099,9900.990099,0,0,0.0,0.0,0.0,0,0,0,0,1,1,0,0,1,0.0,0.0,0.0,32,0,0,0,0,0,0,1,0,1,0,259,247,0,32,0.0,0.0,0,0,0.0,0.0,0,0,ssh-patator
22,80,1,1,0,0,0,0,0.0,0.0,0,0,0.0,0.0,0.0,25000.0,80.0,0.0,80,80,0,0.0,0.0,0,0,0,0.0,0.0,0,0,0,0,0,0,32,32,12500.0,12500.0,0,0,0.0,0.0,0.0,0,0,0,0,1,1,0,0,1,0.0,0.0,0.0,32,0,0,0,0,0,0,1,0,1,0,259,247,0,32,0.0,0.0,0,0,0.0,0.0,0,0,ssh-patator
22,11972453,21,32,2008,2745,640,0,95.61904762,140.0451628,976,0,85.78125,220.240592,396.9946677,4.426828821,230239.4808,623181.9843,2241179,3,9747731,487386.55,861819.1714,2300932,942,12000000,386204.0968,773362.4722,2241179,3,0,0,0,0,680,1032,1.754026514,2.672802307,0,976,88.01851852,189.5902723,35944.47135,0,0,0,1,0,0,0,0,1,89.67924528,95.61904762,85.78125,680,0,0,0,0,0,0,21,2008,32,2745,29200,247,16,32,0.0,0.0,0,0,0.0,0.0,0,0,ssh-patator
22,115,1,1,0,0,0,0,0.0,0.0,0,0,0.0,0.0,0.0,17391.30435,115.0,0.0,115,115,0,0.0,0.0,0,0,0,0.0,0.0,0,0,0,0,0,0,32,32,8695.652174,8695.652174,0,0,0.0,0.0,0.0,0,0,0,0,1,1,0,0,1,0.0,0.0,0.0,32,0,0,0,0,0,0,1,0,1,0,259,247,0,32,0.0,0.0,0,0,0.0,0.0,0,0,ssh-patator
22,52,1,1,0,0,0,0,0.0,0.0,0,0,0.0,0.0,0.0,38461.53846,52.0,0.0,52,52,0,0.0,0.0,0,0,0,0.0,0.0,0,0,0,0,0,0,32,32,19230.76923,19230.76923,0,0,0.0,0.0,0.0,0,0,0,0,1,1,0,0,1,0.0,0.0,0.0,32,0,0,0,0,0,0,1,0,1,0,259,247,0,32,0.0,0.0,0,0,0.0,0.0,0,0,ssh-patator
22,11931014,21,32,2008,2745,640,0,95.61904762,140.0451628,976,0,85.78125,220.240592,398.3735163,4.442204158,229442.5769,623949.2336,2272355,3,10600000,529030.45,937655.4161,2348117,559,11900000,384866.871,774668.7434,2272355,3,0,0,0,0,680,1032,1.760118629,2.682085529,0,976,88.01851852,189.5902723,35944.47135,0,0,0,1,0,0,0,0,1,89.67924528,95.61904762,85.78125,680,0,0,0,0,0,0,21,2008,32,2745,29200,247,16,32,0.0,0.0,0,0,0.0,0.0,0,0,ssh-patator
22,77,1,1,0,0,0,0,0.0,0.0,0,0,0.0,0.0,0.0,25974.02597,77.0,0.0,77,77,0,0.0,0.0,0,0,0,0.0,0.0,0,0,0,0,0,0,32,32,12987.01299,12987.01299,0,0,0.0,0.0,0.0,0,0,0,0,1,1,0,0,1,0.0,0.0,0.0,32,0,0,0,0,0,0,1,0,1,0,259,247,0,32,0.0,0.0,0,0,0.0,0.0,0,0,ssh-patator
22,81,1,1,0,0,0,0,0.0,0.0,0,0,0.0,0.0,0.0,24691.35802,81.0,0.0,81,81,0,0.0,0.0,0,0,0,0.0,0.0,0,0,0,0,0,0,32,32,12345.67901,12345.67901,0,0,0.0,0.0,0.0,0,0,0,0,1,1,0,0,1,0.0,0.0,0.0,32,0,0,0,0,0,0,1,0,1,0,259,247,0,32,0.0,0.0,0,0,0.0,0.0,0,0,ssh-patator
22,13295997,19,31,2008,2745,640,0,105.6842105,143.7671932,976,0,88.5483871,223.315,357.4760133,3.760530331,271346.8776,711360.7907,2599800,3,11100000,616277.7778,1017558.004,2665250,337,13300000,443196.3667,871136.7729,2599800,3,0,0,0,0,616,1000,1.429001526,2.331528805,0,976,93.19607843,193.9302988,37608.96078,0,0,0,1,0,0,0,0,1,95.06,105.6842105,88.5483871,616,0,0,0,0,0,0,19,2008,31,2745,29200,247,16,32,0.0,0.0,0,0,0.0,0.0,0,0,ssh-patator
22,80,1,1,0,0,0,0,0.0,0.0,0,0,0.0,0.0,0.0,25000.0,80.0,0.0,80,80,0,0.0,0.0,0,0,0,0.0,0.0,0,0,0,0,0,0,32,32,12500.0,12500.0,0,0,0.0,0.0,0.0,0,0,0,0,1,1,0,0,1,0.0,0.0,0.0,32,0,0,0,0,0,0,1,0,1,0,259,247,0,32,0.0,0.0,0,0,0.0,0.0,0,0,ssh-patator
22,48,1,1,0,0,0,0,0.0,0.0,0,0,0.0,0.0,0.0,41666.66667,48.0,0.0,48,48,0,0.0,0.0,0,0,0,0.0,0.0,0,0,0,0,0,0,32,32,20833.33333,20833.33333,0,0,0.0,0.0,0.0,0,0,0,0,1,1,0,0,1,0.0,0.0,0.0,32,0,0,0,0,0,0,1,0,1,0,259,247,0,32,0.0,0.0,0,0,0.0,0.0,0,0,ssh-patator
22,13226804,21,32,2008,2745,640,0,95.61904762,140.0451628,976,0,85.78125,220.240592,359.3460673,4.007014847,254361.6154,685313.7274,2263922,3,11000000,552454.35,967768.3513,2306180,300,13200000,426666.871,850020.9514,2263922,3,0,0,0,0,680,1032,1.587685128,2.419329719,0,976,88.01851852,189.5902723,35944.47135,0,0,0,1,0,0,0,0,1,89.67924528,95.61904762,85.78125,680,0,0,0,0,0,0,21,2008,32,2745,29200,247,16,32,0.0,0.0,0,0,0.0,0.0,0,0,ssh-patator
22,11653032,22,33,2008,2745,640,0,91.27272727,138.1821372,976,0,83.18181818,217.2857356,407.8766796,4.719801679,215796.8889,593211.2041,2310103,4,9298777,442798.9048,796448.3363,2302992,63,11700000,364152.8125,739051.6097,2310103,4,0,0,0,0,712,1064,1.887920672,2.831881007,0,976,84.875,186.8396554,34909.05682,0,0,0,1,0,0,0,0,1,86.41818182,91.27272727,83.18181818,712,0,0,0,0,0,0,22,2008,33,2745,29200,247,16,32,0.0,0.0,0,0,0.0,0.0,0,0,ssh-patator
22,64,1,1,0,0,0,0,0.0,0.0,0,0,0.0,0.0,0.0,31250.0,64.0,0.0,64,64,0,0.0,0.0,0,0,0,0.0,0.0,0,0,0,0,0,0,32,32,15625.0,15625.0,0,0,0.0,0.0,0.0,0,0,0,0,1,1,0,0,1,0.0,0.0,0.0,32,0,0,0,0,0,0,1,0,1,0,259,247,0,32,0.0,0.0,0,0,0.0,0.0,0,0,ssh-patator
22,77,1,1,0,0,0,0,0.0,0.0,0,0,0.0,0.0,0.0,25974.02597,77.0,0.0,77,77,0,0.0,0.0,0,0,0,0.0,0.0,0,0,0,0,0,0,32,32,12987.01299,12987.01299,0,0,0.0,0.0,0.0,0,0,0,0,1,1,0,0,1,0.0,0.0,0.0,32,0,0,0,0,0,0,1,0,1,0,259,247,0,32,0.0,0.0,0,0,0.0,0.0,0,0,ssh-patator
22,44,1,1,0,0,0,0,0.0,0.0,0,0,0.0,0.0,0.0,45454.54545,44.0,0.0,44,44,0,0.0,0.0,0,0,0,0.0,0.0,0,0,0,0,0,0,32,32,22727.27273,22727.27273,0,0,0.0,0.0,0.0,0,0,0,0,1,1,0,0,1,0.0,0.0,0.0,32,0,0,0,0,0,0,1,0,1,0,259,247,0,32,0.0,0.0,0,0,0.0,0.0,0,0,ssh-patator
22,12043872,23,32,2008,2745,640,0,87.30434783,136.3399611,976,0,85.78125,220.240592,394.6405276,4.566637706,223034.6667,609211.8904,2168017,4,10000000,454790.0909,846216.4094,2210228,316,12000000,388508.3548,767703.373,2168017,4,0,0,0,0,744,1032,1.909684859,2.656952847,0,976,84.875,186.8396554,34909.05682,0,0,0,1,0,0,0,0,1,86.41818182,87.30434783,85.78125,744,0,0,0,0,0,0,23,2008,32,2745,29200,247,16,32,0.0,0.0,0,0,0.0,0.0,0,0,ssh-patator
22,67,1,1,0,0,0,0,0.0,0.0,0,0,0.0,0.0,0.0,29850.74627,67.0,0.0,67,67,0,0.0,0.0,0,0,0,0.0,0.0,0,0,0,0,0,0,32,32,14925.37313,14925.37313,0,0,0.0,0.0,0.0,0,0,0,0,1,1,0,0,1,0.0,0.0,0.0,32,0,0,0,0,0,0,1,0,1,0,259,247,0,32,0.0,0.0,0,0,0.0,0.0,0,0,ssh-patator
22,13288189,22,32,2008,2745,640,0,91.27272727,138.1821372,976,0,85.78125,220.240592,357.6860624,4.063759177,250720.5472,677384.5917,2306492,3,11100000,527947.7619,947901.5345,2365930,590,13300000,428646.9677,846631.1389,2306492,3,0,0,0,0,712,1032,1.655605591,2.408153587,0,976,86.41818182,188.2012015,35419.69226,0,0,0,1,0,0,0,0,1,88.01851852,91.27272727,85.78125,712,0,0,0,0,0,0,22,2008,32,2745,29200,247,16,32,0.0,0.0,0,0,0.0,0.0,0,0,ssh-patator
22,96,1,1,0,0,0,0,0.0,0.0,0,0,0.0,0.0,0.0,20833.33333,96.0,0.0,96,96,0,0.0,0.0,0,0,0,0.0,0.0,0,0,0,0,0,0,32,32,10416.66667,10416.66667,0,0,0.0,0.0,0.0,0,0,0,0,1,1,0,0,1,0.0,0.0,0.0,32,0,0,0,0,0,0,1,0,1,0,259,247,0,32,0.0,0.0,0,0,0.0,0.0,0,0,ssh-patator
22,45,1,1,0,0,0,0,0.0,0.0,0,0,0.0,0.0,0.0,44444.44444,45.0,0.0,45,45,0,0.0,0.0,0,0,0,0.0,0.0,0,0,0,0,0,0,32,32,22222.22222,22222.22222,0,0,0.0,0.0,0.0,0,0,0,0,1,1,0,0,1,0.0,0.0,0.0,32,0,0,0,0,0,0,1,0,1,0,259,247,0,32,0.0,0.0,0,0,0.0,0.0,0,0,ssh-patator
22,11823588,21,32,2008,2745,640,0,95.61904762,140.0451628,976,0,85.78125,220.240592,401.9930329,4.482564853,227376.6923,616809.0656,2420338,4,9811940,490597.0,873970.7316,2483373,319,11800000,381402.0968,765607.5877,2420338,4,0,0,0,0,680,1032,1.776110602,2.706454251,0,976,88.01851852,189.5902723,35944.47135,0,0,0,1,0,0,0,0,1,89.67924528,95.61904762,85.78125,680,0,0,0,0,0,0,21,2008,32,2745,29200,247,16,32,0.0,0.0,0,0,0.0,0.0,0,0,ssh-patator
22,14413179,20,33,2008,2745,640,0,100.4,141.9141327,976,0,83.18181818,217.2857356,329.7676384,3.67719016,277176.5192,742269.084,2487433,4,11900000,625495.5263,1054124.033,2501346,501,14400000,450409.3125,908883.1095,2487433,4,0,0,0,0,648,1064,1.387618928,2.289571232,0,976,88.01851852,189.5902723,35944.47135,0,0,0,1,0,0,0,0,1,89.67924528,100.4,83.18181818,648,0,0,0,0,0,0,20,2008,33,2745,29200,247,16,32,0.0,0.0,0,0,0.0,0.0,0,0,ssh-patator
22,12635662,22,32,2008,2745,640,0,91.27272727,138.1821372,976,0,85.78125,220.240592,376.1575769,4.273618588,238408.717,649857.7427,2460126,3,10100000,482596.2857,869970.7619,2272630,336,12600000,407600.0,812957.6934,2460126,3,0,0,0,0,712,1032,1.741103869,2.532514719,0,976,86.41818182,188.2012015,35419.69226,0,0,0,1,0,0,0,0,1,88.01851852,91.27272727,85.78125,712,0,0,0,0,0,0,22,2008,32,2745,29200,247,16,32,0.0,0.0,0,0,0.0,0.0,0,0,ssh-patator
22,71,1,1,0,0,0,0,0.0,0.0,0,0,0.0,0.0,0.0,28169.01408,71.0,0.0,71,71,0,0.0,0.0,0,0,0,0.0,0.0,0,0,0,0,0,0,32,32,14084.50704,14084.50704,0,0,0.0,0.0,0.0,0,0,0,0,1,1,0,0,1,0.0,0.0,0.0,32,0,0,0,0,0,0,1,0,1,0,259,247,0,32,0.0,0.0,0,0,0.0,0.0,0,0,ssh-patator
22,73,1,1,0,0,0,0,0.0,0.0,0,0,0.0,0.0,0.0,27397.26027,73.0,0.0,73,73,0,0.0,0.0,0,0,0,0.0,0.0,0,0,0,0,0,0,32,32,13698.63014,13698.63014,0,0,0.0,0.0,0.0,0,0,0,0,1,1,0,0,1,0.0,0.0,0.0,32,0,0,0,0,0,0,1,0,1,0,259,247,0,32,0.0,0.0,0,0,0.0,0.0,0,0,ssh-patator
22,11978311,21,32,2008,2745,640,0,95.61904762,140.0451628,976,0,85.78125,220.240592,396.8005172,4.424663878,230352.1346,617757.6279,2276250,3,9895668,494783.4,869707.0148,2330905,939,12000000,386392.9677,765907.0124,2276250,3,0,0,0,0,680,1032,1.753168706,2.671495172,0,976,88.01851852,189.5902723,35944.47135,0,0,0,1,0,0,0,0,1,89.67924528,95.61904762,85.78125,680,0,0,0,0,0,0,21,2008,32,2745,29200,247,16,32,0.0,0.0,0,0,0.0,0.0,0,0,ssh-patator
22,75,1,1,0,0,0,0,0.0,0.0,0,0,0.0,0.0,0.0,26666.66667,75.0,0.0,75,75,0,0.0,0.0,0,0,0,0.0,0.0,0,0,0,0,0,0,32,32,13333.33333,13333.33333,0,0,0.0,0.0,0.0,0,0,0,0,1,1,0,0,1,0.0,0.0,0.0,32,0,0,0,0,0,0,1,0,1,0,259,247,0,32,0.0,0.0,0,0,0.0,0.0,0,0,ssh-patator
22,11605345,21,32,2008,2745,640,0,95.61904762,140.0451628,976,0,85.78125,220.240592,409.5526673,4.566861218,223179.7115,607600.0522,2460210,3,9944631,497231.55,886506.0175,2517038,502,11600000,374361.7419,754462.8889,2460210,3,0,0,0,0,680,1032,1.809511049,2.757350169,0,976,88.01851852,189.5902723,35944.47135,0,0,0,1,0,0,0,0,1,89.67924528,95.61904762,85.78125,680,0,0,0,0,0,0,21,2008,32,2745,29200,247,16,32,0.0,0.0,0,0,0.0,0.0,0,0,ssh-patator
22,31,1,1,0,0,0,0,0.0,0.0,0,0,0.0,0.0,0.0,64516.12903,31.0,0.0,31,31,0,0.0,0.0,0,0,0,0.0,0.0,0,0,0,0,0,0,32,32,32258.06452,32258.06452,0,0,0.0,0.0,0.0,0,0,0,0,1,1,0,0,1,0.0,0.0,0.0,32,0,0,0,0,0,0,1,0,1,0,259,247,0,32,0.0,0.0,0,0,0.0,0.0,0,0,ssh-patator
22,49,1,1,0,0,0,0,0.0,0.0,0,0,0.0,0.0,0.0,40816.32653,49.0,0.0,49,49,0,0.0,0.0,0,0,0,0.0,0.0,0,0,0,0,0,0,32,32,20408.16327,20408.16327,0,0,0.0,0.0,0.0,0,0,0,0,1,1,0,0,1,0.0,0.0,0.0,32,0,0,0,0,0,0,1,0,1,0,259,247,0,32,0.0,0.0,0,0,0.0,0.0,0,0,ssh-patator
22,73,1,1,0,0,0,0,0.0,0.0,0,0,0.0,0.0,0.0,27397.26027,73.0,0.0,73,73,0,0.0,0.0,0,0,0,0.0,0.0,0,0,0,0,0,0,32,32,13698.63014,13698.63014,0,0,0.0,0.0,0.0,0,0,0,0,1,1,0,0,1,0.0,0.0,0.0,32,0,0,0,0,0,0,1,0,1,0,259,247,0,32,0.0,0.0,0,0,0.0,0.0,0,0,ssh-patator
22,10725743,21,32,2008,2745,640,0,95.61904762,140.0451628,976,0,85.78125,220.240592,443.1394636,4.941382616,206264.2885,554239.818,1964393,4,9154718,457735.9,804122.702,2009863,272,10700000,345989.6129,687275.3921,1964393,4,0,0,0,0,680,1032,1.957906319,2.983476296,0,976,88.01851852,189.5902723,35944.47135,0,0,0,1,0,0,0,0,1,89.67924528,95.61904762,85.78125,680,0,0,0,0,0,0,21,2008,32,2745,29200,247,16,32,0.0,0.0,0,0,0.0,0.0,0,0,ssh-patator
22,100,1,1,0,0,0,0,0.0,0.0,0,0,0.0,0.0,0.0,20000.0,100.0,0.0,100,100,0,0.0,0.0,0,0,0,0.0,0.0,0,0,0,0,0,0,32,32,10000.0,10000.0,0,0,0.0,0.0,0.0,0,0,0,0,1,1,0,0,1,0.0,0.0,0.0,32,0,0,0,0,0,0,1,0,1,0,259,247,0,32,0.0,0.0,0,0,0.0,0.0,0,0,ssh-patator
22,105,1,1,0,0,0,0,0.0,0.0,0,0,0.0,0.0,0.0,19047.61905,105.0,0.0,105,105,0,0.0,0.0,0,0,0,0.0,0.0,0,0,0,0,0,0,32,32,9523.809524,9523.809524,0,0,0.0,0.0,0.0,0,0,0,0,1,1,0,0,1,0.0,0.0,0.0,32,0,0,0,0,0,0,1,0,1,0,259,247,0,32,0.0,0.0,0,0,0.0,0.0,0,0,ssh-patator
22,108,1,1,0,0,0,0,0.0,0.0,0,0,0.0,0.0,0.0,18518.51852,108.0,0.0,108,108,0,0.0,0.0,0,0,0,0.0,0.0,0,0,0,0,0,0,32,32,9259.259259,9259.259259,0,0,0.0,0.0,0.0,0,0,0,0,1,1,0,0,1,0.0,0.0,0.0,32,0,0,0,0,0,0,1,0,1,0,259,247,0,32,0.0,0.0,0,0,0.0,0.0,0,0,ssh-patator
22,78,1,1,0,0,0,0,0.0,0.0,0,0,0.0,0.0,0.0,25641.02564,78.0,0.0,78,78,0,0.0,0.0,0,0,0,0.0,0.0,0,0,0,0,0,0,32,32,12820.51282,12820.51282,0,0,0.0,0.0,0.0,0,0,0,0,1,1,0,0,1,0.0,0.0,0.0,32,0,0,0,0,0,0,1,0,1,0,259,247,0,32,0.0,0.0,0,0,0.0,0.0,0,0,ssh-patator
22,51,1,1,0,0,0,0,0.0,0.0,0,0,0.0,0.0,0.0,39215.68627,51.0,0.0,51,51,0,0.0,0.0,0,0,0,0.0,0.0,0,0,0,0,0,0,32,32,19607.84314,19607.84314,0,0,0.0,0.0,0.0,0,0,0,0,1,1,0,0,1,0.0,0.0,0.0,32,0,0,0,0,0,0,1,0,1,0,259,247,0,32,0.0,0.0,0,0,0.0,0.0,0,0,ssh-patator
22,13633323,21,32,2008,2745,640,0,95.61904762,140.0451628,976,0,85.78125,220.240592,348.6310711,3.887533509,262179.2885,705416.5642,2448282,4,11100000,557212.65,975642.6902,2404313,273,13600000,439780.6774,874842.8465,2448282,4,0,0,0,0,680,1032,1.540343466,2.347190043,0,976,88.01851852,189.5902723,35944.47135,0,0,0,1,0,0,0,0,1,89.67924528,95.61904762,85.78125,680,0,0,0,0,0,0,21,2008,32,2745,29200,247,16,32,0.0,0.0,0,0,0.0,0.0,0,0,ssh-patator
22,80,1,1,0,0,0,0,0.0,0.0,0,0,0.0,0.0,0.0,25000.0,80.0,0.0,80,80,0,0.0,0.0,0,0,0,0.0,0.0,0,0,0,0,0,0,32,32,12500.0,12500.0,0,0,0.0,0.0,0.0,0,0,0,0,1,1,0,0,1,0.0,0.0,0.0,32,0,0,0,0,0,0,1,0,1,0,259,247,0,32,0.0,0.0,0,0,0.0,0.0,0,0,ssh-patator
22,80,1,1,0,0,0,0,0.0,0.0,0,0,0.0,0.0,0.0,25000.0,80.0,0.0,80,80,0,0.0,0.0,0,0,0,0.0,0.0,0,0,0,0,0,0,32,32,12500.0,12500.0,0,0,0.0,0.0,0.0,0,0,0,0,1,1,0,0,1,0.0,0.0,0.0,32,0,0,0,0,0,0,1,0,1,0,259,247,0,32,0.0,0.0,0,0,0.0,0.0,0,0,ssh-patator
22,74,1,1,0,0,0,0,0.0,0.0,0,0,0.0,0.0,0.0,27027.02703,74.0,0.0,74,74,0,0.0,0.0,0,0,0,0.0,0.0,0,0,0,0,0,0,32,32,13513.51351,13513.51351,0,0,0.0,0.0,0.0,0,0,0,0,1,1,0,0,1,0.0,0.0,0.0,32,0,0,0,0,0,0,1,0,1,0,259,247,0,32,0.0,0.0,0,0,0.0,0.0,0,0,ssh-patator
22,10242721,21,32,2008,2745,640,0,95.61904762,140.0451628,976,0,85.78125,220.240592,464.0368511,5.174406293,196975.4038,526810.2561,2044244,4,8155195,407759.75,713404.0202,1882483,481,10200000,330408.7097,652937.495,2044244,4,0,0,0,0,680,1032,2.050236456,3.124169837,0,976,88.01851852,189.5902723,35944.47135,0,0,0,1,0,0,0,0,1,89.67924528,95.61904762,85.78125,680,0,0,0,0,0,0,21,2008,32,2745,29200,247,16,32,0.0,0.0,0,0,0.0,0.0,0,0,ssh-patator
22,64,1,1,0,0,0,0,0.0,0.0,0,0,0.0,0.0,0.0,31250.0,64.0,0.0,64,64,0,0.0,0.0,0,0,0,0.0,0.0,0,0,0,0,0,0,32,32,15625.0,15625.0,0,0,0.0,0.0,0.0,0,0,0,0,1,1,0,0,1,0.0,0.0,0.0,32,0,0,0,0,0,0,1,0,1,0,259,247,0,32,0.0,0.0,0,0,0.0,0.0,0,0,ssh-patator
22,80,1,1,0,0,0,0,0.0,0.0,0,0,0.0,0.0,0.0,25000.0,80.0,0.0,80,80,0,0.0,0.0,0,0,0,0.0,0.0,0,0,0,0,0,0,32,32,12500.0,12500.0,0,0,0.0,0.0,0.0,0,0,0,0,1,1,0,0,1,0.0,0.0,0.0,32,0,0,0,0,0,0,1,0,1,0,259,247,0,32,0.0,0.0,0,0,0.0,0.0,0,0,ssh-patator
22,13047050,22,32,2008,2745,640,0,91.27272727,138.1821372,976,0,85.78125,220.240592,364.29691,4.13886664,246170.7547,668884.3466,2376166,3,11500000,546285.2857,977533.1705,2445975,3,13000000,420868.6774,836667.5414,2376166,3,0,0,0,0,712,1032,1.686204928,2.452661713,0,976,86.41818182,188.2012015,35419.69226,0,0,0,1,0,0,0,0,1,88.01851852,91.27272727,85.78125,712,0,0,0,0,0,0,22,2008,32,2745,29200,247,16,32,0.0,0.0,0,0,0.0,0.0,0,0,ssh-patator
22,79,1,1,0,0,0,0,0.0,0.0,0,0,0.0,0.0,0.0,25316.4557,79.0,0.0,79,79,0,0.0,0.0,0,0,0,0.0,0.0,0,0,0,0,0,0,32,32,12658.22785,12658.22785,0,0,0.0,0.0,0.0,0,0,0,0,1,1,0,0,1,0.0,0.0,0.0,32,0,0,0,0,0,0,1,0,1,0,259,247,0,32,0.0,0.0,0,0,0.0,0.0,0,0,ssh-patator
22,11685867,22,33,2008,2745,640,0,91.27272727,138.1821372,976,0,83.18181818,217.2857356,406.730626,4.70653996,216404.9444,593797.8452,2452181,3,9769470,465212.8571,840653.1634,2501822,3,11700000,365181.7813,739613.5218,2452181,3,0,0,0,0,712,1064,1.882615984,2.823923976,0,976,84.875,186.8396554,34909.05682,0,0,0,1,0,0,0,0,1,86.41818182,91.27272727,83.18181818,712,0,0,0,0,0,0,22,2008,33,2745,29200,247,16,32,0.0,0.0,0,0,0.0,0.0,0,0,ssh-patator
22,114,1,1,0,0,0,0,0.0,0.0,0,0,0.0,0.0,0.0,17543.85965,114.0,0.0,114,114,0,0.0,0.0,0,0,0,0.0,0.0,0,0,0,0,0,0,32,32,8771.929825,8771.929825,0,0,0.0,0.0,0.0,0,0,0,0,1,1,0,0,1,0.0,0.0,0.0,32,0,0,0,0,0,0,1,0,1,0,259,247,0,32,0.0,0.0,0,0,0.0,0.0,0,0,ssh-patator
22,92,1,1,0,0,0,0,0.0,0.0,0,0,0.0,0.0,0.0,21739.13043,92.0,0.0,92,92,0,0.0,0.0,0,0,0,0.0,0.0,0,0,0,0,0,0,32,32,10869.56522,10869.56522,0,0,0.0,0.0,0.0,0,0,0,0,1,1,0,0,1,0.0,0.0,0.0,32,0,0,0,0,0,0,1,0,1,0,259,247,0,32,0.0,0.0,0,0,0.0,0.0,0,0,ssh-patator
22,60,1,1,0,0,0,0,0.0,0.0,0,0,0.0,0.0,0.0,33333.33333,60.0,0.0,60,60,0,0.0,0.0,0,0,0,0.0,0.0,0,0,0,0,0,0,32,32,16666.66667,16666.66667,0,0,0.0,0.0,0.0,0,0,0,0,1,1,0,0,1,0.0,0.0,0.0,32,0,0,0,0,0,0,1,0,1,0,259,247,0,32,0.0,0.0,0,0,0.0,0.0,0,0,ssh-patator
22,516,3,1,24,0,24,0,8.0,13.85640646,0,0,0.0,0.0,46511.62791,7751.937984,172.0,259.8384113,472,18,516,258.0,339.411255,498,18,0,0.0,0.0,0,0,1,0,0,0,96,20,5813.953488,1937.984496,0,24,9.6,13.14534138,172.8,0,1,0,0,1,0,0,0,0,12.0,8.0,0.0,96,0,0,0,0,0,0,3,24,1,0,229,0,0,32,0.0,0.0,0,0,0.0,0.0,0,0,ssh-patator
22,101,1,1,0,0,0,0,0.0,0.0,0,0,0.0,0.0,0.0,19801.9802,101.0,0.0,101,101,0,0.0,0.0,0,0,0,0.0,0.0,0,0,0,0,0,0,32,32,9900.990099,9900.990099,0,0,0.0,0.0,0.0,0,0,0,0,1,1,0,0,1,0.0,0.0,0.0,32,0,0,0,0,0,0,1,0,1,0,259,247,0,32,0.0,0.0,0,0,0.0,0.0,0,0,ssh-patator
22,83,1,1,0,0,0,0,0.0,0.0,0,0,0.0,0.0,0.0,24096.38554,83.0,0.0,83,83,0,0.0,0.0,0,0,0,0.0,0.0,0,0,0,0,0,0,32,32,12048.19277,12048.19277,0,0,0.0,0.0,0.0,0,0,0,0,1,1,0,0,1,0.0,0.0,0.0,32,0,0,0,0,0,0,1,0,1,0,259,247,0,32,0.0,0.0,0,0,0.0,0.0,0,0,ssh-patator
22,74,1,1,0,0,0,0,0.0,0.0,0,0,0.0,0.0,0.0,27027.02703,74.0,0.0,74,74,0,0.0,0.0,0,0,0,0.0,0.0,0,0,0,0,0,0,32,32,13513.51351,13513.51351,0,0,0.0,0.0,0.0,0,0,0,0,1,1,0,0,1,0.0,0.0,0.0,32,0,0,0,0,0,0,1,0,1,0,259,247,0,32,0.0,0.0,0,0,0.0,0.0,0,0,ssh-patator
22,12701800,19,33,2008,2745,640,0,105.6842105,143.7671932,976,0,83.18181818,217.2857356,374.1989324,4.09390795,249054.902,666657.8029,2452392,4,10700000,594258.8333,986849.6013,2522424,487,12700000,396929.6563,810134.077,2452392,4,0,0,0,0,616,1064,1.495850982,2.598056968,0,976,89.67924528,191.0076291,36483.91437,0,0,0,1,0,0,0,0,1,91.40384615,105.6842105,83.18181818,616,0,0,0,0,0,0,19,2008,33,2745,29200,247,16,32,0.0,0.0,0,0,0.0,0.0,0,0,ssh-patator
22,11717115,21,32,2008,2745,640,0,95.61904762,140.0451628,976,0,85.78125,220.240592,405.6459291,4.523297757,225329.1346,610792.4827,2415333,3,9898512,494925.6,878099.8453,2475243,311,11700000,377965.8387,758085.2106,2415333,3,0,0,0,0,680,1032,1.792250055,2.731047702,0,976,88.01851852,189.5902723,35944.47135,0,0,0,1,0,0,0,0,1,89.67924528,95.61904762,85.78125,680,0,0,0,0,0,0,21,2008,32,2745,29200,247,16,32,0.0,0.0,0,0,0.0,0.0,0,0,ssh-patator
22,101,1,1,0,0,0,0,0.0,0.0,0,0,0.0,0.0,0.0,19801.9802,101.0,0.0,101,101,0,0.0,0.0,0,0,0,0.0,0.0,0,0,0,0,0,0,32,32,9900.990099,9900.990099,0,0,0.0,0.0,0.0,0,0,0,0,1,1,0,0,1,0.0,0.0,0.0,32,0,0,0,0,0,0,1,0,1,0,259,247,0,32,0.0,0.0,0,0,0.0,0.0,0,0,ssh-patator
22,11759740,21,32,2008,2745,640,0,95.61904762,140.0451628,976,0,85.78125,220.240592,404.1756025,4.506902363,226148.8462,613718.3713,2402650,18,10300000,512954.85,902874.2073,2461246,242,11800000,379344.7742,761801.8101,2402650,18,0,0,0,0,680,1032,1.785753767,2.721148597,0,976,88.01851852,189.5902723,35944.47135,0,0,0,1,0,0,0,0,1,89.67924528,95.61904762,85.78125,680,0,0,0,0,0,0,21,2008,32,2745,29200,247,16,32,0.0,0.0,0,0,0.0,0.0,0,0,ssh-patator
22,47,1,1,0,0,0,0,0.0,0.0,0,0,0.0,0.0,0.0,42553.19149,47.0,0.0,47,47,0,0.0,0.0,0,0,0,0.0,0.0,0,0,0,0,0,0,32,32,21276.59574,21276.59574,0,0,0.0,0.0,0.0,0,0,0,0,1,1,0,0,1,0.0,0.0,0.0,32,0,0,0,0,0,0,1,0,1,0,259,247,0,32,0.0,0.0,0,0,0.0,0.0,0,0,ssh-patator
22,12257561,21,32,2008,2745,640,0,95.61904762,140.0451628,976,0,85.78125,220.240592,387.7606646,4.323861819,235722.3269,644966.1539,2288233,3,10200000,511954.6,921094.4681,2332426,308,12300000,395401.4839,801252.5448,2288233,3,0,0,0,0,680,1032,1.713228268,2.610633551,0,976,88.01851852,189.5902723,35944.47135,0,0,0,1,0,0,0,0,1,89.67924528,95.61904762,85.78125,680,0,0,0,0,0,0,21,2008,32,2745,29200,247,16,32,0.0,0.0,0,0,0.0,0.0,0,0,ssh-patator
22,79,1,1,0,0,0,0,0.0,0.0,0,0,0.0,0.0,0.0,25316.4557,79.0,0.0,79,79,0,0.0,0.0,0,0,0,0.0,0.0,0,0,0,0,0,0,32,32,12658.22785,12658.22785,0,0,0.0,0.0,0.0,0,0,0,0,1,1,0,0,1,0.0,0.0,0.0,32,0,0,0,0,0,0,1,0,1,0,259,247,0,32,0.0,0.0,0,0,0.0,0.0,0,0,ssh-patator
22,11076036,21,32,2024,2745,640,0,96.38095238,140.1821944,976,0,85.78125,220.240592,430.5692036,4.785105429,213000.6923,573653.6741,2124431,4,9178370,458918.5,813652.7452,2185325,460,11100000,357287.5806,711513.4969,2124431,4,0,0,0,0,680,1032,1.89598517,2.889120259,0,976,88.31481481,189.6409541,35963.69147,0,0,0,1,0,0,0,0,1,89.98113208,96.38095238,85.78125,680,0,0,0,0,0,0,21,2024,32,2745,29200,257,16,32,0.0,0.0,0,0,0.0,0.0,0,0,ssh-patator
22,58,1,1,0,0,0,0,0.0,0.0,0,0,0.0,0.0,0.0,34482.75862,58.0,0.0,58,58,0,0.0,0.0,0,0,0,0.0,0.0,0,0,0,0,0,0,32,32,17241.37931,17241.37931,0,0,0.0,0.0,0.0,0,0,0,0,1,1,0,0,1,0.0,0.0,0.0,32,0,0,0,0,0,0,1,0,1,0,259,247,0,32,0.0,0.0,0,0,0.0,0.0,0,0,ssh-patator
22,12822185,19,31,2008,2745,640,0,105.6842105,143.7671932,976,0,88.5483871,223.315,370.6856515,3.899491389,261677.2449,685857.6708,2416335,4,10400000,575763.7778,944241.5569,2314999,390,12800000,427401.7,839891.6239,2416335,4,0,0,0,0,616,1000,1.481806728,2.417684661,0,976,93.19607843,193.9302988,37608.96078,0,0,0,1,0,0,0,0,1,95.06,105.6842105,88.5483871,616,0,0,0,0,0,0,19,2008,31,2745,29200,247,16,32,0.0,0.0,0,0,0.0,0.0,0,0,ssh-patator
22,94,1,1,0,0,0,0,0.0,0.0,0,0,0.0,0.0,0.0,21276.59574,94.0,0.0,94,94,0,0.0,0.0,0,0,0,0.0,0.0,0,0,0,0,0,0,32,32,10638.29787,10638.29787,0,0,0.0,0.0,0.0,0,0,0,0,1,1,0,0,1,0.0,0.0,0.0,32,0,0,0,0,0,0,1,0,1,0,259,247,0,32,0.0,0.0,0,0,0.0,0.0,0,0,ssh-patator
22,11712588,21,32,2008,2745,640,0,95.61904762,140.0451628,976,0,85.78125,220.240592,405.8027141,4.525046044,225242.0769,611225.2169,2403498,4,10300000,517136.2,908783.0101,2464242,494,11700000,377820.871,758712.5503,2403498,4,0,0,0,0,680,1032,1.792942772,2.732103272,0,976,88.01851852,189.5902723,35944.47135,0,0,0,1,0,0,0,0,1,89.67924528,95.61904762,85.78125,680,0,0,0,0,0,0,21,2008,32,2745,29200,247,16,32,0.0,0.0,0,0,0.0,0.0,0,0,ssh-patator
22,11263868,21,32,2008,2745,640,0,95.61904762,140.0451628,976,0,85.78125,220.240592,421.9687234,4.705310822,216612.8462,589531.4446,2366366,4,9622730,481136.5,857387.8406,2412260,566,11300000,363346.6129,732000.6111,2366366,4,0,0,0,0,680,1032,1.864368439,2.840942383,0,976,88.01851852,189.5902723,35944.47135,0,0,0,1,0,0,0,0,1,89.67924528,95.61904762,85.78125,680,0,0,0,0,0,0,21,2008,32,2745,29200,247,16,32,0.0,0.0,0,0,0.0,0.0,0,0,ssh-patator
22,11808557,23,32,2008,2745,640,0,87.30434783,136.3399611,976,0,85.78125,220.240592,402.504726,4.657639371,218676.9815,611320.2776,2496314,19,9270470,421385.0,797604.6779,2298653,251,11800000,380917.1935,772366.8653,2496314,19,0,0,0,0,744,1032,1.947740101,2.709899271,0,976,84.875,186.8396554,34909.05682,0,0,0,1,0,0,0,0,1,86.41818182,87.30434783,85.78125,744,0,0,0,0,0,0,23,2008,32,2745,29200,247,16,32,0.0,0.0,0,0,0.0,0.0,0,0,ssh-patator
22,74,1,1,0,0,0,0,0.0,0.0,0,0,0.0,0.0,0.0,27027.02703,74.0,0.0,74,74,0,0.0,0.0,0,0,0,0.0,0.0,0,0,0,0,0,0,32,32,13513.51351,13513.51351,0,0,0.0,0.0,0.0,0,0,0,0,1,1,0,0,1,0.0,0.0,0.0,32,0,0,0,0,0,0,1,0,1,0,259,247,0,32,0.0,0.0,0,0,0.0,0.0,0,0,ssh-patator
22,12492147,21,32,2008,2745,640,0,95.61904762,140.0451628,976,0,85.78125,220.240592,380.4790321,4.242665412,240233.5962,645817.6385,2200140,4,10700000,535366.85,936803.9005,2265343,312,12500000,402968.3548,800855.3108,2200140,4,0,0,0,0,680,1032,1.681056107,2.561609305,0,976,88.01851852,189.5902723,35944.47135,0,0,0,1,0,0,0,0,1,89.67924528,95.61904762,85.78125,680,0,0,0,0,0,0,21,2008,32,2745,29200,247,16,32,0.0,0.0,0,0,0.0,0.0,0,0,ssh-patator
22,104,1,1,0,0,0,0,0.0,0.0,0,0,0.0,0.0,0.0,19230.76923,104.0,0.0,104,104,0,0.0,0.0,0,0,0,0.0,0.0,0,0,0,0,0,0,32,32,9615.384615,9615.384615,0,0,0.0,0.0,0.0,0,0,0,0,1,1,0,0,1,0.0,0.0,0.0,32,0,0,0,0,0,0,1,0,1,0,259,247,0,32,0.0,0.0,0,0,0.0,0.0,0,0,ssh-patator
22,1922051,13,11,1128,2009,640,0,86.76923077,183.2985515,976,0,182.6363636,362.8967547,1632.110698,12.48666138,83567.43478,337312.2295,1628093,19,1922051,160170.9167,488445.528,1709354,434,1882898,188289.8,507089.5687,1628093,49,0,0,0,0,424,360,6.76360825,5.723053134,0,976,125.48,273.1972913,74636.76,0,0,0,1,0,0,0,0,0,130.7083333,86.76923077,182.6363636,424,0,0,0,0,0,0,13,1128,11,2009,29200,247,6,32,0.0,0.0,0,0,0.0,0.0,0,0,ssh-patator
22,44,1,1,0,0,0,0,0.0,0.0,0,0,0.0,0.0,0.0,45454.54545,44.0,0.0,44,44,0,0.0,0.0,0,0,0,0.0,0.0,0,0,0,0,0,0,32,32,22727.27273,22727.27273,0,0,0.0,0.0,0.0,0,0,0,0,1,1,0,0,1,0.0,0.0,0.0,32,0,0,0,0,0,0,1,0,1,0,259,247,0,32,0.0,0.0,0,0,0.0,0.0,0,0,ssh-patator
22,13291883,21,32,2008,2745,640,0,95.61904762,140.0451628,976,0,85.78125,220.240592,357.5866565,3.987395917,255613.1346,698928.8919,2607629,3,11100000,556882.4,998633.288,2653740,489,13300000,428767.0,868233.3841,2607629,3,0,0,0,0,680,1032,1.57991159,2.407484327,0,976,88.01851852,189.5902723,35944.47135,0,0,0,1,0,0,0,0,1,89.67924528,95.61904762,85.78125,680,0,0,0,0,0,0,21,2008,32,2745,29200,247,16,32,0.0,0.0,0,0,0.0,0.0,0,0,ssh-patator
22,101,1,1,0,0,0,0,0.0,0.0,0,0,0.0,0.0,0.0,19801.9802,101.0,0.0,101,101,0,0.0,0.0,0,0,0,0.0,0.0,0,0,0,0,0,0,32,32,9900.990099,9900.990099,0,0,0.0,0.0,0.0,0,0,0,0,1,1,0,0,1,0.0,0.0,0.0,32,0,0,0,0,0,0,1,0,1,0,259,247,0,32,0.0,0.0,0,0,0.0,0.0,0,0,ssh-patator
22,14226272,21,32,2008,2745,640,0,95.61904762,140.0451628,976,0,85.78125,220.240592,334.1001775,3.725501663,273582.1538,738717.1059,2647653,3,11800000,589886.6,1037965.058,2701681,516,14200000,458907.6774,916481.1087,2647653,3,0,0,0,0,680,1032,1.476142169,2.249359495,0,976,88.01851852,189.5902723,35944.47135,0,0,0,1,0,0,0,0,1,89.67924528,95.61904762,85.78125,680,0,0,0,0,0,0,21,2008,32,2745,29200,247,16,32,0.0,0.0,0,0,0.0,0.0,0,0,ssh-patator
22,79,1,1,0,0,0,0,0.0,0.0,0,0,0.0,0.0,0.0,25316.4557,79.0,0.0,79,79,0,0.0,0.0,0,0,0,0.0,0.0,0,0,0,0,0,0,32,32,12658.22785,12658.22785,0,0,0.0,0.0,0.0,0,0,0,0,1,1,0,0,1,0.0,0.0,0.0,32,0,0,0,0,0,0,1,0,1,0,259,247,0,32,0.0,0.0,0,0,0.0,0.0,0,0,ssh-patator
22,44,1,1,0,0,0,0,0.0,0.0,0,0,0.0,0.0,0.0,45454.54545,44.0,0.0,44,44,0,0.0,0.0,0,0,0,0.0,0.0,0,0,0,0,0,0,32,32,22727.27273,22727.27273,0,0,0.0,0.0,0.0,0,0,0,0,1,1,0,0,1,0.0,0.0,0.0,32,0,0,0,0,0,0,1,0,1,0,259,247,0,32,0.0,0.0,0,0,0.0,0.0,0,0,ssh-patator
22,12222661,21,32,2008,2745,640,0,95.61904762,140.0451628,976,0,85.78125,220.240592,388.8678578,4.336207966,235051.1731,630531.6863,2239700,3,9942217,497110.85,873536.6037,2279106,240,12200000,394276.0323,781719.7003,2239700,3,0,0,0,0,680,1032,1.718120138,2.618087829,0,976,88.01851852,189.5902723,35944.47135,0,0,0,1,0,0,0,0,1,89.67924528,95.61904762,85.78125,680,0,0,0,0,0,0,21,2008,32,2745,29200,247,16,32,0.0,0.0,0,0,0.0,0.0,0,0,ssh-patator
22,20,1,1,0,0,0,0,0.0,0.0,0,0,0.0,0.0,0.0,100000.0,20.0,0.0,20,20,0,0.0,0.0,0,0,0,0.0,0.0,0,0,0,0,0,0,32,32,50000.0,50000.0,0,0,0.0,0.0,0.0,0,0,0,0,1,1,0,0,1,0.0,0.0,0.0,32,0,0,0,0,0,0,1,0,1,0,259,247,0,32,0.0,0.0,0,0,0.0,0.0,0,0,ssh-patator
22,115,1,1,0,0,0,0,0.0,0.0,0,0,0.0,0.0,0.0,17391.30435,115.0,0.0,115,115,0,0.0,0.0,0,0,0,0.0,0.0,0,0,0,0,0,0,32,32,8695.652174,8695.652174,0,0,0.0,0.0,0.0,0,0,0,0,1,1,0,0,1,0.0,0.0,0.0,32,0,0,0,0,0,0,1,0,1,0,259,247,0,32,0.0,0.0,0,0,0.0,0.0,0,0,ssh-patator
22,11677562,21,32,2008,2745,640,0,95.61904762,140.0451628,976,0,85.78125,220.240592,407.0198899,4.538618592,224568.5,619381.527,2711096,3,10200000,511130.0,916881.0007,2764756,458,11700000,376689.9677,770098.1188,2711096,3,0,0,0,0,680,1032,1.798320574,2.740298018,0,976,88.01851852,189.5902723,35944.47135,0,0,0,1,0,0,0,0,1,89.67924528,95.61904762,85.78125,680,0,0,0,0,0,0,21,2008,32,2745,29200,247,16,32,0.0,0.0,0,0,0.0,0.0,0,0,ssh-patator
22,10634338,21,32,2008,2745,640,0,95.61904762,140.0451628,976,0,85.78125,220.240592,446.9483667,4.98385513,204506.5,551890.7744,1967425,4,9394861,469743.05,824723.5084,2016917,435,10600000,343039.2581,684671.6056,1967425,4,0,0,0,0,680,1032,1.974735052,3.009120079,0,976,88.01851852,189.5902723,35944.47135,0,0,0,1,0,0,0,0,1,89.67924528,95.61904762,85.78125,680,0,0,0,0,0,0,21,2008,32,2745,29200,247,16,32,0.0,0.0,0,0,0.0,0.0,0,0,ssh-patator
22,11738815,21,32,2008,2745,640,0,95.61904762,140.0451628,976,0,85.78125,220.240592,404.8960649,4.514936133,225746.4423,611605.661,2292223,14,10200000,512174.15,903145.8736,2364475,259,11700000,378666.4839,759052.6253,2292223,14,0,0,0,0,680,1032,1.788936958,2.725999175,0,976,88.01851852,189.5902723,35944.47135,0,0,0,1,0,0,0,0,1,89.67924528,95.61904762,85.78125,680,0,0,0,0,0,0,21,2008,32,2745,29200,247,16,32,0.0,0.0,0,0,0.0,0.0,0,0,ssh-patator
22,12176555,21,32,2008,2745,640,0,95.61904762,140.0451628,976,0,85.78125,220.240592,390.3402892,4.352626831,234164.5192,646026.7692,2683056,3,10300000,514801.8,932734.8774,2730416,335,12200000,392787.6452,803246.821,2683056,3,0,0,0,0,680,1032,1.724625725,2.628001105,0,976,88.01851852,189.5902723,35944.47135,0,0,0,1,0,0,0,0,1,89.67924528,95.61904762,85.78125,680,0,0,0,0,0,0,21,2008,32,2745,29200,247,16,32,0.0,0.0,0,0,0.0,0.0,0,0,ssh-patator
22,93,1,1,0,0,0,0,0.0,0.0,0,0,0.0,0.0,0.0,21505.37634,93.0,0.0,93,93,0,0.0,0.0,0,0,0,0.0,0.0,0,0,0,0,0,0,32,32,10752.68817,10752.68817,0,0,0.0,0.0,0.0,0,0,0,0,1,1,0,0,1,0.0,0.0,0.0,32,0,0,0,0,0,0,1,0,1,0,259,247,0,32,0.0,0.0,0,0,0.0,0.0,0,0,ssh-patator
22,13924206,21,32,2008,2745,640,0,95.61904762,140.0451628,976,0,85.78125,220.240592,341.3480094,3.806321165,267773.1923,729318.5202,2688270,3,11600000,582332.1,1032081.053,2733071,48,13900000,449162.7419,905615.304,2688270,3,0,0,0,0,680,1032,1.50816499,2.298156175,0,976,88.01851852,189.5902723,35944.47135,0,0,0,1,0,0,0,0,1,89.67924528,95.61904762,85.78125,680,0,0,0,0,0,0,21,2008,32,2745,29200,247,16,32,0.0,0.0,0,0,0.0,0.0,0,0,ssh-patator
22,11911121,21,32,2008,2745,640,0,95.61904762,140.0451628,976,0,85.78125,220.240592,399.0388478,4.449623171,229060.0192,617470.5277,2200243,4,9667376,483368.8,852764.968,2210456,332,11900000,384225.0323,765927.2009,2200243,4,0,0,0,0,680,1032,1.763058238,2.686564934,0,976,88.01851852,189.5902723,35944.47135,0,0,0,1,0,0,0,0,1,89.67924528,95.61904762,85.78125,680,0,0,0,0,0,0,21,2008,32,2745,29200,247,16,32,0.0,0.0,0,0,0.0,0.0,0,0,ssh-patator
22,13040460,21,32,2008,2745,640,0,95.61904762,140.0451628,976,0,85.78125,220.240592,364.4810076,4.064273806,250778.0769,680109.2281,2488148,41,11000000,550165.55,975139.8377,2532139,308,13000000,420654.9032,844146.1217,2488148,41,0,0,0,0,680,1032,1.61037264,2.453901166,0,976,88.01851852,189.5902723,35944.47135,0,0,0,1,0,0,0,0,1,89.67924528,95.61904762,85.78125,680,0,0,0,0,0,0,21,2008,32,2745,29200,247,16,32,0.0,0.0,0,0,0.0,0.0,0,0,ssh-patator
22,13625837,22,33,2008,2745,640,0,91.27272727,138.1821372,976,0,83.18181818,217.2857356,348.8226081,4.036449284,252330.3148,667730.9415,2851294,2,10700000,510979.381,849802.5507,2301137,244,13600000,425803.0313,831428.2593,2851294,2,0,0,0,0,712,1064,1.614579714,2.42186957,0,976,84.875,186.8396554,34909.05682,0,0,0,1,0,0,0,0,1,86.41818182,91.27272727,83.18181818,712,0,0,0,0,0,0,22,2008,33,2745,29200,247,16,32,0.0,0.0,0,0,0.0,0.0,0,0,ssh-patator
22,91,1,1,0,0,0,0,0.0,0.0,0,0,0.0,0.0,0.0,21978.02198,91.0,0.0,91,91,0,0.0,0.0,0,0,0,0.0,0.0,0,0,0,0,0,0,32,32,10989.01099,10989.01099,0,0,0.0,0.0,0.0,0,0,0,0,1,1,0,0,1,0.0,0.0,0.0,32,0,0,0,0,0,0,1,0,1,0,259,247,0,32,0.0,0.0,0,0,0.0,0.0,0,0,ssh-patator
22,101,1,1,0,0,0,0,0.0,0.0,0,0,0.0,0.0,0.0,19801.9802,101.0,0.0,101,101,0,0.0,0.0,0,0,0,0.0,0.0,0,0,0,0,0,0,32,32,9900.990099,9900.990099,0,0,0.0,0.0,0.0,0,0,0,0,1,1,0,0,1,0.0,0.0,0.0,32,0,0,0,0,0,0,1,0,1,0,259,247,0,32,0.0,0.0,0,0,0.0,0.0,0,0,ssh-patator
22,76,1,1,0,0,0,0,0.0,0.0,0,0,0.0,0.0,0.0,26315.78947,76.0,0.0,76,76,0,0.0,0.0,0,0,0,0.0,0.0,0,0,0,0,0,0,32,32,13157.89474,13157.89474,0,0,0.0,0.0,0.0,0,0,0,0,1,1,0,0,1,0.0,0.0,0.0,32,0,0,0,0,0,0,1,0,1,0,259,247,0,32,0.0,0.0,0,0,0.0,0.0,0,0,ssh-patator
22,104,1,1,0,0,0,0,0.0,0.0,0,0,0.0,0.0,0.0,19230.76923,104.0,0.0,104,104,0,0.0,0.0,0,0,0,0.0,0.0,0,0,0,0,0,0,32,32,9615.384615,9615.384615,0,0,0.0,0.0,0.0,0,0,0,0,1,1,0,0,1,0.0,0.0,0.0,32,0,0,0,0,0,0,1,0,1,0,259,247,0,32,0.0,0.0,0,0,0.0,0.0,0,0,ssh-patator
22,84,1,1,0,0,0,0,0.0,0.0,0,0,0.0,0.0,0.0,23809.52381,84.0,0.0,84,84,0,0.0,0.0,0,0,0,0.0,0.0,0,0,0,0,0,0,32,32,11904.7619,11904.7619,0,0,0.0,0.0,0.0,0,0,0,0,1,1,0,0,1,0.0,0.0,0.0,32,0,0,0,0,0,0,1,0,1,0,259,247,0,32,0.0,0.0,0,0,0.0,0.0,0,0,ssh-patator
22,77,1,1,0,0,0,0,0.0,0.0,0,0,0.0,0.0,0.0,25974.02597,77.0,0.0,77,77,0,0.0,0.0,0,0,0,0.0,0.0,0,0,0,0,0,0,32,32,12987.01299,12987.01299,0,0,0.0,0.0,0.0,0,0,0,0,1,1,0,0,1,0.0,0.0,0.0,32,0,0,0,0,0,0,1,0,1,0,259,247,0,32,0.0,0.0,0,0,0.0,0.0,0,0,ssh-patator
22,76,1,1,0,0,0,0,0.0,0.0,0,0,0.0,0.0,0.0,26315.78947,76.0,0.0,76,76,0,0.0,0.0,0,0,0,0.0,0.0,0,0,0,0,0,0,32,32,13157.89474,13157.89474,0,0,0.0,0.0,0.0,0,0,0,0,1,1,0,0,1,0.0,0.0,0.0,32,0,0,0,0,0,0,1,0,1,0,259,247,0,32,0.0,0.0,0,0,0.0,0.0,0,0,ssh-patator
22,12298200,19,31,2008,2745,640,0,105.6842105,143.7671932,976,0,88.5483871,223.315,386.4793222,4.065635621,250983.6735,668953.3654,2631177,4,9619520,534417.7778,891449.4503,2520649,296,12300000,409935.0333,820618.9405,2631177,4,0,0,0,0,616,1000,1.544941536,2.520694085,0,976,93.19607843,193.9302988,37608.96078,0,0,0,1,0,0,0,0,1,95.06,105.6842105,88.5483871,616,0,0,0,0,0,0,19,2008,31,2745,29200,247,16,32,0.0,0.0,0,0,0.0,0.0,0,0,ssh-patator
22,11605552,21,32,2008,2745,640,0,95.61904762,140.0451628,976,0,85.78125,220.240592,409.5453624,4.566779762,223183.6923,598922.2295,2036120,3,9643625,482181.25,848293.5497,2101050,599,11600000,374368.6129,742570.7288,2036120,3,0,0,0,0,680,1032,1.809478774,2.757300988,0,976,88.01851852,189.5902723,35944.47135,0,0,0,1,0,0,0,0,1,89.67924528,95.61904762,85.78125,680,0,0,0,0,0,0,21,2008,32,2745,29200,247,16,32,0.0,0.0,0,0,0.0,0.0,0,0,ssh-patator
22,71,1,1,0,0,0,0,0.0,0.0,0,0,0.0,0.0,0.0,28169.01408,71.0,0.0,71,71,0,0.0,0.0,0,0,0,0.0,0.0,0,0,0,0,0,0,32,32,14084.50704,14084.50704,0,0,0.0,0.0,0.0,0,0,0,0,1,1,0,0,1,0.0,0.0,0.0,32,0,0,0,0,0,0,1,0,1,0,259,247,0,32,0.0,0.0,0,0,0.0,0.0,0,0,ssh-patator
22,13335703,21,32,2008,2745,640,0,95.61904762,140.0451628,976,0,85.78125,220.240592,356.4116567,3.974293669,256455.8269,693951.2864,2434688,4,10900000,545738.95,961215.6412,2501121,508,13300000,430179.6774,861121.1517,2434688,4,0,0,0,0,680,1032,1.574720133,2.399573536,0,976,88.01851852,189.5902723,35944.47135,0,0,0,1,0,0,0,0,1,89.67924528,95.61904762,85.78125,680,0,0,0,0,0,0,21,2008,32,2745,29200,247,16,32,0.0,0.0,0,0,0.0,0.0,0,0,ssh-patator
22,12170944,21,33,2008,2745,640,0,95.61904762,140.0451628,976,0,83.18181818,217.2857356,390.5202423,4.436796357,229640.4528,626350.7808,2224174,3,10200000,510216.2,897613.147,2268398,441,12200000,380337.3438,773988.8528,2224174,3,0,0,0,0,680,1064,1.725420805,2.711375551,0,976,86.41818182,188.2012015,35419.69226,0,0,0,1,0,0,0,0,1,88.01851852,95.61904762,83.18181818,680,0,0,0,0,0,0,21,2008,33,2745,29200,247,16,32,0.0,0.0,0,0,0.0,0.0,0,0,ssh-patator
22,82,1,1,0,0,0,0,0.0,0.0,0,0,0.0,0.0,0.0,24390.2439,82.0,0.0,82,82,0,0.0,0.0,0,0,0,0.0,0.0,0,0,0,0,0,0,32,32,12195.12195,12195.12195,0,0,0.0,0.0,0.0,0,0,0,0,1,1,0,0,1,0.0,0.0,0.0,32,0,0,0,0,0,0,1,0,1,0,259,247,0,32,0.0,0.0,0,0,0.0,0.0,0,0,ssh-patator
22,73,1,1,0,0,0,0,0.0,0.0,0,0,0.0,0.0,0.0,27397.26027,73.0,0.0,73,73,0,0.0,0.0,0,0,0,0.0,0.0,0,0,0,0,0,0,32,32,13698.63014,13698.63014,0,0,0.0,0.0,0.0,0,0,0,0,1,1,0,0,1,0.0,0.0,0.0,32,0,0,0,0,0,0,1,0,1,0,259,257,0,32,0.0,0.0,0,0,0.0,0.0,0,0,ssh-patator
22,13339214,22,33,2008,2745,640,0,91.27272727,138.1821372,976,0,83.18181818,217.2857356,356.317846,4.123181471,247022.4815,668453.6411,2456032,4,11300000,539731.0952,958145.0568,2526533,541,13300000,416847.6875,831327.11,2456032,4,0,0,0,0,712,1064,1.649272588,2.473908882,0,976,84.875,186.8396554,34909.05682,0,0,0,1,0,0,0,0,1,86.41818182,91.27272727,83.18181818,712,0,0,0,0,0,0,22,2008,33,2745,29200,247,16,32,0.0,0.0,0,0,0.0,0.0,0,0,ssh-patator
22,68,1,1,0,0,0,0,0.0,0.0,0,0,0.0,0.0,0.0,29411.76471,68.0,0.0,68,68,0,0.0,0.0,0,0,0,0.0,0.0,0,0,0,0,0,0,32,32,14705.88235,14705.88235,0,0,0.0,0.0,0.0,0,0,0,0,1,1,0,0,1,0.0,0.0,0.0,32,0,0,0,0,0,0,1,0,1,0,259,247,0,32,0.0,0.0,0,0,0.0,0.0,0,0,ssh-patator
22,11957566,21,32,2008,2745,640,0,95.61904762,140.0451628,976,0,85.78125,220.240592,397.4889204,4.43234016,229953.1923,627595.388,2528883,30,9821019,491050.95,880899.4214,2583768,432,12000000,385723.5806,779487.6719,2528883,47,0,0,0,0,680,1032,1.756210252,2.676129908,0,976,88.01851852,189.5902723,35944.47135,0,0,0,1,0,0,0,0,1,89.67924528,95.61904762,85.78125,680,0,0,0,0,0,0,21,2008,32,2745,29200,247,16,32,0.0,0.0,0,0,0.0,0.0,0,0,ssh-patator
22,42,2,1,0,0,0,0,0.0,0.0,0,0,0.0,0.0,0.0,71428.57143,21.0,24.04163056,38,4,4,4.0,0.0,4,4,0,0.0,0.0,0,0,0,0,0,0,64,32,47619.04762,23809.52381,0,0,0.0,0.0,0.0,0,0,0,0,1,1,0,0,0,0.0,0.0,0.0,64,0,0,0,0,0,0,2,0,1,0,259,247,0,32,0.0,0.0,0,0,0.0,0.0,0,0,ssh-patator
22,37,1,1,0,0,0,0,0.0,0.0,0,0,0.0,0.0,0.0,54054.05405,37.0,0.0,37,37,0,0.0,0.0,0,0,0,0.0,0.0,0,0,0,0,0,0,32,32,27027.02703,27027.02703,0,0,0.0,0.0,0.0,0,0,0,0,1,1,0,0,1,0.0,0.0,0.0,32,0,0,0,0,0,0,1,0,1,0,259,247,0,32,0.0,0.0,0,0,0.0,0.0,0,0,ssh-patator
22,76,1,1,0,0,0,0,0.0,0.0,0,0,0.0,0.0,0.0,26315.78947,76.0,0.0,76,76,0,0.0,0.0,0,0,0,0.0,0.0,0,0,0,0,0,0,32,32,13157.89474,13157.89474,0,0,0.0,0.0,0.0,0,0,0,0,1,1,0,0,1,0.0,0.0,0.0,32,0,0,0,0,0,0,1,0,1,0,259,247,0,32,0.0,0.0,0,0,0.0,0.0,0,0,ssh-patator
22,71,1,1,0,0,0,0,0.0,0.0,0,0,0.0,0.0,0.0,28169.01408,71.0,0.0,71,71,0,0.0,0.0,0,0,0,0.0,0.0,0,0,0,0,0,0,32,32,14084.50704,14084.50704,0,0,0.0,0.0,0.0,0,0,0,0,1,1,0,0,1,0.0,0.0,0.0,32,0,0,0,0,0,0,1,0,1,0,259,247,0,32,0.0,0.0,0,0,0.0,0.0,0,0,ssh-patator
22,11640223,22,33,2008,2745,640,0,91.27272727,138.1821372,976,0,83.18181818,217.2857356,408.3255106,4.724995389,215559.6852,590229.6828,2314296,3,9284726,442129.8095,790979.6149,2301481,4,11600000,363753.4375,735130.552,2314296,3,0,0,0,0,712,1064,1.889998156,2.834997233,0,976,84.875,186.8396554,34909.05682,0,0,0,1,0,0,0,0,1,86.41818182,91.27272727,83.18181818,712,0,0,0,0,0,0,22,2008,33,2745,29200,247,16,32,0.0,0.0,0,0,0.0,0.0,0,0,ssh-patator
22,121,1,1,0,0,0,0,0.0,0.0,0,0,0.0,0.0,0.0,16528.92562,121.0,0.0,121,121,0,0.0,0.0,0,0,0,0.0,0.0,0,0,0,0,0,0,32,32,8264.46281,8264.46281,0,0,0.0,0.0,0.0,0,0,0,0,1,1,0,0,1,0.0,0.0,0.0,32,0,0,0,0,0,0,1,0,1,0,259,247,0,32,0.0,0.0,0,0,0.0,0.0,0,0,ssh-patator
22,67,1,1,0,0,0,0,0.0,0.0,0,0,0.0,0.0,0.0,29850.74627,67.0,0.0,67,67,0,0.0,0.0,0,0,0,0.0,0.0,0,0,0,0,0,0,32,32,14925.37313,14925.37313,0,0,0.0,0.0,0.0,0,0,0,0,1,1,0,0,1,0.0,0.0,0.0,32,0,0,0,0,0,0,1,0,1,0,259,247,0,32,0.0,0.0,0,0,0.0,0.0,0,0,ssh-patator
22,11942762,23,32,2008,2745,640,0,87.30434783,136.3399611,976,0,85.78125,220.240592,397.9816394,4.605299846,221162.2593,608822.2043,2351612,3,10300000,467793.5909,876982.7919,2420944,217,11900000,385245.1613,767866.5605,2351612,3,0,0,0,0,744,1032,1.925852663,2.679447183,0,976,84.875,186.8396554,34909.05682,0,0,0,1,0,0,0,0,1,86.41818182,87.30434783,85.78125,744,0,0,0,0,0,0,23,2008,32,2745,29200,247,16,32,0.0,0.0,0,0,0.0,0.0,0,0,ssh-patator
22,134,1,1,0,0,0,0,0.0,0.0,0,0,0.0,0.0,0.0,14925.37313,134.0,0.0,134,134,0,0.0,0.0,0,0,0,0.0,0.0,0,0,0,0,0,0,32,32,7462.686567,7462.686567,0,0,0.0,0.0,0.0,0,0,0,0,1,1,0,0,1,0.0,0.0,0.0,32,0,0,0,0,0,0,1,0,1,0,259,247,0,32,0.0,0.0,0,0,0.0,0.0,0,0,ssh-patator
22,12489879,21,32,2008,2745,640,0,95.61904762,140.0451628,976,0,85.78125,220.240592,380.5481222,4.243435825,240189.9808,648492.1589,2204313,3,10500000,524148.0,919522.4996,2249227,514,12500000,402895.6774,804533.7955,2204313,3,0,0,0,0,680,1032,1.681361365,2.56207446,0,976,88.01851852,189.5902723,35944.47135,0,0,0,1,0,0,0,0,1,89.67924528,95.61904762,85.78125,680,0,0,0,0,0,0,21,2008,32,2745,29200,247,16,32,0.0,0.0,0,0,0.0,0.0,0,0,ssh-patator
22,11949929,21,32,2024,2745,640,0,96.38095238,140.1821944,976,0,85.78125,220.240592,399.081869,4.435172795,229806.3269,619985.0979,2220497,3,9685440,484272.0,848392.2214,2056591,358,11900000,385478.1613,769109.798,2220497,3,0,0,0,0,680,1032,1.757332617,2.677840178,0,976,88.31481481,189.6409541,35963.69147,0,0,0,1,0,0,0,0,1,89.98113208,96.38095238,85.78125,680,0,0,0,0,0,0,21,2024,32,2745,29200,257,16,32,0.0,0.0,0,0,0.0,0.0,0,0,ssh-patator
22,11670680,19,31,2008,2745,640,0,105.6842105,143.7671932,976,0,88.5483871,223.315,407.2599026,4.284240507,238177.1429,623464.5238,2440144,3,9686898,538161.0,898577.9489,2511613,374,11700000,389017.4,763415.2675,2440144,3,0,0,0,0,616,1000,1.628011393,2.656229114,0,976,93.19607843,193.9302988,37608.96078,0,0,0,1,0,0,0,0,1,95.06,105.6842105,88.5483871,616,0,0,0,0,0,0,19,2008,31,2745,29200,247,16,32,0.0,0.0,0,0,0.0,0.0,0,0,ssh-patator
22,11440377,19,31,2008,2745,640,0,105.6842105,143.7671932,976,0,88.5483871,223.315,415.4583367,4.370485343,233477.0816,610702.4211,2156643,4,9971361,553964.5,908639.9473,2201722,395,11400000,381342.0,747746.428,2156643,4,0,0,0,0,616,1000,1.66078443,2.709700913,0,976,93.19607843,193.9302988,37608.96078,0,0,0,1,0,0,0,0,1,95.06,105.6842105,88.5483871,616,0,0,0,0,0,0,19,2008,31,2745,29200,247,16,32,0.0,0.0,0,0,0.0,0.0,0,0,ssh-patator
22,13558730,19,31,2008,2745,640,0,105.6842105,143.7671932,976,0,88.5483871,223.315,350.5490558,3.687661012,276708.7755,728468.8412,2562848,3,11700000,647876.7222,1069140.373,2617913,329,13600000,451952.5,892476.5465,2562848,3,0,0,0,0,616,1000,1.401311185,2.286349828,0,976,93.19607843,193.9302988,37608.96078,0,0,0,1,0,0,0,0,1,95.06,105.6842105,88.5483871,616,0,0,0,0,0,0,19,2008,31,2745,29200,247,16,32,0.0,0.0,0,0,0.0,0.0,0,0,ssh-patator
22,11990279,21,32,2008,2745,640,0,95.61904762,140.0451628,976,0,85.78125,220.240592,396.404454,4.420247435,230582.2885,627304.1961,2259448,3,9943142,497157.1,884674.7194,2304489,327,12000000,386779.1935,778866.1555,2259448,3,0,0,0,0,680,1032,1.751418795,2.66882864,0,976,88.01851852,189.5902723,35944.47135,0,0,0,1,0,0,0,0,1,89.67924528,95.61904762,85.78125,680,0,0,0,0,0,0,21,2008,32,2745,29200,247,16,32,0.0,0.0,0,0,0.0,0.0,0,0,ssh-patator
22,11846968,19,31,2008,2745,640,0,105.6842105,143.7671932,976,0,88.5483871,223.315,401.1996994,4.220489158,241774.8571,635334.34,2487257,4,9317649,517647.1667,851003.2557,2200819,343,11800000,394895.9,778295.2275,2487257,4,0,0,0,0,616,1000,1.60378588,2.616703278,0,976,93.19607843,193.9302988,37608.96078,0,0,0,1,0,0,0,0,1,95.06,105.6842105,88.5483871,616,0,0,0,0,0,0,19,2008,31,2745,29200,247,16,32,0.0,0.0,0,0,0.0,0.0,0,0,ssh-patator
22,45,1,1,0,0,0,0,0.0,0.0,0,0,0.0,0.0,0.0,44444.44444,45.0,0.0,45,45,0,0.0,0.0,0,0,0,0.0,0.0,0,0,0,0,0,0,32,32,22222.22222,22222.22222,0,0,0.0,0.0,0.0,0,0,0,0,1,1,0,0,1,0.0,0.0,0.0,32,0,0,0,0,0,0,1,0,1,0,259,247,0,32,0.0,0.0,0,0,0.0,0.0,0,0,ssh-patator
22,73,1,1,0,0,0,0,0.0,0.0,0,0,0.0,0.0,0.0,27397.26027,73.0,0.0,73,73,0,0.0,0.0,0,0,0,0.0,0.0,0,0,0,0,0,0,32,32,13698.63014,13698.63014,0,0,0.0,0.0,0.0,0,0,0,0,1,1,0,0,1,0.0,0.0,0.0,32,0,0,0,0,0,0,1,0,1,0,259,247,0,32,0.0,0.0,0,0,0.0,0.0,0,0,ssh-patator
22,12090816,21,32,2008,2745,640,0,95.61904762,140.0451628,976,0,85.78125,220.240592,393.1082898,4.383492396,232515.6923,630140.0203,2253630,3,10400000,521244.4,921570.195,2300912,273,12100000,390021.8065,782082.3653,2253630,3,0,0,0,0,680,1032,1.736855478,2.646636918,0,976,88.01851852,189.5902723,35944.47135,0,0,0,1,0,0,0,0,1,89.67924528,95.61904762,85.78125,680,0,0,0,0,0,0,21,2008,32,2745,29200,247,16,32,0.0,0.0,0,0,0.0,0.0,0,0,ssh-patator
22,74,1,1,0,0,0,0,0.0,0.0,0,0,0.0,0.0,0.0,27027.02703,74.0,0.0,74,74,0,0.0,0.0,0,0,0,0.0,0.0,0,0,0,0,0,0,32,32,13513.51351,13513.51351,0,0,0.0,0.0,0.0,0,0,0,0,1,1,0,0,1,0.0,0.0,0.0,32,0,0,0,0,0,0,1,0,1,0,259,247,0,32,0.0,0.0,0,0,0.0,0.0,0,0,ssh-patator
22,10651591,23,32,2008,2745,640,0,87.30434783,136.3399611,976,0,85.78125,220.240592,446.2244185,5.163547868,197251.6852,534228.7215,1914212,3,9129596,414981.6364,770984.8326,1997012,312,10700000,343595.4194,672566.2288,1914212,3,0,0,0,0,744,1032,2.159301836,3.004246032,0,976,84.875,186.8396554,34909.05682,0,0,0,1,0,0,0,0,1,86.41818182,87.30434783,85.78125,744,0,0,0,0,0,0,23,2008,32,2745,29200,247,16,32,0.0,0.0,0,0,0.0,0.0,0,0,ssh-patator
22,62,1,1,0,0,0,0,0.0,0.0,0,0,0.0,0.0,0.0,32258.06452,62.0,0.0,62,62,0,0.0,0.0,0,0,0,0.0,0.0,0,0,0,0,0,0,32,32,16129.03226,16129.03226,0,0,0.0,0.0,0.0,0,0,0,0,1,1,0,0,1,0.0,0.0,0.0,32,0,0,0,0,0,0,1,0,1,0,259,247,0,32,0.0,0.0,0,0,0.0,0.0,0,0,ssh-patator
22,87,1,1,0,0,0,0,0.0,0.0,0,0,0.0,0.0,0.0,22988.50575,87.0,0.0,87,87,0,0.0,0.0,0,0,0,0.0,0.0,0,0,0,0,0,0,32,32,11494.25287,11494.25287,0,0,0.0,0.0,0.0,0,0,0,0,1,1,0,0,1,0.0,0.0,0.0,32,0,0,0,0,0,0,1,0,1,0,259,247,0,32,0.0,0.0,0,0,0.0,0.0,0,0,ssh-patator
22,13217492,21,32,2008,2745,640,0,95.61904762,140.0451628,976,0,85.78125,220.240592,359.5992341,4.009837872,254182.5385,699096.356,2788153,44,11300000,565488.85,1013796.069,2832955,559,13200000,426366.4839,868953.5798,2788153,44,0,0,0,0,680,1032,1.588803685,2.421034187,0,976,88.01851852,189.5902723,35944.47135,0,0,0,1,0,0,0,0,1,89.67924528,95.61904762,85.78125,680,0,0,0,0,0,0,21,2008,32,2745,29200,247,16,32,0.0,0.0,0,0,0.0,0.0,0,0,ssh-patator
22,11504076,22,32,2008,2745,640,0,91.27272727,138.1821372,976,0,85.78125,220.240592,413.1579103,4.693988461,217058.0377,584910.4449,2400489,3,9967976,474665.5238,849003.5462,2464303,355,11500000,371094.1935,731139.1154,2400489,3,0,0,0,0,712,1032,1.912365669,2.781622792,0,976,86.41818182,188.2012015,35419.69226,0,0,0,1,0,0,0,0,1,88.01851852,91.27272727,85.78125,712,0,0,0,0,0,0,22,2008,32,2745,29200,247,16,32,0.0,0.0,0,0,0.0,0.0,0,0,ssh-patator
22,105,1,1,0,0,0,0,0.0,0.0,0,0,0.0,0.0,0.0,19047.61905,105.0,0.0,105,105,0,0.0,0.0,0,0,0,0.0,0.0,0,0,0,0,0,0,32,32,9523.809524,9523.809524,0,0,0.0,0.0,0.0,0,0,0,0,1,1,0,0,1,0.0,0.0,0.0,32,0,0,0,0,0,0,1,0,1,0,259,247,0,32,0.0,0.0,0,0,0.0,0.0,0,0,ssh-patator
22,40,1,1,0,0,0,0,0.0,0.0,0,0,0.0,0.0,0.0,50000.0,40.0,0.0,40,40,0,0.0,0.0,0,0,0,0.0,0.0,0,0,0,0,0,0,32,32,25000.0,25000.0,0,0,0.0,0.0,0.0,0,0,0,0,1,1,0,0,1,0.0,0.0,0.0,32,0,0,0,0,0,0,1,0,1,0,259,247,0,32,0.0,0.0,0,0,0.0,0.0,0,0,ssh-patator
22,11311726,21,32,2008,2745,640,0,95.61904762,140.0451628,976,0,85.78125,220.240592,420.183445,4.685403448,217533.1923,595637.0312,2455596,3,9236615,461830.75,831092.5411,2501325,299,11300000,364889.9032,740040.711,2455596,3,0,0,0,0,680,1032,1.856480611,2.828922836,0,976,88.01851852,189.5902723,35944.47135,0,0,0,1,0,0,0,0,1,89.67924528,95.61904762,85.78125,680,0,0,0,0,0,0,21,2008,32,2745,29200,247,16,32,0.0,0.0,0,0,0.0,0.0,0,0,ssh-patator
22,11155899,19,31,2008,2745,640,0,105.6842105,143.7671932,976,0,88.5483871,223.315,426.0526202,4.481933729,227671.4082,605448.2775,2262130,3,9108338,506018.7778,855706.6949,2318078,339,11200000,371858.9,742534.1276,2262130,3,0,0,0,0,616,1000,1.703134817,2.778798912,0,976,93.19607843,193.9302988,37608.96078,0,0,0,1,0,0,0,0,1,95.06,105.6842105,88.5483871,616,0,0,0,0,0,0,19,2008,31,2745,29200,247,16,32,0.0,0.0,0,0,0.0,0.0,0,0,ssh-patator
22,13399375,21,32,2008,2745,640,0,95.61904762,140.0451628,976,0,85.78125,220.240592,354.7180372,3.955408368,257680.2885,699034.0404,2566610,3,10900000,542510.4,960531.3834,2617211,373,13400000,432234.8065,867659.3335,2566610,3,0,0,0,0,680,1032,1.567237278,2.38817109,0,976,88.01851852,189.5902723,35944.47135,0,0,0,1,0,0,0,0,1,89.67924528,95.61904762,85.78125,680,0,0,0,0,0,0,21,2008,32,2745,29200,247,16,32,0.0,0.0,0,0,0.0,0.0,0,0,ssh-patator
22,12090436,23,32,2008,2745,640,0,87.30434783,136.3399611,976,0,85.78125,220.240592,393.1206451,4.549050175,223896.963,616694.4386,2432964,3,10500000,478165.6364,894862.2829,2501070,372,12100000,390010.4516,777851.3431,2432964,3,0,0,0,0,744,1032,1.902330073,2.646720102,0,976,84.875,186.8396554,34909.05682,0,0,0,1,0,0,0,0,1,86.41818182,87.30434783,85.78125,744,0,0,0,0,0,0,23,2008,32,2745,29200,247,16,32,0.0,0.0,0,0,0.0,0.0,0,0,ssh-patator
22,12487154,19,32,2008,2745,640,0,105.6842105,143.7671932,976,0,85.78125,220.240592,380.631167,4.084197248,249743.08,656604.0202,2211205,3,10400000,579151.8889,945857.5649,2262004,641,12500000,402807.871,800345.5992,2211205,3,0,0,0,0,616,1032,1.521563681,2.562633567,0,976,91.40384615,192.4540444,37038.5592,0,0,0,1,0,0,0,0,1,93.19607843,105.6842105,85.78125,616,0,0,0,0,0,0,19,2008,32,2745,29200,247,16,32,0.0,0.0,0,0,0.0,0.0,0,0,ssh-patator
22,83,1,1,0,0,0,0,0.0,0.0,0,0,0.0,0.0,0.0,24096.38554,83.0,0.0,83,83,0,0.0,0.0,0,0,0,0.0,0.0,0,0,0,0,0,0,32,32,12048.19277,12048.19277,0,0,0.0,0.0,0.0,0,0,0,0,1,1,0,0,1,0.0,0.0,0.0,32,0,0,0,0,0,0,1,0,1,0,259,247,0,32,0.0,0.0,0,0,0.0,0.0,0,0,ssh-patator
22,81,1,1,0,0,0,0,0.0,0.0,0,0,0.0,0.0,0.0,24691.35802,81.0,0.0,81,81,0,0.0,0.0,0,0,0,0.0,0.0,0,0,0,0,0,0,32,32,12345.67901,12345.67901,0,0,0.0,0.0,0.0,0,0,0,0,1,1,0,0,1,0.0,0.0,0.0,32,0,0,0,0,0,0,1,0,1,0,259,247,0,32,0.0,0.0,0,0,0.0,0.0,0,0,ssh-patator
22,13963043,21,32,2008,2745,640,0,95.61904762,140.0451628,976,0,85.78125,220.240592,340.3985793,3.795734211,268520.0577,728419.6133,2558844,3,11700000,583613.9,1029131.286,2601468,312,14000000,450416.6774,904120.7867,2558844,3,0,0,0,0,680,1032,1.503970159,2.291764052,0,976,88.01851852,189.5902723,35944.47135,0,0,0,1,0,0,0,0,1,89.67924528,95.61904762,85.78125,680,0,0,0,0,0,0,21,2008,32,2745,29200,247,16,32,0.0,0.0,0,0,0.0,0.0,0,0,ssh-patator
22,75,1,1,0,0,0,0,0.0,0.0,0,0,0.0,0.0,0.0,26666.66667,75.0,0.0,75,75,0,0.0,0.0,0,0,0,0.0,0.0,0,0,0,0,0,0,32,32,13333.33333,13333.33333,0,0,0.0,0.0,0.0,0,0,0,0,1,1,0,0,1,0.0,0.0,0.0,32,0,0,0,0,0,0,1,0,1,0,259,247,0,32,0.0,0.0,0,0,0.0,0.0,0,0,ssh-patator
22,11122917,21,32,2024,2745,640,0,96.38095238,140.1821944,976,0,85.78125,220.240592,428.7544355,4.764937111,213902.25,588824.7197,2270496,7,9662696,483134.8,868096.481,2316567,473,11100000,358800.7742,731976.2487,2270496,39,0,0,0,0,680,1032,1.88799395,2.876943162,0,976,88.31481481,189.6409541,35963.69147,0,0,0,1,0,0,0,0,1,89.98113208,96.38095238,85.78125,680,0,0,0,0,0,0,21,2024,32,2745,29200,257,16,32,0.0,0.0,0,0,0.0,0.0,0,0,ssh-patator
22,13919544,21,32,2008,2745,640,0,95.61904762,140.0451628,976,0,85.78125,220.240592,341.4623353,3.807595996,267683.5385,726205.074,2556171,3,11500000,574134.1,1015768.011,2610272,428,13900000,449012.4839,901383.9397,2556171,3,0,0,0,0,680,1032,1.508670112,2.298925884,0,976,88.01851852,189.5902723,35944.47135,0,0,0,1,0,0,0,0,1,89.67924528,95.61904762,85.78125,680,0,0,0,0,0,0,21,2008,32,2745,29200,247,16,32,0.0,0.0,0,0,0.0,0.0,0,0,ssh-patator
22,44,1,1,0,0,0,0,0.0,0.0,0,0,0.0,0.0,0.0,45454.54545,44.0,0.0,44,44,0,0.0,0.0,0,0,0,0.0,0.0,0,0,0,0,0,0,32,32,22727.27273,22727.27273,0,0,0.0,0.0,0.0,0,0,0,0,1,1,0,0,1,0.0,0.0,0.0,32,0,0,0,0,0,0,1,0,1,0,259,247,0,32,0.0,0.0,0,0,0.0,0.0,0,0,ssh-patator
22,11595574,21,32,2008,2745,640,0,95.61904762,140.0451628,976,0,85.78125,220.240592,409.8977765,4.570709479,222991.8077,595280.6167,2040192,3,9674804,483740.2,843013.9034,2106072,4,11600000,374047.3548,737661.7325,2040192,3,0,0,0,0,680,1032,1.811035831,2.759673648,0,976,88.01851852,189.5902723,35944.47135,0,0,0,1,0,0,0,0,1,89.67924528,95.61904762,85.78125,680,0,0,0,0,0,0,21,2008,32,2745,29200,247,16,32,0.0,0.0,0,0,0.0,0.0,0,0,ssh-patator
22,11792073,19,31,2008,2745,640,0,105.6842105,143.7671932,976,0,88.5483871,223.315,403.0673826,4.240136573,240654.551,638061.1308,2684258,4,10100000,562274.6667,940292.5342,2733983,438,11800000,393066.1667,782307.9694,2684258,4,0,0,0,0,616,1000,1.611251898,2.628884675,0,976,93.19607843,193.9302988,37608.96078,0,0,0,1,0,0,0,0,1,95.06,105.6842105,88.5483871,616,0,0,0,0,0,0,19,2008,31,2745,29200,247,16,32,0.0,0.0,0,0,0.0,0.0,0,0,ssh-patator
22,72,1,1,0,0,0,0,0.0,0.0,0,0,0.0,0.0,0.0,27777.77778,72.0,0.0,72,72,0,0.0,0.0,0,0,0,0.0,0.0,0,0,0,0,0,0,32,32,13888.88889,13888.88889,0,0,0.0,0.0,0.0,0,0,0,0,1,1,0,0,1,0.0,0.0,0.0,32,0,0,0,0,0,0,1,0,1,0,259,247,0,32,0.0,0.0,0,0,0.0,0.0,0,0,ssh-patator
22,73,1,1,0,0,0,0,0.0,0.0,0,0,0.0,0.0,0.0,27397.26027,73.0,0.0,73,73,0,0.0,0.0,0,0,0,0.0,0.0,0,0,0,0,0,0,32,32,13698.63014,13698.63014,0,0,0.0,0.0,0.0,0,0,0,0,1,1,0,0,1,0.0,0.0,0.0,32,0,0,0,0,0,0,1,0,1,0,259,247,0,32,0.0,0.0,0,0,0.0,0.0,0,0,ssh-patator
22,88,1,1,0,0,0,0,0.0,0.0,0,0,0.0,0.0,0.0,22727.27273,88.0,0.0,88,88,0,0.0,0.0,0,0,0,0.0,0.0,0,0,0,0,0,0,32,32,11363.63636,11363.63636,0,0,0.0,0.0,0.0,0,0,0,0,1,1,0,0,1,0.0,0.0,0.0,32,0,0,0,0,0,0,1,0,1,0,259,247,0,32,0.0,0.0,0,0,0.0,0.0,0,0,ssh-patator
22,13642122,21,32,2008,2745,640,0,95.61904762,140.0451628,976,0,85.78125,220.240592,348.4062084,3.885026098,262348.5,717403.0081,2799823,42,11600000,578361.8,1030037.634,2864821,410,13600000,440064.9677,891187.7602,2799823,48,0,0,0,0,680,1032,1.539349963,2.345676135,0,976,88.01851852,189.5902723,35944.47135,0,0,0,1,0,0,0,0,1,89.67924528,95.61904762,85.78125,680,0,0,0,0,0,0,21,2008,32,2745,29200,247,16,32,0.0,0.0,0,0,0.0,0.0,0,0,ssh-patator
22,12529751,21,31,2008,2745,640,0,95.61904762,140.0451628,976,0,88.5483871,223.315,379.3371472,4.150122377,245681.3922,644188.9346,2209269,4,10700000,532886.55,927317.2449,2263739,90,12500000,417655.0667,801079.8526,2209269,4,0,0,0,0,680,1000,1.67601096,2.474111417,0,976,89.67924528,191.0076291,36483.91437,0,0,0,1,0,0,0,0,1,91.40384615,95.61904762,88.5483871,680,0,0,0,0,0,0,21,2008,31,2745,29200,247,16,32,0.0,0.0,0,0,0.0,0.0,0,0,ssh-patator
22,77,1,1,0,0,0,0,0.0,0.0,0,0,0.0,0.0,0.0,25974.02597,77.0,0.0,77,77,0,0.0,0.0,0,0,0,0.0,0.0,0,0,0,0,0,0,32,32,12987.01299,12987.01299,0,0,0.0,0.0,0.0,0,0,0,0,1,1,0,0,1,0.0,0.0,0.0,32,0,0,0,0,0,0,1,0,1,0,259,247,0,32,0.0,0.0,0,0,0.0,0.0,0,0,ssh-patator
22,79,1,1,0,0,0,0,0.0,0.0,0,0,0.0,0.0,0.0,25316.4557,79.0,0.0,79,79,0,0.0,0.0,0,0,0,0.0,0.0,0,0,0,0,0,0,32,32,12658.22785,12658.22785,0,0,0.0,0.0,0.0,0,0,0,0,1,1,0,0,1,0.0,0.0,0.0,32,0,0,0,0,0,0,1,0,1,0,259,247,0,32,0.0,0.0,0,0,0.0,0.0,0,0,ssh-patator
22,12278430,21,32,2008,2745,640,0,95.61904762,140.0451628,976,0,85.78125,220.240592,387.1016083,4.316512779,236123.6538,646416.1265,2695063,3,10800000,539902.8,958303.0691,2765727,324,12300000,396072.7419,803106.4577,2695063,3,0,0,0,0,680,1032,1.710316384,2.606196395,0,976,88.01851852,189.5902723,35944.47135,0,0,0,1,0,0,0,0,1,89.67924528,95.61904762,85.78125,680,0,0,0,0,0,0,21,2008,32,2745,29200,247,16,32,0.0,0.0,0,0,0.0,0.0,0,0,ssh-patator
22,44,1,1,0,0,0,0,0.0,0.0,0,0,0.0,0.0,0.0,45454.54545,44.0,0.0,44,44,0,0.0,0.0,0,0,0,0.0,0.0,0,0,0,0,0,0,32,32,22727.27273,22727.27273,0,0,0.0,0.0,0.0,0,0,0,0,1,1,0,0,1,0.0,0.0,0.0,32,0,0,0,0,0,0,1,0,1,0,259,247,0,32,0.0,0.0,0,0,0.0,0.0,0,0,ssh-patator
22,72,1,1,0,0,0,0,0.0,0.0,0,0,0.0,0.0,0.0,27777.77778,72.0,0.0,72,72,0,0.0,0.0,0,0,0,0.0,0.0,0,0,0,0,0,0,32,32,13888.88889,13888.88889,0,0,0.0,0.0,0.0,0,0,0,0,1,1,0,0,1,0.0,0.0,0.0,32,0,0,0,0,0,0,1,0,1,0,259,247,0,32,0.0,0.0,0,0,0.0,0.0,0,0,ssh-patator
22,13081848,21,32,2008,2745,640,0,95.61904762,140.0451628,976,0,85.78125,220.240592,363.3278723,4.051415366,251574.0,678330.0351,2252193,3,10800000,542453.0,950834.3495,2304458,544,13100000,421992.4839,841428.9275,2252193,3,0,0,0,0,680,1032,1.605277786,2.446137579,0,976,88.01851852,189.5902723,35944.47135,0,0,0,1,0,0,0,0,1,89.67924528,95.61904762,85.78125,680,0,0,0,0,0,0,21,2008,32,2745,29200,247,16,32,0.0,0.0,0,0,0.0,0.0,0,0,ssh-patator
22,12568244,21,31,2008,2745,640,0,95.61904762,140.0451628,976,0,88.5483871,223.315,378.1753441,4.137411718,246436.1569,641847.5565,2196787,4,10700000,534636.2,926844.8005,2263985,960,12600000,418935.4333,797484.7256,2196787,4,0,0,0,0,680,1000,1.670877809,2.466533909,0,976,89.67924528,191.0076291,36483.91437,0,0,0,1,0,0,0,0,1,91.40384615,95.61904762,88.5483871,680,0,0,0,0,0,0,21,2008,31,2745,29200,247,16,32,0.0,0.0,0,0,0.0,0.0,0,0,ssh-patator
22,84,1,1,0,0,0,0,0.0,0.0,0,0,0.0,0.0,0.0,23809.52381,84.0,0.0,84,84,0,0.0,0.0,0,0,0,0.0,0.0,0,0,0,0,0,0,32,32,11904.7619,11904.7619,0,0,0.0,0.0,0.0,0,0,0,0,1,1,0,0,1,0.0,0.0,0.0,32,0,0,0,0,0,0,1,0,1,0,259,247,0,32,0.0,0.0,0,0,0.0,0.0,0,0,ssh-patator
22,79,1,1,0,0,0,0,0.0,0.0,0,0,0.0,0.0,0.0,25316.4557,79.0,0.0,79,79,0,0.0,0.0,0,0,0,0.0,0.0,0,0,0,0,0,0,32,32,12658.22785,12658.22785,0,0,0.0,0.0,0.0,0,0,0,0,1,1,0,0,1,0.0,0.0,0.0,32,0,0,0,0,0,0,1,0,1,0,259,247,0,32,0.0,0.0,0,0,0.0,0.0,0,0,ssh-patator
22,1002,2,2,0,0,0,0,0.0,0.0,0,0,0.0,0.0,0.0,3992.015968,334.0,334.8253276,720,122,842,842.0,0.0,842,842,880,880.0,0.0,880,880,0,0,0,0,72,72,1996.007984,1996.007984,0,0,0.0,0.0,0.0,0,0,0,1,0,0,0,0,1,0.0,0.0,0.0,72,0,0,0,0,0,0,2,0,2,0,29200,227,0,32,0.0,0.0,0,0,0.0,0.0,0,0,ssh-patator
22,65,1,1,0,0,0,0,0.0,0.0,0,0,0.0,0.0,0.0,30769.23077,65.0,0.0,65,65,0,0.0,0.0,0,0,0,0.0,0.0,0,0,0,0,0,0,32,32,15384.61538,15384.61538,0,0,0.0,0.0,0.0,0,0,0,0,1,1,0,0,1,0.0,0.0,0.0,32,0,0,0,0,0,0,1,0,1,0,259,247,0,32,0.0,0.0,0,0,0.0,0.0,0,0,ssh-patator
22,76,1,1,0,0,0,0,0.0,0.0,0,0,0.0,0.0,0.0,26315.78947,76.0,0.0,76,76,0,0.0,0.0,0,0,0,0.0,0.0,0,0,0,0,0,0,32,32,13157.89474,13157.89474,0,0,0.0,0.0,0.0,0,0,0,0,1,1,0,0,1,0.0,0.0,0.0,32,0,0,0,0,0,0,1,0,1,0,259,247,0,32,0.0,0.0,0,0,0.0,0.0,0,0,ssh-patator
22,70,1,1,0,0,0,0,0.0,0.0,0,0,0.0,0.0,0.0,28571.42857,70.0,0.0,70,70,0,0.0,0.0,0,0,0,0.0,0.0,0,0,0,0,0,0,32,32,14285.71429,14285.71429,0,0,0.0,0.0,0.0,0,0,0,0,1,1,0,0,1,0.0,0.0,0.0,32,0,0,0,0,0,0,1,0,1,0,259,247,0,32,0.0,0.0,0,0,0.0,0.0,0,0,ssh-patator
22,13495180,21,32,2008,2745,640,0,95.61904762,140.0451628,976,0,85.78125,220.240592,352.1998225,3.927328128,259522.6923,709715.098,2624476,43,11300000,565848.7,1011693.418,2681434,279,13500000,435325.7097,881636.8296,2624476,47,0,0,0,0,680,1032,1.556111145,2.371216983,0,976,88.01851852,189.5902723,35944.47135,0,0,0,1,0,0,0,0,1,89.67924528,95.61904762,85.78125,680,0,0,0,0,0,0,21,2008,32,2745,29200,247,16,32,0.0,0.0,0,0,0.0,0.0,0,0,ssh-patator
22,94,1,1,0,0,0,0,0.0,0.0,0,0,0.0,0.0,0.0,21276.59574,94.0,0.0,94,94,0,0.0,0.0,0,0,0,0.0,0.0,0,0,0,0,0,0,32,32,10638.29787,10638.29787,0,0,0.0,0.0,0.0,0,0,0,0,1,1,0,0,1,0.0,0.0,0.0,32,0,0,0,0,0,0,1,0,1,0,259,247,0,32,0.0,0.0,0,0,0.0,0.0,0,0,ssh-patator
22,12542218,19,31,2008,2745,640,0,105.6842105,143.7671932,976,0,88.5483871,223.315,378.9600851,3.986535715,255963.6327,674387.2964,2596219,3,10900000,603975.0,998954.3789,2653469,502,12500000,418070.8,826292.4939,2596219,3,0,0,0,0,616,1000,1.514883572,2.471652143,0,976,93.19607843,193.9302988,37608.96078,0,0,0,1,0,0,0,0,1,95.06,105.6842105,88.5483871,616,0,0,0,0,0,0,19,2008,31,2745,29200,247,16,32,0.0,0.0,0,0,0.0,0.0,0,0,ssh-patator
22,11693529,21,32,2008,2745,640,0,95.61904762,140.0451628,976,0,85.78125,220.240592,406.4641222,4.532421308,224875.5577,609726.7488,2403242,3,9701790,485089.5,866274.3035,2470045,355,11700000,377206.0968,756783.9319,2403242,3,0,0,0,0,680,1032,1.795865046,2.736556261,0,976,88.01851852,189.5902723,35944.47135,0,0,0,1,0,0,0,0,1,89.67924528,95.61904762,85.78125,680,0,0,0,0,0,0,21,2008,32,2745,29200,247,16,32,0.0,0.0,0,0,0.0,0.0,0,0,ssh-patator
22,11153154,21,32,2008,2745,640,0,95.61904762,140.0451628,976,0,85.78125,220.240592,426.1574798,4.752019025,214483.7308,578259.3477,2236079,4,9933903,496695.15,870384.1995,2301952,489,11200000,359775.1613,717345.1137,2236079,4,0,0,0,0,680,1032,1.882875463,2.869143562,0,976,88.01851852,189.5902723,35944.47135,0,0,0,1,0,0,0,0,1,89.67924528,95.61904762,85.78125,680,0,0,0,0,0,0,21,2008,32,2745,29200,247,16,32,0.0,0.0,0,0,0.0,0.0,0,0,ssh-patator
22,12177144,21,31,2008,2745,640,0,95.61904762,140.0451628,976,0,88.5483871,223.315,390.3214087,4.270295235,238767.5294,631908.2845,2220342,25,10200000,510257.55,890157.1225,2271268,474,12200000,405902.4,786493.0433,2220342,47,0,0,0,0,680,1000,1.724542306,2.545752929,0,976,89.67924528,191.0076291,36483.91437,0,0,0,1,0,0,0,0,1,91.40384615,95.61904762,88.5483871,680,0,0,0,0,0,0,21,2008,31,2745,29200,247,16,32,0.0,0.0,0,0,0.0,0.0,0,0,ssh-patator
22,73,1,1,0,0,0,0,0.0,0.0,0,0,0.0,0.0,0.0,27397.26027,73.0,0.0,73,73,0,0.0,0.0,0,0,0,0.0,0.0,0,0,0,0,0,0,32,32,13698.63014,13698.63014,0,0,0.0,0.0,0.0,0,0,0,0,1,1,0,0,1,0.0,0.0,0.0,32,0,0,0,0,0,0,1,0,1,0,259,247,0,32,0.0,0.0,0,0,0.0,0.0,0,0,ssh-patator
22,62,1,1,0,0,0,0,0.0,0.0,0,0,0.0,0.0,0.0,32258.06452,62.0,0.0,62,62,0,0.0,0.0,0,0,0,0.0,0.0,0,0,0,0,0,0,32,32,16129.03226,16129.03226,0,0,0.0,0.0,0.0,0,0,0,0,1,1,0,0,1,0.0,0.0,0.0,32,0,0,0,0,0,0,1,0,1,0,259,247,0,32,0.0,0.0,0,0,0.0,0.0,0,0,ssh-patator
22,13269788,23,32,2008,2745,640,0,87.30434783,136.3399611,976,0,85.78125,220.240592,358.1820599,4.144753481,245736.8148,681830.4147,2688415,4,11000000,501441.7273,949503.9722,2767102,494,13300000,428052.9677,860700.2652,2688415,4,0,0,0,0,744,1032,1.733260546,2.411492934,0,976,84.875,186.8396554,34909.05682,0,0,0,1,0,0,0,0,1,86.41818182,87.30434783,85.78125,744,0,0,0,0,0,0,23,2008,32,2745,29200,247,16,32,0.0,0.0,0,0,0.0,0.0,0,0,ssh-patator
22,81,1,1,0,0,0,0,0.0,0.0,0,0,0.0,0.0,0.0,24691.35802,81.0,0.0,81,81,0,0.0,0.0,0,0,0,0.0,0.0,0,0,0,0,0,0,32,32,12345.67901,12345.67901,0,0,0.0,0.0,0.0,0,0,0,0,1,1,0,0,1,0.0,0.0,0.0,32,0,0,0,0,0,0,1,0,1,0,259,247,0,32,0.0,0.0,0,0,0.0,0.0,0,0,ssh-patator
22,12081478,23,32,2008,2745,640,0,87.30434783,136.3399611,976,0,85.78125,220.240592,393.4121305,4.552423139,223731.0741,617527.2228,2524130,4,10400000,474457.1364,890608.0655,2586207,431,12100000,389720.5484,779070.5152,2524130,4,0,0,0,0,744,1032,1.903740585,2.648682554,0,976,84.875,186.8396554,34909.05682,0,0,0,1,0,0,0,0,1,86.41818182,87.30434783,85.78125,744,0,0,0,0,0,0,23,2008,32,2745,29200,247,16,32,0.0,0.0,0,0,0.0,0.0,0,0,ssh-patator
22,72,1,1,0,0,0,0,0.0,0.0,0,0,0.0,0.0,0.0,27777.77778,72.0,0.0,72,72,0,0.0,0.0,0,0,0,0.0,0.0,0,0,0,0,0,0,32,32,13888.88889,13888.88889,0,0,0.0,0.0,0.0,0,0,0,0,1,1,0,0,1,0.0,0.0,0.0,32,0,0,0,0,0,0,1,0,1,0,259,247,0,32,0.0,0.0,0,0,0.0,0.0,0,0,ssh-patator
22,11631265,20,33,2008,2745,640,0,100.4,141.9141327,976,0,83.18181818,217.2857356,408.6399889,4.556684075,223678.1731,598032.8097,2144179,3,9480060,498950.5263,838633.3416,2201238,613,11600000,363474.1563,732172.8014,2144179,3,0,0,0,0,648,1064,1.719503425,2.837180651,0,976,88.01851852,189.5902723,35944.47135,0,0,0,1,0,0,0,0,1,89.67924528,100.4,83.18181818,648,0,0,0,0,0,0,20,2008,33,2745,29200,247,16,32,0.0,0.0,0,0,0.0,0.0,0,0,ssh-patator
22,73,1,1,0,0,0,0,0.0,0.0,0,0,0.0,0.0,0.0,27397.26027,73.0,0.0,73,73,0,0.0,0.0,0,0,0,0.0,0.0,0,0,0,0,0,0,32,32,13698.63014,13698.63014,0,0,0.0,0.0,0.0,0,0,0,0,1,1,0,0,1,0.0,0.0,0.0,32,0,0,0,0,0,0,1,0,1,0,259,247,0,32,0.0,0.0,0,0,0.0,0.0,0,0,ssh-patator
22,13290619,21,32,2008,2745,640,0,95.61904762,140.0451628,976,0,85.78125,220.240592,357.6206646,3.987775137,255588.8269,688726.3849,2318916,4,11000000,548174.6,960303.5946,2364610,322,13300000,428725.7097,854268.1231,2318916,4,0,0,0,0,680,1032,1.580061847,2.40771329,0,976,88.01851852,189.5902723,35944.47135,0,0,0,1,0,0,0,0,1,89.67924528,95.61904762,85.78125,680,0,0,0,0,0,0,21,2008,32,2745,29200,247,16,32,0.0,0.0,0,0,0.0,0.0,0,0,ssh-patator
22,102,1,1,0,0,0,0,0.0,0.0,0,0,0.0,0.0,0.0,19607.84314,102.0,0.0,102,102,0,0.0,0.0,0,0,0,0.0,0.0,0,0,0,0,0,0,32,32,9803.921569,9803.921569,0,0,0.0,0.0,0.0,0,0,0,0,1,1,0,0,1,0.0,0.0,0.0,32,0,0,0,0,0,0,1,0,1,0,259,247,0,32,0.0,0.0,0,0,0.0,0.0,0,0,ssh-patator
22,40,1,1,0,0,0,0,0.0,0.0,0,0,0.0,0.0,0.0,50000.0,40.0,0.0,40,40,0,0.0,0.0,0,0,0,0.0,0.0,0,0,0,0,0,0,32,32,25000.0,25000.0,0,0,0.0,0.0,0.0,0,0,0,0,1,1,0,0,1,0.0,0.0,0.0,32,0,0,0,0,0,0,1,0,1,0,259,247,0,32,0.0,0.0,0,0,0.0,0.0,0,0,ssh-patator
22,11361044,19,31,2008,2745,640,0,105.6842105,143.7671932,976,0,88.5483871,223.315,418.3594395,4.401003992,231858.0408,602268.0418,2113231,3,9766762,542597.8889,891764.6503,2174757,327,11400000,378664.5,736866.6272,2113231,3,0,0,0,0,616,1000,1.672381517,2.728622475,0,976,93.19607843,193.9302988,37608.96078,0,0,0,1,0,0,0,0,1,95.06,105.6842105,88.5483871,616,0,0,0,0,0,0,19,2008,31,2745,29200,247,16,32,0.0,0.0,0,0,0.0,0.0,0,0,ssh-patator
22,99,1,1,0,0,0,0,0.0,0.0,0,0,0.0,0.0,0.0,20202.0202,99.0,0.0,99,99,0,0.0,0.0,0,0,0,0.0,0.0,0,0,0,0,0,0,32,32,10101.0101,10101.0101,0,0,0.0,0.0,0.0,0,0,0,0,1,1,0,0,1,0.0,0.0,0.0,32,0,0,0,0,0,0,1,0,1,0,259,247,0,32,0.0,0.0,0,0,0.0,0.0,0,0,ssh-patator
22,101,1,1,0,0,0,0,0.0,0.0,0,0,0.0,0.0,0.0,19801.9802,101.0,0.0,101,101,0,0.0,0.0,0,0,0,0.0,0.0,0,0,0,0,0,0,32,32,9900.990099,9900.990099,0,0,0.0,0.0,0.0,0,0,0,0,1,1,0,0,1,0.0,0.0,0.0,32,0,0,0,0,0,0,1,0,1,0,259,247,0,32,0.0,0.0,0,0,0.0,0.0,0,0,ssh-patator
22,67,1,1,0,0,0,0,0.0,0.0,0,0,0.0,0.0,0.0,29850.74627,67.0,0.0,67,67,0,0.0,0.0,0,0,0,0.0,0.0,0,0,0,0,0,0,32,32,14925.37313,14925.37313,0,0,0.0,0.0,0.0,0,0,0,0,1,1,0,0,1,0.0,0.0,0.0,32,0,0,0,0,0,0,1,0,1,0,259,247,0,32,0.0,0.0,0,0,0.0,0.0,0,0,ssh-patator
22,12863786,21,32,2008,2745,640,0,95.61904762,140.0451628,976,0,85.78125,220.240592,369.486868,4.120093416,247380.5,668915.034,2359939,4,11000000,547824.7,964929.1914,2405945,242,12900000,414955.9677,830021.0127,2359939,4,0,0,0,0,680,1032,1.632489844,2.487603572,0,976,88.01851852,189.5902723,35944.47135,0,0,0,1,0,0,0,0,1,89.67924528,95.61904762,85.78125,680,0,0,0,0,0,0,21,2008,32,2745,29200,247,16,32,0.0,0.0,0,0,0.0,0.0,0,0,ssh-patator
22,104,1,1,0,0,0,0,0.0,0.0,0,0,0.0,0.0,0.0,19230.76923,104.0,0.0,104,104,0,0.0,0.0,0,0,0,0.0,0.0,0,0,0,0,0,0,32,32,9615.384615,9615.384615,0,0,0.0,0.0,0.0,0,0,0,0,1,1,0,0,1,0.0,0.0,0.0,32,0,0,0,0,0,0,1,0,1,0,259,247,0,32,0.0,0.0,0,0,0.0,0.0,0,0,ssh-patator
22,13924841,21,32,2008,2745,640,0,95.61904762,140.0451628,976,0,85.78125,220.240592,341.3324432,3.806147589,267785.4038,736346.9423,2609852,3,11800000,588362.9,1060492.927,2664480,312,13900000,449184.2258,915231.4179,2609852,3,0,0,0,0,680,1032,1.508096215,2.298051375,0,976,88.01851852,189.5902723,35944.47135,0,0,0,1,0,0,0,0,1,89.67924528,95.61904762,85.78125,680,0,0,0,0,0,0,21,2008,32,2745,29200,247,16,32,0.0,0.0,0,0,0.0,0.0,0,0,ssh-patator
22,32,1,1,0,0,0,0,0.0,0.0,0,0,0.0,0.0,0.0,62500.0,32.0,0.0,32,32,0,0.0,0.0,0,0,0,0.0,0.0,0,0,0,0,0,0,32,32,31250.0,31250.0,0,0,0.0,0.0,0.0,0,0,0,0,1,1,0,0,1,0.0,0.0,0.0,32,0,0,0,0,0,0,1,0,1,0,259,247,0,32,0.0,0.0,0,0,0.0,0.0,0,0,ssh-patator
22,74,1,1,0,0,0,0,0.0,0.0,0,0,0.0,0.0,0.0,27027.02703,74.0,0.0,74,74,0,0.0,0.0,0,0,0,0.0,0.0,0,0,0,0,0,0,32,32,13513.51351,13513.51351,0,0,0.0,0.0,0.0,0,0,0,0,1,1,0,0,1,0.0,0.0,0.0,32,0,0,0,0,0,0,1,0,1,0,259,247,0,32,0.0,0.0,0,0,0.0,0.0,0,0,ssh-patator
22,11858291,20,33,1992,2745,640,0,99.6,141.8903951,976,0,83.18181818,217.2857356,399.4673431,4.469446736,228044.0577,610156.701,2083778,3,9831788,517462.5263,876208.2068,2149263,259,11900000,370567.6562,747069.9612,2083778,3,0,0,0,0,648,1064,1.686583674,2.782863062,0,976,87.72222222,189.5645872,35934.7327,0,0,0,1,0,0,0,0,1,89.37735849,99.6,83.18181818,648,0,0,0,0,0,0,20,1992,33,2745,29200,247,16,32,0.0,0.0,0,0,0.0,0.0,0,0,ssh-patator
22,13363173,21,32,2008,2745,640,0,95.61904762,140.0451628,976,0,85.78125,220.240592,355.6789993,3.966123914,256984.0962,708863.1294,2640338,3,11200000,559152.2,1011585.465,2701416,258,13400000,431067.6129,881368.1785,2640338,3,0,0,0,0,680,1032,1.57148306,2.394640854,0,976,88.01851852,189.5902723,35944.47135,0,0,0,1,0,0,0,0,1,89.67924528,95.61904762,85.78125,680,0,0,0,0,0,0,21,2008,32,2745,29200,247,16,32,0.0,0.0,0,0,0.0,0.0,0,0,ssh-patator
22,11783386,19,31,2008,2745,640,0,105.6842105,143.7671932,976,0,88.5483871,223.315,403.3645338,4.243262505,240477.2653,624502.1308,2218836,3,10200000,563930.7222,924033.8815,2293103,362,11800000,392774.9333,764027.6124,2218836,3,0,0,0,0,616,1000,1.612439752,2.630822753,0,976,93.19607843,193.9302988,37608.96078,0,0,0,1,0,0,0,0,1,95.06,105.6842105,88.5483871,616,0,0,0,0,0,0,19,2008,31,2745,29200,247,16,32,0.0,0.0,0,0,0.0,0.0,0,0,ssh-patator
22,12673822,21,32,2024,2745,640,0,96.38095238,140.1821944,976,0,85.78125,220.240592,376.2874372,4.181848222,243727.3462,664368.4919,2604233,3,10700000,534107.55,950858.921,2654839,317,12700000,408829.0323,825041.0044,2604233,3,0,0,0,0,680,1032,1.65695873,2.524889493,0,976,88.31481481,189.6409541,35963.69147,0,0,0,1,0,0,0,0,1,89.98113208,96.38095238,85.78125,680,0,0,0,0,0,0,21,2024,32,2745,29200,257,16,32,0.0,0.0,0,0,0.0,0.0,0,0,ssh-patator
22,13003283,20,33,2008,2745,640,0,100.4,141.9141327,976,0,83.18181818,217.2857356,365.523076,4.075893757,250063.1346,687179.87,2800293,3,10600000,557399.0,966713.0193,2850582,3,13000000,406348.875,843477.525,2800293,3,0,0,0,0,648,1064,1.538073116,2.537820641,0,976,88.01851852,189.5902723,35944.47135,0,0,0,1,0,0,0,0,1,89.67924528,100.4,83.18181818,648,0,0,0,0,0,0,20,2008,33,2745,29200,247,16,32,0.0,0.0,0,0,0.0,0.0,0,0,ssh-patator
22,84,1,1,0,0,0,0,0.0,0.0,0,0,0.0,0.0,0.0,23809.52381,84.0,0.0,84,84,0,0.0,0.0,0,0,0,0.0,0.0,0,0,0,0,0,0,32,32,11904.7619,11904.7619,0,0,0.0,0.0,0.0,0,0,0,0,1,1,0,0,1,0.0,0.0,0.0,32,0,0,0,0,0,0,1,0,1,0,259,247,0,32,0.0,0.0,0,0,0.0,0.0,0,0,ssh-patator
22,60,1,1,0,0,0,0,0.0,0.0,0,0,0.0,0.0,0.0,33333.33333,60.0,0.0,60,60,0,0.0,0.0,0,0,0,0.0,0.0,0,0,0,0,0,0,32,32,16666.66667,16666.66667,0,0,0.0,0.0,0.0,0,0,0,0,1,1,0,0,1,0.0,0.0,0.0,32,0,0,0,0,0,0,1,0,1,0,259,247,0,32,0.0,0.0,0,0,0.0,0.0,0,0,ssh-patator
22,11773311,21,32,2008,2745,640,0,95.61904762,140.0451628,976,0,85.78125,220.240592,403.7097126,4.501707294,226409.8269,624074.1764,2280157,3,9624932,481246.6,871844.0521,2332435,507,11800000,379780.0968,775887.0889,2280157,3,0,0,0,0,680,1032,1.783695343,2.718011951,0,976,88.01851852,189.5902723,35944.47135,0,0,0,1,0,0,0,0,1,89.67924528,95.61904762,85.78125,680,0,0,0,0,0,0,21,2008,32,2745,29200,247,16,32,0.0,0.0,0,0,0.0,0.0,0,0,ssh-patator
22,79,1,1,0,0,0,0,0.0,0.0,0,0,0.0,0.0,0.0,25316.4557,79.0,0.0,79,79,0,0.0,0.0,0,0,0,0.0,0.0,0,0,0,0,0,0,32,32,12658.22785,12658.22785,0,0,0.0,0.0,0.0,0,0,0,0,1,1,0,0,1,0.0,0.0,0.0,32,0,0,0,0,0,0,1,0,1,0,259,247,0,32,0.0,0.0,0,0,0.0,0.0,0,0,ssh-patator
22,10998719,21,32,2008,2745,640,0,95.61904762,140.0451628,976,0,85.78125,220.240592,432.1412339,4.818742983,211513.8269,569471.2374,2096142,3,9780479,489023.95,856794.8065,2165842,335,11000000,354793.1613,706339.2015,2096142,3,0,0,0,0,680,1032,1.909313257,2.909429725,0,976,88.01851852,189.5902723,35944.47135,0,0,0,1,0,0,0,0,1,89.67924528,95.61904762,85.78125,680,0,0,0,0,0,0,21,2008,32,2745,29200,247,16,32,0.0,0.0,0,0,0.0,0.0,0,0,ssh-patator
22,12782378,22,31,2008,2745,640,0,91.27272727,138.1821372,976,0,88.5483871,223.315,371.8400442,4.146333335,245814.9615,655806.4018,2428496,3,10800000,514131.7619,926221.772,2502830,3,12800000,426075.0667,823022.232,2428496,3,0,0,0,0,712,1000,1.721119497,2.425213837,0,976,88.01851852,189.5902723,35944.47135,0,0,0,1,0,0,0,0,1,89.67924528,91.27272727,88.5483871,712,0,0,0,0,0,0,22,2008,31,2745,29200,247,16,32,0.0,0.0,0,0,0.0,0.0,0,0,ssh-patator
22,79,1,1,0,0,0,0,0.0,0.0,0,0,0.0,0.0,0.0,25316.4557,79.0,0.0,79,79,0,0.0,0.0,0,0,0,0.0,0.0,0,0,0,0,0,0,32,32,12658.22785,12658.22785,0,0,0.0,0.0,0.0,0,0,0,0,1,1,0,0,1,0.0,0.0,0.0,32,0,0,0,0,0,0,1,0,1,0,259,247,0,32,0.0,0.0,0,0,0.0,0.0,0,0,ssh-patator
22,32,1,1,0,0,0,0,0.0,0.0,0,0,0.0,0.0,0.0,62500.0,32.0,0.0,32,32,0,0.0,0.0,0,0,0,0.0,0.0,0,0,0,0,0,0,32,32,31250.0,31250.0,0,0,0.0,0.0,0.0,0,0,0,0,1,1,0,0,1,0.0,0.0,0.0,32,0,0,0,0,0,0,1,0,1,0,259,247,0,32,0.0,0.0,0,0,0.0,0.0,0,0,ssh-patator
22,11744389,21,32,2008,2745,640,0,95.61904762,140.0451628,976,0,85.78125,220.240592,404.7038973,4.512793301,225853.6346,613597.0221,2357957,3,9972130,498606.5,888981.239,2407995,469,11700000,378846.5161,761738.5415,2357957,3,0,0,0,0,680,1032,1.788087912,2.724705389,0,976,88.01851852,189.5902723,35944.47135,0,0,0,1,0,0,0,0,1,89.67924528,95.61904762,85.78125,680,0,0,0,0,0,0,21,2008,32,2745,29200,247,16,32,0.0,0.0,0,0,0.0,0.0,0,0,ssh-patator
22,12078359,21,32,2024,2745,640,0,96.38095238,140.1821944,976,0,85.78125,220.240592,394.8384048,4.388013305,232276.1346,636066.0844,2268338,3,9766354,488317.7,871999.6425,2307523,359,12100000,389619.7419,790271.1723,2268338,3,0,0,0,0,680,1032,1.738646781,2.649366524,0,976,88.31481481,189.6409541,35963.69147,0,0,0,1,0,0,0,0,1,89.98113208,96.38095238,85.78125,680,0,0,0,0,0,0,21,2024,32,2745,29200,257,16,32,0.0,0.0,0,0,0.0,0.0,0,0,ssh-patator
22,40,1,1,0,0,0,0,0.0,0.0,0,0,0.0,0.0,0.0,50000.0,40.0,0.0,40,40,0,0.0,0.0,0,0,0,0.0,0.0,0,0,0,0,0,0,32,32,25000.0,25000.0,0,0,0.0,0.0,0.0,0,0,0,0,1,1,0,0,1,0.0,0.0,0.0,32,0,0,0,0,0,0,1,0,1,0,259,247,0,32,0.0,0.0,0,0,0.0,0.0,0,0,ssh-patator
22,922,2,2,0,0,0,0,0.0,0.0,0,0,0.0,0.0,0.0,4338.394794,307.3333333,362.8861162,726,83,809,809.0,0.0,809,809,839,839.0,0.0,839,839,0,0,0,0,72,72,2169.197397,2169.197397,0,0,0.0,0.0,0.0,0,0,0,1,0,0,0,0,1,0.0,0.0,0.0,72,0,0,0,0,0,0,2,0,2,0,29200,227,0,32,0.0,0.0,0,0,0.0,0.0,0,0,ssh-patator
22,11810985,19,31,2008,2745,640,0,105.6842105,143.7671932,976,0,88.5483871,223.315,402.4219826,4.233347176,241040.5102,625821.1073,2190138,4,10100000,563397.7222,925602.1674,2264423,273,11800000,393695.0667,765634.1303,2190138,4,0,0,0,0,616,1000,1.608671927,2.624675249,0,976,93.19607843,193.9302988,37608.96078,0,0,0,1,0,0,0,0,1,95.06,105.6842105,88.5483871,616,0,0,0,0,0,0,19,2008,31,2745,29200,247,16,32,0.0,0.0,0,0,0.0,0.0,0,0,ssh-patator
22,71,1,1,0,0,0,0,0.0,0.0,0,0,0.0,0.0,0.0,28169.01408,71.0,0.0,71,71,0,0.0,0.0,0,0,0,0.0,0.0,0,0,0,0,0,0,32,32,14084.50704,14084.50704,0,0,0.0,0.0,0.0,0,0,0,0,1,1,0,0,1,0.0,0.0,0.0,32,0,0,0,0,0,0,1,0,1,0,259,247,0,32,0.0,0.0,0,0,0.0,0.0,0,0,ssh-patator
22,12434077,20,33,2008,2745,640,0,100.4,141.9141327,976,0,83.18181818,217.2857356,382.2559568,4.262479636,239116.8654,646340.6532,2512246,3,9878524,519922.3158,878039.7313,2127222,675,12400000,388562.9375,792127.9046,2512246,3,0,0,0,0,648,1064,1.608482881,2.653996754,0,976,88.01851852,189.5902723,35944.47135,0,0,0,1,0,0,0,0,1,89.67924528,100.4,83.18181818,648,0,0,0,0,0,0,20,2008,33,2745,29200,247,16,32,0.0,0.0,0,0,0.0,0.0,0,0,ssh-patator
22,12021992,22,32,2008,2745,640,0,91.27272727,138.1821372,976,0,85.78125,220.240592,395.3587725,4.491768086,226830.0377,620934.8924,2432367,3,10600000,504848.2857,913616.474,2481793,337,12000000,387803.3871,777254.7194,2432367,3,0,0,0,0,712,1032,1.829979591,2.661788496,0,976,86.41818182,188.2012015,35419.69226,0,0,0,1,0,0,0,0,1,88.01851852,91.27272727,85.78125,712,0,0,0,0,0,0,22,2008,32,2745,29200,247,16,32,0.0,0.0,0,0,0.0,0.0,0,0,ssh-patator
22,10640446,21,32,2008,2745,640,0,95.61904762,140.0451628,976,0,85.78125,220.240592,446.6918022,4.980994218,204623.9615,550922.0847,2046713,20,8553621,427681.05,751712.9916,2000704,273,10600000,343236.7419,683345.8674,2046713,20,0,0,0,0,680,1032,1.973601482,3.007392735,0,976,88.01851852,189.5902723,35944.47135,0,0,0,1,0,0,0,0,1,89.67924528,95.61904762,85.78125,680,0,0,0,0,0,0,21,2008,32,2745,29200,247,16,32,0.0,0.0,0,0,0.0,0.0,0,0,ssh-patator
22,12119011,21,32,2008,2745,640,0,95.61904762,140.0451628,976,0,85.78125,220.240592,392.1937194,4.373294157,233057.9038,626297.1655,2256173,3,10200000,510365.3,895909.0121,2301567,520,12100000,390931.6774,776619.3636,2256173,3,0,0,0,0,680,1032,1.732814666,2.640479491,0,976,88.01851852,189.5902723,35944.47135,0,0,0,1,0,0,0,0,1,89.67924528,95.61904762,85.78125,680,0,0,0,0,0,0,21,2008,32,2745,29200,247,16,32,0.0,0.0,0,0,0.0,0.0,0,0,ssh-patator
22,44,1,1,0,0,0,0,0.0,0.0,0,0,0.0,0.0,0.0,45454.54545,44.0,0.0,44,44,0,0.0,0.0,0,0,0,0.0,0.0,0,0,0,0,0,0,32,32,22727.27273,22727.27273,0,0,0.0,0.0,0.0,0,0,0,0,1,1,0,0,1,0.0,0.0,0.0,32,0,0,0,0,0,0,1,0,1,0,259,247,0,32,0.0,0.0,0,0,0.0,0.0,0,0,ssh-patator
22,12799755,19,31,2008,2745,640,0,105.6842105,143.7671932,976,0,88.5483871,223.315,371.3352326,3.906324769,261219.4898,699977.6514,2700273,3,10700000,594114.5556,1017030.242,2765039,461,12800000,426654.1333,859100.9284,2700273,3,0,0,0,0,616,1000,1.484403412,2.421921357,0,976,93.19607843,193.9302988,37608.96078,0,0,0,1,0,0,0,0,1,95.06,105.6842105,88.5483871,616,0,0,0,0,0,0,19,2008,31,2745,29200,247,16,32,0.0,0.0,0,0,0.0,0.0,0,0,ssh-patator
22,13576105,19,31,2008,2745,640,0,105.6842105,143.7671932,976,0,88.5483871,223.315,350.1004154,3.682941462,277063.3673,728729.0512,2580308,2,11300000,625965.6667,1037388.432,2632524,312,13600000,452532.6333,892712.4669,2580308,3,0,0,0,0,616,1000,1.399517756,2.283423707,0,976,93.19607843,193.9302988,37608.96078,0,0,0,1,0,0,0,0,1,95.06,105.6842105,88.5483871,616,0,0,0,0,0,0,19,2008,31,2745,29200,247,16,32,0.0,0.0,0,0,0.0,0.0,0,0,ssh-patator
22,11428980,21,32,2024,2745,640,0,96.38095238,140.1821944,976,0,85.78125,220.240592,417.2725825,4.637334215,219788.0769,598327.1293,2204753,3,9269203,463460.15,828029.2355,2259178,530,11400000,368671.5161,742944.7613,2204753,3,0,0,0,0,680,1032,1.837434312,2.799899904,0,976,88.31481481,189.6409541,35963.69147,0,0,0,1,0,0,0,0,1,89.98113208,96.38095238,85.78125,680,0,0,0,0,0,0,21,2024,32,2745,29200,257,16,32,0.0,0.0,0,0,0.0,0.0,0,0,ssh-patator
22,80,1,1,0,0,0,0,0.0,0.0,0,0,0.0,0.0,0.0,25000.0,80.0,0.0,80,80,0,0.0,0.0,0,0,0,0.0,0.0,0,0,0,0,0,0,32,32,12500.0,12500.0,0,0,0.0,0.0,0.0,0,0,0,0,1,1,0,0,1,0.0,0.0,0.0,32,0,0,0,0,0,0,1,0,1,0,259,247,0,32,0.0,0.0,0,0,0.0,0.0,0,0,ssh-patator
22,79,1,1,0,0,0,0,0.0,0.0,0,0,0.0,0.0,0.0,25316.4557,79.0,0.0,79,79,0,0.0,0.0,0,0,0,0.0,0.0,0,0,0,0,0,0,32,32,12658.22785,12658.22785,0,0,0.0,0.0,0.0,0,0,0,0,1,1,0,0,1,0.0,0.0,0.0,32,0,0,0,0,0,0,1,0,1,0,259,247,0,32,0.0,0.0,0,0,0.0,0.0,0,0,ssh-patator
22,81,1,1,0,0,0,0,0.0,0.0,0,0,0.0,0.0,0.0,24691.35802,81.0,0.0,81,81,0,0.0,0.0,0,0,0,0.0,0.0,0,0,0,0,0,0,32,32,12345.67901,12345.67901,0,0,0.0,0.0,0.0,0,0,0,0,1,1,0,0,1,0.0,0.0,0.0,32,0,0,0,0,0,0,1,0,1,0,259,247,0,32,0.0,0.0,0,0,0.0,0.0,0,0,ssh-patator
22,37,1,1,0,0,0,0,0.0,0.0,0,0,0.0,0.0,0.0,54054.05405,37.0,0.0,37,37,0,0.0,0.0,0,0,0,0.0,0.0,0,0,0,0,0,0,32,32,27027.02703,27027.02703,0,0,0.0,0.0,0.0,0,0,0,0,1,1,0,0,1,0.0,0.0,0.0,32,0,0,0,0,0,0,1,0,1,0,259,247,0,32,0.0,0.0,0,0,0.0,0.0,0,0,ssh-patator
22,60,1,1,0,0,0,0,0.0,0.0,0,0,0.0,0.0,0.0,33333.33333,60.0,0.0,60,60,0,0.0,0.0,0,0,0,0.0,0.0,0,0,0,0,0,0,32,32,16666.66667,16666.66667,0,0,0.0,0.0,0.0,0,0,0,0,1,1,0,0,1,0.0,0.0,0.0,32,0,0,0,0,0,0,1,0,1,0,259,247,0,32,0.0,0.0,0,0,0.0,0.0,0,0,ssh-patator
22,12324175,23,32,2008,2745,640,0,87.30434783,136.3399611,976,0,85.78125,220.240592,385.6647605,4.46277337,228225.463,634794.4801,2695063,3,10400000,474193.7273,902580.3499,2764866,311,12300000,397551.0968,801527.89,2695063,3,0,0,0,0,744,1032,1.866250682,2.596522688,0,976,84.875,186.8396554,34909.05682,0,0,0,1,0,0,0,0,1,86.41818182,87.30434783,85.78125,744,0,0,0,0,0,0,23,2008,32,2745,29200,247,16,32,0.0,0.0,0,0,0.0,0.0,0,0,ssh-patator
22,86,1,1,0,0,0,0,0.0,0.0,0,0,0.0,0.0,0.0,23255.81395,86.0,0.0,86,86,0,0.0,0.0,0,0,0,0.0,0.0,0,0,0,0,0,0,32,32,11627.90698,11627.90698,0,0,0.0,0.0,0.0,0,0,0,0,1,1,0,0,1,0.0,0.0,0.0,32,0,0,0,0,0,0,1,0,1,0,259,247,0,32,0.0,0.0,0,0,0.0,0.0,0,0,ssh-patator
22,13363896,19,31,2008,2745,640,0,105.6842105,143.7671932,976,0,88.5483871,223.315,355.6597567,3.741423908,272732.5714,714884.6201,2598958,4,11400000,635950.1111,1048790.037,2662490,358,13400000,445459.6,875435.1276,2598958,4,0,0,0,0,616,1000,1.421741085,2.319682823,0,976,93.19607843,193.9302988,37608.96078,0,0,0,1,0,0,0,0,1,95.06,105.6842105,88.5483871,616,0,0,0,0,0,0,19,2008,31,2745,29200,247,16,32,0.0,0.0,0,0,0.0,0.0,0,0,ssh-patator
22,10688015,22,32,2008,2745,640,0,91.27272727,138.1821372,976,0,85.78125,220.240592,444.7037172,5.052388119,201660.6604,543595.4578,1980286,4,9433744,449225.9048,800834.0425,2033632,939,10700000,344771.871,679381.5379,1980286,4,0,0,0,0,712,1032,2.058380345,2.994007774,0,976,86.41818182,188.2012015,35419.69226,0,0,0,1,0,0,0,0,1,88.01851852,91.27272727,85.78125,712,0,0,0,0,0,0,22,2008,32,2745,29200,247,16,32,0.0,0.0,0,0,0.0,0.0,0,0,ssh-patator
22,76,1,1,0,0,0,0,0.0,0.0,0,0,0.0,0.0,0.0,26315.78947,76.0,0.0,76,76,0,0.0,0.0,0,0,0,0.0,0.0,0,0,0,0,0,0,32,32,13157.89474,13157.89474,0,0,0.0,0.0,0.0,0,0,0,0,1,1,0,0,1,0.0,0.0,0.0,32,0,0,0,0,0,0,1,0,1,0,259,257,0,32,0.0,0.0,0,0,0.0,0.0,0,0,ssh-patator
22,249,2,1,0,0,0,0,0.0,0.0,0,0,0.0,0.0,0.0,12048.19277,124.5,74.24621202,177,72,249,249.0,0.0,249,249,0,0.0,0.0,0,0,0,0,0,0,64,32,8032.128514,4016.064257,0,0,0.0,0.0,0.0,0,0,0,0,1,1,0,0,0,0.0,0.0,0.0,64,0,0,0,0,0,0,2,0,1,0,259,247,0,32,0.0,0.0,0,0,0.0,0.0,0,0,ssh-patator
22,78,1,1,0,0,0,0,0.0,0.0,0,0,0.0,0.0,0.0,25641.02564,78.0,0.0,78,78,0,0.0,0.0,0,0,0,0.0,0.0,0,0,0,0,0,0,32,32,12820.51282,12820.51282,0,0,0.0,0.0,0.0,0,0,0,0,1,1,0,0,1,0.0,0.0,0.0,32,0,0,0,0,0,0,1,0,1,0,259,257,0,32,0.0,0.0,0,0,0.0,0.0,0,0,ssh-patator
22,87,1,1,0,0,0,0,0.0,0.0,0,0,0.0,0.0,0.0,22988.50575,87.0,0.0,87,87,0,0.0,0.0,0,0,0,0.0,0.0,0,0,0,0,0,0,32,32,11494.25287,11494.25287,0,0,0.0,0.0,0.0,0,0,0,0,1,1,0,0,1,0.0,0.0,0.0,32,0,0,0,0,0,0,1,0,1,0,259,247,0,32,0.0,0.0,0,0,0.0,0.0,0,0,ssh-patator
22,61,1,1,0,0,0,0,0.0,0.0,0,0,0.0,0.0,0.0,32786.88525,61.0,0.0,61,61,0,0.0,0.0,0,0,0,0.0,0.0,0,0,0,0,0,0,32,32,16393.44262,16393.44262,0,0,0.0,0.0,0.0,0,0,0,0,1,1,0,0,1,0.0,0.0,0.0,32,0,0,0,0,0,0,1,0,1,0,259,257,0,32,0.0,0.0,0,0,0.0,0.0,0,0,ssh-patator
22,10281271,21,32,2008,2745,640,0,95.61904762,140.0451628,976,0,85.78125,220.240592,462.2969281,5.155004668,197716.75,535702.0991,2123388,22,8882840,444142.0,788502.7932,2190356,318,10300000,331650.5806,664867.1321,2123388,56,0,0,0,0,680,1032,2.042549019,3.112455649,0,976,88.01851852,189.5902723,35944.47135,0,0,0,1,0,0,0,0,1,89.67924528,95.61904762,85.78125,680,0,0,0,0,0,0,21,2008,32,2745,29200,247,16,32,0.0,0.0,0,0,0.0,0.0,0,0,ssh-patator
22,12664986,21,32,2008,2745,640,0,95.61904762,140.0451628,976,0,85.78125,220.240592,375.2866367,4.184765779,243557.4231,664923.1932,2607552,3,10300000,516620.6,921476.8112,2665119,246,12700000,408544.2903,825863.2087,2607552,3,0,0,0,0,680,1032,1.658114742,2.526651036,0,976,88.01851852,189.5902723,35944.47135,0,0,0,1,0,0,0,0,1,89.67924528,95.61904762,85.78125,680,0,0,0,0,0,0,21,2008,32,2745,29200,247,16,32,0.0,0.0,0,0,0.0,0.0,0,0,ssh-patator
22,43,1,1,0,0,0,0,0.0,0.0,0,0,0.0,0.0,0.0,46511.62791,43.0,0.0,43,43,0,0.0,0.0,0,0,0,0.0,0.0,0,0,0,0,0,0,32,32,23255.81395,23255.81395,0,0,0.0,0.0,0.0,0,0,0,0,1,1,0,0,1,0.0,0.0,0.0,32,0,0,0,0,0,0,1,0,1,0,259,247,0,32,0.0,0.0,0,0,0.0,0.0,0,0,ssh-patator
22,76,1,1,0,0,0,0,0.0,0.0,0,0,0.0,0.0,0.0,26315.78947,76.0,0.0,76,76,0,0.0,0.0,0,0,0,0.0,0.0,0,0,0,0,0,0,32,32,13157.89474,13157.89474,0,0,0.0,0.0,0.0,0,0,0,0,1,1,0,0,1,0.0,0.0,0.0,32,0,0,0,0,0,0,1,0,1,0,259,247,0,32,0.0,0.0,0,0,0.0,0.0,0,0,ssh-patator
22,10577495,21,32,2008,2745,640,0,95.61904762,140.0451628,976,0,85.78125,220.240592,449.3502479,5.010638152,203413.3654,550574.7032,2031250,3,9074365,453718.25,807178.6378,2107348,416,10600000,341206.6452,683248.2799,2031250,3,0,0,0,0,680,1032,1.985347192,3.02529096,0,976,88.01851852,189.5902723,35944.47135,0,0,0,1,0,0,0,0,1,89.67924528,95.61904762,85.78125,680,0,0,0,0,0,0,21,2008,32,2745,29200,247,16,32,0.0,0.0,0,0,0.0,0.0,0,0,ssh-patator
22,10919727,21,32,2008,2745,640,0,95.61904762,140.0451628,976,0,85.78125,220.240592,435.2672919,4.853601194,209994.75,568298.1717,2082931,28,9227410,461370.5,817981.3818,2143097,440,10900000,352246.4516,705228.6263,2082931,39,0,0,0,0,680,1032,1.923125001,2.930476192,0,976,88.01851852,189.5902723,35944.47135,0,0,0,1,0,0,0,0,1,89.67924528,95.61904762,85.78125,680,0,0,0,0,0,0,21,2008,32,2745,29200,247,16,32,0.0,0.0,0,0,0.0,0.0,0,0,ssh-patator
22,12609663,21,33,2008,2745,640,0,95.61904762,140.0451628,976,0,83.18181818,217.2857356,376.9331504,4.28243007,237918.1698,650164.8559,2488166,14,11000000,549452.1,967059.5606,2558648,638,12600000,394049.0312,803692.0197,2488166,17,0,0,0,0,680,1064,1.665389472,2.617040598,0,976,86.41818182,188.2012015,35419.69226,0,0,0,1,0,0,0,0,1,88.01851852,95.61904762,83.18181818,680,0,0,0,0,0,0,21,2008,33,2745,29200,247,16,32,0.0,0.0,0,0,0.0,0.0,0,0,ssh-patator
22,11639945,23,32,2008,2745,640,0,87.30434783,136.3399611,976,0,85.78125,220.240592,408.3352628,4.725108237,215554.537,587135.5731,2200342,3,10000000,454676.1364,846793.9837,2274656,233,11600000,375476.8065,739667.8959,2200342,3,0,0,0,0,744,1032,1.975954354,2.749153883,0,976,84.875,186.8396554,34909.05682,0,0,0,1,0,0,0,0,1,86.41818182,87.30434783,85.78125,744,0,0,0,0,0,0,23,2008,32,2745,29200,247,16,32,0.0,0.0,0,0,0.0,0.0,0,0,ssh-patator
22,55,1,1,0,0,0,0,0.0,0.0,0,0,0.0,0.0,0.0,36363.63636,55.0,0.0,55,55,0,0.0,0.0,0,0,0,0.0,0.0,0,0,0,0,0,0,32,32,18181.81818,18181.81818,0,0,0.0,0.0,0.0,0,0,0,0,1,1,0,0,1,0.0,0.0,0.0,32,0,0,0,0,0,0,1,0,1,0,259,247,0,32,0.0,0.0,0,0,0.0,0.0,0,0,ssh-patator
22,2467434,14,12,1128,2009,640,0,80.57142857,177.6278366,976,0,167.4166667,350.002197,1271.36126,10.5372626,98697.36,429600.4081,2158823,3,2467434,189802.6154,616682.0504,2240818,576,2366425,215129.5455,645231.3327,2158823,3,0,0,0,0,456,392,5.673910629,4.863351968,0,976,116.1851852,264.6071162,70016.92593,0,0,0,1,0,0,0,0,0,120.6538462,80.57142857,167.4166667,456,0,0,0,0,0,0,14,1128,12,2009,29200,247,6,32,0.0,0.0,0,0,0.0,0.0,0,0,ssh-patator
22,11783908,21,32,2008,2745,640,0,95.61904762,140.0451628,976,0,85.78125,220.240592,403.3466656,4.497659011,226613.6154,609724.1822,2344278,3,9398617,469930.85,821455.4366,2049275,318,11800000,380122.9677,756211.8564,2344278,3,0,0,0,0,680,1032,1.782091306,2.715567705,0,976,88.01851852,189.5902723,35944.47135,0,0,0,1,0,0,0,0,1,89.67924528,95.61904762,85.78125,680,0,0,0,0,0,0,21,2008,32,2745,29200,247,16,32,0.0,0.0,0,0,0.0,0.0,0,0,ssh-patator
22,69,1,1,0,0,0,0,0.0,0.0,0,0,0.0,0.0,0.0,28985.50725,69.0,0.0,69,69,0,0.0,0.0,0,0,0,0.0,0.0,0,0,0,0,0,0,32,32,14492.75362,14492.75362,0,0,0.0,0.0,0.0,0,0,0,0,1,1,0,0,1,0.0,0.0,0.0,32,0,0,0,0,0,0,1,0,1,0,259,247,0,32,0.0,0.0,0,0,0.0,0.0,0,0,ssh-patator
22,105,1,1,0,0,0,0,0.0,0.0,0,0,0.0,0.0,0.0,19047.61905,105.0,0.0,105,105,0,0.0,0.0,0,0,0,0.0,0.0,0,0,0,0,0,0,32,32,9523.809524,9523.809524,0,0,0.0,0.0,0.0,0,0,0,0,1,1,0,0,1,0.0,0.0,0.0,32,0,0,0,0,0,0,1,0,1,0,259,247,0,32,0.0,0.0,0,0,0.0,0.0,0,0,ssh-patator
22,75,1,1,0,0,0,0,0.0,0.0,0,0,0.0,0.0,0.0,26666.66667,75.0,0.0,75,75,0,0.0,0.0,0,0,0,0.0,0.0,0,0,0,0,0,0,32,32,13333.33333,13333.33333,0,0,0.0,0.0,0.0,0,0,0,0,1,1,0,0,1,0.0,0.0,0.0,32,0,0,0,0,0,0,1,0,1,0,259,257,0,32,0.0,0.0,0,0,0.0,0.0,0,0,ssh-patator
22,73,1,1,0,0,0,0,0.0,0.0,0,0,0.0,0.0,0.0,27397.26027,73.0,0.0,73,73,0,0.0,0.0,0,0,0,0.0,0.0,0,0,0,0,0,0,32,32,13698.63014,13698.63014,0,0,0.0,0.0,0.0,0,0,0,0,1,1,0,0,1,0.0,0.0,0.0,32,0,0,0,0,0,0,1,0,1,0,259,247,0,32,0.0,0.0,0,0,0.0,0.0,0,0,ssh-patator
22,12170662,23,32,2008,2745,640,0,87.30434783,136.3399611,976,0,85.78125,220.240592,390.5292908,4.519063959,225382.6296,612365.2336,2244581,17,10100000,460575.0,844463.9639,2301550,454,12200000,392599.0968,771458.1107,2244581,17,0,0,0,0,744,1032,1.889790383,2.629273576,0,976,84.875,186.8396554,34909.05682,0,0,0,1,0,0,0,0,1,86.41818182,87.30434783,85.78125,744,0,0,0,0,0,0,23,2008,32,2745,29200,247,16,32,0.0,0.0,0,0,0.0,0.0,0,0,ssh-patator
22,70,1,1,0,0,0,0,0.0,0.0,0,0,0.0,0.0,0.0,28571.42857,70.0,0.0,70,70,0,0.0,0.0,0,0,0,0.0,0.0,0,0,0,0,0,0,32,32,14285.71429,14285.71429,0,0,0.0,0.0,0.0,0,0,0,0,1,1,0,0,1,0.0,0.0,0.0,32,0,0,0,0,0,0,1,0,1,0,259,247,0,32,0.0,0.0,0,0,0.0,0.0,0,0,ssh-patator
22,12657510,21,32,2008,2745,640,0,95.61904762,140.0451628,976,0,85.78125,220.240592,375.5082951,4.187237458,243413.6538,663955.1548,2663211,4,11000000,549444.2,971405.1922,2708625,307,12700000,408302.3226,824585.7614,2663211,4,0,0,0,0,680,1032,1.659094087,2.528143371,0,976,88.01851852,189.5902723,35944.47135,0,0,0,1,0,0,0,0,1,89.67924528,95.61904762,85.78125,680,0,0,0,0,0,0,21,2008,32,2745,29200,247,16,32,0.0,0.0,0,0,0.0,0.0,0,0,ssh-patator
22,120,1,1,0,0,0,0,0.0,0.0,0,0,0.0,0.0,0.0,16666.66667,120.0,0.0,120,120,0,0.0,0.0,0,0,0,0.0,0.0,0,0,0,0,0,0,32,32,8333.333333,8333.333333,0,0,0.0,0.0,0.0,0,0,0,0,1,1,0,0,1,0.0,0.0,0.0,32,0,0,0,0,0,0,1,0,1,0,259,247,0,32,0.0,0.0,0,0,0.0,0.0,0,0,ssh-patator
22,11533726,22,32,2008,2745,640,0,91.27272727,138.1821372,976,0,85.78125,220.240592,412.0957963,4.681921523,217617.4717,595343.6706,2372214,4,9635632,458839.619,839450.5643,2416566,492,11500000,372052.0968,745076.1586,2372214,4,0,0,0,0,712,1032,1.907449509,2.774472014,0,976,86.41818182,188.2012015,35419.69226,0,0,0,1,0,0,0,0,1,88.01851852,91.27272727,85.78125,712,0,0,0,0,0,0,22,2008,32,2745,29200,247,16,32,0.0,0.0,0,0,0.0,0.0,0,0,ssh-patator
22,72,1,1,0,0,0,0,0.0,0.0,0,0,0.0,0.0,0.0,27777.77778,72.0,0.0,72,72,0,0.0,0.0,0,0,0,0.0,0.0,0,0,0,0,0,0,32,32,13888.88889,13888.88889,0,0,0.0,0.0,0.0,0,0,0,0,1,1,0,0,1,0.0,0.0,0.0,32,0,0,0,0,0,0,1,0,1,0,259,257,0,32,0.0,0.0,0,0,0.0,0.0,0,0,ssh-patator
22,63,1,1,0,0,0,0,0.0,0.0,0,0,0.0,0.0,0.0,31746.03175,63.0,0.0,63,63,0,0.0,0.0,0,0,0,0.0,0.0,0,0,0,0,0,0,32,32,15873.01587,15873.01587,0,0,0.0,0.0,0.0,0,0,0,0,1,1,0,0,1,0.0,0.0,0.0,32,0,0,0,0,0,0,1,0,1,0,259,247,0,32,0.0,0.0,0,0,0.0,0.0,0,0,ssh-patator
22,10808866,24,32,2008,2745,640,0,83.66666667,134.5286996,976,0,85.78125,220.240592,439.7316055,5.180932024,196524.8364,543251.2452,2183239,3,8583667,373202.913,713874.9655,2098777,3,10800000,348671.5484,690382.5705,2183239,4,0,0,0,0,776,1032,2.220399439,2.960532585,0,976,83.38596491,185.5048858,34412.06266,0,0,0,1,0,0,0,0,1,84.875,83.66666667,85.78125,776,0,0,0,0,0,0,24,2008,32,2745,29200,247,16,32,0.0,0.0,0,0,0.0,0.0,0,0,ssh-patator
22,12386265,21,32,2008,2745,640,0,95.61904762,140.0451628,976,0,85.78125,220.240592,383.7314961,4.278933157,238197.4038,644576.7214,2233087,3,10100000,507474.7,895207.2491,2276207,501,12400000,399552.3871,799865.0574,2233087,3,0,0,0,0,680,1032,1.695426345,2.583506812,0,976,88.01851852,189.5902723,35944.47135,0,0,0,1,0,0,0,0,1,89.67924528,95.61904762,85.78125,680,0,0,0,0,0,0,21,2008,32,2745,29200,247,16,32,0.0,0.0,0,0,0.0,0.0,0,0,ssh-patator
22,80,1,1,0,0,0,0,0.0,0.0,0,0,0.0,0.0,0.0,25000.0,80.0,0.0,80,80,0,0.0,0.0,0,0,0,0.0,0.0,0,0,0,0,0,0,32,32,12500.0,12500.0,0,0,0.0,0.0,0.0,0,0,0,0,1,1,0,0,1,0.0,0.0,0.0,32,0,0,0,0,0,0,1,0,1,0,259,247,0,32,0.0,0.0,0,0,0.0,0.0,0,0,ssh-patator
22,11819148,21,32,2008,2745,640,0,95.61904762,140.0451628,976,0,85.78125,220.240592,402.1440463,4.48424878,227291.3077,614716.6356,2392215,4,9385098,469254.9,823082.3046,2012430,328,11800000,381259.2581,762771.4668,2392215,4,0,0,0,0,680,1032,1.776777819,2.707470962,0,976,88.01851852,189.5902723,35944.47135,0,0,0,1,0,0,0,0,1,89.67924528,95.61904762,85.78125,680,0,0,0,0,0,0,21,2008,32,2745,29200,247,16,32,0.0,0.0,0,0,0.0,0.0,0,0,ssh-patator
22,14011971,23,31,2008,2745,640,0,87.30434783,136.3399611,976,0,88.5483871,223.315,339.2099513,3.853847542,264376.8113,718678.3404,2556211,3,11700000,532816.7273,991511.7471,2604702,379,14000000,467061.1333,910189.6017,2556211,3,0,0,0,0,744,1000,1.641453583,2.212393959,0,976,86.41818182,188.2012015,35419.69226,0,0,0,1,0,0,0,0,1,88.01851852,87.30434783,88.5483871,744,0,0,0,0,0,0,23,2008,31,2745,29200,247,16,32,0.0,0.0,0,0,0.0,0.0,0,0,ssh-patator
22,11502932,19,31,2008,2745,640,0,105.6842105,143.7671932,976,0,88.5483871,223.315,413.199,4.346717863,234753.7143,611564.8513,2168202,3,9536002,529777.8889,870303.5173,2219798,314,11500000,383427.1667,748469.9104,2168202,3,0,0,0,0,616,1000,1.651752788,2.694965075,0,976,93.19607843,193.9302988,37608.96078,0,0,0,1,0,0,0,0,1,95.06,105.6842105,88.5483871,616,0,0,0,0,0,0,19,2008,31,2745,29200,247,16,32,0.0,0.0,0,0,0.0,0.0,0,0,ssh-patator
22,97,1,1,0,0,0,0,0.0,0.0,0,0,0.0,0.0,0.0,20618.5567,97.0,0.0,97,97,0,0.0,0.0,0,0,0,0.0,0.0,0,0,0,0,0,0,32,32,10309.27835,10309.27835,0,0,0.0,0.0,0.0,0,0,0,0,1,1,0,0,1,0.0,0.0,0.0,32,0,0,0,0,0,0,1,0,1,0,259,247,0,32,0.0,0.0,0,0,0.0,0.0,0,0,ssh-patator
22,12701894,23,33,2008,2745,640,0,87.30434783,136.3399611,976,0,83.18181818,217.2857356,374.1961632,4.408791319,230943.5273,631359.1467,2303391,3,10700000,484569.8636,883680.0339,2347119,233,12700000,396930.3437,791716.2217,2303391,3,0,0,0,0,744,1064,1.810753577,2.598037741,0,976,83.38596491,185.5048858,34412.06266,0,0,0,1,0,0,0,0,1,84.875,87.30434783,83.18181818,744,0,0,0,0,0,0,23,2008,33,2745,29200,247,16,32,0.0,0.0,0,0,0.0,0.0,0,0,ssh-patator
22,78,1,1,0,0,0,0,0.0,0.0,0,0,0.0,0.0,0.0,25641.02564,78.0,0.0,78,78,0,0.0,0.0,0,0,0,0.0,0.0,0,0,0,0,0,0,32,32,12820.51282,12820.51282,0,0,0.0,0.0,0.0,0,0,0,0,1,1,0,0,1,0.0,0.0,0.0,32,0,0,0,0,0,0,1,0,1,0,259,247,0,32,0.0,0.0,0,0,0.0,0.0,0,0,ssh-patator
22,11758102,22,32,2008,2745,640,0,91.27272727,138.1821372,976,0,85.78125,220.240592,404.2319075,4.592577952,221850.9811,602720.8119,2296362,3,9418917,448519.8571,804509.8571,2164553,382,11800000,379289.1613,753794.105,2296362,3,0,0,0,0,712,1032,1.871050277,2.721527675,0,976,86.41818182,188.2012015,35419.69226,0,0,0,1,0,0,0,0,1,88.01851852,91.27272727,85.78125,712,0,0,0,0,0,0,22,2008,32,2745,29200,247,16,32,0.0,0.0,0,0,0.0,0.0,0,0,ssh-patator
22,20,1,1,0,0,0,0,0.0,0.0,0,0,0.0,0.0,0.0,100000.0,20.0,0.0,20,20,0,0.0,0.0,0,0,0,0.0,0.0,0,0,0,0,0,0,32,32,50000.0,50000.0,0,0,0.0,0.0,0.0,0,0,0,0,1,1,0,0,1,0.0,0.0,0.0,32,0,0,0,0,0,0,1,0,1,0,259,247,0,32,0.0,0.0,0,0,0.0,0.0,0,0,ssh-patator
22,11603428,21,31,2008,2745,640,0,95.61904762,140.0451628,976,0,88.5483871,223.315,409.6203294,4.48143428,227518.1961,606737.2469,2144296,4,9537240,476862.0,838422.6279,2191974,448,11600000,386777.8667,755787.1146,2144296,4,0,0,0,0,680,1000,1.809809998,2.671624282,0,976,89.67924528,191.0076291,36483.91437,0,0,0,1,0,0,0,0,1,91.40384615,95.61904762,88.5483871,680,0,0,0,0,0,0,21,2008,31,2745,29200,247,16,32,0.0,0.0,0,0,0.0,0.0,0,0,ssh-patator
22,44,1,1,0,0,0,0,0.0,0.0,0,0,0.0,0.0,0.0,45454.54545,44.0,0.0,44,44,0,0.0,0.0,0,0,0,0.0,0.0,0,0,0,0,0,0,32,32,22727.27273,22727.27273,0,0,0.0,0.0,0.0,0,0,0,0,1,1,0,0,1,0.0,0.0,0.0,32,0,0,0,0,0,0,1,0,1,0,259,247,0,32,0.0,0.0,0,0,0.0,0.0,0,0,ssh-patator
22,12801491,19,31,2008,2745,640,0,105.6842105,143.7671932,976,0,88.5483871,223.315,371.2848761,3.905795036,261254.9184,685851.2016,2537241,3,10800000,599976.1111,997634.3164,2601319,554,12800000,426711.9,840023.8472,2537241,3,0,0,0,0,616,1000,1.484202114,2.421592922,0,976,93.19607843,193.9302988,37608.96078,0,0,0,1,0,0,0,0,1,95.06,105.6842105,88.5483871,616,0,0,0,0,0,0,19,2008,31,2745,29200,247,16,32,0.0,0.0,0,0,0.0,0.0,0,0,ssh-patator
22,12193454,21,32,2008,2745,640,0,95.61904762,140.0451628,976,0,85.78125,220.240592,389.7993136,4.346594492,234489.5,630074.6549,2252352,4,10200000,512453.15,899002.955,2301153,358,12200000,393334.3226,781291.69,2252352,4,0,0,0,0,680,1032,1.722235554,2.624358939,0,976,88.01851852,189.5902723,35944.47135,0,0,0,1,0,0,0,0,1,89.67924528,95.61904762,85.78125,680,0,0,0,0,0,0,21,2008,32,2745,29200,247,16,32,0.0,0.0,0,0,0.0,0.0,0,0,ssh-patator
22,78,1,1,0,0,0,0,0.0,0.0,0,0,0.0,0.0,0.0,25641.02564,78.0,0.0,78,78,0,0.0,0.0,0,0,0,0.0,0.0,0,0,0,0,0,0,32,32,12820.51282,12820.51282,0,0,0.0,0.0,0.0,0,0,0,0,1,1,0,0,1,0.0,0.0,0.0,32,0,0,0,0,0,0,1,0,1,0,259,247,0,32,0.0,0.0,0,0,0.0,0.0,0,0,ssh-patator
22,11035494,21,32,2008,2745,640,0,95.61904762,140.0451628,976,0,85.78125,220.240592,430.7011539,4.802684864,212221.0385,579322.2874,2279591,0,9143647,457182.35,822602.4678,2337355,337,11000000,355978.4516,719552.4758,2279591,0,0,0,0,0,680,1032,1.902950606,2.899734257,0,976,88.01851852,189.5902723,35944.47135,0,0,0,1,0,0,0,0,1,89.67924528,95.61904762,85.78125,680,0,0,0,0,0,0,21,2008,32,2745,29200,247,16,32,0.0,0.0,0,0,0.0,0.0,0,0,ssh-patator
22,12851642,21,32,2008,2745,640,0,95.61904762,140.0451628,976,0,85.78125,220.240592,369.8360101,4.123986647,247146.9615,665734.5977,2344283,4,10500000,523240.1,920597.5112,2401121,331,12900000,414565.7419,825721.2855,2344283,4,0,0,0,0,680,1032,1.634032445,2.489954202,0,976,88.01851852,189.5902723,35944.47135,0,0,0,1,0,0,0,0,1,89.67924528,95.61904762,85.78125,680,0,0,0,0,0,0,21,2008,32,2745,29200,247,16,32,0.0,0.0,0,0,0.0,0.0,0,0,ssh-patator
22,11665072,22,32,2008,2745,640,0,91.27272727,138.1821372,976,0,85.78125,220.240592,407.4556934,4.629204175,220095.6981,605602.2881,2452180,4,9632898,458709.4286,843062.6758,2500463,573,11700000,376291.8065,758365.7698,2452180,4,0,0,0,0,712,1032,1.885972071,2.743232103,0,976,86.41818182,188.2012015,35419.69226,0,0,0,1,0,0,0,0,1,88.01851852,91.27272727,85.78125,712,0,0,0,0,0,0,22,2008,32,2745,29200,247,16,32,0.0,0.0,0,0,0.0,0.0,0,0,ssh-patator
22,75,1,1,0,0,0,0,0.0,0.0,0,0,0.0,0.0,0.0,26666.66667,75.0,0.0,75,75,0,0.0,0.0,0,0,0,0.0,0.0,0,0,0,0,0,0,32,32,13333.33333,13333.33333,0,0,0.0,0.0,0.0,0,0,0,0,1,1,0,0,1,0.0,0.0,0.0,32,0,0,0,0,0,0,1,0,1,0,259,247,0,32,0.0,0.0,0,0,0.0,0.0,0,0,ssh-patator
22,78,1,1,0,0,0,0,0.0,0.0,0,0,0.0,0.0,0.0,25641.02564,78.0,0.0,78,78,0,0.0,0.0,0,0,0,0.0,0.0,0,0,0,0,0,0,32,32,12820.51282,12820.51282,0,0,0.0,0.0,0.0,0,0,0,0,1,1,0,0,1,0.0,0.0,0.0,32,0,0,0,0,0,0,1,0,1,0,259,247,0,32,0.0,0.0,0,0,0.0,0.0,0,0,ssh-patator
22,44,1,1,0,0,0,0,0.0,0.0,0,0,0.0,0.0,0.0,45454.54545,44.0,0.0,44,44,0,0.0,0.0,0,0,0,0.0,0.0,0,0,0,0,0,0,32,32,22727.27273,22727.27273,0,0,0.0,0.0,0.0,0,0,0,0,1,1,0,0,1,0.0,0.0,0.0,32,0,0,0,0,0,0,1,0,1,0,259,247,0,32,0.0,0.0,0,0,0.0,0.0,0,0,ssh-patator
22,12203077,19,31,2008,2745,640,0,105.6842105,143.7671932,976,0,88.5483871,223.315,389.491929,4.097327256,249042.3878,655323.8218,2404156,4,10700000,592945.1667,979444.6395,2464575,344,12200000,406764.6333,802833.1628,2404156,4,0,0,0,0,616,1000,1.556984357,2.540342899,0,976,93.19607843,193.9302988,37608.96078,0,0,0,1,0,0,0,0,1,95.06,105.6842105,88.5483871,616,0,0,0,0,0,0,19,2008,31,2745,29200,247,16,32,0.0,0.0,0,0,0.0,0.0,0,0,ssh-patator
22,10510835,21,27,1832,2585,640,0,87.23809524,142.7928236,976,0,95.74074074,238.4526388,420.2330262,4.566716155,223634.7872,622987.5004,2421668,3,10500000,525541.75,917801.0972,2489672,543,10400000,400372.8077,800830.59,2421668,3,0,0,0,0,680,872,1.997938318,2.568777837,0,976,90.14285714,198.7091677,39485.33333,0,0,0,1,0,0,0,0,1,92.02083333,87.23809524,95.74074074,680,0,0,0,0,0,0,21,1832,27,2585,29200,247,14,32,0.0,0.0,0,0,0.0,0.0,0,0,ssh-patator
22,12134413,21,32,2008,2745,640,0,95.61904762,140.0451628,976,0,85.78125,220.240592,391.6959148,4.367743211,233354.0962,629886.7459,2195160,6,9891342,494567.1,870350.5652,2226914,416,12100000,391428.4194,781435.4252,2195160,17,0,0,0,0,680,1032,1.730615235,2.637127976,0,976,88.01851852,189.5902723,35944.47135,0,0,0,1,0,0,0,0,1,89.67924528,95.61904762,85.78125,680,0,0,0,0,0,0,21,2008,32,2745,29200,247,16,32,0.0,0.0,0,0,0.0,0.0,0,0,ssh-patator
22,11693624,23,32,2008,2745,640,0,87.30434783,136.3399611,976,0,85.78125,220.240592,406.46082,4.703417863,216548.5926,591255.7039,2043313,3,9668494,439477.0,816759.0881,2101486,238,11700000,377209.6129,745034.1102,2043313,3,0,0,0,0,744,1032,1.966883833,2.736534029,0,976,84.875,186.8396554,34909.05682,0,0,0,1,0,0,0,0,1,86.41818182,87.30434783,85.78125,744,0,0,0,0,0,0,23,2008,32,2745,29200,247,16,32,0.0,0.0,0,0,0.0,0.0,0,0,ssh-patator
22,12252980,21,32,2008,2745,640,0,95.61904762,140.0451628,976,0,85.78125,220.240592,387.905636,4.325478373,235634.2308,635613.2733,2207902,4,10100000,503219.75,884834.6997,2264445,449,12300000,395255.8387,788480.21,2207902,4,0,0,0,0,680,1032,1.713868789,2.611609584,0,976,88.01851852,189.5902723,35944.47135,0,0,0,1,0,0,0,0,1,89.67924528,95.61904762,85.78125,680,0,0,0,0,0,0,21,2008,32,2745,29200,247,16,32,0.0,0.0,0,0,0.0,0.0,0,0,ssh-patator
22,14358271,21,32,2008,2745,640,0,95.61904762,140.0451628,976,0,85.78125,220.240592,331.0287151,3.691252241,276120.5962,741214.568,2491661,4,12100000,606744.85,1064305.107,2549044,259,14400000,463167.4839,918995.1971,2491661,4,0,0,0,0,680,1032,1.462571643,2.228680598,0,976,88.01851852,189.5902723,35944.47135,0,0,0,1,0,0,0,0,1,89.67924528,95.61904762,85.78125,680,0,0,0,0,0,0,21,2008,32,2745,29200,247,16,32,0.0,0.0,0,0,0.0,0.0,0,0,ssh-patator
22,11591251,21,32,2008,2745,640,0,95.61904762,140.0451628,976,0,85.78125,220.240592,410.0506494,4.572414142,222908.6731,601467.1217,2207704,3,9907973,495398.65,877497.4521,2278035,518,11600000,373907.3226,746153.2421,2207704,3,0,0,0,0,680,1032,1.811711264,2.760702878,0,976,88.01851852,189.5902723,35944.47135,0,0,0,1,0,0,0,0,1,89.67924528,95.61904762,85.78125,680,0,0,0,0,0,0,21,2008,32,2745,29200,247,16,32,0.0,0.0,0,0,0.0,0.0,0,0,ssh-patator
22,13134850,23,32,2008,2745,640,0,87.30434783,136.3399611,976,0,85.78125,220.240592,361.8617647,4.187333696,243237.963,681448.687,2900166,3,10200000,463286.0455,866851.7978,2516349,479,13100000,423700.8387,861167.7717,2900166,3,0,0,0,0,744,1032,1.751066818,2.436266878,0,976,84.875,186.8396554,34909.05682,0,0,0,1,0,0,0,0,1,86.41818182,87.30434783,85.78125,744,0,0,0,0,0,0,23,2008,32,2745,29200,247,16,32,0.0,0.0,0,0,0.0,0.0,0,0,ssh-patator
22,11949438,21,32,2024,2745,640,0,96.38095238,140.1821944,976,0,85.78125,220.240592,399.0982672,4.435355035,229796.8846,614773.5176,2096302,22,9848372,492418.6,862199.6999,2164221,534,11900000,385462.6452,761969.8424,2096302,36,0,0,0,0,680,1032,1.757404825,2.67795021,0,976,88.31481481,189.6409541,35963.69147,0,0,0,1,0,0,0,0,1,89.98113208,96.38095238,85.78125,680,0,0,0,0,0,0,21,2024,32,2745,29200,257,16,32,0.0,0.0,0,0,0.0,0.0,0,0,ssh-patator
22,50,1,1,0,0,0,0,0.0,0.0,0,0,0.0,0.0,0.0,40000.0,50.0,0.0,50,50,0,0.0,0.0,0,0,0,0.0,0.0,0,0,0,0,0,0,32,32,20000.0,20000.0,0,0,0.0,0.0,0.0,0,0,0,0,1,1,0,0,1,0.0,0.0,0.0,32,0,0,0,0,0,0,1,0,1,0,259,247,0,32,0.0,0.0,0,0,0.0,0.0,0,0,ssh-patator
22,76,1,1,0,0,0,0,0.0,0.0,0,0,0.0,0.0,0.0,26315.78947,76.0,0.0,76,76,0,0.0,0.0,0,0,0,0.0,0.0,0,0,0,0,0,0,32,32,13157.89474,13157.89474,0,0,0.0,0.0,0.0,0,0,0,0,1,1,0,0,1,0.0,0.0,0.0,32,0,0,0,0,0,0,1,0,1,0,259,247,0,32,0.0,0.0,0,0,0.0,0.0,0,0,ssh-patator
22,73,1,1,0,0,0,0,0.0,0.0,0,0,0.0,0.0,0.0,27397.26027,73.0,0.0,73,73,0,0.0,0.0,0,0,0,0.0,0.0,0,0,0,0,0,0,32,32,13698.63014,13698.63014,0,0,0.0,0.0,0.0,0,0,0,0,1,1,0,0,1,0.0,0.0,0.0,32,0,0,0,0,0,0,1,0,1,0,259,247,0,32,0.0,0.0,0,0,0.0,0.0,0,0,ssh-patator
22,97,1,1,0,0,0,0,0.0,0.0,0,0,0.0,0.0,0.0,20618.5567,97.0,0.0,97,97,0,0.0,0.0,0,0,0,0.0,0.0,0,0,0,0,0,0,32,32,10309.27835,10309.27835,0,0,0.0,0.0,0.0,0,0,0,0,1,1,0,0,1,0.0,0.0,0.0,32,0,0,0,0,0,0,1,0,1,0,259,247,0,32,0.0,0.0,0,0,0.0,0.0,0,0,ssh-patator
22,11888658,21,32,2008,2745,640,0,95.61904762,140.0451628,976,0,85.78125,220.240592,399.7928109,4.458030503,228628.0385,626909.2738,2454511,4,9394083,469704.15,834549.3256,2226501,572,11900000,383501.9677,778997.3264,2454511,4,0,0,0,0,680,1032,1.766389444,2.691641058,0,976,88.01851852,189.5902723,35944.47135,0,0,0,1,0,0,0,0,1,89.67924528,95.61904762,85.78125,680,0,0,0,0,0,0,21,2008,32,2745,29200,247,16,32,0.0,0.0,0,0,0.0,0.0,0,0,ssh-patator
22,129,1,1,0,0,0,0,0.0,0.0,0,0,0.0,0.0,0.0,15503.87597,129.0,0.0,129,129,0,0.0,0.0,0,0,0,0.0,0.0,0,0,0,0,0,0,32,32,7751.937984,7751.937984,0,0,0.0,0.0,0.0,0,0,0,0,1,1,0,0,1,0.0,0.0,0.0,32,0,0,0,0,0,0,1,0,1,0,259,247,0,32,0.0,0.0,0,0,0.0,0.0,0,0,ssh-patator
22,48,1,1,0,0,0,0,0.0,0.0,0,0,0.0,0.0,0.0,41666.66667,48.0,0.0,48,48,0,0.0,0.0,0,0,0,0.0,0.0,0,0,0,0,0,0,32,32,20833.33333,20833.33333,0,0,0.0,0.0,0.0,0,0,0,0,1,1,0,0,1,0.0,0.0,0.0,32,0,0,0,0,0,0,1,0,1,0,259,247,0,32,0.0,0.0,0,0,0.0,0.0,0,0,ssh-patator
22,67,1,1,0,0,0,0,0.0,0.0,0,0,0.0,0.0,0.0,29850.74627,67.0,0.0,67,67,0,0.0,0.0,0,0,0,0.0,0.0,0,0,0,0,0,0,32,32,14925.37313,14925.37313,0,0,0.0,0.0,0.0,0,0,0,0,1,1,0,0,1,0.0,0.0,0.0,32,0,0,0,0,0,0,1,0,1,0,259,247,0,32,0.0,0.0,0,0,0.0,0.0,0,0,ssh-patator
22,11428765,19,31,1992,2745,640,0,104.8421053,143.7750029,976,0,88.5483871,223.315,414.4804797,4.3749259,233240.102,613521.4752,2084197,21,10200000,566882.7778,927235.1433,2132266,321,11400000,380954.4333,751606.5829,2084197,43,0,0,0,0,616,1000,1.662471842,2.712454058,0,976,92.88235294,193.9122118,37601.94588,0,0,0,1,0,0,0,0,1,94.74,104.8421053,88.5483871,616,0,0,0,0,0,0,19,1992,31,2745,29200,247,16,32,0.0,0.0,0,0,0.0,0.0,0,0,ssh-patator
22,12563056,21,32,2008,2745,640,0,95.61904762,140.0451628,976,0,85.78125,220.240592,378.3315142,4.218718758,241597.2308,660179.7112,2472400,3,10900000,544583.65,966140.9364,2516521,687,12600000,405256.9677,820072.2979,2472400,3,0,0,0,0,680,1032,1.67156781,2.547150948,0,976,88.01851852,189.5902723,35944.47135,0,0,0,1,0,0,0,0,1,89.67924528,95.61904762,85.78125,680,0,0,0,0,0,0,21,2008,32,2745,29200,247,16,32,0.0,0.0,0,0,0.0,0.0,0,0,ssh-patator
22,13195754,21,32,2008,2745,640,0,95.61904762,140.0451628,976,0,85.78125,220.240592,360.1916192,4.016443471,253764.5,683580.9977,2430798,3,11200000,558281.6,979878.344,2501265,498,13200000,425666.3226,847857.2791,2430798,3,0,0,0,0,680,1032,1.591420998,2.425022473,0,976,88.01851852,189.5902723,35944.47135,0,0,0,1,0,0,0,0,1,89.67924528,95.61904762,85.78125,680,0,0,0,0,0,0,21,2008,32,2745,29200,247,16,32,0.0,0.0,0,0,0.0,0.0,0,0,ssh-patator
22,76,1,1,0,0,0,0,0.0,0.0,0,0,0.0,0.0,0.0,26315.78947,76.0,0.0,76,76,0,0.0,0.0,0,0,0,0.0,0.0,0,0,0,0,0,0,32,32,13157.89474,13157.89474,0,0,0.0,0.0,0.0,0,0,0,0,1,1,0,0,1,0.0,0.0,0.0,32,0,0,0,0,0,0,1,0,1,0,259,247,0,32,0.0,0.0,0,0,0.0,0.0,0,0,ssh-patator
22,11717197,21,33,2024,2745,640,0,96.38095238,140.1821944,976,0,83.18181818,217.2857356,407.0086045,4.608610745,221079.1887,605747.5835,2241208,4,10100000,502817.85,892190.8882,2308222,500,11700000,366159.0937,748831.6478,2241208,4,0,0,0,0,680,1064,1.792237512,2.816373233,0,976,86.70909091,188.253835,35439.5064,0,0,0,1,0,0,0,0,1,88.31481481,96.38095238,83.18181818,680,0,0,0,0,0,0,21,2024,33,2745,29200,257,16,32,0.0,0.0,0,0,0.0,0.0,0,0,ssh-patator
22,11436096,20,33,2008,2745,640,0,100.4,141.9141327,976,0,83.18181818,217.2857356,415.6138598,4.634448679,219924.9231,595593.2351,2335420,26,9850186,518430.8421,887026.0004,2401202,759,11400000,357375.2813,730091.5274,2335420,32,0,0,0,0,648,1064,1.748848558,2.885600121,0,976,88.01851852,189.5902723,35944.47135,0,0,0,1,0,0,0,0,1,89.67924528,100.4,83.18181818,648,0,0,0,0,0,0,20,2008,33,2745,29200,247,16,32,0.0,0.0,0,0,0.0,0.0,0,0,ssh-patator
22,44,1,1,0,0,0,0,0.0,0.0,0,0,0.0,0.0,0.0,45454.54545,44.0,0.0,44,44,0,0.0,0.0,0,0,0,0.0,0.0,0,0,0,0,0,0,32,32,22727.27273,22727.27273,0,0,0.0,0.0,0.0,0,0,0,0,1,1,0,0,1,0.0,0.0,0.0,32,0,0,0,0,0,0,1,0,1,0,259,247,0,32,0.0,0.0,0,0,0.0,0.0,0,0,ssh-patator
22,11976606,21,32,2008,2745,640,0,95.61904762,140.0451628,976,0,85.78125,220.240592,396.8570061,4.425293777,230319.3462,631884.3265,2554359,3,9381217,469060.85,831348.3018,2303178,232,12000000,386338.0,785222.2659,2554359,3,0,0,0,0,680,1032,1.753418289,2.671875488,0,976,88.01851852,189.5902723,35944.47135,0,0,0,1,0,0,0,0,1,89.67924528,95.61904762,85.78125,680,0,0,0,0,0,0,21,2008,32,2745,29200,247,16,32,0.0,0.0,0,0,0.0,0.0,0,0,ssh-patator
22,100,1,1,0,0,0,0,0.0,0.0,0,0,0.0,0.0,0.0,20000.0,100.0,0.0,100,100,0,0.0,0.0,0,0,0,0.0,0.0,0,0,0,0,0,0,32,32,10000.0,10000.0,0,0,0.0,0.0,0.0,0,0,0,0,1,1,0,0,1,0.0,0.0,0.0,32,0,0,0,0,0,0,1,0,1,0,259,247,0,32,0.0,0.0,0,0,0.0,0.0,0,0,ssh-patator
22,12393416,23,33,2008,2745,640,0,87.30434783,136.3399611,976,0,83.18181818,217.2857356,383.5100831,4.518528225,225334.8364,623684.0887,2214935,4,10200000,463222.9545,858562.9341,2264143,47,12400000,387289.3437,783013.0286,2214935,4,0,0,0,0,744,1064,1.855824092,2.662704133,0,976,83.38596491,185.5048858,34412.06266,0,0,0,1,0,0,0,0,1,84.875,87.30434783,83.18181818,744,0,0,0,0,0,0,23,2008,33,2745,29200,247,16,32,0.0,0.0,0,0,0.0,0.0,0,0,ssh-patator
22,14018282,21,32,2008,2745,640,0,95.61904762,140.0451628,976,0,85.78125,220.240592,339.0572397,3.780777131,269582.3462,732811.9802,2781588,3,11800000,592067.85,1049530.165,2832927,537,14000000,452198.3226,909770.5042,2781588,3,0,0,0,0,680,1032,1.498043769,2.282733362,0,976,88.01851852,189.5902723,35944.47135,0,0,0,1,0,0,0,0,1,89.67924528,95.61904762,85.78125,680,0,0,0,0,0,0,21,2008,32,2745,29200,247,16,32,0.0,0.0,0,0,0.0,0.0,0,0,ssh-patator
22,103,1,1,0,0,0,0,0.0,0.0,0,0,0.0,0.0,0.0,19417.47573,103.0,0.0,103,103,0,0.0,0.0,0,0,0,0.0,0.0,0,0,0,0,0,0,32,32,9708.737864,9708.737864,0,0,0.0,0.0,0.0,0,0,0,0,1,1,0,0,1,0.0,0.0,0.0,32,0,0,0,0,0,0,1,0,1,0,259,247,0,32,0.0,0.0,0,0,0.0,0.0,0,0,ssh-patator
22,13020242,21,31,2008,2745,640,0,95.61904762,140.0451628,976,0,88.5483871,223.315,365.0469784,3.993781375,255298.8627,682002.6831,2456097,3,10900000,545371.35,959949.6723,2500898,212,13000000,434003.5,849771.6331,2456097,3,0,0,0,0,680,1000,1.612873248,2.380908128,0,976,89.67924528,191.0076291,36483.91437,0,0,0,1,0,0,0,0,1,91.40384615,95.61904762,88.5483871,680,0,0,0,0,0,0,21,2008,31,2745,29200,247,16,32,0.0,0.0,0,0,0.0,0.0,0,0,ssh-patator
22,61,1,1,0,0,0,0,0.0,0.0,0,0,0.0,0.0,0.0,32786.88525,61.0,0.0,61,61,0,0.0,0.0,0,0,0,0.0,0.0,0,0,0,0,0,0,32,32,16393.44262,16393.44262,0,0,0.0,0.0,0.0,0,0,0,0,1,1,0,0,1,0.0,0.0,0.0,32,0,0,0,0,0,0,1,0,1,0,259,247,0,32,0.0,0.0,0,0,0.0,0.0,0,0,ssh-patator
22,14459748,22,32,2008,2745,640,0,91.27272727,138.1821372,976,0,85.78125,220.240592,328.7055902,3.734504917,272825.434,749978.9196,2684267,3,11700000,559513.2381,1019485.431,2762829,476,14500000,466440.7097,939031.0802,2684267,3,0,0,0,0,712,1032,1.521464966,2.213039951,0,976,86.41818182,188.2012015,35419.69226,0,0,0,1,0,0,0,0,1,88.01851852,91.27272727,85.78125,712,0,0,0,0,0,0,22,2008,32,2745,29200,247,16,32,0.0,0.0,0,0,0.0,0.0,0,0,ssh-patator
22,83,1,1,0,0,0,0,0.0,0.0,0,0,0.0,0.0,0.0,24096.38554,83.0,0.0,83,83,0,0.0,0.0,0,0,0,0.0,0.0,0,0,0,0,0,0,32,32,12048.19277,12048.19277,0,0,0.0,0.0,0.0,0,0,0,0,1,1,0,0,1,0.0,0.0,0.0,32,0,0,0,0,0,0,1,0,1,0,259,247,0,32,0.0,0.0,0,0,0.0,0.0,0,0,ssh-patator
22,98,1,1,0,0,0,0,0.0,0.0,0,0,0.0,0.0,0.0,20408.16327,98.0,0.0,98,98,0,0.0,0.0,0,0,0,0.0,0.0,0,0,0,0,0,0,32,32,10204.08163,10204.08163,0,0,0.0,0.0,0.0,0,0,0,0,1,1,0,0,1,0.0,0.0,0.0,32,0,0,0,0,0,0,1,0,1,0,259,257,0,32,0.0,0.0,0,0,0.0,0.0,0,0,ssh-patator
22,12257226,24,35,2280,3721,640,0,95.0,138.57034,976,0,106.3142857,259.8717751,489.5887536,4.813487163,211331.4828,591067.0463,2355995,1,10600000,462094.0,857192.7472,2400995,1,12300000,360502.2353,740429.0058,2355995,3,0,0,0,0,788,1140,1.958028676,2.855458486,0,976,100.0166667,215.8848164,46606.25395,0,0,0,1,0,0,0,0,1,101.7118644,95.0,106.3142857,788,0,0,0,0,0,0,24,2280,35,3721,29200,247,17,32,0.0,0.0,0,0,0.0,0.0,0,0,ssh-patator
22,12254594,21,32,2008,2745,640,0,95.61904762,140.0451628,976,0,85.78125,220.240592,387.8545466,4.324908683,235665.2692,633525.2859,2256186,20,9956680,497834.0,872759.5433,2162962,937,12300000,395305.871,785642.563,2256186,36,0,0,0,0,680,1032,1.713643063,2.61126562,0,976,88.01851852,189.5902723,35944.47135,0,0,0,1,0,0,0,0,1,89.67924528,95.61904762,85.78125,680,0,0,0,0,0,0,21,2008,32,2745,29200,247,16,32,0.0,0.0,0,0,0.0,0.0,0,0,ssh-patator
22,100,1,1,0,0,0,0,0.0,0.0,0,0,0.0,0.0,0.0,20000.0,100.0,0.0,100,100,0,0.0,0.0,0,0,0,0.0,0.0,0,0,0,0,0,0,32,32,10000.0,10000.0,0,0,0.0,0.0,0.0,0,0,0,0,1,1,0,0,1,0.0,0.0,0.0,32,0,0,0,0,0,0,1,0,1,0,259,247,0,32,0.0,0.0,0,0,0.0,0.0,0,0,ssh-patator
22,12025761,21,32,2008,2745,640,0,95.61904762,140.0451628,976,0,85.78125,220.240592,395.2348629,4.407205498,231264.6346,624765.5827,2246711,3,10400000,518486.1,910829.7963,2290863,946,12000000,387923.1613,775166.2899,2246711,3,0,0,0,0,680,1032,1.746251235,2.660954263,0,976,88.01851852,189.5902723,35944.47135,0,0,0,1,0,0,0,0,1,89.67924528,95.61904762,85.78125,680,0,0,0,0,0,0,21,2008,32,2745,29200,247,16,32,0.0,0.0,0,0,0.0,0.0,0,0,ssh-patator
22,10977958,21,32,2008,2745,640,0,95.61904762,140.0451628,976,0,85.78125,220.240592,432.9584792,4.827855964,211114.5769,574605.3237,2492180,3,9226920,461346.0,827477.4757,2551639,513,11000000,354124.0968,713476.2509,2492180,3,0,0,0,0,680,1032,1.912924061,2.914931903,0,976,88.01851852,189.5902723,35944.47135,0,0,0,1,0,0,0,0,1,89.67924528,95.61904762,85.78125,680,0,0,0,0,0,0,21,2008,32,2745,29200,247,16,32,0.0,0.0,0,0,0.0,0.0,0,0,ssh-patator
22,12000175,21,32,2008,2745,640,0,95.61904762,140.0451628,976,0,85.78125,220.240592,396.0775572,4.416602258,230772.5962,624173.6125,2219021,3,9737477,486873.85,859637.8966,2240073,322,12000000,387098.3548,774510.9669,2219021,3,0,0,0,0,680,1032,1.74997448,2.666627778,0,976,88.01851852,189.5902723,35944.47135,0,0,0,1,0,0,0,0,1,89.67924528,95.61904762,85.78125,680,0,0,0,0,0,0,21,2008,32,2745,29200,247,16,32,0.0,0.0,0,0,0.0,0.0,0,0,ssh-patator
22,11657758,20,33,2008,2745,640,0,100.4,141.9141327,976,0,83.18181818,217.2857356,407.7113284,4.546328719,224187.6538,600546.8264,2168399,17,9915809,521884.6842,882921.6057,2216437,397,11700000,364302.1875,735433.8872,2168399,17,0,0,0,0,648,1064,1.715595743,2.830732976,0,976,88.01851852,189.5902723,35944.47135,0,0,0,1,0,0,0,0,1,89.67924528,100.4,83.18181818,648,0,0,0,0,0,0,20,2008,33,2745,29200,247,16,32,0.0,0.0,0,0,0.0,0.0,0,0,ssh-patator
22,12250559,21,32,2008,2745,640,0,95.61904762,140.0451628,976,0,85.78125,220.240592,387.9822953,4.32633319,235587.6731,645791.0305,2491529,3,10600000,531728.7,951731.1463,2564640,505,12300000,395175.8387,802432.1271,2491529,3,0,0,0,0,680,1032,1.71420749,2.6121257,0,976,88.01851852,189.5902723,35944.47135,0,0,0,1,0,0,0,0,1,89.67924528,95.61904762,85.78125,680,0,0,0,0,0,0,21,2008,32,2745,29200,247,16,32,0.0,0.0,0,0,0.0,0.0,0,0,ssh-patator
22,62,1,1,0,0,0,0,0.0,0.0,0,0,0.0,0.0,0.0,32258.06452,62.0,0.0,62,62,0,0.0,0.0,0,0,0,0.0,0.0,0,0,0,0,0,0,32,32,16129.03226,16129.03226,0,0,0.0,0.0,0.0,0,0,0,0,1,1,0,0,1,0.0,0.0,0.0,32,0,0,0,0,0,0,1,0,1,0,259,247,0,32,0.0,0.0,0,0,0.0,0.0,0,0,ssh-patator
22,78,1,1,0,0,0,0,0.0,0.0,0,0,0.0,0.0,0.0,25641.02564,78.0,0.0,78,78,0,0.0,0.0,0,0,0,0.0,0.0,0,0,0,0,0,0,32,32,12820.51282,12820.51282,0,0,0.0,0.0,0.0,0,0,0,0,1,1,0,0,1,0.0,0.0,0.0,32,0,0,0,0,0,0,1,0,1,0,259,247,0,32,0.0,0.0,0,0,0.0,0.0,0,0,ssh-patator
22,70,1,1,0,0,0,0,0.0,0.0,0,0,0.0,0.0,0.0,28571.42857,70.0,0.0,70,70,0,0.0,0.0,0,0,0,0.0,0.0,0,0,0,0,0,0,32,32,14285.71429,14285.71429,0,0,0.0,0.0,0.0,0,0,0,0,1,1,0,0,1,0.0,0.0,0.0,32,0,0,0,0,0,0,1,0,1,0,259,247,0,32,0.0,0.0,0,0,0.0,0.0,0,0,ssh-patator
22,13706452,19,31,2008,2745,640,0,105.6842105,143.7671932,976,0,88.5483871,223.315,346.7709951,3.647917054,279723.5102,730707.2389,2444241,3,11300000,625420.0,1027282.413,2500989,496,13700000,456877.2,894495.1943,2444241,3,0,0,0,0,616,1000,1.386208481,2.261708573,0,976,93.19607843,193.9302988,37608.96078,0,0,0,1,0,0,0,0,1,95.06,105.6842105,88.5483871,616,0,0,0,0,0,0,19,2008,31,2745,29200,247,16,32,0.0,0.0,0,0,0.0,0.0,0,0,ssh-patator
22,11674352,23,33,2008,2745,640,0,87.30434783,136.3399611,976,0,83.18181818,217.2857356,407.1318048,4.796840116,212260.9455,591476.7486,2234414,18,10000000,455883.7727,849403.2948,2276866,303,11700000,364820.1563,743100.3375,2234414,47,0,0,0,0,744,1064,1.970130762,2.826709354,0,976,83.38596491,185.5048858,34412.06266,0,0,0,1,0,0,0,0,1,84.875,87.30434783,83.18181818,744,0,0,0,0,0,0,23,2008,33,2745,29200,247,16,32,0.0,0.0,0,0,0.0,0.0,0,0,ssh-patator
22,11339783,20,33,2008,2745,640,0,100.4,141.9141327,976,0,83.18181818,217.2857356,419.1438231,4.673810778,218072.75,596106.1287,2300152,3,9561249,503223.6316,874240.5805,2351030,330,11300000,354363.4375,731345.853,2300152,3,0,0,0,0,648,1064,1.76370218,2.910108597,0,976,88.01851852,189.5902723,35944.47135,0,0,0,1,0,0,0,0,1,89.67924528,100.4,83.18181818,648,0,0,0,0,0,0,20,2008,33,2745,29200,247,16,32,0.0,0.0,0,0,0.0,0.0,0,0,ssh-patator
22,11661581,21,32,2008,2745,640,0,95.61904762,140.0451628,976,0,85.78125,220.240592,407.5776689,4.544838303,224261.1731,607577.0598,2262215,26,9405770,470288.5,830432.7181,2304272,321,11700000,376175.9677,754081.7325,2262215,26,0,0,0,0,680,1032,1.800784988,2.744053315,0,976,88.01851852,189.5902723,35944.47135,0,0,0,1,0,0,0,0,1,89.67924528,95.61904762,85.78125,680,0,0,0,0,0,0,21,2008,32,2745,29200,247,16,32,0.0,0.0,0,0,0.0,0.0,0,0,ssh-patator
22,10719235,21,32,2008,2745,640,0,95.61904762,140.0451628,976,0,85.78125,220.240592,443.4085082,4.944382691,206139.1346,556506.0875,2172292,3,9243130,462156.5,816016.4293,2229995,493,10700000,345777.7097,690446.8557,2172292,3,0,0,0,0,680,1032,1.959095029,2.985287663,0,976,88.01851852,189.5902723,35944.47135,0,0,0,1,0,0,0,0,1,89.67924528,95.61904762,85.78125,680,0,0,0,0,0,0,21,2008,32,2745,29200,247,16,32,0.0,0.0,0,0,0.0,0.0,0,0,ssh-patator
22,12528781,21,32,2008,2745,640,0,95.61904762,140.0451628,976,0,85.78125,220.240592,379.3665162,4.230259911,240938.0962,649371.445,2204221,4,10500000,522818.05,920409.9405,2264759,323,12500000,404149.8387,805473.4664,2204221,4,0,0,0,0,680,1032,1.67614072,2.554119192,0,976,88.01851852,189.5902723,35944.47135,0,0,0,1,0,0,0,0,1,89.67924528,95.61904762,85.78125,680,0,0,0,0,0,0,21,2008,32,2745,29200,247,16,32,0.0,0.0,0,0,0.0,0.0,0,0,ssh-patator
22,69,1,1,0,0,0,0,0.0,0.0,0,0,0.0,0.0,0.0,28985.50725,69.0,0.0,69,69,0,0.0,0.0,0,0,0,0.0,0.0,0,0,0,0,0,0,32,32,14492.75362,14492.75362,0,0,0.0,0.0,0.0,0,0,0,0,1,1,0,0,1,0.0,0.0,0.0,32,0,0,0,0,0,0,1,0,1,0,259,247,0,32,0.0,0.0,0,0,0.0,0.0,0,0,ssh-patator
22,11221334,19,31,2008,2745,640,0,105.6842105,143.7671932,976,0,88.5483871,223.315,423.5681783,4.455798214,229006.8163,595154.6179,1999616,4,9218957,512164.2778,841316.4027,2064191,414,11200000,374039.0,728186.9031,1999616,4,0,0,0,0,616,1000,1.693203321,2.762594893,0,976,93.19607843,193.9302988,37608.96078,0,0,0,1,0,0,0,0,1,95.06,105.6842105,88.5483871,616,0,0,0,0,0,0,19,2008,31,2745,29200,247,16,32,0.0,0.0,0,0,0.0,0.0,0,0,ssh-patator
22,53,1,1,0,0,0,0,0.0,0.0,0,0,0.0,0.0,0.0,37735.84906,53.0,0.0,53,53,0,0.0,0.0,0,0,0,0.0,0.0,0,0,0,0,0,0,32,32,18867.92453,18867.92453,0,0,0.0,0.0,0.0,0,0,0,0,1,1,0,0,1,0.0,0.0,0.0,32,0,0,0,0,0,0,1,0,1,0,259,247,0,32,0.0,0.0,0,0,0.0,0.0,0,0,ssh-patator
22,11684124,23,32,2008,2745,640,0,87.30434783,136.3399611,976,0,85.78125,220.240592,406.7913007,4.707242066,216372.6667,602873.6432,2261147,17,9556266,434375.7273,824963.4727,2304403,458,11700000,376902.5161,761391.1753,2261147,17,0,0,0,0,744,1032,1.968483046,2.73875902,0,976,84.875,186.8396554,34909.05682,0,0,0,1,0,0,0,0,1,86.41818182,87.30434783,85.78125,744,0,0,0,0,0,0,23,2008,32,2745,29200,247,16,32,0.0,0.0,0,0,0.0,0.0,0,0,ssh-patator
22,80,1,1,0,0,0,0,0.0,0.0,0,0,0.0,0.0,0.0,25000.0,80.0,0.0,80,80,0,0.0,0.0,0,0,0,0.0,0.0,0,0,0,0,0,0,32,32,12500.0,12500.0,0,0,0.0,0.0,0.0,0,0,0,0,1,1,0,0,1,0.0,0.0,0.0,32,0,0,0,0,0,0,1,0,1,0,259,247,0,32,0.0,0.0,0,0,0.0,0.0,0,0,ssh-patator
22,11955597,21,32,2008,2745,640,0,95.61904762,140.0451628,976,0,85.78125,220.240592,397.5543839,4.433070134,229915.3269,626955.796,2415754,3,10100000,506189.1,905244.2658,2478681,340,12000000,385659.9355,778617.8475,2415754,3,0,0,0,0,680,1032,1.756499487,2.676570647,0,976,88.01851852,189.5902723,35944.47135,0,0,0,1,0,0,0,0,1,89.67924528,95.61904762,85.78125,680,0,0,0,0,0,0,21,2008,32,2745,29200,247,16,32,0.0,0.0,0,0,0.0,0.0,0,0,ssh-patator
22,13131245,22,32,2008,2745,640,0,91.27272727,138.1821372,976,0,85.78125,220.240592,361.9611088,4.112329029,247759.3396,668557.6986,2355950,3,11200000,532562.0476,952053.7026,2401765,540,13100000,423585.4194,835552.1573,2355950,3,0,0,0,0,712,1032,1.675393308,2.436935721,0,976,86.41818182,188.2012015,35419.69226,0,0,0,1,0,0,0,0,1,88.01851852,91.27272727,85.78125,712,0,0,0,0,0,0,22,2008,32,2745,29200,247,16,32,0.0,0.0,0,0,0.0,0.0,0,0,ssh-patator
22,74,1,1,0,0,0,0,0.0,0.0,0,0,0.0,0.0,0.0,27027.02703,74.0,0.0,74,74,0,0.0,0.0,0,0,0,0.0,0.0,0,0,0,0,0,0,32,32,13513.51351,13513.51351,0,0,0.0,0.0,0.0,0,0,0,0,1,1,0,0,1,0.0,0.0,0.0,32,0,0,0,0,0,0,1,0,1,0,259,247,0,32,0.0,0.0,0,0,0.0,0.0,0,0,ssh-patator
22,82,1,1,0,0,0,0,0.0,0.0,0,0,0.0,0.0,0.0,24390.2439,82.0,0.0,82,82,0,0.0,0.0,0,0,0,0.0,0.0,0,0,0,0,0,0,32,32,12195.12195,12195.12195,0,0,0.0,0.0,0.0,0,0,0,0,1,1,0,0,1,0.0,0.0,0.0,32,0,0,0,0,0,0,1,0,1,0,259,247,0,32,0.0,0.0,0,0,0.0,0.0,0,0,ssh-patator
22,64,1,1,0,0,0,0,0.0,0.0,0,0,0.0,0.0,0.0,31250.0,64.0,0.0,64,64,0,0.0,0.0,0,0,0,0.0,0.0,0,0,0,0,0,0,32,32,15625.0,15625.0,0,0,0.0,0.0,0.0,0,0,0,0,1,1,0,0,1,0.0,0.0,0.0,32,0,0,0,0,0,0,1,0,1,0,259,247,0,32,0.0,0.0,0,0,0.0,0.0,0,0,ssh-patator
22,11751439,21,32,2008,2745,640,0,95.61904762,140.0451628,976,0,85.78125,220.240592,404.4611047,4.510085956,225989.2115,614688.9432,2435830,4,9272929,463646.45,815671.9229,2064313,321,11800000,379074.9032,763195.6958,2435830,4,0,0,0,0,680,1032,1.78701519,2.723070766,0,976,88.01851852,189.5902723,35944.47135,0,0,0,1,0,0,0,0,1,89.67924528,95.61904762,85.78125,680,0,0,0,0,0,0,21,2008,32,2745,29200,247,16,32,0.0,0.0,0,0,0.0,0.0,0,0,ssh-patator
22,12428996,21,32,2008,2745,640,0,95.61904762,140.0451628,976,0,85.78125,220.240592,382.4122238,4.264222146,239019.1538,648767.5531,2296272,3,10300000,512692.5,909479.4731,2364551,315,12400000,400931.5484,805325.2734,2296272,3,0,0,0,0,680,1032,1.689597454,2.574624692,0,976,88.01851852,189.5902723,35944.47135,0,0,0,1,0,0,0,0,1,89.67924528,95.61904762,85.78125,680,0,0,0,0,0,0,21,2008,32,2745,29200,247,16,32,0.0,0.0,0,0,0.0,0.0,0,0,ssh-patator
22,42,1,1,0,0,0,0,0.0,0.0,0,0,0.0,0.0,0.0,47619.04762,42.0,0.0,42,42,0,0.0,0.0,0,0,0,0.0,0.0,0,0,0,0,0,0,32,32,23809.52381,23809.52381,0,0,0.0,0.0,0.0,0,0,0,0,1,1,0,0,1,0.0,0.0,0.0,32,0,0,0,0,0,0,1,0,1,0,259,247,0,32,0.0,0.0,0,0,0.0,0.0,0,0,ssh-patator
22,11667421,19,33,2008,2745,640,0,105.6842105,143.7671932,976,0,83.18181818,217.2857356,407.3736604,4.45685469,228772.9608,616873.1409,2317961,3,10000000,557065.5556,927396.7597,2364648,790,11700000,364603.25,750155.925,2317961,3,0,0,0,0,616,1064,1.628466137,2.828388553,0,976,89.67924528,191.0076291,36483.91437,0,0,0,1,0,0,0,0,1,91.40384615,105.6842105,83.18181818,616,0,0,0,0,0,0,19,2008,33,2745,29200,247,16,32,0.0,0.0,0,0,0.0,0.0,0,0,ssh-patator
22,44,1,1,0,0,0,0,0.0,0.0,0,0,0.0,0.0,0.0,45454.54545,44.0,0.0,44,44,0,0.0,0.0,0,0,0,0.0,0.0,0,0,0,0,0,0,32,32,22727.27273,22727.27273,0,0,0.0,0.0,0.0,0,0,0,0,1,1,0,0,1,0.0,0.0,0.0,32,0,0,0,0,0,0,1,0,1,0,259,247,0,32,0.0,0.0,0,0,0.0,0.0,0,0,ssh-patator
22,12401524,21,32,2008,2745,640,0,95.61904762,140.0451628,976,0,85.78125,220.240592,383.2593478,4.273668301,238490.8462,647051.9903,2623720,18,10700000,535161.25,950023.0783,2701176,574,12400000,400044.9677,803154.3748,2623720,18,0,0,0,0,680,1032,1.69334027,2.580328031,0,976,88.01851852,189.5902723,35944.47135,0,0,0,1,0,0,0,0,1,89.67924528,95.61904762,85.78125,680,0,0,0,0,0,0,21,2008,32,2745,29200,247,16,32,0.0,0.0,0,0,0.0,0.0,0,0,ssh-patator
22,12885513,20,33,2008,2745,640,0,100.4,141.9141327,976,0,83.18181818,217.2857356,368.8638551,4.113146291,247798.3269,672740.8258,2648205,4,11000000,577832.7895,989862.1297,2701260,475,12900000,402669.7188,824823.2184,2648205,4,0,0,0,0,648,1064,1.552130676,2.561015615,0,976,88.01851852,189.5902723,35944.47135,0,0,0,1,0,0,0,0,1,89.67924528,100.4,83.18181818,648,0,0,0,0,0,0,20,2008,33,2745,29200,247,16,32,0.0,0.0,0,0,0.0,0.0,0,0,ssh-patator
22,11353671,23,32,2008,2745,640,0,87.30434783,136.3399611,976,0,85.78125,220.240592,418.6311194,4.844248173,210253.1667,585661.7423,2224879,3,9086356,413016.1818,788107.7408,2289363,549,11400000,366243.7419,739657.2496,2224879,3,0,0,0,0,744,1032,2.025776509,2.818471664,0,976,84.875,186.8396554,34909.05682,0,0,0,1,0,0,0,0,1,86.41818182,87.30434783,85.78125,744,0,0,0,0,0,0,23,2008,32,2745,29200,247,16,32,0.0,0.0,0,0,0.0,0.0,0,0,ssh-patator
22,12442585,23,32,2024,2745,640,0,88.0,136.5124037,976,0,85.78125,220.240592,383.2804839,4.420303337,230418.2407,632387.984,2455750,3,10500000,475205.7727,888784.4914,2543646,432,12400000,401371.1935,797333.6566,2455750,3,0,0,0,0,744,1032,1.848490487,2.571812851,0,976,85.16071429,186.8941146,34929.41006,0,0,0,1,0,0,0,0,1,86.70909091,88.0,85.78125,744,0,0,0,0,0,0,23,2024,32,2745,29200,257,16,32,0.0,0.0,0,0,0.0,0.0,0,0,ssh-patator
22,13322526,21,32,2008,2745,640,0,95.61904762,140.0451628,976,0,85.78125,220.240592,356.7641752,3.97822455,256202.4231,706398.4605,2643901,3,11200000,557560.5,1007523.473,2701476,582,13300000,429754.9355,878262.1556,2643901,3,0,0,0,0,680,1032,1.576277652,2.401946898,0,976,88.01851852,189.5902723,35944.47135,0,0,0,1,0,0,0,0,1,89.67924528,95.61904762,85.78125,680,0,0,0,0,0,0,21,2008,32,2745,29200,247,16,32,0.0,0.0,0,0,0.0,0.0,0,0,ssh-patator
22,12299422,21,32,2008,2745,640,0,95.61904762,140.0451628,976,0,85.78125,220.240592,386.4409238,4.309145584,236527.3462,637284.038,2252187,18,10300000,516067.3,908054.404,2301147,349,12300000,396751.3226,790457.8671,2252187,18,0,0,0,0,680,1032,1.707397307,2.601748277,0,976,88.01851852,189.5902723,35944.47135,0,0,0,1,0,0,0,0,1,89.67924528,95.61904762,85.78125,680,0,0,0,0,0,0,21,2008,32,2745,29200,247,16,32,0.0,0.0,0,0,0.0,0.0,0,0,ssh-patator
22,42,1,1,0,0,0,0,0.0,0.0,0,0,0.0,0.0,0.0,47619.04762,42.0,0.0,42,42,0,0.0,0.0,0,0,0,0.0,0.0,0,0,0,0,0,0,32,32,23809.52381,23809.52381,0,0,0.0,0.0,0.0,0,0,0,0,1,1,0,0,1,0.0,0.0,0.0,32,0,0,0,0,0,0,1,0,1,0,259,247,0,32,0.0,0.0,0,0,0.0,0.0,0,0,ssh-patator
22,78,1,1,0,0,0,0,0.0,0.0,0,0,0.0,0.0,0.0,25641.02564,78.0,0.0,78,78,0,0.0,0.0,0,0,0,0.0,0.0,0,0,0,0,0,0,32,32,12820.51282,12820.51282,0,0,0.0,0.0,0.0,0,0,0,0,1,1,0,0,1,0.0,0.0,0.0,32,0,0,0,0,0,0,1,0,1,0,259,247,0,32,0.0,0.0,0,0,0.0,0.0,0,0,ssh-patator
22,12711751,21,32,2008,2745,640,0,95.61904762,140.0451628,976,0,85.78125,220.240592,373.9060024,4.16937053,244456.75,663254.7322,2548217,3,10800000,538526.35,951918.8901,2601301,483,12700000,410052.1935,823280.638,2548217,3,0,0,0,0,680,1032,1.652014738,2.517355792,0,976,88.01851852,189.5902723,35944.47135,0,0,0,1,0,0,0,0,1,89.67924528,95.61904762,85.78125,680,0,0,0,0,0,0,21,2008,32,2745,29200,247,16,32,0.0,0.0,0,0,0.0,0.0,0,0,ssh-patator
22,76,1,1,0,0,0,0,0.0,0.0,0,0,0.0,0.0,0.0,26315.78947,76.0,0.0,76,76,0,0.0,0.0,0,0,0,0.0,0.0,0,0,0,0,0,0,32,32,13157.89474,13157.89474,0,0,0.0,0.0,0.0,0,0,0,0,1,1,0,0,1,0.0,0.0,0.0,32,0,0,0,0,0,0,1,0,1,0,259,257,0,32,0.0,0.0,0,0,0.0,0.0,0,0,ssh-patator
22,74,1,1,0,0,0,0,0.0,0.0,0,0,0.0,0.0,0.0,27027.02703,74.0,0.0,74,74,0,0.0,0.0,0,0,0,0.0,0.0,0,0,0,0,0,0,32,32,13513.51351,13513.51351,0,0,0.0,0.0,0.0,0,0,0,0,1,1,0,0,1,0.0,0.0,0.0,32,0,0,0,0,0,0,1,0,1,0,259,247,0,32,0.0,0.0,0,0,0.0,0.0,0,0,ssh-patator
22,116,1,1,0,0,0,0,0.0,0.0,0,0,0.0,0.0,0.0,17241.37931,116.0,0.0,116,116,0,0.0,0.0,0,0,0,0.0,0.0,0,0,0,0,0,0,32,32,8620.689655,8620.689655,0,0,0.0,0.0,0.0,0,0,0,0,1,1,0,0,1,0.0,0.0,0.0,32,0,0,0,0,0,0,1,0,1,0,259,247,0,32,0.0,0.0,0,0,0.0,0.0,0,0,ssh-patator
22,12737735,21,32,2008,2745,640,0,95.61904762,140.0451628,976,0,85.78125,220.240592,373.1432629,4.160865334,244956.4423,662670.0767,2280184,4,10800000,538902.8,947597.825,2327144,315,12700000,410890.3871,822291.002,2280184,4,0,0,0,0,680,1032,1.648644755,2.512220579,0,976,88.01851852,189.5902723,35944.47135,0,0,0,1,0,0,0,0,1,89.67924528,95.61904762,85.78125,680,0,0,0,0,0,0,21,2008,32,2745,29200,247,16,32,0.0,0.0,0,0,0.0,0.0,0,0,ssh-patator
22,51,1,1,0,0,0,0,0.0,0.0,0,0,0.0,0.0,0.0,39215.68627,51.0,0.0,51,51,0,0.0,0.0,0,0,0,0.0,0.0,0,0,0,0,0,0,32,32,19607.84314,19607.84314,0,0,0.0,0.0,0.0,0,0,0,0,1,1,0,0,1,0.0,0.0,0.0,32,0,0,0,0,0,0,1,0,1,0,259,247,0,32,0.0,0.0,0,0,0.0,0.0,0,0,ssh-patator
22,12174879,21,32,2008,2745,640,0,95.61904762,140.0451628,976,0,85.78125,220.240592,390.3940236,4.353226016,234132.2885,633067.7755,2179103,3,10300000,515983.2,908327.735,2233114,415,12200000,392733.7742,785516.8392,2179103,3,0,0,0,0,680,1032,1.724863138,2.628362877,0,976,88.01851852,189.5902723,35944.47135,0,0,0,1,0,0,0,0,1,89.67924528,95.61904762,85.78125,680,0,0,0,0,0,0,21,2008,32,2745,29200,247,16,32,0.0,0.0,0,0,0.0,0.0,0,0,ssh-patator
22,11534533,21,32,2008,2745,640,0,95.61904762,140.0451628,976,0,85.78125,220.240592,412.0669645,4.594897773,221817.9423,606838.3078,2456284,3,9832095,491604.75,882512.69,2501542,333,11500000,372079.129,753887.8965,2456284,3,0,0,0,0,680,1032,1.820619873,2.774277901,0,976,88.01851852,189.5902723,35944.47135,0,0,0,1,0,0,0,0,1,89.67924528,95.61904762,85.78125,680,0,0,0,0,0,0,21,2008,32,2745,29200,247,16,32,0.0,0.0,0,0,0.0,0.0,0,0,ssh-patator
22,59,1,1,0,0,0,0,0.0,0.0,0,0,0.0,0.0,0.0,33898.30508,59.0,0.0,59,59,0,0.0,0.0,0,0,0,0.0,0.0,0,0,0,0,0,0,32,32,16949.15254,16949.15254,0,0,0.0,0.0,0.0,0,0,0,0,1,1,0,0,1,0.0,0.0,0.0,32,0,0,0,0,0,0,1,0,1,0,259,247,0,32,0.0,0.0,0,0,0.0,0.0,0,0,ssh-patator
22,106,1,1,0,0,0,0,0.0,0.0,0,0,0.0,0.0,0.0,18867.92453,106.0,0.0,106,106,0,0.0,0.0,0,0,0,0.0,0.0,0,0,0,0,0,0,32,32,9433.962264,9433.962264,0,0,0.0,0.0,0.0,0,0,0,0,1,1,0,0,1,0.0,0.0,0.0,32,0,0,0,0,0,0,1,0,1,0,259,247,0,32,0.0,0.0,0,0,0.0,0.0,0,0,ssh-patator
22,70,1,1,0,0,0,0,0.0,0.0,0,0,0.0,0.0,0.0,28571.42857,70.0,0.0,70,70,0,0.0,0.0,0,0,0,0.0,0.0,0,0,0,0,0,0,32,32,14285.71429,14285.71429,0,0,0.0,0.0,0.0,0,0,0,0,1,1,0,0,1,0.0,0.0,0.0,32,0,0,0,0,0,0,1,0,1,0,259,247,0,32,0.0,0.0,0,0,0.0,0.0,0,0,ssh-patator
22,13467873,21,32,2008,2745,640,0,95.61904762,140.0451628,976,0,85.78125,220.240592,352.9139308,3.935291044,258997.5577,702549.1901,2605191,3,11300000,565849.4,999243.5638,2656480,313,13500000,434443.5484,872013.4425,2605191,3,0,0,0,0,680,1032,1.559266263,2.376024781,0,976,88.01851852,189.5902723,35944.47135,0,0,0,1,0,0,0,0,1,89.67924528,95.61904762,85.78125,680,0,0,0,0,0,0,21,2008,32,2745,29200,247,16,32,0.0,0.0,0,0,0.0,0.0,0,0,ssh-patator
22,11836562,21,32,2008,2745,640,0,95.61904762,140.0451628,976,0,85.78125,220.240592,401.5524102,4.477651534,227626.1923,612015.5807,2255298,3,9792305,489615.25,861522.958,2324666,450,11800000,381821.1613,758954.1089,2255298,3,0,0,0,0,680,1032,1.774163815,2.703487719,0,976,88.01851852,189.5902723,35944.47135,0,0,0,1,0,0,0,0,1,89.67924528,95.61904762,85.78125,680,0,0,0,0,0,0,21,2008,32,2745,29200,247,16,32,0.0,0.0,0,0,0.0,0.0,0,0,ssh-patator
22,857,2,2,0,0,0,0,0.0,0.0,0,0,0.0,0.0,0.0,4667.444574,285.6666667,238.4980783,561,143,714,714.0,0.0,714,714,704,704.0,0.0,704,704,0,0,0,0,72,72,2333.722287,2333.722287,0,0,0.0,0.0,0.0,0,0,0,1,0,0,0,0,1,0.0,0.0,0.0,72,0,0,0,0,0,0,2,0,2,0,29200,227,0,32,0.0,0.0,0,0,0.0,0.0,0,0,ssh-patator
22,10747438,21,32,2008,2745,640,0,95.61904762,140.0451628,976,0,85.78125,220.240592,442.2449332,4.931407839,206681.5,558144.4258,2034439,3,9459937,472996.85,831150.7947,2096464,333,10700000,346687.129,692482.5506,2034439,3,0,0,0,0,680,1032,1.953954049,2.977453789,0,976,88.01851852,189.5902723,35944.47135,0,0,0,1,0,0,0,0,1,89.67924528,95.61904762,85.78125,680,0,0,0,0,0,0,21,2008,32,2745,29200,247,16,32,0.0,0.0,0,0,0.0,0.0,0,0,ssh-patator
22,11887793,21,32,2008,2745,640,0,95.61904762,140.0451628,976,0,85.78125,220.240592,399.8219013,4.458354886,228611.4038,616100.9513,2180461,3,9722590,486129.5,856958.89,2232290,372,11900000,383473.1613,764207.5355,2180461,3,0,0,0,0,680,1032,1.766517974,2.691836912,0,976,88.01851852,189.5902723,35944.47135,0,0,0,1,0,0,0,0,1,89.67924528,95.61904762,85.78125,680,0,0,0,0,0,0,21,2008,32,2745,29200,247,16,32,0.0,0.0,0,0,0.0,0.0,0,0,ssh-patator
22,50,1,1,0,0,0,0,0.0,0.0,0,0,0.0,0.0,0.0,40000.0,50.0,0.0,50,50,0,0.0,0.0,0,0,0,0.0,0.0,0,0,0,0,0,0,32,32,20000.0,20000.0,0,0,0.0,0.0,0.0,0,0,0,0,1,1,0,0,1,0.0,0.0,0.0,32,0,0,0,0,0,0,1,0,1,0,259,257,0,32,0.0,0.0,0,0,0.0,0.0,0,0,ssh-patator
22,12234525,21,32,2008,2745,640,0,95.61904762,140.0451628,976,0,85.78125,220.240592,388.4907669,4.332003081,235279.3269,633850.8462,2242956,3,10600000,529939.3,928387.2562,2308839,48,12200000,394657.0,786220.9477,2242956,3,0,0,0,0,680,1032,1.716454051,2.61554903,0,976,88.01851852,189.5902723,35944.47135,0,0,0,1,0,0,0,0,1,89.67924528,95.61904762,85.78125,680,0,0,0,0,0,0,21,2008,32,2745,29200,247,16,32,0.0,0.0,0,0,0.0,0.0,0,0,ssh-patator
22,12272135,21,32,2008,2745,640,0,95.61904762,140.0451628,976,0,85.78125,220.240592,387.3001723,4.318726937,236002.5962,643851.4974,2476296,1,9752657,487632.85,864428.795,2278515,321,12300000,395870.8065,799637.7837,2476296,1,0,0,0,0,680,1032,1.711193692,2.607533245,0,976,88.01851852,189.5902723,35944.47135,0,0,0,1,0,0,0,0,1,89.67924528,95.61904762,85.78125,680,0,0,0,0,0,0,21,2008,32,2745,29200,247,16,32,0.0,0.0,0,0,0.0,0.0,0,0,ssh-patator
22,13627824,22,33,2008,2745,640,0,91.27272727,138.1821372,976,0,83.18181818,217.2857356,348.7717482,4.035860751,252367.1111,667169.5501,2845899,3,10700000,511178.0,853531.7896,2301231,423,13600000,425868.7813,830917.0976,2845899,3,0,0,0,0,712,1064,1.6143443,2.42151645,0,976,84.875,186.8396554,34909.05682,0,0,0,1,0,0,0,0,1,86.41818182,91.27272727,83.18181818,712,0,0,0,0,0,0,22,2008,33,2745,29200,247,16,32,0.0,0.0,0,0,0.0,0.0,0,0,ssh-patator
22,77,1,1,0,0,0,0,0.0,0.0,0,0,0.0,0.0,0.0,25974.02597,77.0,0.0,77,77,0,0.0,0.0,0,0,0,0.0,0.0,0,0,0,0,0,0,32,32,12987.01299,12987.01299,0,0,0.0,0.0,0.0,0,0,0,0,1,1,0,0,1,0.0,0.0,0.0,32,0,0,0,0,0,0,1,0,1,0,259,247,0,32,0.0,0.0,0,0,0.0,0.0,0,0,ssh-patator
22,34,1,1,0,0,0,0,0.0,0.0,0,0,0.0,0.0,0.0,58823.52941,34.0,0.0,34,34,0,0.0,0.0,0,0,0,0.0,0.0,0,0,0,0,0,0,32,32,29411.76471,29411.76471,0,0,0.0,0.0,0.0,0,0,0,0,1,1,0,0,1,0.0,0.0,0.0,32,0,0,0,0,0,0,1,0,1,0,259,247,0,32,0.0,0.0,0,0,0.0,0.0,0,0,ssh-patator
22,38,1,1,0,0,0,0,0.0,0.0,0,0,0.0,0.0,0.0,52631.57895,38.0,0.0,38,38,0,0.0,0.0,0,0,0,0.0,0.0,0,0,0,0,0,0,32,32,26315.78947,26315.78947,0,0,0.0,0.0,0.0,0,0,0,0,1,1,0,0,1,0.0,0.0,0.0,32,0,0,0,0,0,0,1,0,1,0,259,247,0,32,0.0,0.0,0,0,0.0,0.0,0,0,ssh-patator
22,12409396,21,32,2008,2745,640,0,95.61904762,140.0451628,976,0,85.78125,220.240592,383.0162242,4.270957265,238642.2308,659725.6677,2789707,3,10900000,547345.55,978517.545,2833573,561,12400000,400299.6129,820436.9748,2789707,3,0,0,0,0,680,1032,1.692266086,2.578691179,0,976,88.01851852,189.5902723,35944.47135,0,0,0,1,0,0,0,0,1,89.67924528,95.61904762,85.78125,680,0,0,0,0,0,0,21,2008,32,2745,29200,247,16,32,0.0,0.0,0,0,0.0,0.0,0,0,ssh-patator
22,67,1,1,0,0,0,0,0.0,0.0,0,0,0.0,0.0,0.0,29850.74627,67.0,0.0,67,67,0,0.0,0.0,0,0,0,0.0,0.0,0,0,0,0,0,0,32,32,14925.37313,14925.37313,0,0,0.0,0.0,0.0,0,0,0,0,1,1,0,0,1,0.0,0.0,0.0,32,0,0,0,0,0,0,1,0,1,0,259,247,0,32,0.0,0.0,0,0,0.0,0.0,0,0,ssh-patator
22,55,1,1,0,0,0,0,0.0,0.0,0,0,0.0,0.0,0.0,36363.63636,55.0,0.0,55,55,0,0.0,0.0,0,0,0,0.0,0.0,0,0,0,0,0,0,32,32,18181.81818,18181.81818,0,0,0.0,0.0,0.0,0,0,0,0,1,1,0,0,1,0.0,0.0,0.0,32,0,0,0,0,0,0,1,0,1,0,259,247,0,32,0.0,0.0,0,0,0.0,0.0,0,0,ssh-patator
22,77,1,1,0,0,0,0,0.0,0.0,0,0,0.0,0.0,0.0,25974.02597,77.0,0.0,77,77,0,0.0,0.0,0,0,0,0.0,0.0,0,0,0,0,0,0,32,32,12987.01299,12987.01299,0,0,0.0,0.0,0.0,0,0,0,0,1,1,0,0,1,0.0,0.0,0.0,32,0,0,0,0,0,0,1,0,1,0,259,247,0,32,0.0,0.0,0,0,0.0,0.0,0,0,ssh-patator
22,13330054,21,32,2008,2745,640,0,95.61904762,140.0451628,976,0,85.78125,220.240592,356.5626966,3.975977892,256347.1923,688329.647,2302333,4,11200000,558131.25,980822.5166,2373516,330,13300000,429998.7419,853457.3477,2302333,4,0,0,0,0,680,1032,1.575387467,2.400590425,0,976,88.01851852,189.5902723,35944.47135,0,0,0,1,0,0,0,0,1,89.67924528,95.61904762,85.78125,680,0,0,0,0,0,0,21,2008,32,2745,29200,247,16,32,0.0,0.0,0,0,0.0,0.0,0,0,ssh-patator
22,73,1,1,0,0,0,0,0.0,0.0,0,0,0.0,0.0,0.0,27397.26027,73.0,0.0,73,73,0,0.0,0.0,0,0,0,0.0,0.0,0,0,0,0,0,0,32,32,13698.63014,13698.63014,0,0,0.0,0.0,0.0,0,0,0,0,1,1,0,0,1,0.0,0.0,0.0,32,0,0,0,0,0,0,1,0,1,0,259,247,0,32,0.0,0.0,0,0,0.0,0.0,0,0,ssh-patator
22,42,1,1,0,0,0,0,0.0,0.0,0,0,0.0,0.0,0.0,47619.04762,42.0,0.0,42,42,0,0.0,0.0,0,0,0,0.0,0.0,0,0,0,0,0,0,32,32,23809.52381,23809.52381,0,0,0.0,0.0,0.0,0,0,0,0,1,1,0,0,1,0.0,0.0,0.0,32,0,0,0,0,0,0,1,0,1,0,259,257,0,32,0.0,0.0,0,0,0.0,0.0,0,0,ssh-patator
22,45,1,1,0,0,0,0,0.0,0.0,0,0,0.0,0.0,0.0,44444.44444,45.0,0.0,45,45,0,0.0,0.0,0,0,0,0.0,0.0,0,0,0,0,0,0,32,32,22222.22222,22222.22222,0,0,0.0,0.0,0.0,0,0,0,0,1,1,0,0,1,0.0,0.0,0.0,32,0,0,0,0,0,0,1,0,1,0,259,247,0,32,0.0,0.0,0,0,0.0,0.0,0,0,ssh-patator
22,133,1,1,0,0,0,0,0.0,0.0,0,0,0.0,0.0,0.0,15037.59398,133.0,0.0,133,133,0,0.0,0.0,0,0,0,0.0,0.0,0,0,0,0,0,0,32,32,7518.796992,7518.796992,0,0,0.0,0.0,0.0,0,0,0,0,1,1,0,0,1,0.0,0.0,0.0,32,0,0,0,0,0,0,1,0,1,0,259,247,0,32,0.0,0.0,0,0,0.0,0.0,0,0,ssh-patator
22,12649121,21,32,2008,2745,640,0,95.61904762,140.0451628,976,0,85.78125,220.240592,375.7573352,4.190014468,243252.3269,664400.3455,2438831,4,10400000,521627.7,934288.823,2501336,546,12600000,408033.0,825251.0126,2438831,4,0,0,0,0,680,1032,1.660194412,2.529820056,0,976,88.01851852,189.5902723,35944.47135,0,0,0,1,0,0,0,0,1,89.67924528,95.61904762,85.78125,680,0,0,0,0,0,0,21,2008,32,2745,29200,247,16,32,0.0,0.0,0,0,0.0,0.0,0,0,ssh-patator
22,66,1,1,0,0,0,0,0.0,0.0,0,0,0.0,0.0,0.0,30303.0303,66.0,0.0,66,66,0,0.0,0.0,0,0,0,0.0,0.0,0,0,0,0,0,0,32,32,15151.51515,15151.51515,0,0,0.0,0.0,0.0,0,0,0,0,1,1,0,0,1,0.0,0.0,0.0,32,0,0,0,0,0,0,1,0,1,0,259,247,0,32,0.0,0.0,0,0,0.0,0.0,0,0,ssh-patator
22,47,1,1,0,0,0,0,0.0,0.0,0,0,0.0,0.0,0.0,42553.19149,47.0,0.0,47,47,0,0.0,0.0,0,0,0,0.0,0.0,0,0,0,0,0,0,32,32,21276.59574,21276.59574,0,0,0.0,0.0,0.0,0,0,0,0,1,1,0,0,1,0.0,0.0,0.0,32,0,0,0,0,0,0,1,0,1,0,259,247,0,32,0.0,0.0,0,0,0.0,0.0,0,0,ssh-patator
22,49,1,1,0,0,0,0,0.0,0.0,0,0,0.0,0.0,0.0,40816.32653,49.0,0.0,49,49,0,0.0,0.0,0,0,0,0.0,0.0,0,0,0,0,0,0,32,32,20408.16327,20408.16327,0,0,0.0,0.0,0.0,0,0,0,0,1,1,0,0,1,0.0,0.0,0.0,32,0,0,0,0,0,0,1,0,1,0,259,247,0,32,0.0,0.0,0,0,0.0,0.0,0,0,ssh-patator
22,13611243,22,33,2008,2745,640,0,91.27272727,138.1821372,976,0,83.18181818,217.2857356,349.1966164,4.040777172,252060.0556,635041.7904,2160345,3,11500000,548953.8095,872574.1059,2204671,431,13600000,425351.0313,786037.6345,2160345,3,0,0,0,0,712,1064,1.616310869,2.424466303,0,976,84.875,186.8396554,34909.05682,0,0,0,1,0,0,0,0,1,86.41818182,91.27272727,83.18181818,712,0,0,0,0,0,0,22,2008,33,2745,29200,247,16,32,0.0,0.0,0,0,0.0,0.0,0,0,ssh-patator
22,54,1,1,0,0,0,0,0.0,0.0,0,0,0.0,0.0,0.0,37037.03704,54.0,0.0,54,54,0,0.0,0.0,0,0,0,0.0,0.0,0,0,0,0,0,0,32,32,18518.51852,18518.51852,0,0,0.0,0.0,0.0,0,0,0,0,1,1,0,0,1,0.0,0.0,0.0,32,0,0,0,0,0,0,1,0,1,0,259,247,0,32,0.0,0.0,0,0,0.0,0.0,0,0,ssh-patator
22,84,1,1,0,0,0,0,0.0,0.0,0,0,0.0,0.0,0.0,23809.52381,84.0,0.0,84,84,0,0.0,0.0,0,0,0,0.0,0.0,0,0,0,0,0,0,32,32,11904.7619,11904.7619,0,0,0.0,0.0,0.0,0,0,0,0,1,1,0,0,1,0.0,0.0,0.0,32,0,0,0,0,0,0,1,0,1,0,259,247,0,32,0.0,0.0,0,0,0.0,0.0,0,0,ssh-patator
22,60,1,1,0,0,0,0,0.0,0.0,0,0,0.0,0.0,0.0,33333.33333,60.0,0.0,60,60,0,0.0,0.0,0,0,0,0.0,0.0,0,0,0,0,0,0,32,32,16666.66667,16666.66667,0,0,0.0,0.0,0.0,0,0,0,0,1,1,0,0,1,0.0,0.0,0.0,32,0,0,0,0,0,0,1,0,1,0,259,247,0,32,0.0,0.0,0,0,0.0,0.0,0,0,ssh-patator
22,12021607,21,32,2008,2745,640,0,95.61904762,140.0451628,976,0,85.78125,220.240592,395.3714341,4.408728384,231184.75,625426.1721,2376220,4,10100000,505711.05,895735.3602,2432660,608,12000000,387790.6129,776095.5188,2376220,4,0,0,0,0,680,1032,1.746854643,2.661873741,0,976,88.01851852,189.5902723,35944.47135,0,0,0,1,0,0,0,0,1,89.67924528,95.61904762,85.78125,680,0,0,0,0,0,0,21,2008,32,2745,29200,247,16,32,0.0,0.0,0,0,0.0,0.0,0,0,ssh-patator
22,79,1,1,0,0,0,0,0.0,0.0,0,0,0.0,0.0,0.0,25316.4557,79.0,0.0,79,79,0,0.0,0.0,0,0,0,0.0,0.0,0,0,0,0,0,0,32,32,12658.22785,12658.22785,0,0,0.0,0.0,0.0,0,0,0,0,1,1,0,0,1,0.0,0.0,0.0,32,0,0,0,0,0,0,1,0,1,0,259,247,0,32,0.0,0.0,0,0,0.0,0.0,0,0,ssh-patator
22,78,1,1,0,0,0,0,0.0,0.0,0,0,0.0,0.0,0.0,25641.02564,78.0,0.0,78,78,0,0.0,0.0,0,0,0,0.0,0.0,0,0,0,0,0,0,32,32,12820.51282,12820.51282,0,0,0.0,0.0,0.0,0,0,0,0,1,1,0,0,1,0.0,0.0,0.0,32,0,0,0,0,0,0,1,0,1,0,259,247,0,32,0.0,0.0,0,0,0.0,0.0,0,0,ssh-patator
22,11764244,21,32,2008,2745,640,0,95.61904762,140.0451628,976,0,85.78125,220.240592,404.0208619,4.505176873,226235.4615,621644.3649,2728331,3,10100000,504875.65,907571.7637,2780735,627,11800000,379488.0968,772629.0989,2728331,3,0,0,0,0,680,1032,1.785070082,2.720106791,0,976,88.01851852,189.5902723,35944.47135,0,0,0,1,0,0,0,0,1,89.67924528,95.61904762,85.78125,680,0,0,0,0,0,0,21,2008,32,2745,29200,247,16,32,0.0,0.0,0,0,0.0,0.0,0,0,ssh-patator
22,80,1,1,0,0,0,0,0.0,0.0,0,0,0.0,0.0,0.0,25000.0,80.0,0.0,80,80,0,0.0,0.0,0,0,0,0.0,0.0,0,0,0,0,0,0,32,32,12500.0,12500.0,0,0,0.0,0.0,0.0,0,0,0,0,1,1,0,0,1,0.0,0.0,0.0,32,0,0,0,0,0,0,1,0,1,0,259,247,0,32,0.0,0.0,0,0,0.0,0.0,0,0,ssh-patator
22,11683396,20,33,2008,2745,640,0,100.4,141.9141327,976,0,83.18181818,217.2857356,406.8166482,4.536352273,224680.6923,607253.7622,2384359,4,9884055,520213.4211,889036.7657,2432171,309,11700000,365103.25,744185.1698,2384359,4,0,0,0,0,648,1064,1.711831046,2.824521227,0,976,88.01851852,189.5902723,35944.47135,0,0,0,1,0,0,0,0,1,89.67924528,100.4,83.18181818,648,0,0,0,0,0,0,20,2008,33,2745,29200,247,16,32,0.0,0.0,0,0,0.0,0.0,0,0,ssh-patator
22,258,2,1,0,0,0,0,0.0,0.0,0,0,0.0,0.0,0.0,11627.90698,129.0,49.49747468,164,94,258,258.0,0.0,258,258,0,0.0,0.0,0,0,0,0,0,0,64,32,7751.937984,3875.968992,0,0,0.0,0.0,0.0,0,0,0,0,1,1,0,0,0,0.0,0.0,0.0,64,0,0,0,0,0,0,2,0,1,0,259,247,0,32,0.0,0.0,0,0,0.0,0.0,0,0,ssh-patator
22,75,1,1,0,0,0,0,0.0,0.0,0,0,0.0,0.0,0.0,26666.66667,75.0,0.0,75,75,0,0.0,0.0,0,0,0,0.0,0.0,0,0,0,0,0,0,32,32,13333.33333,13333.33333,0,0,0.0,0.0,0.0,0,0,0,0,1,1,0,0,1,0.0,0.0,0.0,32,0,0,0,0,0,0,1,0,1,0,259,247,0,32,0.0,0.0,0,0,0.0,0.0,0,0,ssh-patator
22,70,1,1,0,0,0,0,0.0,0.0,0,0,0.0,0.0,0.0,28571.42857,70.0,0.0,70,70,0,0.0,0.0,0,0,0,0.0,0.0,0,0,0,0,0,0,32,32,14285.71429,14285.71429,0,0,0.0,0.0,0.0,0,0,0,0,1,1,0,0,1,0.0,0.0,0.0,32,0,0,0,0,0,0,1,0,1,0,259,247,0,32,0.0,0.0,0,0,0.0,0.0,0,0,ssh-patator
22,12912109,21,32,2024,2745,640,0,96.38095238,140.1821944,976,0,85.78125,220.240592,369.3432266,4.104674147,248309.7885,674424.2232,2663585,16,10800000,538601.95,955027.7263,2708642,331,12900000,416515.9032,837228.5027,2663585,16,0,0,0,0,680,1032,1.626380323,2.478293825,0,976,88.31481481,189.6409541,35963.69147,0,0,0,1,0,0,0,0,1,89.98113208,96.38095238,85.78125,680,0,0,0,0,0,0,21,2024,32,2745,29200,257,16,32,0.0,0.0,0,0,0.0,0.0,0,0,ssh-patator
22,12117144,21,32,2008,2745,640,0,95.61904762,140.0451628,976,0,85.78125,220.240592,392.2541483,4.373967991,233022.0,627538.7885,2184212,4,9891883,494594.15,866662.1237,2191794,258,12100000,390870.0968,778332.883,2184212,4,0,0,0,0,680,1032,1.733081657,2.640886334,0,976,88.01851852,189.5902723,35944.47135,0,0,0,1,0,0,0,0,1,89.67924528,95.61904762,85.78125,680,0,0,0,0,0,0,21,2008,32,2745,29200,247,16,32,0.0,0.0,0,0,0.0,0.0,0,0,ssh-patator
22,49,1,1,0,0,0,0,0.0,0.0,0,0,0.0,0.0,0.0,40816.32653,49.0,0.0,49,49,0,0.0,0.0,0,0,0,0.0,0.0,0,0,0,0,0,0,32,32,20408.16327,20408.16327,0,0,0.0,0.0,0.0,0,0,0,0,1,1,0,0,1,0.0,0.0,0.0,32,0,0,0,0,0,0,1,0,1,0,259,247,0,32,0.0,0.0,0,0,0.0,0.0,0,0,ssh-patator
22,10551663,19,31,2008,2745,640,0,105.6842105,143.7671932,976,0,88.5483871,223.315,450.4503224,4.738589547,215340.0612,562851.2359,2012759,3,8496969,472053.8333,778965.0863,2001439,236,10600000,351718.1333,689083.64,2012759,3,0,0,0,0,616,1000,1.800664028,2.937925519,0,976,93.19607843,193.9302988,37608.96078,0,0,0,1,0,0,0,0,1,95.06,105.6842105,88.5483871,616,0,0,0,0,0,0,19,2008,31,2745,29200,247,16,32,0.0,0.0,0,0,0.0,0.0,0,0,ssh-patator
22,80,1,1,0,0,0,0,0.0,0.0,0,0,0.0,0.0,0.0,25000.0,80.0,0.0,80,80,0,0.0,0.0,0,0,0,0.0,0.0,0,0,0,0,0,0,32,32,12500.0,12500.0,0,0,0.0,0.0,0.0,0,0,0,0,1,1,0,0,1,0.0,0.0,0.0,32,0,0,0,0,0,0,1,0,1,0,259,247,0,32,0.0,0.0,0,0,0.0,0.0,0,0,ssh-patator
22,12016469,21,33,2008,2745,640,0,95.61904762,140.0451628,976,0,83.18181818,217.2857356,395.540487,4.493832589,226725.8302,618349.4306,2455263,2,10500000,524064.3,916371.7077,2506481,449,12000000,375511.5,764170.6127,2455263,3,0,0,0,0,680,1064,1.747601562,2.746231027,0,976,86.41818182,188.2012015,35419.69226,0,0,0,1,0,0,0,0,1,88.01851852,95.61904762,83.18181818,680,0,0,0,0,0,0,21,2008,33,2745,29200,247,16,32,0.0,0.0,0,0,0.0,0.0,0,0,ssh-patator
22,13187925,21,32,2008,2745,640,0,95.61904762,140.0451628,976,0,85.78125,220.240592,360.4054466,4.018827829,253613.9423,692601.9325,2631586,3,10500000,525737.5,930281.0697,2498130,514,13200000,425415.4194,860260.8052,2631586,3,0,0,0,0,680,1032,1.592365744,2.426462086,0,976,88.01851852,189.5902723,35944.47135,0,0,0,1,0,0,0,0,1,89.67924528,95.61904762,85.78125,680,0,0,0,0,0,0,21,2008,32,2745,29200,247,16,32,0.0,0.0,0,0,0.0,0.0,0,0,ssh-patator
