dur,proto,service,state,spkts,dpkts,sbytes,dbytes,rate,sttl,dttl,sload,dload,sloss,dloss,sinpkt,dinpkt,sjit,djit,swin,stcpb,dtcpb,dwin,tcprtt,synack,ackdat,smean,dmean,trans_depth,response_body_len,ct_srv_src,ct_state_ttl,ct_dst_ltm,ct_src_dport_ltm,ct_dst_sport_ltm,ct_dst_src_ltm,is_ftp_login,ct_ftp_cmd,ct_flw_http_mthd,ct_src_ltm,ct_srv_dst,is_sm_ips_ports,attack_cat,label
9e-06,encap,-,INT,2,0,200,0,111111.1072,254,0,88888888.0,0.0,0,0,0.009,0.0,0.0,0.0,0,0,0,0,0.0,0.0,0.0,100,0,0,0,2,2,1,1,1,2,0,0,0,2,2,0,DoS,1
7e-06,gmtp,-,INT,2,0,200,0,142857.1409,254,0,114285712.0,0.0,0,0,0.007,0.0,0.0,0.0,0,0,0,0,0.0,0.0,0.0,100,0,0,0,2,2,2,2,2,2,0,0,0,27,2,0,DoS,1
9e-06,ifmp,-,INT,2,0,200,0,111111.1072,254,0,88888888.0,0.0,0,0,0.009,0.0,0.0,0.0,0,0,0,0,0.0,0.0,0.0,100,0,0,0,2,2,1,1,1,2,0,0,0,1,2,0,DoS,1
9e-06,aris,-,INT,2,0,200,0,111111.1072,254,0,88888888.0,0.0,0,0,0.009,0.0,0.0,0.0,0,0,0,0,0.0,0.0,0.0,100,0,0,0,4,2,2,2,2,4,0,0,0,2,4,0,DoS,1
1e-05,pim,-,INT,2,0,200,0,100000.0025,254,0,80000000.0,0.0,0,0,0.01,0.0,0.0,0.0,0,0,0,0,0.0,0.0,0.0,100,0,0,0,4,2,2,2,2,4,0,0,0,2,4,0,DoS,1
4e-06,qnx,-,INT,2,0,200,0,250000.0006,254,0,200000000.0,0.0,0,0,0.004,0.0,0.0,0.0,0,0,0,0,0.0,0.0,0.0,100,0,0,0,4,2,2,2,2,4,0,0,0,20,4,0,DoS,1
1e-05,scps,-,INT,2,0,200,0,100000.0025,254,0,80000000.0,0.0,0,0,0.01,0.0,0.0,0.0,0,0,0,0,0.0,0.0,0.0,100,0,0,0,4,2,2,2,2,4,0,0,0,20,4,0,DoS,1
8e-06,a/n,-,INT,2,0,200,0,125000.0003,254,0,100000000.0,0.0,0,0,0.008,0.0,0.0,0.0,0,0,0,0,0.0,0.0,0.0,100,0,0,0,1,2,1,1,1,1,0,0,0,22,1,0,DoS,1
8e-06,ipcomp,-,INT,2,0,200,0,125000.0003,254,0,100000000.0,0.0,0,0,0.008,0.0,0.0,0.0,0,0,0,0,0.0,0.0,0.0,100,0,0,0,6,2,2,2,2,6,0,0,0,2,6,0,DoS,1
8e-06,pgm,-,INT,2,0,200,0,125000.0003,254,0,100000000.0,0.0,0,0,0.008,0.0,0.0,0.0,0,0,0,0,0.0,0.0,0.0,100,0,0,0,6,2,1,1,1,6,0,0,0,8,6,0,DoS,1
9e-06,zero,-,INT,2,0,200,0,111111.1072,254,0,88888888.0,0.0,0,0,0.009,0.0,0.0,0.0,0,0,0,0,0.0,0.0,0.0,100,0,0,0,2,2,3,2,2,3,0,0,0,3,2,0,DoS,1
9e-06,ddx,-,INT,2,0,200,0,111111.1072,254,0,88888888.0,0.0,0,0,0.009,0.0,0.0,0.0,0,0,0,0,0.0,0.0,0.0,100,0,0,0,4,2,1,1,1,4,0,0,0,1,4,0,DoS,1
3e-06,stp,-,INT,2,0,200,0,333333.3215,254,0,266666656.0,0.0,0,0,0.003,0.0,0.0,0.0,0,0,0,0,0.0,0.0,0.0,100,0,0,0,4,2,1,1,1,4,0,0,0,2,4,0,DoS,1
8e-06,srp,-,INT,2,0,200,0,125000.0003,254,0,100000000.0,0.0,0,0,0.008,0.0,0.0,0.0,0,0,0,0,0.0,0.0,0.0,100,0,0,0,4,2,1,1,1,4,0,0,0,1,4,0,DoS,1
6e-06,uti,-,INT,2,0,200,0,166666.6608,254,0,133333328.0,0.0,0,0,0.006,0.0,0.0,0.0,0,0,0,0,0.0,0.0,0.0,100,0,0,0,2,2,1,1,1,2,0,0,0,1,2,0,DoS,1
9e-06,smp,-,INT,2,0,200,0,111111.1072,254,0,88888888.0,0.0,0,0,0.009,0.0,0.0,0.0,0,0,0,0,0.0,0.0,0.0,100,0,0,0,2,2,1,1,1,2,0,0,0,1,2,0,DoS,1
3e-06,fire,-,INT,2,0,200,0,333333.3215,254,0,266666656.0,0.0,0,0,0.003,0.0,0.0,0.0,0,0,0,0,0.0,0.0,0.0,100,0,0,0,5,2,2,2,2,5,0,0,0,2,5,0,DoS,1
9e-06,isis,-,INT,2,0,200,0,111111.1072,254,0,88888888.0,0.0,0,0,0.009,0.0,0.0,0.0,0,0,0,0,0.0,0.0,0.0,100,0,0,0,5,2,2,2,2,5,0,0,0,2,5,0,DoS,1
3e-06,crtp,-,INT,2,0,200,0,333333.3215,254,0,266666656.0,0.0,0,0,0.003,0.0,0.0,0.0,0,0,0,0,0.0,0.0,0.0,100,0,0,0,5,2,1,1,1,5,0,0,0,2,5,0,DoS,1
5e-06,sps,-,INT,2,0,200,0,200000.0051,254,0,160000000.0,0.0,0,0,0.005,0.0,0.0,0.0,0,0,0,0,0.0,0.0,0.0,100,0,0,0,3,2,2,1,1,4,0,0,0,2,3,0,DoS,1
8e-06,fc,-,INT,2,0,200,0,125000.0003,254,0,100000000.0,0.0,0,0,0.008,0.0,0.0,0.0,0,0,0,0,0.0,0.0,0.0,100,0,0,0,5,2,1,1,1,5,0,0,0,1,5,0,DoS,1
3e-06,rsvp,-,INT,2,0,200,0,333333.3215,254,0,266666656.0,0.0,0,0,0.003,0.0,0.0,0.0,0,0,0,0,0.0,0.0,0.0,100,0,0,0,5,2,3,3,3,5,0,0,0,3,5,0,DoS,1
6e-06,unas,-,INT,2,0,200,0,166666.6608,254,0,133333328.0,0.0,0,0,0.006,0.0,0.0,0.0,0,0,0,0,0.0,0.0,0.0,100,0,0,0,3,2,2,2,2,3,0,0,0,2,3,0,DoS,1
8e-06,unas,-,INT,2,0,200,0,125000.0003,254,0,100000000.0,0.0,0,0,0.008,0.0,0.0,0.0,0,0,0,0,0.0,0.0,0.0,100,0,0,0,3,2,1,1,1,3,0,0,0,1,3,0,DoS,1
8e-06,unas,-,INT,2,0,200,0,125000.0003,254,0,100000000.0,0.0,0,0,0.008,0.0,0.0,0.0,0,0,0,0,0.0,0.0,0.0,100,0,0,0,2,2,2,2,2,2,0,0,0,2,2,0,DoS,1
8e-06,unas,-,INT,2,0,200,0,125000.0003,254,0,100000000.0,0.0,0,0,0.008,0.0,0.0,0.0,0,0,0,0,0.0,0.0,0.0,100,0,0,0,3,2,1,1,1,4,0,0,0,17,3,0,DoS,1
3e-06,unas,-,INT,2,0,200,0,333333.3215,254,0,266666656.0,0.0,0,0,0.003,0.0,0.0,0.0,0,0,0,0,0.0,0.0,0.0,100,0,0,0,3,2,2,2,2,4,0,0,0,2,3,0,DoS,1
2e-06,unas,-,INT,2,0,200,0,500000.0013,254,0,400000000.0,0.0,0,0,0.002,0.0,0.0,0.0,0,0,0,0,0.0,0.0,0.0,100,0,0,0,3,2,2,2,2,4,0,0,0,2,3,0,DoS,1
9e-06,unas,-,INT,2,0,200,0,111111.1072,254,0,88888888.0,0.0,0,0,0.009,0.0,0.0,0.0,0,0,0,0,0.0,0.0,0.0,100,0,0,0,3,2,1,1,1,3,0,0,0,1,3,0,DoS,1
4e-06,unas,-,INT,2,0,200,0,250000.0006,254,0,200000000.0,0.0,0,0,0.004,0.0,0.0,0.0,0,0,0,0,0.0,0.0,0.0,100,0,0,0,3,2,1,1,1,3,0,0,0,1,3,0,DoS,1
0.194583,tcp,-,FIN,10,6,1498,268,77.087927,254,252,55462.19531,9209.4375,2,1,20.183889,37.646602,1081.770187,65.87918,255,657133554,2508014971,255,0.051945,0.006347,0.045598,150,45,0,0,1,1,1,1,1,1,0,0,0,1,1,0,DoS,1
7e-06,unas,-,INT,2,0,200,0,142857.1409,254,0,114285712.0,0.0,0,0,0.007,0.0,0.0,0.0,0,0,0,0,0.0,0.0,0.0,100,0,0,0,2,2,1,1,1,2,0,0,0,1,2,0,DoS,1
8e-06,unas,-,INT,2,0,200,0,125000.0003,254,0,100000000.0,0.0,0,0,0.008,0.0,0.0,0.0,0,0,0,0,0.0,0.0,0.0,100,0,0,0,4,2,2,2,2,4,0,0,0,21,4,0,DoS,1
5e-06,unas,-,INT,2,0,200,0,200000.0051,254,0,160000000.0,0.0,0,0,0.005,0.0,0.0,0.0,0,0,0,0,0.0,0.0,0.0,100,0,0,0,4,2,2,2,2,4,0,0,0,21,4,0,DoS,1
0.601736,tcp,http,FIN,18,10,10476,1576,44.870175,62,252,131539.4063,18865.41602,6,2,33.746647,60.455668,2847.43071,103.670148,255,3998650012,3321920373,255,0.111471,0.057627,0.053844,582,158,1,361,2,1,5,2,2,2,0,0,4,2,2,0,DoS,1
1e-06,unas,-,INT,2,0,200,0,1000000.003,254,0,800000000.0,0.0,0,0,0.001,0.0,0.0,0.0,0,0,0,0,0.0,0.0,0.0,100,0,0,0,4,2,1,1,1,4,0,0,0,1,4,0,DoS,1
9e-06,unas,-,INT,2,0,200,0,111111.1072,254,0,88888888.0,0.0,0,0,0.009,0.0,0.0,0.0,0,0,0,0,0.0,0.0,0.0,100,0,0,0,2,2,3,1,1,2,0,0,0,27,2,0,DoS,1
9e-06,unas,-,INT,2,0,200,0,111111.1072,254,0,88888888.0,0.0,0,0,0.009,0.0,0.0,0.0,0,0,0,0,0.0,0.0,0.0,100,0,0,0,2,2,2,1,1,2,0,0,0,1,2,0,DoS,1
0.922621,tcp,smtp,FIN,66,26,65640,1966,98.632048,62,252,560542.1875,16396.76563,30,8,14.194169,36.290238,1107.811665,42.341309,255,2688576133,1324023082,255,0.059989,0.014332,0.045657,995,76,0,0,1,1,1,1,1,1,0,0,0,1,1,0,DoS,1
0.220081,tcp,http,FIN,10,8,836,1056,77.244287,62,252,27371.74023,33587.63281,2,2,24.453444,30.131285,1337.80134,54.569492,255,2591162142,891211352,255,0.050831,0.00546,0.045371,84,132,1,112,2,1,2,2,1,2,0,0,1,2,2,0,DoS,1
6e-06,unas,-,INT,2,0,200,0,166666.6608,254,0,133333328.0,0.0,0,0,0.006,0.0,0.0,0.0,0,0,0,0,0.0,0.0,0.0,100,0,0,0,4,2,3,2,2,4,0,0,0,2,4,0,DoS,1
7e-06,unas,-,INT,2,0,200,0,142857.1409,254,0,114285712.0,0.0,0,0,0.007,0.0,0.0,0.0,0,0,0,0,0.0,0.0,0.0,100,0,0,0,2,2,2,1,1,2,0,0,0,1,2,0,DoS,1
0.250314,tcp,http,FIN,38,10,42398,440,187.76417,254,252,1319398.875,12656.10449,16,1,6.73827,26.890666,610.994218,42.307199,255,813052882,4017200401,255,0.051313,0.008289,0.043024,1116,44,1,0,1,1,1,1,1,1,0,0,1,1,1,0,DoS,1
6e-06,unas,-,INT,2,0,200,0,166666.6608,254,0,133333328.0,0.0,0,0,0.006,0.0,0.0,0.0,0,0,0,0,0.0,0.0,0.0,100,0,0,0,2,2,1,1,1,2,0,0,0,1,2,0,DoS,1
6e-06,unas,-,INT,2,0,200,0,166666.6608,254,0,133333328.0,0.0,0,0,0.006,0.0,0.0,0.0,0,0,0,0,0.0,0.0,0.0,100,0,0,0,2,2,2,1,1,2,0,0,0,1,2,0,DoS,1
0.554107,tcp,http,FIN,10,10,822,1494,34.289406,62,252,10683.85645,19418.63086,2,2,61.567444,57.708555,3802.207965,113.834312,255,3876673976,121730493,255,0.0876,0.033919,0.053681,82,149,1,284,1,1,1,1,1,1,0,0,1,1,1,0,DoS,1
4.045673,tcp,-,FIN,30,14,25324,1510,10.62864,254,252,48407.27344,2774.322266,12,3,138.81831,303.318781,18873.7168,784.075312,255,3976749049,2536170296,255,0.176388,0.102516,0.073872,844,108,0,0,2,1,1,1,1,2,0,0,0,1,1,0,DoS,1
0.432736,tcp,http,FIN,10,8,838,1778,39.284921,62,252,13957.70117,28765.80664,2,2,48.081778,56.033855,2410.639907,91.782047,255,3327012743,3465103252,255,0.093473,0.039736,0.053737,84,222,1,476,1,1,1,1,1,1,0,0,1,1,1,0,DoS,1
0.260976,tcp,http,FIN,10,8,836,2356,65.140093,62,252,23082.58398,63208.87891,2,2,28.997333,36.199,1420.394784,54.076355,255,3340479890,383764504,255,0.056327,0.00681,0.049517,84,295,1,758,1,1,1,1,1,1,0,0,1,1,1,0,DoS,1
1e-06,unas,-,INT,2,0,200,0,1000000.003,254,0,800000000.0,0.0,0,0,0.001,0.0,0.0,0.0,0,0,0,0,0.0,0.0,0.0,100,0,0,0,2,2,1,1,1,2,0,0,0,1,2,0,DoS,1
3e-06,unas,-,INT,2,0,200,0,333333.3215,254,0,266666656.0,0.0,0,0,0.003,0.0,0.0,0.0,0,0,0,0,0.0,0.0,0.0,100,0,0,0,1,2,2,1,1,1,0,0,0,1,1,0,DoS,1
9e-06,udp,dns,INT,2,0,128,0,111111.1072,254,0,56888888.0,0.0,0,0,0.009,0.0,0.0,0.0,0,0,0,0,0.0,0.0,0.0,64,0,0,0,1,2,1,1,1,1,0,0,0,1,1,0,DoS,1
0.317294,tcp,http,FIN,14,46,960,53175,185.947417,62,252,22490.18164,1311591.125,2,21,24.407231,6.906889,1165.950667,796.67218,255,3752276975,2231225188,255,0.049445,0.005879,0.043566,69,1156,1,25424,2,1,1,1,1,1,0,0,1,1,1,0,DoS,1
8e-06,unas,-,INT,2,0,200,0,125000.0003,254,0,100000000.0,0.0,0,0,0.008,0.0,0.0,0.0,0,0,0,0,0.0,0.0,0.0,100,0,0,0,4,2,1,1,1,4,0,0,0,13,4,0,DoS,1
3e-06,unas,-,INT,2,0,200,0,333333.3215,254,0,266666656.0,0.0,0,0,0.003,0.0,0.0,0.0,0,0,0,0,0.0,0.0,0.0,100,0,0,0,1,2,1,1,1,1,0,0,0,1,1,0,DoS,1
7e-06,unas,-,INT,2,0,200,0,142857.1409,254,0,114285712.0,0.0,0,0,0.007,0.0,0.0,0.0,0,0,0,0,0.0,0.0,0.0,100,0,0,0,1,2,1,1,1,1,0,0,0,2,1,0,DoS,1
8e-06,unas,-,INT,2,0,200,0,125000.0003,254,0,100000000.0,0.0,0,0,0.008,0.0,0.0,0.0,0,0,0,0,0.0,0.0,0.0,100,0,0,0,1,2,1,1,1,1,0,0,0,2,1,0,DoS,1
1e-06,unas,-,INT,2,0,200,0,1000000.003,254,0,800000000.0,0.0,0,0,0.001,0.0,0.0,0.0,0,0,0,0,0.0,0.0,0.0,100,0,0,0,1,2,1,1,1,1,0,0,0,1,1,0,DoS,1
0.230856,tcp,http,FIN,10,8,790,2896,73.638978,62,252,24638.73633,87812.3125,2,2,25.650667,29.964857,1387.121617,52.524609,255,2650919826,2327795823,255,0.063946,0.016192,0.047754,79,362,1,1045,1,1,1,1,1,1,0,0,1,1,1,0,DoS,1
0.481999,tcp,http,FIN,10,10,796,1408,39.419168,62,252,11900.43945,21045.68555,2,2,53.555444,47.966332,3536.308976,97.454727,255,1987680829,2592700961,255,0.097825,0.049647,0.048178,80,141,1,263,1,1,1,1,1,1,0,0,1,3,1,0,DoS,1
0.950605,tcp,smtp,FIN,20,20,2810,1482,41.026505,62,252,22469.90039,11849.2959,7,8,50.031841,48.429949,2416.178726,56.104969,255,601397463,4060967557,255,0.069956,0.015436,0.05452,141,74,0,0,1,1,1,1,1,1,0,0,0,1,1,0,DoS,1
3e-06,unas,-,INT,2,0,200,0,333333.3215,254,0,266666656.0,0.0,0,0,0.003,0.0,0.0,0.0,0,0,0,0,0.0,0.0,0.0,100,0,0,0,3,2,2,2,2,3,0,0,0,2,3,0,DoS,1
9e-06,unas,-,INT,2,0,200,0,111111.1072,254,0,88888888.0,0.0,0,0,0.009,0.0,0.0,0.0,0,0,0,0,0.0,0.0,0.0,100,0,0,0,3,2,1,1,1,3,0,0,0,2,3,0,DoS,1
9e-06,unas,-,INT,2,0,200,0,111111.1072,254,0,88888888.0,0.0,0,0,0.009,0.0,0.0,0.0,0,0,0,0,0.0,0.0,0.0,100,0,0,0,3,2,2,2,2,3,0,0,0,2,3,0,DoS,1
5e-06,unas,-,INT,2,0,200,0,200000.0051,254,0,160000000.0,0.0,0,0,0.005,0.0,0.0,0.0,0,0,0,0,0.0,0.0,0.0,100,0,0,0,3,2,2,2,2,3,0,0,0,2,3,0,DoS,1
0.18264,udp,-,CON,8,4,362,178,60.22777,254,60,13885.23828,5869.469727,0,0,26.091428,34.137,43.282121,48.274887,0,0,0,0,0.0,0.0,0.0,45,45,0,0,10,0,1,1,1,1,0,0,0,1,1,0,DoS,1
0.252695,tcp,http,FIN,10,6,1224,268,59.3601,254,252,34887.91016,7091.553223,2,1,25.569889,45.674602,1240.157899,62.773578,255,3124050077,1248853950,255,0.070908,0.024313,0.046595,122,45,1,0,1,1,1,1,1,2,0,0,1,1,1,0,DoS,1
9e-06,unas,-,INT,2,0,200,0,111111.1072,254,0,88888888.0,0.0,0,0,0.009,0.0,0.0,0.0,0,0,0,0,0.0,0.0,0.0,100,0,0,0,4,2,2,2,2,4,0,0,0,4,4,0,DoS,1
9e-06,unas,-,INT,2,0,200,0,111111.1072,254,0,88888888.0,0.0,0,0,0.009,0.0,0.0,0.0,0,0,0,0,0.0,0.0,0.0,100,0,0,0,4,2,2,1,1,4,0,0,0,1,4,0,DoS,1
0.415271,tcp,http,FIN,10,8,750,978,40.937122,62,252,13003.55664,16490.43555,2,2,46.141222,47.88843,2333.351331,67.84318,255,2466429394,2619059309,255,0.069968,0.044294,0.025674,75,122,1,90,2,1,1,1,1,1,0,0,1,1,1,0,DoS,1
1.031744,tcp,smtp,FIN,34,22,19773,1796,53.307797,254,252,148812.1094,13297.87207,14,8,31.26497,46.718715,1908.601253,54.355816,255,3883262861,146770493,255,0.042638,0.026478,0.01616,582,82,0,0,1,1,2,1,1,1,0,0,0,1,1,0,DoS,1
1.621523,tcp,pop3,FIN,26,68,1224,65316,57.353487,62,252,5806.88623,317508.9063,7,31,64.841043,23.607209,3479.736603,1929.799162,255,3383927082,2480092626,255,0.110301,0.03983,0.070471,47,961,0,0,1,1,2,1,1,1,0,0,0,1,1,0,DoS,1
9e-06,unas,-,INT,2,0,200,0,111111.1072,254,0,88888888.0,0.0,0,0,0.009,0.0,0.0,0.0,0,0,0,0,0.0,0.0,0.0,100,0,0,0,5,2,3,3,3,5,0,0,0,3,5,0,DoS,1
1e-06,sctp,-,INT,2,0,78,0,1000000.003,254,0,312000000.0,0.0,0,0,0.001,0.0,0.0,0.0,0,0,0,0,0.0,0.0,0.0,39,0,0,0,1,2,1,1,1,1,0,0,0,1,1,0,DoS,1
3e-06,unas,-,INT,2,0,200,0,333333.3215,254,0,266666656.0,0.0,0,0,0.003,0.0,0.0,0.0,0,0,0,0,0.0,0.0,0.0,100,0,0,0,5,2,3,3,3,5,0,0,0,3,5,0,DoS,1
3e-06,ggp,-,INT,2,0,180,0,333333.3215,254,0,239999984.0,0.0,0,0,0.003,0.0,0.0,0.0,0,0,0,0,0.0,0.0,0.0,90,0,0,0,4,2,3,4,3,3,0,0,0,4,3,0,DoS,1
9e-06,ipnip,-,INT,2,0,180,0,111111.1072,254,0,80000000.0,0.0,0,0,0.009,0.0,0.0,0.0,0,0,0,0,0.0,0.0,0.0,90,0,0,0,4,2,3,4,3,3,0,0,0,4,3,0,DoS,1
1.009548,st2,-,INT,4,0,360,0,2.971627,254,0,2139.571533,0.0,0,0,336.516,0.0,475.900531,0.0,0,0,0,0,0.0,0.0,0.0,90,0,0,0,1,2,1,1,1,1,0,0,0,1,1,0,DoS,1
1e-06,unas,-,INT,2,0,200,0,1000000.003,254,0,800000000.0,0.0,0,0,0.001,0.0,0.0,0.0,0,0,0,0,0.0,0.0,0.0,100,0,0,0,2,2,2,1,1,3,0,0,0,2,2,0,DoS,1
7e-06,unas,-,INT,2,0,200,0,142857.1409,254,0,114285712.0,0.0,0,0,0.007,0.0,0.0,0.0,0,0,0,0,0.0,0.0,0.0,100,0,0,0,5,2,2,2,2,5,0,0,0,2,5,0,DoS,1
3e-06,bbn-rcc,-,INT,2,0,180,0,333333.3215,254,0,239999984.0,0.0,0,0,0.003,0.0,0.0,0.0,0,0,0,0,0.0,0.0,0.0,90,0,0,0,10,2,9,9,9,10,0,0,0,9,10,0,DoS,1
6e-06,unas,-,INT,2,0,200,0,166666.6608,254,0,133333328.0,0.0,0,0,0.006,0.0,0.0,0.0,0,0,0,0,0.0,0.0,0.0,100,0,0,0,5,2,2,2,2,5,0,0,0,2,5,0,DoS,1
8e-06,egp,-,INT,2,0,180,0,125000.0003,254,0,90000000.0,0.0,0,0,0.008,0.0,0.0,0.0,0,0,0,0,0.0,0.0,0.0,90,0,0,0,10,2,9,9,9,10,0,0,0,9,10,0,DoS,1
2e-06,emcon,-,INT,2,0,180,0,500000.0013,254,0,360000000.0,0.0,0,0,0.002,0.0,0.0,0.0,0,0,0,0,0.0,0.0,0.0,90,0,0,0,10,2,9,9,9,10,0,0,0,9,10,0,DoS,1
6e-06,unas,-,INT,2,0,200,0,166666.6608,254,0,133333328.0,0.0,0,0,0.006,0.0,0.0,0.0,0,0,0,0,0.0,0.0,0.0,100,0,0,0,5,2,1,1,1,5,0,0,0,1,5,0,DoS,1
8e-06,igp,-,INT,2,0,180,0,125000.0003,254,0,90000000.0,0.0,0,0,0.008,0.0,0.0,0.0,0,0,0,0,0.0,0.0,0.0,90,0,0,0,10,2,9,9,9,10,0,0,0,9,10,0,DoS,1
2.6e-05,unas,-,INT,2,0,200,0,38461.5389,254,0,30769232.0,0.0,0,0,0.026,0.0,0.0,0.0,0,0,0,0,0.0,0.0,0.0,100,0,0,0,5,2,2,2,2,5,0,0,0,2,5,0,DoS,1
3.2e-05,nvp,-,INT,2,0,180,0,31250.00008,254,0,22500000.0,0.0,0,0,0.032,0.0,0.0,0.0,0,0,0,0,0.0,0.0,0.0,90,0,0,0,10,2,9,9,9,10,0,0,0,9,10,0,DoS,1
1e-06,xnet,-,INT,2,0,180,0,1000000.003,254,0,720000000.0,0.0,0,0,0.001,0.0,0.0,0.0,0,0,0,0,0.0,0.0,0.0,90,0,0,0,10,2,9,9,9,10,0,0,0,9,10,0,DoS,1
9e-06,unas,-,INT,2,0,200,0,111111.1072,254,0,88888888.0,0.0,0,0,0.009,0.0,0.0,0.0,0,0,0,0,0.0,0.0,0.0,100,0,0,0,3,2,1,1,1,3,0,0,0,19,3,0,DoS,1
9e-06,chaos,-,INT,2,0,200,0,111111.1072,254,0,88888888.0,0.0,0,0,0.009,0.0,0.0,0.0,0,0,0,0,0.0,0.0,0.0,100,0,0,0,10,2,1,1,1,10,0,0,0,1,10,0,DoS,1
3e-06,unas,-,INT,2,0,200,0,333333.3215,254,0,266666656.0,0.0,0,0,0.003,0.0,0.0,0.0,0,0,0,0,0.0,0.0,0.0,100,0,0,0,3,2,1,1,1,3,0,0,0,1,3,0,DoS,1
9e-06,prm,-,INT,2,0,200,0,111111.1072,254,0,88888888.0,0.0,0,0,0.009,0.0,0.0,0.0,0,0,0,0,0.0,0.0,0.0,100,0,0,0,6,2,1,1,1,6,0,0,0,1,6,0,DoS,1
1e-05,trunk-1,-,INT,2,0,200,0,100000.0025,254,0,80000000.0,0.0,0,0,0.01,0.0,0.0,0.0,0,0,0,0,0.0,0.0,0.0,100,0,0,0,6,2,2,2,2,6,0,0,0,2,6,0,DoS,1
8e-06,xns-idp,-,INT,2,0,200,0,125000.0003,254,0,100000000.0,0.0,0,0,0.008,0.0,0.0,0.0,0,0,0,0,0.0,0.0,0.0,100,0,0,0,6,2,2,2,2,6,0,0,0,2,6,0,DoS,1
3e-06,unas,-,INT,2,0,200,0,333333.3215,254,0,266666656.0,0.0,0,0,0.003,0.0,0.0,0.0,0,0,0,0,0.0,0.0,0.0,100,0,0,0,3,2,1,1,1,3,0,0,0,2,3,0,DoS,1
5e-06,leaf-1,-,INT,2,0,200,0,200000.0051,254,0,160000000.0,0.0,0,0,0.005,0.0,0.0,0.0,0,0,0,0,0.0,0.0,0.0,100,0,0,0,5,2,2,2,2,7,0,0,0,2,5,0,DoS,1
7e-06,unas,-,INT,2,0,200,0,142857.1409,254,0,114285712.0,0.0,0,0,0.007,0.0,0.0,0.0,0,0,0,0,0.0,0.0,0.0,100,0,0,0,3,2,2,1,1,3,0,0,0,26,3,0,DoS,1
9e-06,rdp,-,INT,2,0,200,0,111111.1072,254,0,88888888.0,0.0,0,0,0.009,0.0,0.0,0.0,0,0,0,0,0.0,0.0,0.0,100,0,0,0,5,2,1,1,1,7,0,0,0,1,5,0,DoS,1
8e-06,irtp,-,INT,2,0,200,0,125000.0003,254,0,100000000.0,0.0,0,0,0.008,0.0,0.0,0.0,0,0,0,0,0.0,0.0,0.0,100,0,0,0,5,2,1,1,1,7,0,0,0,2,5,0,DoS,1
2e-06,unas,-,INT,2,0,200,0,500000.0013,254,0,400000000.0,0.0,0,0,0.002,0.0,0.0,0.0,0,0,0,0,0.0,0.0,0.0,100,0,0,0,3,2,1,1,1,3,0,0,0,1,3,0,DoS,1
1.17152,tcp,http,FIN,10,8,912,1578,14.511063,62,252,5606.391602,9430.483398,2,2,130.063778,153.329578,6940.651179,250.867063,255,1547720599,3067207619,255,0.179022,0.098212,0.08081,91,197,1,374,2,1,1,1,1,6,0,0,1,1,1,0,DoS,1
4e-06,iso-tp4,-,INT,2,0,200,0,250000.0006,254,0,200000000.0,0.0,0,0,0.004,0.0,0.0,0.0,0,0,0,0,0.0,0.0,0.0,100,0,0,0,6,2,1,1,1,7,0,0,0,1,6,0,DoS,1
8e-06,unas,-,INT,2,0,200,0,125000.0003,254,0,100000000.0,0.0,0,0,0.008,0.0,0.0,0.0,0,0,0,0,0.0,0.0,0.0,100,0,0,0,3,2,2,2,2,3,0,0,0,2,3,0,DoS,1
3e-06,unas,-,INT,2,0,200,0,333333.3215,254,0,266666656.0,0.0,0,0,0.003,0.0,0.0,0.0,0,0,0,0,0.0,0.0,0.0,100,0,0,0,7,2,1,1,1,7,0,0,0,1,7,0,DoS,1
9e-06,mfe-nsp,-,INT,2,0,200,0,111111.1072,254,0,88888888.0,0.0,0,0,0.009,0.0,0.0,0.0,0,0,0,0,0.0,0.0,0.0,100,0,0,0,6,2,2,2,2,7,0,0,0,2,6,0,DoS,1
6e-06,3pc,-,INT,2,0,200,0,166666.6608,254,0,133333328.0,0.0,0,0,0.006,0.0,0.0,0.0,0,0,0,0,0.0,0.0,0.0,100,0,0,0,6,2,2,2,2,7,0,0,0,2,6,0,DoS,1
9e-06,unas,-,INT,2,0,200,0,111111.1072,254,0,88888888.0,0.0,0,0,0.009,0.0,0.0,0.0,0,0,0,0,0.0,0.0,0.0,100,0,0,0,7,2,2,2,2,7,0,0,0,2,7,0,DoS,1
8e-06,sep,-,INT,2,0,200,0,125000.0003,254,0,100000000.0,0.0,0,0,0.008,0.0,0.0,0.0,0,0,0,0,0.0,0.0,0.0,100,0,0,0,6,2,2,2,2,7,0,0,0,2,6,0,DoS,1
3e-06,idpr,-,INT,2,0,200,0,333333.3215,254,0,266666656.0,0.0,0,0,0.003,0.0,0.0,0.0,0,0,0,0,0.0,0.0,0.0,100,0,0,0,3,2,1,1,1,3,0,0,0,1,3,0,DoS,1
9e-06,unas,-,INT,2,0,200,0,111111.1072,254,0,88888888.0,0.0,0,0,0.009,0.0,0.0,0.0,0,0,0,0,0.0,0.0,0.0,100,0,0,0,7,2,2,2,2,7,0,0,0,20,7,0,DoS,1
9e-06,xtp,-,INT,2,0,200,0,111111.1072,254,0,88888888.0,0.0,0,0,0.009,0.0,0.0,0.0,0,0,0,0,0.0,0.0,0.0,100,0,0,0,3,2,2,1,1,3,0,0,0,1,3,0,DoS,1
9e-06,idpr-cmtp,-,INT,2,0,200,0,111111.1072,254,0,88888888.0,0.0,0,0,0.009,0.0,0.0,0.0,0,0,0,0,0.0,0.0,0.0,100,0,0,0,6,2,2,2,2,7,0,0,0,2,6,0,DoS,1
3e-06,unas,-,INT,2,0,200,0,333333.3215,254,0,266666656.0,0.0,0,0,0.003,0.0,0.0,0.0,0,0,0,0,0.0,0.0,0.0,100,0,0,0,7,2,2,2,2,7,0,0,0,2,7,0,DoS,1
8e-06,tp++,-,INT,2,0,200,0,125000.0003,254,0,100000000.0,0.0,0,0,0.008,0.0,0.0,0.0,0,0,0,0,0.0,0.0,0.0,100,0,0,0,6,2,2,2,2,7,0,0,0,2,6,0,DoS,1
9e-06,il,-,INT,2,0,200,0,111111.1072,254,0,88888888.0,0.0,0,0,0.009,0.0,0.0,0.0,0,0,0,0,0.0,0.0,0.0,100,0,0,0,6,2,1,1,1,7,0,0,0,1,6,0,DoS,1
9e-06,sdrp,-,INT,2,0,200,0,111111.1072,254,0,88888888.0,0.0,0,0,0.009,0.0,0.0,0.0,0,0,0,0,0.0,0.0,0.0,100,0,0,0,6,2,3,2,2,7,0,0,0,3,6,0,DoS,1
9e-06,ipv6-route,-,INT,2,0,200,0,111111.1072,254,0,88888888.0,0.0,0,0,0.009,0.0,0.0,0.0,0,0,0,0,0.0,0.0,0.0,100,0,0,0,6,2,1,1,1,7,0,0,0,2,6,0,DoS,1
9e-06,idrp,-,INT,2,0,200,0,111111.1072,254,0,88888888.0,0.0,0,0,0.009,0.0,0.0,0.0,0,0,0,0,0.0,0.0,0.0,100,0,0,0,4,2,1,1,1,4,0,0,0,1,4,0,DoS,1
3e-06,rsvp,-,INT,2,0,200,0,333333.3215,254,0,266666656.0,0.0,0,0,0.003,0.0,0.0,0.0,0,0,0,0,0.0,0.0,0.0,100,0,0,0,4,2,1,1,1,4,0,0,0,1,4,0,DoS,1
3e-06,gre,-,INT,2,0,200,0,333333.3215,254,0,266666656.0,0.0,0,0,0.003,0.0,0.0,0.0,0,0,0,0,0.0,0.0,0.0,100,0,0,0,4,2,1,1,1,4,0,0,0,1,4,0,DoS,1
9e-06,mhrp,-,INT,2,0,200,0,111111.1072,254,0,88888888.0,0.0,0,0,0.009,0.0,0.0,0.0,0,0,0,0,0.0,0.0,0.0,100,0,0,0,2,2,2,1,1,2,0,0,0,1,2,0,DoS,1
0.426361,tcp,http,FIN,10,8,798,1172,39.872315,62,252,13490.91504,19251.29102,2,2,47.373444,44.419145,2315.846374,82.134563,255,3800450492,2459899375,255,0.137065,0.073394,0.063671,80,147,1,162,2,1,1,1,1,1,0,0,1,1,1,0,DoS,1
9e-06,mobile,-,INT,2,0,200,0,111111.1072,254,0,88888888.0,0.0,0,0,0.009,0.0,0.0,0.0,0,0,0,0,0.0,0.0,0.0,100,0,0,0,6,2,3,3,3,6,0,0,0,3,6,0,DoS,1
5e-06,skip,-,INT,2,0,200,0,200000.0051,254,0,160000000.0,0.0,0,0,0.005,0.0,0.0,0.0,0,0,0,0,0.0,0.0,0.0,100,0,0,0,6,2,1,1,1,6,0,0,0,1,6,0,DoS,1
8e-06,pup,-,INT,2,0,180,0,125000.0003,254,0,90000000.0,0.0,0,0,0.008,0.0,0.0,0.0,0,0,0,0,0.0,0.0,0.0,90,0,0,0,10,2,9,9,9,10,0,0,0,9,10,0,DoS,1
6e-06,ipv6-no,-,INT,2,0,200,0,166666.6608,254,0,133333328.0,0.0,0,0,0.006,0.0,0.0,0.0,0,0,0,0,0.0,0.0,0.0,100,0,0,0,3,2,3,3,3,3,0,0,0,4,3,0,DoS,1
5e-06,ipv6-opts,-,INT,2,0,200,0,200000.0051,254,0,160000000.0,0.0,0,0,0.005,0.0,0.0,0.0,0,0,0,0,0.0,0.0,0.0,100,0,0,0,3,2,3,3,3,3,0,0,0,4,3,0,DoS,1
9e-06,dcn,-,INT,2,0,200,0,111111.1072,254,0,88888888.0,0.0,0,0,0.009,0.0,0.0,0.0,0,0,0,0,0.0,0.0,0.0,100,0,0,0,6,2,2,2,2,6,0,0,0,2,6,0,DoS,1
9e-06,hmp,-,INT,2,0,200,0,111111.1072,254,0,88888888.0,0.0,0,0,0.009,0.0,0.0,0.0,0,0,0,0,0.0,0.0,0.0,100,0,0,0,6,2,2,2,2,6,0,0,0,2,6,0,DoS,1
1e-06,sat-expak,-,INT,2,0,200,0,1000000.003,254,0,800000000.0,0.0,0,0,0.001,0.0,0.0,0.0,0,0,0,0,0.0,0.0,0.0,100,0,0,0,3,2,3,2,2,4,0,0,0,3,3,0,DoS,1
3e-06,trunk-2,-,INT,2,0,200,0,333333.3215,254,0,266666656.0,0.0,0,0,0.003,0.0,0.0,0.0,0,0,0,0,0.0,0.0,0.0,100,0,0,0,5,2,2,2,2,7,0,0,0,2,5,0,DoS,1
8e-06,any,-,INT,2,0,200,0,125000.0003,254,0,100000000.0,0.0,0,0,0.008,0.0,0.0,0.0,0,0,0,0,0.0,0.0,0.0,100,0,0,0,8,2,3,3,3,9,0,0,0,5,8,0,DoS,1
9e-06,ippc,-,INT,2,0,200,0,111111.1072,254,0,88888888.0,0.0,0,0,0.009,0.0,0.0,0.0,0,0,0,0,0.0,0.0,0.0,100,0,0,0,8,2,3,3,3,9,0,0,0,5,8,0,DoS,1
8e-06,netblt,-,INT,2,0,200,0,125000.0003,254,0,100000000.0,0.0,0,0,0.008,0.0,0.0,0.0,0,0,0,0,0.0,0.0,0.0,100,0,0,0,6,2,2,1,1,7,0,0,0,2,6,0,DoS,1
9e-06,merit-inp,-,INT,2,0,200,0,111111.1072,254,0,88888888.0,0.0,0,0,0.009,0.0,0.0,0.0,0,0,0,0,0.0,0.0,0.0,100,0,0,0,6,2,2,2,2,7,0,0,0,2,6,0,DoS,1
8e-06,wsn,-,INT,2,0,200,0,125000.0003,254,0,100000000.0,0.0,0,0,0.008,0.0,0.0,0.0,0,0,0,0,0.0,0.0,0.0,100,0,0,0,8,2,3,3,3,9,0,0,0,3,8,0,DoS,1
9e-06,pvp,-,INT,2,0,200,0,111111.1072,254,0,88888888.0,0.0,0,0,0.009,0.0,0.0,0.0,0,0,0,0,0.0,0.0,0.0,100,0,0,0,2,2,1,1,1,2,0,0,0,1,2,0,DoS,1
9e-06,ipv6,-,INT,2,0,200,0,111111.1072,254,0,88888888.0,0.0,0,0,0.009,0.0,0.0,0.0,0,0,0,0,0.0,0.0,0.0,100,0,0,0,6,2,3,2,2,7,0,0,0,3,6,0,DoS,1
8e-06,sun-nd,-,INT,2,0,200,0,125000.0003,254,0,100000000.0,0.0,0,0,0.008,0.0,0.0,0.0,0,0,0,0,0.0,0.0,0.0,100,0,0,0,2,2,1,1,1,2,0,0,0,1,2,0,DoS,1
1e-06,wb-mon,-,INT,2,0,200,0,1000000.003,254,0,800000000.0,0.0,0,0,0.001,0.0,0.0,0.0,0,0,0,0,0.0,0.0,0.0,100,0,0,0,2,2,2,1,1,2,0,0,0,26,2,0,DoS,1
9e-06,bna,-,INT,2,0,200,0,111111.1072,254,0,88888888.0,0.0,0,0,0.009,0.0,0.0,0.0,0,0,0,0,0.0,0.0,0.0,100,0,0,0,2,2,1,1,1,2,0,0,0,1,2,0,DoS,1
9e-06,iso-ip,-,INT,2,0,200,0,111111.1072,254,0,88888888.0,0.0,0,0,0.009,0.0,0.0,0.0,0,0,0,0,0.0,0.0,0.0,100,0,0,0,4,2,1,1,1,4,0,0,0,1,4,0,DoS,1
10.720804,rvd,-,INT,4,0,400,0,0.27983,254,0,223.8638,0.0,0,0,3573.60125,0.0,5053.8275,0.0,0,0,0,0,0.0,0.0,0.0,100,0,0,0,2,2,2,2,2,2,0,0,0,20,2,0,DoS,1
8e-06,secure-vmtp,-,INT,2,0,200,0,125000.0003,254,0,100000000.0,0.0,0,0,0.008,0.0,0.0,0.0,0,0,0,0,0.0,0.0,0.0,100,0,0,0,4,2,2,2,2,4,0,0,0,2,4,0,DoS,1
1e-06,vmtp,-,INT,2,0,200,0,1000000.003,254,0,800000000.0,0.0,0,0,0.001,0.0,0.0,0.0,0,0,0,0,0.0,0.0,0.0,100,0,0,0,4,2,2,2,2,4,0,0,0,2,4,0,DoS,1
3e-06,ttp,-,INT,2,0,200,0,333333.3215,254,0,266666656.0,0.0,0,0,0.003,0.0,0.0,0.0,0,0,0,0,0.0,0.0,0.0,100,0,0,0,5,2,2,2,2,5,0,0,0,2,5,0,DoS,1
8e-06,narp,-,INT,2,0,200,0,125000.0003,254,0,100000000.0,0.0,0,0,0.008,0.0,0.0,0.0,0,0,0,0,0.0,0.0,0.0,100,0,0,0,6,2,3,3,3,6,0,0,0,3,6,0,DoS,1
8e-06,vines,-,INT,2,0,200,0,125000.0003,254,0,100000000.0,0.0,0,0,0.008,0.0,0.0,0.0,0,0,0,0,0.0,0.0,0.0,100,0,0,0,5,2,2,2,2,5,0,0,0,2,5,0,DoS,1
3e-06,tlsp,-,INT,2,0,200,0,333333.3215,254,0,266666656.0,0.0,0,0,0.003,0.0,0.0,0.0,0,0,0,0,0.0,0.0,0.0,100,0,0,0,6,2,3,3,3,6,0,0,0,3,6,0,DoS,1
8e-06,dgp,-,INT,2,0,200,0,125000.0003,254,0,100000000.0,0.0,0,0,0.008,0.0,0.0,0.0,0,0,0,0,0.0,0.0,0.0,100,0,0,0,5,2,2,2,2,5,0,0,0,20,5,0,DoS,1
9e-06,tcf,-,INT,2,0,200,0,111111.1072,254,0,88888888.0,0.0,0,0,0.009,0.0,0.0,0.0,0,0,0,0,0.0,0.0,0.0,100,0,0,0,5,2,2,2,2,5,0,0,0,20,5,0,DoS,1
8e-06,cftp,-,INT,2,0,200,0,125000.0003,254,0,100000000.0,0.0,0,0,0.008,0.0,0.0,0.0,0,0,0,0,0.0,0.0,0.0,100,0,0,0,3,2,1,1,1,4,0,0,0,1,3,0,DoS,1
6e-06,any,-,INT,2,0,200,0,166666.6608,254,0,133333328.0,0.0,0,0,0.006,0.0,0.0,0.0,0,0,0,0,0.0,0.0,0.0,100,0,0,0,3,2,3,2,2,4,0,0,0,3,3,0,DoS,1
9e-06,sprite-rpc,-,INT,2,0,200,0,111111.1072,254,0,88888888.0,0.0,0,0,0.009,0.0,0.0,0.0,0,0,0,0,0.0,0.0,0.0,100,0,0,0,3,2,1,1,1,3,0,0,0,1,3,0,DoS,1
1e-06,mtp,-,INT,2,0,200,0,1000000.003,254,0,800000000.0,0.0,0,0,0.001,0.0,0.0,0.0,0,0,0,0,0.0,0.0,0.0,100,0,0,0,6,2,1,1,1,6,0,0,0,1,6,0,DoS,1
8e-06,kryptolan,-,INT,2,0,200,0,125000.0003,254,0,100000000.0,0.0,0,0,0.008,0.0,0.0,0.0,0,0,0,0,0.0,0.0,0.0,100,0,0,0,2,2,2,2,2,2,0,0,0,20,2,0,DoS,1
8e-06,ax.25,-,INT,2,0,200,0,125000.0003,254,0,100000000.0,0.0,0,0,0.008,0.0,0.0,0.0,0,0,0,0,0.0,0.0,0.0,100,0,0,0,6,2,2,2,2,6,0,0,0,2,6,0,DoS,1
9e-06,ipip,-,INT,2,0,200,0,111111.1072,254,0,88888888.0,0.0,0,0,0.009,0.0,0.0,0.0,0,0,0,0,0.0,0.0,0.0,100,0,0,0,6,2,2,2,2,6,0,0,0,2,6,0,DoS,1
6e-06,aes-sp3-d,-,INT,2,0,200,0,166666.6608,254,0,133333328.0,0.0,0,0,0.006,0.0,0.0,0.0,0,0,0,0,0.0,0.0,0.0,100,0,0,0,6,2,2,2,2,6,0,0,0,2,6,0,DoS,1
8e-06,micp,-,INT,2,0,200,0,125000.0003,254,0,100000000.0,0.0,0,0,0.008,0.0,0.0,0.0,0,0,0,0,0.0,0.0,0.0,100,0,0,0,6,2,2,2,2,6,0,0,0,2,6,0,DoS,1
3.403829,tcp,http,FIN,104,638,4926,848323,217.696006,62,252,11467.08594,1990685.125,2,317,33.046884,5.335088,1715.854075,683.387297,255,728469640,1049184471,255,0.050558,0.006073,0.044485,47,1330,1,411111,1,1,1,1,1,1,0,0,1,1,1,0,DoS,1
1e-06,unas,-,INT,2,0,200,0,1000000.003,254,0,800000000.0,0.0,0,0,0.001,0.0,0.0,0.0,0,0,0,0,0.0,0.0,0.0,100,0,0,0,3,2,3,2,2,3,0,0,0,2,3,0,DoS,1
2e-06,sat-mon,-,INT,2,0,200,0,500000.0013,254,0,400000000.0,0.0,0,0,0.002,0.0,0.0,0.0,0,0,0,0,0.0,0.0,0.0,100,0,0,0,8,2,3,3,3,9,0,0,0,5,8,0,DoS,1
0.194987,tcp,http,FIN,10,14,816,11480,117.956582,62,252,30155.85742,437362.5,2,5,21.665222,14.084153,1122.352883,1420.410703,255,708891250,1556899576,255,0.051141,0.006165,0.044976,82,820,1,5206,1,1,1,1,1,1,0,0,1,1,1,0,DoS,1
7e-06,unas,-,INT,2,0,200,0,142857.1409,254,0,114285712.0,0.0,0,0,0.007,0.0,0.0,0.0,0,0,0,0,0.0,0.0,0.0,100,0,0,0,3,2,1,1,1,3,0,0,0,1,3,0,DoS,1
0.207909,tcp,-,FIN,10,6,516,268,72.146948,254,252,17892.44336,8619.155273,2,1,21.705444,40.009801,1302.533605,65.701992,255,911126064,516755699,255,0.01478,0.007851,0.006929,52,45,0,0,2,1,1,1,1,1,0,0,0,1,1,0,DoS,1
2e-06,unas,-,INT,2,0,200,0,500000.0013,254,0,400000000.0,0.0,0,0,0.002,0.0,0.0,0.0,0,0,0,0,0.0,0.0,0.0,100,0,0,0,3,2,2,2,2,3,0,0,0,3,3,0,DoS,1
1e-05,unas,-,INT,2,0,200,0,100000.0025,254,0,80000000.0,0.0,0,0,0.01,0.0,0.0,0.0,0,0,0,0,0.0,0.0,0.0,100,0,0,0,3,2,1,1,1,3,0,0,0,1,3,0,DoS,1
8e-06,visa,-,INT,2,0,200,0,125000.0003,254,0,100000000.0,0.0,0,0,0.008,0.0,0.0,0.0,0,0,0,0,0.0,0.0,0.0,100,0,0,0,8,2,2,1,1,9,0,0,0,2,8,0,DoS,1
1e-06,unas,-,INT,2,0,200,0,1000000.003,254,0,800000000.0,0.0,0,0,0.001,0.0,0.0,0.0,0,0,0,0,0.0,0.0,0.0,100,0,0,0,3,2,3,2,2,3,0,0,0,27,3,0,DoS,1
3e-06,unas,-,INT,2,0,200,0,333333.3215,254,0,266666656.0,0.0,0,0,0.003,0.0,0.0,0.0,0,0,0,0,0.0,0.0,0.0,100,0,0,0,5,2,2,2,2,5,0,0,0,2,5,0,DoS,1
0.659772,tcp,smtp,FIN,24,20,4261,1852,65.174032,62,252,49520.14063,21340.70703,9,8,28.685739,33.459105,1563.701678,40.945164,255,1598596842,4025759473,255,0.032787,0.018784,0.014003,178,93,0,0,1,1,1,1,1,1,0,0,0,1,1,0,DoS,1
8e-06,unas,-,INT,2,0,200,0,125000.0003,254,0,100000000.0,0.0,0,0,0.008,0.0,0.0,0.0,0,0,0,0,0.0,0.0,0.0,100,0,0,0,5,2,2,2,2,5,0,0,0,2,5,0,DoS,1
5e-06,unas,-,INT,2,0,200,0,200000.0051,254,0,160000000.0,0.0,0,0,0.005,0.0,0.0,0.0,0,0,0,0,0.0,0.0,0.0,100,0,0,0,5,2,2,2,2,5,0,0,0,2,5,0,DoS,1
1e-06,unas,-,INT,2,0,200,0,1000000.003,254,0,800000000.0,0.0,0,0,0.001,0.0,0.0,0.0,0,0,0,0,0.0,0.0,0.0,100,0,0,0,5,2,1,1,1,5,0,0,0,1,5,0,DoS,1
9e-06,unas,-,INT,2,0,200,0,111111.1072,254,0,88888888.0,0.0,0,0,0.009,0.0,0.0,0.0,0,0,0,0,0.0,0.0,0.0,100,0,0,0,4,2,2,2,2,4,0,0,0,2,4,0,DoS,1
8e-06,unas,-,INT,2,0,200,0,125000.0003,254,0,100000000.0,0.0,0,0,0.008,0.0,0.0,0.0,0,0,0,0,0.0,0.0,0.0,100,0,0,0,4,2,2,2,2,4,0,0,0,2,4,0,DoS,1
9e-06,unas,-,INT,2,0,200,0,111111.1072,254,0,88888888.0,0.0,0,0,0.009,0.0,0.0,0.0,0,0,0,0,0.0,0.0,0.0,100,0,0,0,5,2,2,2,2,5,0,0,0,2,5,0,DoS,1
1e-05,unas,-,INT,2,0,200,0,100000.0025,254,0,80000000.0,0.0,0,0,0.01,0.0,0.0,0.0,0,0,0,0,0.0,0.0,0.0,100,0,0,0,4,2,2,2,2,4,0,0,0,21,4,0,DoS,1
4e-06,unas,-,INT,2,0,200,0,250000.0006,254,0,200000000.0,0.0,0,0,0.004,0.0,0.0,0.0,0,0,0,0,0.0,0.0,0.0,100,0,0,0,4,2,1,1,1,4,0,0,0,2,4,0,DoS,1
9e-06,unas,-,INT,2,0,200,0,111111.1072,254,0,88888888.0,0.0,0,0,0.009,0.0,0.0,0.0,0,0,0,0,0.0,0.0,0.0,100,0,0,0,2,2,1,1,1,2,0,0,0,1,2,0,DoS,1
3e-06,unas,-,INT,2,0,200,0,333333.3215,254,0,266666656.0,0.0,0,0,0.003,0.0,0.0,0.0,0,0,0,0,0.0,0.0,0.0,100,0,0,0,4,2,2,2,2,4,0,0,0,21,4,0,DoS,1
1.073407,tcp,smtp,FIN,34,22,19513,1744,51.238717,254,252,141158.0,12409.08594,14,8,33.543968,49.981906,2289.918285,78.429289,255,217704938,727951349,255,0.069291,0.023139,0.046152,574,79,0,0,2,1,1,1,1,1,0,0,0,1,1,0,DoS,1
4e-06,unas,-,INT,2,0,200,0,250000.0006,254,0,200000000.0,0.0,0,0,0.004,0.0,0.0,0.0,0,0,0,0,0.0,0.0,0.0,100,0,0,0,4,2,1,1,1,4,0,0,0,1,4,0,DoS,1
0.236273,tcp,http,FIN,10,12,836,7242,88.880234,62,252,25495.92969,224790.8125,2,4,26.252556,20.612181,1248.236938,1600.534771,255,1217465768,3927432680,255,0.054152,0.008767,0.045385,84,604,1,3118,1,1,1,1,1,1,0,0,1,1,1,0,DoS,1
0.177975,tcp,http,FIN,10,6,1896,268,84.281501,254,252,76729.875,10068.83008,2,1,18.255556,34.339602,977.749294,58.995004,255,855915851,611909551,255,0.050229,0.006274,0.043955,190,45,1,0,1,1,1,1,1,1,0,0,1,1,1,0,DoS,1
1.428935,mux,-,INT,4,0,400,0,2.099466,254,0,1679.57251,0.0,0,0,476.311656,0.0,673.602188,0.0,0,0,0,0,0.0,0.0,0.0,100,0,0,0,6,2,1,1,1,6,0,0,0,1,6,0,DoS,1
1.250442,ospf,-,INT,42,0,1890,0,32.788405,254,0,11803.82617,0.0,0,0,30.498586,0.0,35.10109,0.0,0,0,0,0,0.0,0.0,0.0,45,0,0,0,1,2,1,1,1,1,0,0,0,1,1,0,DoS,1
9e-06,unas,-,INT,2,0,200,0,111111.1072,254,0,88888888.0,0.0,0,0,0.009,0.0,0.0,0.0,0,0,0,0,0.0,0.0,0.0,100,0,0,0,4,2,1,1,1,4,0,0,0,1,4,0,DoS,1
6e-06,unas,-,INT,2,0,200,0,166666.6608,254,0,133333328.0,0.0,0,0,0.006,0.0,0.0,0.0,0,0,0,0,0.0,0.0,0.0,100,0,0,0,4,2,3,1,1,4,0,0,0,1,4,0,DoS,1
9e-06,unas,-,INT,2,0,200,0,111111.1072,254,0,88888888.0,0.0,0,0,0.009,0.0,0.0,0.0,0,0,0,0,0.0,0.0,0.0,100,0,0,0,4,2,3,3,3,4,0,0,0,3,4,0,DoS,1
9e-06,unas,-,INT,2,0,200,0,111111.1072,254,0,88888888.0,0.0,0,0,0.009,0.0,0.0,0.0,0,0,0,0,0.0,0.0,0.0,100,0,0,0,4,2,3,2,2,4,0,0,0,2,4,0,DoS,1
1e-05,udp,-,INT,2,0,410,0,100000.0025,254,0,164000000.0,0.0,0,0,0.01,0.0,0.0,0.0,0,0,0,0,0.0,0.0,0.0,205,0,0,0,10,2,1,1,1,1,0,0,0,2,1,0,DoS,1
6e-06,unas,-,INT,2,0,200,0,166666.6608,254,0,133333328.0,0.0,0,0,0.006,0.0,0.0,0.0,0,0,0,0,0.0,0.0,0.0,100,0,0,0,2,2,2,1,1,2,0,0,0,8,2,0,DoS,1
1.736039,tcp,pop3,FIN,22,20,1058,2674,23.61698,62,252,4654.273438,11709.41406,7,8,82.668524,88.282313,4587.021332,119.241367,255,945412547,2398656718,255,0.110622,0.057999,0.052623,48,134,0,0,1,1,1,1,1,1,0,0,0,1,1,0,DoS,1
0.40165,tcp,http,FIN,10,8,792,1052,42.325406,62,252,14201.41895,18344.33008,2,2,44.525667,49.726,2299.568273,68.608398,255,1512244773,4222504542,255,0.114445,0.053558,0.060887,79,132,1,105,2,1,1,1,1,1,0,0,1,1,1,0,DoS,1
4e-06,unas,-,INT,2,0,200,0,250000.0006,254,0,200000000.0,0.0,0,0,0.004,0.0,0.0,0.0,0,0,0,0,0.0,0.0,0.0,100,0,0,0,2,2,1,1,1,2,0,0,0,1,2,0,DoS,1
9e-06,ip,-,INT,2,0,180,0,111111.1072,254,0,80000000.0,0.0,0,0,0.009,0.0,0.0,0.0,0,0,0,0,0.0,0.0,0.0,90,0,0,0,4,2,3,4,3,3,0,0,0,4,3,0,DoS,1
5e-06,unas,-,INT,2,0,200,0,200000.0051,254,0,160000000.0,0.0,0,0,0.005,0.0,0.0,0.0,0,0,0,0,0.0,0.0,0.0,100,0,0,0,4,2,1,1,1,4,0,0,0,2,4,0,DoS,1
8e-06,unas,-,INT,2,0,200,0,125000.0003,254,0,100000000.0,0.0,0,0,0.008,0.0,0.0,0.0,0,0,0,0,0.0,0.0,0.0,100,0,0,0,4,2,1,1,1,4,0,0,0,1,4,0,DoS,1
9e-06,leaf-2,-,INT,2,0,200,0,111111.1072,254,0,88888888.0,0.0,0,0,0.009,0.0,0.0,0.0,0,0,0,0,0.0,0.0,0.0,100,0,0,0,5,2,3,1,1,7,0,0,0,3,5,0,DoS,1
9e-06,unas,-,INT,2,0,200,0,111111.1072,254,0,88888888.0,0.0,0,0,0.009,0.0,0.0,0.0,0,0,0,0,0.0,0.0,0.0,100,0,0,0,5,2,1,1,1,5,0,0,0,1,5,0,DoS,1
5e-06,unas,-,INT,2,0,200,0,200000.0051,254,0,160000000.0,0.0,0,0,0.005,0.0,0.0,0.0,0,0,0,0,0.0,0.0,0.0,100,0,0,0,5,2,3,3,3,5,0,0,0,3,5,0,DoS,1
8e-06,unas,-,INT,2,0,200,0,125000.0003,254,0,100000000.0,0.0,0,0,0.008,0.0,0.0,0.0,0,0,0,0,0.0,0.0,0.0,100,0,0,0,5,2,3,1,1,5,0,0,0,1,5,0,DoS,1
9e-06,unas,-,INT,2,0,200,0,111111.1072,254,0,88888888.0,0.0,0,0,0.009,0.0,0.0,0.0,0,0,0,0,0.0,0.0,0.0,100,0,0,0,3,2,2,2,2,3,0,0,0,4,3,0,DoS,1
3e-06,unas,-,INT,2,0,200,0,333333.3215,254,0,266666656.0,0.0,0,0,0.003,0.0,0.0,0.0,0,0,0,0,0.0,0.0,0.0,100,0,0,0,3,2,1,1,1,3,0,0,0,14,3,0,DoS,1
0.336942,tcp,-,FIN,12,8,1204,2084,56.389529,254,252,26212.22656,43307.16016,3,2,30.631092,47.118285,1474.340916,59.021973,255,2227564640,2918832736,255,0.052088,0.006425,0.045663,100,261,0,0,1,1,1,1,1,1,0,0,0,1,1,0,DoS,1
4e-06,unas,-,INT,2,0,200,0,250000.0006,254,0,200000000.0,0.0,0,0,0.004,0.0,0.0,0.0,0,0,0,0,0.0,0.0,0.0,100,0,0,0,2,2,2,1,1,2,0,0,0,26,2,0,DoS,1
6e-06,udp,-,INT,2,0,2700,0,166666.6608,254,0,1800000000.0,0.0,0,0,0.006,0.0,0.0,0.0,0,0,0,0,0.0,0.0,0.0,1350,0,0,0,8,2,1,1,1,1,0,0,0,2,1,0,DoS,1
1e-06,ipv6-frag,-,INT,2,0,200,0,1000000.003,254,0,800000000.0,0.0,0,0,0.001,0.0,0.0,0.0,0,0,0,0,0.0,0.0,0.0,100,0,0,0,4,2,1,1,1,4,0,0,0,1,4,0,DoS,1
0.23602,tcp,http,FIN,10,8,860,2014,72.027795,62,252,26235.06445,59757.64844,2,2,26.224444,31.789715,1423.38764,56.450578,255,2680760892,3552028438,255,0.053051,0.007519,0.045532,86,252,1,590,1,1,1,1,1,1,0,0,1,1,1,0,DoS,1
7e-06,unas,-,INT,2,0,200,0,142857.1409,254,0,114285712.0,0.0,0,0,0.007,0.0,0.0,0.0,0,0,0,0,0.0,0.0,0.0,100,0,0,0,2,2,1,1,1,3,0,0,0,1,2,0,DoS,1
0.465029,tcp,-,FIN,10,8,451,354,36.55686,254,252,6984.510742,5333.000488,2,1,49.721889,63.693285,3397.094324,121.841188,255,1598511817,2398368073,255,0.078769,0.019167,0.059602,45,44,0,0,1,1,1,1,1,1,0,0,0,1,1,0,DoS,1
1.044932,tcp,http,FIN,10,10,764,1126,18.183001,62,252,5267.328125,7763.18457,2,2,115.996333,107.387781,7880.932048,149.638625,255,4009182178,2102087460,255,0.151593,0.078439,0.073154,76,113,1,113,2,1,1,1,1,1,0,0,1,1,2,0,DoS,1
2e-06,i-nlsp,-,INT,2,0,200,0,500000.0013,254,0,400000000.0,0.0,0,0,0.002,0.0,0.0,0.0,0,0,0,0,0.0,0.0,0.0,100,0,0,0,6,2,1,1,1,6,0,0,0,1,6,0,DoS,1
6e-06,swipe,-,INT,2,0,200,0,166666.6608,254,0,133333328.0,0.0,0,0,0.006,0.0,0.0,0.0,0,0,0,0,0.0,0.0,0.0,100,0,0,0,6,2,1,1,1,6,0,0,0,19,6,0,DoS,1
0.534494,tcp,http,FIN,24,8,23588,354,57.998782,254,252,338353.6563,4639.902344,9,1,23.200305,69.960711,1849.362706,119.131461,255,1878817644,4046154977,255,0.177784,0.04476,0.133024,983,44,1,0,1,1,3,1,1,1,0,0,1,1,1,0,DoS,1
0.126335,udp,-,CON,4,4,1858,2168,55.408242,254,60,88273.24219,102964.3438,0,0,42.111668,12.884,59.541457,18.211535,0,0,0,0,0.0,0.0,0.0,465,542,0,0,2,0,2,2,2,2,0,0,0,2,2,0,DoS,1
0.33557,tcp,http,FIN,10,6,862,268,44.700062,254,252,18499.86523,5340.16748,2,1,35.960444,61.709801,1768.617696,85.038883,255,3755370691,1566540701,255,0.056886,0.027011,0.029875,86,45,1,0,1,1,1,1,1,1,0,0,1,2,1,0,DoS,1
4e-06,unas,-,INT,2,0,200,0,250000.0006,254,0,200000000.0,0.0,0,0,0.004,0.0,0.0,0.0,0,0,0,0,0.0,0.0,0.0,100,0,0,0,3,2,2,2,2,3,0,0,0,2,3,0,DoS,1
7e-06,unas,-,INT,2,0,200,0,142857.1409,254,0,114285712.0,0.0,0,0,0.007,0.0,0.0,0.0,0,0,0,0,0.0,0.0,0.0,100,0,0,0,7,2,2,2,2,7,0,0,0,2,7,0,DoS,1
1e-05,udp,-,INT,2,0,706,0,100000.0025,254,0,282400000.0,0.0,0,0,0.01,0.0,0.0,0.0,0,0,0,0,0.0,0.0,0.0,353,0,0,0,10,2,1,1,1,1,0,0,0,3,1,0,DoS,1
2.013378,tcp,pop3,FIN,50,228,2248,272318,137.579736,62,252,8757.421875,1077290.0,7,111,41.089347,8.872578,2230.993937,984.396308,255,1073145693,2100204628,255,0.028841,0.016256,0.012585,45,1194,0,0,1,1,2,1,1,2,0,0,0,2,1,0,DoS,1
3e-06,unas,-,INT,2,0,200,0,333333.3215,254,0,266666656.0,0.0,0,0,0.003,0.0,0.0,0.0,0,0,0,0,0.0,0.0,0.0,100,0,0,0,7,2,2,2,2,7,0,0,0,20,7,0,DoS,1
0.144366,tcp,http,FIN,12,6,5380,268,117.756262,254,252,273305.3438,12412.89551,3,1,11.869364,27.5636,771.910145,45.81227,255,4205384222,3871465054,255,0.050406,0.006539,0.043867,448,45,1,0,1,1,1,1,1,1,0,0,1,2,1,0,DoS,1
3e-06,unas,-,INT,2,0,200,0,333333.3215,254,0,266666656.0,0.0,0,0,0.003,0.0,0.0,0.0,0,0,0,0,0.0,0.0,0.0,100,0,0,0,3,2,3,2,2,3,0,0,0,2,3,0,DoS,1
9e-06,unas,-,INT,2,0,200,0,111111.1072,254,0,88888888.0,0.0,0,0,0.009,0.0,0.0,0.0,0,0,0,0,0.0,0.0,0.0,100,0,0,0,3,2,1,1,1,3,0,0,0,21,3,0,DoS,1
0.267576,tcp,http,FIN,10,8,796,1034,63.533349,62,252,21436.90039,27057.73242,2,2,29.730667,35.55843,1494.14874,52.361824,255,3978296543,3473625155,255,0.033464,0.017867,0.015597,80,129,1,95,1,1,1,1,1,1,0,0,1,1,1,0,DoS,1
4e-06,unas,-,INT,2,0,200,0,250000.0006,254,0,200000000.0,0.0,0,0,0.004,0.0,0.0,0.0,0,0,0,0,0.0,0.0,0.0,100,0,0,0,3,2,2,2,2,3,0,0,0,3,3,0,DoS,1
0.329644,tcp,http,FIN,12,10,1470,2320,63.705089,254,252,32714.08008,50672.84766,3,3,29.967638,34.987777,1582.156868,55.101379,255,3340517159,3796451450,255,0.06514,0.008364,0.056776,123,232,1,408,1,1,1,1,1,1,0,0,1,1,1,0,DoS,1
0.462601,tcp,http,FIN,10,10,802,1288,41.072111,62,252,12485.92188,20060.48438,2,2,51.400111,45.949223,3447.928285,95.111961,255,1112927634,1701847959,255,0.076164,0.025034,0.05113,80,129,1,202,3,1,1,1,1,1,0,0,1,1,1,0,DoS,1
0.688899,tcp,smtp,FIN,20,16,4864,1246,50.805707,254,252,53662.44141,13575.28516,7,6,35.760369,42.278934,1911.088971,48.570875,255,508321819,3100500334,255,0.072366,0.054684,0.017682,243,78,0,0,1,1,1,1,1,1,0,0,0,1,1,0,DoS,1
6e-06,unas,-,INT,2,0,200,0,166666.6608,254,0,133333328.0,0.0,0,0,0.006,0.0,0.0,0.0,0,0,0,0,0.0,0.0,0.0,100,0,0,0,3,2,3,2,2,3,0,0,0,27,3,0,DoS,1
1.40211,tcp,smtp,FIN,194,44,233069,2688,169.030963,254,252,1322966.125,14988.83887,94,8,7.264819,31.384303,900.46855,54.477301,255,2023506001,4275401416,255,0.100823,0.051604,0.049219,1201,61,0,0,1,1,1,1,1,1,0,0,0,3,1,0,DoS,1
1.011643,tcp,-,FIN,24,64,1276,64946,85.998713,62,252,9671.395508,505569.625,6,30,43.984478,15.840444,2138.964531,1307.461358,255,757917571,1403034111,255,0.0626,0.012964,0.049636,53,1015,0,0,2,1,1,1,1,1,0,0,0,1,1,0,DoS,1
0.221222,tcp,http,FIN,10,8,806,1588,76.845884,62,252,26254.16992,50266.25,2,2,24.580222,29.948428,1335.921464,53.832211,255,1082696175,2623905616,255,0.053303,0.007769,0.045534,81,199,1,366,1,1,1,1,1,1,0,0,1,1,1,0,DoS,1
0.240441,tcp,http,FIN,10,8,780,1854,70.703417,254,252,23357.08203,54000.77344,2,2,26.715667,32.576857,1445.029082,59.919535,255,3642629428,3171158571,255,0.053962,0.006903,0.047059,78,232,1,527,1,1,1,1,1,1,0,0,1,1,1,0,DoS,1
0.236456,tcp,http,FIN,10,10,786,3900,80.353214,62,252,23953.7168,118753.5938,2,3,26.272889,25.515667,1252.104753,1779.832933,255,2898581299,367708134,255,0.052644,0.005992,0.046652,79,390,1,1512,2,1,1,1,1,1,0,0,1,1,1,0,DoS,1
0.351299,tcp,http,FIN,10,8,824,876,48.391827,62,252,16897.28711,17466.60352,2,2,39.033222,44.169855,1907.718955,61.253871,255,929113710,1284750692,255,0.060559,0.041368,0.019191,82,110,1,14,1,1,1,1,1,1,0,0,1,1,1,0,DoS,1
3e-06,unas,-,INT,2,0,200,0,333333.3215,254,0,266666656.0,0.0,0,0,0.003,0.0,0.0,0.0,0,0,0,0,0.0,0.0,0.0,100,0,0,0,4,2,1,1,1,4,0,0,0,1,4,0,DoS,1
0.769925,tcp,pop3,FIN,20,20,956,3112,50.654285,62,252,9445.076172,30725.07031,7,8,40.522367,39.389422,1962.395655,47.313316,255,4054341532,2490984813,255,0.053988,0.007143,0.046845,48,156,0,0,1,1,1,1,1,2,0,0,0,1,1,0,DoS,1
1.051516,cbt,-,INT,4,0,360,0,2.853023,254,0,2054.177002,0.0,0,0,350.505344,0.0,495.680906,0.0,0,0,0,0,0.0,0.0,0.0,90,0,0,0,10,2,9,9,9,10,0,0,0,9,10,0,DoS,1
8e-06,cpnx,-,INT,2,0,200,0,125000.0003,254,0,100000000.0,0.0,0,0,0.008,0.0,0.0,0.0,0,0,0,0,0.0,0.0,0.0,100,0,0,0,8,2,3,3,3,9,0,0,0,3,8,0,DoS,1
3e-06,argus,-,INT,2,0,180,0,333333.3215,254,0,239999984.0,0.0,0,0,0.003,0.0,0.0,0.0,0,0,0,0,0.0,0.0,0.0,90,0,0,0,10,2,9,9,9,10,0,0,0,9,10,0,DoS,1
5e-06,br-sat-mon,-,INT,2,0,200,0,200000.0051,254,0,160000000.0,0.0,0,0,0.005,0.0,0.0,0.0,0,0,0,0,0.0,0.0,0.0,100,0,0,0,2,2,1,1,1,2,0,0,0,19,2,0,DoS,1
7e-06,ddp,-,INT,2,0,200,0,142857.1409,254,0,114285712.0,0.0,0,0,0.007,0.0,0.0,0.0,0,0,0,0,0.0,0.0,0.0,100,0,0,0,3,2,2,1,1,3,0,0,0,1,3,0,DoS,1
0.942167,tcp,http,FIN,10,10,932,2136,20.166277,62,252,7124.002441,16328.31543,2,2,104.685222,88.609781,6346.1328,150.366406,255,3021438456,2252451358,255,0.190097,0.11566,0.074437,93,214,1,614,1,1,1,1,1,1,0,0,1,1,2,0,DoS,1
8e-06,eigrp,-,INT,2,0,200,0,125000.0003,254,0,100000000.0,0.0,0,0,0.008,0.0,0.0,0.0,0,0,0,0,0.0,0.0,0.0,100,0,0,0,3,2,2,2,2,3,0,0,0,27,3,0,DoS,1
6e-06,any,-,INT,2,0,200,0,166666.6608,254,0,133333328.0,0.0,0,0,0.006,0.0,0.0,0.0,0,0,0,0,0.0,0.0,0.0,100,0,0,0,3,2,3,3,3,3,0,0,0,4,3,0,DoS,1
0.472626,tcp,-,FIN,12,10,2536,530,44.432596,254,252,39354.58594,8074.037598,3,3,39.765365,48.156555,2025.367695,56.276684,255,976544365,1253243884,255,0.10546,0.039214,0.066246,211,53,0,0,6,1,1,1,1,1,0,0,0,3,1,0,DoS,1
3e-06,larp,-,INT,2,0,200,0,333333.3215,254,0,266666656.0,0.0,0,0,0.003,0.0,0.0,0.0,0,0,0,0,0.0,0.0,0.0,100,0,0,0,6,2,1,1,1,6,0,0,0,1,6,0,DoS,1
0.493716,tcp,http,FIN,10,8,772,1546,34.432751,254,252,11261.53516,21923.53516,2,2,54.857333,56.765145,2888.060821,107.389375,255,3523739611,4213082587,255,0.181036,0.079083,0.101953,77,193,1,363,1,1,1,1,1,1,0,0,1,2,1,0,DoS,1
8e-06,ipcv,-,INT,2,0,200,0,125000.0003,254,0,100000000.0,0.0,0,0,0.008,0.0,0.0,0.0,0,0,0,0,0.0,0.0,0.0,100,0,0,0,8,2,1,1,1,9,0,0,0,1,8,0,DoS,1
7e-06,etherip,-,INT,2,0,200,0,142857.1409,254,0,114285712.0,0.0,0,0,0.007,0.0,0.0,0.0,0,0,0,0,0.0,0.0,0.0,100,0,0,0,2,2,1,1,1,2,0,0,0,19,2,0,DoS,1
4e-06,cphb,-,INT,2,0,200,0,250000.0006,254,0,200000000.0,0.0,0,0,0.004,0.0,0.0,0.0,0,0,0,0,0.0,0.0,0.0,100,0,0,0,8,2,3,3,3,9,0,0,0,3,8,0,DoS,1
3e-06,wb-expak,-,INT,2,0,200,0,333333.3215,254,0,266666656.0,0.0,0,0,0.003,0.0,0.0,0.0,0,0,0,0,0.0,0.0,0.0,100,0,0,0,4,2,1,1,1,4,0,0,0,1,4,0,DoS,1
0.618609,tcp,-,FIN,10,8,1016,354,27.481009,254,252,11832.99902,4008.994385,2,1,68.734333,73.566,4456.05583,118.092523,255,3689303783,3927879328,255,0.139244,0.102641,0.036603,102,44,0,0,6,1,1,1,1,1,0,0,0,2,1,0,DoS,1
9e-06,pri-enc,-,INT,2,0,200,0,111111.1072,254,0,88888888.0,0.0,0,0,0.009,0.0,0.0,0.0,0,0,0,0,0.0,0.0,0.0,100,0,0,0,2,2,2,2,2,2,0,0,0,27,2,0,DoS,1
0.222401,tcp,http,FIN,10,8,762,1046,76.438508,62,252,24676.14844,32949.49219,2,2,24.711222,30.075285,1338.951041,53.378535,255,3311994575,3860734214,255,0.053773,0.008068,0.045705,76,131,1,117,1,1,1,1,1,1,0,0,1,1,1,0,DoS,1
0.253649,tcp,http,FIN,10,8,770,1482,67.021751,62,252,21856.97656,40906.92188,2,2,28.183222,34.885285,1614.31337,58.443137,255,2934641259,2499639828,255,0.051516,0.005365,0.046151,77,185,1,326,1,1,1,1,1,1,0,0,1,1,1,0,DoS,1
8e-06,nsfnet-igp,-,INT,2,0,200,0,125000.0003,254,0,100000000.0,0.0,0,0,0.008,0.0,0.0,0.0,0,0,0,0,0.0,0.0,0.0,100,0,0,0,5,2,1,1,1,5,0,0,0,1,5,0,DoS,1
0.514932,tcp,-,FIN,10,8,708,354,33.014069,254,252,9911.989258,4816.169922,2,1,50.425111,65.730859,3338.246907,114.795359,255,2600880878,1399185750,255,0.109061,0.054802,0.054259,71,44,0,0,1,1,1,1,1,1,0,0,0,1,1,0,DoS,1
1.5e-05,udp,dns,INT,2,0,126,0,66666.66835,254,0,33600000.0,0.0,0,0,0.015,0.0,0.0,0.0,0,0,0,0,0.0,0.0,0.0,63,0,0,0,1,2,1,1,1,1,0,0,0,1,1,0,DoS,1
5e-06,pnni,-,INT,2,0,200,0,200000.0051,254,0,160000000.0,0.0,0,0,0.005,0.0,0.0,0.0,0,0,0,0,0.0,0.0,0.0,100,0,0,0,2,2,1,1,1,2,0,0,0,1,2,0,DoS,1
2.230692,tcp,smtp,FIN,34,24,19869,1914,25.55261,254,252,69162.39844,6580.917969,14,8,67.59673,93.503828,4194.253353,120.107953,255,531512556,4138894231,255,0.169298,0.079164,0.090134,584,80,0,0,1,1,1,1,1,1,0,0,0,2,1,0,DoS,1
0.488406,tcp,http,FIN,10,8,866,1532,34.807107,254,252,12776.25586,21965.33203,2,2,54.267333,59.86857,2715.416647,92.259508,255,1712358149,211851683,255,0.120044,0.068682,0.051362,87,192,1,355,1,1,1,1,1,1,0,0,1,1,1,0,DoS,1
0.299847,tcp,-,FIN,10,6,496,268,50.025512,254,252,11926.08203,5976.381348,2,1,29.134,53.072801,1400.873202,66.842109,255,761496336,2784499147,255,0.066186,0.034474,0.031712,50,45,0,0,1,1,1,1,1,1,0,0,0,2,1,0,DoS,1
0.392775,tcp,-,FIN,10,8,1644,354,43.281777,254,252,30144.48438,6314.047363,2,1,42.148222,49.533,2949.990346,106.970219,255,271231737,1871363445,255,0.092596,0.046035,0.046561,164,44,0,0,3,1,1,1,1,2,0,0,0,1,3,0,DoS,1
0.220615,tcp,http,FIN,10,8,842,1370,77.057317,62,252,27486.79883,43478.45703,2,2,24.512778,29.901143,1343.064994,53.63107,255,1550534559,3810878328,255,0.052644,0.008145,0.044499,84,171,1,264,1,1,1,1,1,1,0,0,1,1,1,0,DoS,1
0.26426,tcp,http,FIN,10,8,822,2162,64.330585,62,252,22402.17969,57276.92578,2,2,29.362222,30.843428,1486.165596,50.06623,255,2717205637,1568818143,255,0.064296,0.034287,0.030009,82,270,1,663,2,1,1,1,1,1,0,0,1,2,1,0,DoS,1
0.749661,tcp,smtp,FIN,24,20,4195,1700,57.359258,62,252,42910.05859,17234.45508,9,8,32.593957,38.915367,1731.986555,46.557383,255,2572254156,2723459067,255,0.050737,0.006065,0.044672,175,85,0,0,1,1,1,1,1,1,0,0,0,1,1,0,DoS,1
9e-06,ospf,-,INT,2,0,200,0,111111.1072,254,0,88888888.0,0.0,0,0,0.009,0.0,0.0,0.0,0,0,0,0,0.0,0.0,0.0,100,0,0,0,3,2,2,2,2,3,0,0,0,27,3,0,DoS,1
1.073741,tcp,http,FIN,34,170,1780,217065,189.058635,62,252,12874.61328,1607754.625,2,83,32.537606,6.13242,1719.525589,796.656206,255,2461440510,2907347560,255,0.059873,0.015166,0.044707,52,1277,1,104877,1,1,1,1,1,1,0,0,1,1,1,0,DoS,1
1.172932,tcp,pop3,FIN,28,70,1286,69752,82.698739,62,252,8464.258789,468951.3125,7,33,43.441924,16.844174,2242.074247,1445.588074,255,1076809969,1027865924,255,0.05286,0.006856,0.046004,46,996,0,0,1,1,1,1,1,1,0,0,0,1,1,0,DoS,1
8e-06,snp,-,INT,2,0,200,0,125000.0003,254,0,100000000.0,0.0,0,0,0.008,0.0,0.0,0.0,0,0,0,0,0.0,0.0,0.0,100,0,0,0,6,2,2,2,2,6,0,0,0,2,6,0,DoS,1
0.209701,tcp,http,FIN,10,18,850,15828,128.75475,62,252,29184.41016,570297.6875,2,7,23.300111,10.839824,1226.714324,1250.706159,255,2050337263,2123092927,255,0.072331,0.021621,0.05071,85,879,1,7296,1,1,1,1,1,1,0,0,1,1,1,0,DoS,1
3e-06,compaq-peer,-,INT,2,0,200,0,333333.3215,254,0,266666656.0,0.0,0,0,0.003,0.0,0.0,0.0,0,0,0,0,0.0,0.0,0.0,100,0,0,0,6,2,2,2,2,6,0,0,0,2,6,0,DoS,1
9e-06,udp,-,INT,2,0,98,0,111111.1072,254,0,43555556.0,0.0,0,0,0.009,0.0,0.0,0.0,0,0,0,0,0.0,0.0,0.0,49,0,0,0,2,2,1,1,1,2,0,0,0,1,1,0,DoS,1
8e-06,vrrp,-,INT,2,0,200,0,125000.0003,254,0,100000000.0,0.0,0,0,0.008,0.0,0.0,0.0,0,0,0,0,0.0,0.0,0.0,100,0,0,0,6,2,1,1,1,6,0,0,0,1,6,0,DoS,1
8e-06,l2tp,-,INT,2,0,200,0,125000.0003,254,0,100000000.0,0.0,0,0,0.008,0.0,0.0,0.0,0,0,0,0,0.0,0.0,0.0,100,0,0,0,2,2,3,2,2,3,0,0,0,3,2,0,DoS,1
0.362022,tcp,http,FIN,10,8,1026,1066,46.958471,254,252,20418.64844,20617.53125,2,2,40.224667,45.036855,2067.827556,63.012734,255,1295007260,2785554865,255,0.090692,0.045714,0.044978,103,133,1,98,2,1,1,1,1,2,0,0,1,1,2,0,DoS,1
8e-06,unas,-,INT,2,0,200,0,125000.0003,254,0,100000000.0,0.0,0,0,0.008,0.0,0.0,0.0,0,0,0,0,0.0,0.0,0.0,100,0,0,0,1,2,1,1,1,1,0,0,0,1,1,0,DoS,1
0.813895,tcp,http,FIN,10,12,820,4596,25.801854,62,252,7254.007324,41410.74609,2,3,90.338444,65.258908,5364.031704,4767.835552,255,2758145055,448430461,255,0.199084,0.096038,0.103046,82,383,1,1799,2,1,1,1,1,3,0,0,1,2,2,0,DoS,1
31.856791,tcp,smtp,FIN,4094,602,5366503,26130,147.378312,254,252,1347328.0,6551.067871,2045,2,7.822938,53.290312,942.153501,60.417344,255,1392167242,3853714620,255,0.066784,0.02861,0.038174,1311,43,0,0,2,1,1,1,1,1,0,0,0,1,1,0,DoS,1
8e-06,ptp,-,INT,2,0,200,0,125000.0003,254,0,100000000.0,0.0,0,0,0.008,0.0,0.0,0.0,0,0,0,0,0.0,0.0,0.0,100,0,0,0,2,2,1,1,1,2,0,0,0,26,2,0,DoS,1
59.963612,tcp,smtp,CON,7040,1046,9296264,45570,134.831772,254,252,1240078.0,6073.950195,3518,6,8.532098,57.27148,1182.780693,77.777633,255,1387660432,3853714313,255,0.066784,0.02861,0.038174,1320,44,0,0,1,0,1,1,1,1,0,0,0,1,1,0,DoS,1
1.02877,tcp,-,FIN,18,18,996,3416,34.021211,62,252,7317.476562,25094.04492,6,7,60.515882,55.52259,2837.264821,63.019723,255,3522331592,3142905230,255,0.134453,0.064235,0.070218,55,190,0,0,2,1,1,1,1,1,0,0,0,1,1,0,DoS,1
1e-05,unas,-,INT,2,0,200,0,100000.0025,254,0,80000000.0,0.0,0,0,0.01,0.0,0.0,0.0,0,0,0,0,0.0,0.0,0.0,100,0,0,0,3,2,2,2,2,3,0,0,0,2,3,0,DoS,1
5e-06,ipx-n-ip,-,INT,2,0,200,0,200000.0051,254,0,160000000.0,0.0,0,0,0.005,0.0,0.0,0.0,0,0,0,0,0.0,0.0,0.0,100,0,0,0,6,2,2,2,2,6,0,0,0,2,6,0,DoS,1
0.468193,tcp,http,FIN,12,8,3642,354,40.581556,62,252,57053.39453,5296.960938,3,1,40.606365,59.612715,2822.024176,109.897563,255,1061190843,2809357691,255,0.101056,0.050899,0.050157,304,44,1,0,2,1,1,1,1,1,0,0,1,1,1,0,DoS,1
8e-06,unas,-,INT,2,0,200,0,125000.0003,254,0,100000000.0,0.0,0,0,0.008,0.0,0.0,0.0,0,0,0,0,0.0,0.0,0.0,100,0,0,0,4,2,2,2,2,4,0,0,0,4,4,0,DoS,1
0.77547,tcp,smtp,FIN,26,20,8575,1822,58.029323,62,252,85068.40625,17857.55664,10,8,31.0188,40.280949,1705.11002,47.986016,255,16539458,3709550436,255,0.056152,0.006005,0.050147,330,91,0,0,1,1,1,1,1,1,0,0,0,2,1,0,DoS,1
0.330623,tcp,http,FIN,12,10,1258,1840,63.516452,62,252,27923.04297,40069.80859,3,3,30.056635,34.539668,1549.474846,54.253082,255,3408469104,1615917125,255,0.05239,0.006814,0.045576,105,184,1,114,2,1,2,2,1,2,0,0,1,2,2,0,DoS,1
2.077862,tcp,-,FIN,28,24,3538,3118,24.544459,254,252,13136.58008,11507.98242,10,10,76.957854,86.318172,3922.614355,102.316633,255,3298506305,1931477945,255,0.101099,0.041118,0.059981,126,130,0,0,3,1,1,1,1,1,0,0,0,1,1,0,DoS,1
6e-06,crudp,-,INT,2,0,200,0,166666.6608,254,0,133333328.0,0.0,0,0,0.006,0.0,0.0,0.0,0,0,0,0,0.0,0.0,0.0,100,0,0,0,5,2,2,2,2,5,0,0,0,2,5,0,DoS,1
9e-06,unas,-,INT,2,0,200,0,111111.1072,254,0,88888888.0,0.0,0,0,0.009,0.0,0.0,0.0,0,0,0,0,0.0,0.0,0.0,100,0,0,0,4,2,1,1,1,4,0,0,0,26,4,0,DoS,1
9e-06,sccopmce,-,INT,2,0,200,0,111111.1072,254,0,88888888.0,0.0,0,0,0.009,0.0,0.0,0.0,0,0,0,0,0.0,0.0,0.0,100,0,0,0,5,2,2,2,2,5,0,0,0,2,5,0,DoS,1
5e-06,iplt,-,INT,2,0,200,0,200000.0051,254,0,160000000.0,0.0,0,0,0.005,0.0,0.0,0.0,0,0,0,0,0.0,0.0,0.0,100,0,0,0,3,2,1,1,1,4,0,0,0,1,3,0,DoS,1
0.23915,tcp,http,FIN,10,8,806,940,71.085092,62,252,24286.01367,27530.83789,2,2,26.572222,32.232,1452.079748,56.658723,255,653812277,2542212747,255,0.054882,0.008638,0.046244,81,118,1,56,1,1,3,1,1,1,0,0,1,1,1,0,DoS,1
9e-06,pipe,-,INT,2,0,200,0,111111.1072,254,0,88888888.0,0.0,0,0,0.009,0.0,0.0,0.0,0,0,0,0,0.0,0.0,0.0,100,0,0,0,3,2,1,1,1,4,0,0,0,2,3,0,DoS,1
8e-06,udp,-,INT,2,0,78,0,125000.0003,254,0,39000000.0,0.0,0,0,0.008,0.0,0.0,0.0,0,0,0,0,0.0,0.0,0.0,39,0,0,0,1,2,1,1,1,1,0,0,0,1,1,0,DoS,1
3e-06,sctp,-,INT,2,0,200,0,333333.3215,254,0,266666656.0,0.0,0,0,0.003,0.0,0.0,0.0,0,0,0,0,0.0,0.0,0.0,100,0,0,0,5,2,1,1,1,5,0,0,0,15,5,0,DoS,1
8e-06,iatp,-,INT,2,0,200,0,125000.0003,254,0,100000000.0,0.0,0,0,0.008,0.0,0.0,0.0,0,0,0,0,0.0,0.0,0.0,100,0,0,0,4,2,1,1,1,4,0,0,0,1,4,0,DoS,1
0.253844,tcp,http,FIN,10,6,470,268,59.091412,254,252,13331.02246,7059.454102,2,1,25.643667,47.945602,1340.612296,76.198266,255,2315792141,1006550848,255,0.063345,0.014112,0.049233,47,45,1,0,1,1,1,1,1,2,0,0,1,1,1,0,DoS,1
8e-06,unas,-,INT,2,0,200,0,125000.0003,254,0,100000000.0,0.0,0,0,0.008,0.0,0.0,0.0,0,0,0,0,0.0,0.0,0.0,100,0,0,0,5,2,3,3,3,5,0,0,0,3,5,0,DoS,1
6e-06,udp,-,INT,2,0,602,0,166666.6608,254,0,401333312.0,0.0,0,0,0.006,0.0,0.0,0.0,0,0,0,0,0.0,0.0,0.0,301,0,0,0,2,2,1,1,1,2,0,0,0,1,2,0,DoS,1
9e-06,sm,-,INT,2,0,200,0,111111.1072,254,0,88888888.0,0.0,0,0,0.009,0.0,0.0,0.0,0,0,0,0,0.0,0.0,0.0,100,0,0,0,2,2,1,1,1,2,0,0,0,19,2,0,DoS,1
0.419716,tcp,-,FIN,10,8,468,354,40.503579,254,252,8043.53418,5908.757324,2,1,46.635111,57.80957,2923.729423,116.528273,255,2584902920,1537907167,255,0.070162,0.014313,0.055849,47,44,0,0,1,1,1,1,1,1,0,0,0,1,1,0,DoS,1
1.080236,tcp,smtp,FIN,22,20,3233,1780,37.954671,254,252,22861.67188,12523.18945,8,8,51.439808,54.545844,2475.543229,64.23973,255,4180018063,352457825,255,0.061526,0.043174,0.018352,147,89,0,0,1,1,1,1,1,1,0,0,0,1,1,0,DoS,1
1.746767,tcp,http,FIN,10,8,792,1192,9.732265,62,252,3265.461182,4776.824707,2,2,193.987444,237.209,12069.35553,485.969438,255,898492368,3036900023,255,0.176479,0.086297,0.090182,79,149,1,181,1,1,2,1,1,1,0,0,1,1,2,0,DoS,1
0.383815,tcp,http,FIN,10,8,832,1644,44.292173,254,252,15611.68848,29993.61719,2,2,42.646111,46.862285,2344.902319,69.534531,255,4174559650,486544318,255,0.125903,0.055031,0.070872,83,206,1,407,2,1,1,1,1,1,0,0,1,1,1,0,DoS,1
0.465766,tcp,http,FIN,10,8,836,2166,36.499014,62,252,12933.5332,32565.70898,2,2,51.751778,58.92543,2528.058029,80.198969,255,2629857477,2193551407,255,0.130884,0.052534,0.07835,84,271,1,660,1,1,1,1,1,1,0,0,1,1,1,0,DoS,1
0.010367,udp,-,CON,2,2,168,112,289.379775,254,60,64821.07031,43214.04688,0,0,0.003,0.007,0.0,0.0,0,0,0,0,0.0,0.0,0.0,84,56,0,0,3,0,1,1,1,2,0,0,0,2,3,0,DoS,1
0.586185,tcp,http,FIN,12,10,1214,3968,35.824869,62,252,15189.74414,48749.11719,3,3,53.283454,61.669332,2781.635353,76.681797,255,2542017429,3732419115,255,0.084102,0.03116,0.052942,101,397,1,293,1,1,1,1,1,1,0,0,1,1,1,0,DoS,1
0.061431,udp,dns,CON,2,2,130,1120,48.83528,254,60,8464.782227,72927.35156,0,0,0.01,0.011,0.0,0.0,0,0,0,0,0.0,0.0,0.0,65,560,0,0,1,0,1,1,1,1,0,0,0,1,1,0,DoS,1
0.242887,tcp,http,FIN,10,10,808,5074,78.225675,62,252,23978.22852,150423.8594,2,3,26.987444,23.497,1465.914947,1672.976769,255,2689447405,349744537,255,0.043581,0.023305,0.020276,81,507,1,2088,1,1,1,1,1,1,0,0,1,1,1,0,DoS,1
1.075645,tcp,-,FIN,26,24,3496,3118,45.554064,254,252,25004.5332,22230.38281,10,10,43.0258,46.079957,2126.73354,60.928094,255,3866667486,178550987,255,0.033444,0.009364,0.02408,134,130,0,0,1,1,1,1,1,1,0,0,0,1,1,0,DoS,1
1e-06,unas,-,INT,2,0,200,0,1000000.003,254,0,800000000.0,0.0,0,0,0.001,0.0,0.0,0.0,0,0,0,0,0.0,0.0,0.0,100,0,0,0,5,2,2,2,2,5,0,0,0,2,5,0,DoS,1
2.480678,tcp,smtp,FIN,34,24,19909,2110,22.977588,254,252,62318.44531,6524.022461,14,8,77.517939,103.318219,5201.045625,143.155906,255,3150438827,2335192528,255,0.210941,0.104351,0.10659,586,88,0,0,1,1,1,1,1,1,0,0,0,3,1,0,DoS,1
8e-06,unas,-,INT,2,0,200,0,125000.0003,254,0,100000000.0,0.0,0,0,0.008,0.0,0.0,0.0,0,0,0,0,0.0,0.0,0.0,100,0,0,0,5,2,1,1,1,5,0,0,0,2,5,0,DoS,1
3e-06,unas,-,INT,2,0,200,0,333333.3215,254,0,266666656.0,0.0,0,0,0.003,0.0,0.0,0.0,0,0,0,0,0.0,0.0,0.0,100,0,0,0,5,2,1,1,1,5,0,0,0,1,5,0,DoS,1
9e-06,unas,-,INT,2,0,200,0,111111.1072,254,0,88888888.0,0.0,0,0,0.009,0.0,0.0,0.0,0,0,0,0,0.0,0.0,0.0,100,0,0,0,4,2,3,2,2,4,0,0,0,27,4,0,DoS,1
0.667658,tcp,http,FIN,10,8,856,922,25.462139,62,252,9238.262695,9669.62207,2,2,74.184222,71.462,3649.837119,111.709617,255,323370012,2230358988,255,0.205267,0.166676,0.038591,86,115,1,61,1,1,2,1,1,1,0,0,1,1,1,0,DoS,1
3e-06,unas,-,INT,2,0,200,0,333333.3215,254,0,266666656.0,0.0,0,0,0.003,0.0,0.0,0.0,0,0,0,0,0.0,0.0,0.0,100,0,0,0,4,2,3,3,3,4,0,0,0,3,4,0,DoS,1
2.176974,tcp,-,FIN,18,18,1024,2986,16.077362,62,252,3557.231201,10366.68262,6,7,128.057294,122.803297,6824.580614,158.298125,255,2163647311,2089349890,255,0.15154,0.088614,0.062926,57,166,0,0,1,1,1,1,1,1,0,0,0,2,1,0,DoS,1
0.830449,tcp,http,FIN,10,10,802,1320,22.87919,62,252,6955.273926,11444.41113,2,2,92.272111,86.056555,5985.819917,147.829438,255,4252609862,3666616865,255,0.14518,0.055273,0.089907,80,132,1,197,3,1,2,1,1,2,0,0,1,1,2,0,DoS,1
4e-06,unas,-,INT,2,0,200,0,250000.0006,254,0,200000000.0,0.0,0,0,0.004,0.0,0.0,0.0,0,0,0,0,0.0,0.0,0.0,100,0,0,0,3,2,1,1,1,3,0,0,0,18,3,0,DoS,1
9e-06,unas,-,INT,2,0,200,0,111111.1072,254,0,88888888.0,0.0,0,0,0.009,0.0,0.0,0.0,0,0,0,0,0.0,0.0,0.0,100,0,0,0,5,2,1,1,1,5,0,0,0,2,5,0,DoS,1
0.707472,tcp,http,FIN,12,10,1454,2826,29.683152,254,252,15073.3877,28767.21484,3,3,64.315635,71.726891,3388.29146,109.820234,255,1832705048,3542725239,255,0.122199,0.061201,0.060998,121,283,1,400,1,1,3,1,1,4,0,0,1,3,1,0,DoS,1
0.475263,tcp,http,FIN,10,6,1696,268,31.561472,254,252,25703.66211,3770.543945,2,1,48.128222,88.164602,2415.987855,123.972,255,2054481331,2627922749,255,0.118839,0.034431,0.084408,170,45,1,0,1,1,2,1,1,4,0,0,1,2,1,0,DoS,1
2e-06,unas,-,INT,2,0,200,0,500000.0013,254,0,400000000.0,0.0,0,0,0.002,0.0,0.0,0.0,0,0,0,0,0.0,0.0,0.0,100,0,0,0,3,2,2,2,2,3,0,0,0,4,3,0,DoS,1
2.228274,tcp,smtp,FIN,22,20,3403,1708,18.399891,254,252,11664.63281,5826.931152,8,8,106.101092,113.226844,5869.730422,156.413984,255,272186773,866253534,255,0.124491,0.076955,0.047536,155,85,0,0,1,1,1,1,1,1,0,0,0,1,1,0,DoS,1
0.239153,tcp,http,FIN,10,8,910,1210,71.084202,62,252,27396.6875,35425.01953,2,2,26.572556,30.835715,1401.155333,54.12125,255,2051046170,4069905446,255,0.051761,0.006925,0.044836,91,151,1,203,1,1,1,1,1,1,0,0,1,1,1,0,DoS,1
0.289118,tcp,http,FIN,10,6,1806,268,51.881932,254,252,44992.01172,6198.161621,2,1,28.003556,45.550801,1368.704732,58.001977,255,1543523372,1276395652,255,0.087441,0.06136,0.026081,181,45,1,0,1,1,1,1,1,1,0,0,1,1,1,0,DoS,1
0.280448,tcp,-,FIN,14,6,640,268,67.748747,254,252,16972.84375,6389.776367,4,1,20.280846,47.380398,1160.682395,83.295992,255,2929077686,3347768387,255,0.049115,0.043544,0.005571,46,45,0,0,1,1,1,1,1,1,0,0,0,1,1,0,DoS,1
0.25836,tcp,http,FIN,10,8,810,936,65.79966,62,252,22573.1543,25359.96289,2,2,28.706667,33.953,1391.682535,45.896676,255,899467827,2086901521,255,0.06592,0.02004,0.04588,81,117,1,51,1,1,1,1,1,1,0,0,1,1,1,0,DoS,1
0.182124,tcp,http,FIN,10,6,1004,268,82.361466,254,252,39709.20703,9839.450195,2,1,19.004889,35.069602,1017.864054,61.28741,255,4155410857,826326876,255,0.051144,0.006767,0.044377,100,45,1,0,1,1,1,1,1,1,0,0,1,1,1,0,DoS,1
0.399544,tcp,-,FIN,12,12,555,594,57.565625,62,252,10191.61816,10912.44043,3,4,36.322182,34.481184,1938.258127,49.633566,255,532425523,1644734482,255,0.047641,0.015717,0.031924,46,50,0,0,1,1,1,1,1,1,0,0,0,1,1,0,DoS,1
0.481348,tcp,http,FIN,10,6,858,268,31.162485,254,252,12847.25391,3722.878174,2,1,46.891222,83.963602,2364.456582,113.365461,255,474880689,2146687090,255,0.129846,0.061525,0.068321,86,45,1,0,1,1,1,1,1,1,0,0,1,1,1,0,DoS,1
0.842268,tcp,-,FIN,20,18,2524,2288,43.929011,254,252,22776.59961,20525.5332,7,7,44.329895,48.227059,2190.065361,60.15702,255,4206433946,4166346462,255,0.062572,0.016579,0.045993,126,127,0,0,1,1,1,1,1,1,0,0,0,1,2,0,DoS,1
0.332299,tcp,http,FIN,10,6,900,268,45.14007,254,252,19500.50977,5392.733887,2,1,29.409889,57.195,1472.863815,72.423211,255,2669813986,1135515857,255,0.084264,0.046314,0.03795,90,45,1,0,1,1,1,1,1,1,0,0,1,1,1,0,DoS,1
0.384028,tcp,-,FIN,12,10,1238,1888,54.683514,62,252,23644.10938,35414.08594,3,3,34.911635,41.550555,1811.518255,63.31902,255,160845837,906114944,255,0.04517,0.00943,0.03574,103,189,1,232,1,1,1,1,1,1,0,0,1,1,1,0,DoS,1
2.075585,ospf,-,INT,42,0,2688,0,19.753468,254,0,10113.77539,0.0,0,0,50.624023,0.0,55.667926,0.0,0,0,0,0,0.0,0.0,0.0,64,0,0,0,1,2,1,1,1,1,0,0,0,1,1,0,DoS,1
0.580808,tcp,ftp,FIN,12,8,5848,462,32.713049,254,252,73841.96094,5578.435547,3,2,43.068272,78.245711,2807.64751,91.296273,255,3845939441,3055669482,255,0.063954,0.033074,0.03088,487,58,0,0,1,1,1,1,1,1,0,0,0,1,1,0,DoS,1
8e-06,udp,snmp,INT,2,0,136,0,125000.0003,254,0,68000000.0,0.0,0,0,0.008,0.0,0.0,0.0,0,0,0,0,0.0,0.0,0.0,68,0,0,0,1,2,1,1,1,2,0,0,0,1,1,0,DoS,1
0.272761,tcp,http,FIN,10,8,802,998,62.325629,62,252,21176.04883,25634.16406,2,2,30.306778,35.871855,1643.635508,59.197422,255,3872440403,2707338663,255,0.068997,0.012099,0.056898,80,125,1,98,1,1,1,1,1,1,0,0,1,1,1,0,DoS,1
0.587975,tcp,-,FIN,10,8,1362,354,28.912793,62,252,16680.98047,4217.866211,2,1,62.653667,72.87243,4252.008341,106.692992,255,1945647617,2647532903,255,0.113727,0.077867,0.03586,136,44,0,0,9,1,1,1,1,1,0,0,0,4,2,0,DoS,1
3e-06,unas,-,INT,2,0,200,0,333333.3215,254,0,266666656.0,0.0,0,0,0.003,0.0,0.0,0.0,0,0,0,0,0.0,0.0,0.0,100,0,0,0,4,2,3,2,2,4,0,0,0,27,4,0,DoS,1
9e-06,ib,-,INT,2,0,200,0,111111.1072,254,0,88888888.0,0.0,0,0,0.009,0.0,0.0,0.0,0,0,0,0,0.0,0.0,0.0,100,0,0,0,4,2,3,3,3,4,0,0,0,3,4,0,DoS,1
3e-06,udp,-,INT,2,0,136,0,333333.3215,254,0,181333328.0,0.0,0,0,0.003,0.0,0.0,0.0,0,0,0,0,0.0,0.0,0.0,68,0,0,0,1,2,1,1,1,1,0,0,0,1,1,0,DoS,1
0.654976,tcp,-,FIN,10,6,1462,268,22.901602,254,252,16073.87109,2735.978027,2,1,68.310444,114.976797,3697.799062,171.973797,255,2440937297,3138735503,255,0.155128,0.080083,0.075045,146,45,0,0,1,1,1,1,1,1,0,0,0,1,1,0,DoS,1
0.686458,tcp,http,FIN,10,10,782,2740,27.678314,62,252,8204.43457,28738.83008,2,2,76.161556,67.761109,4523.28623,113.122336,255,2161281768,2884376056,255,0.145539,0.076599,0.06894,78,274,1,929,1,1,1,1,1,1,0,0,1,1,1,0,DoS,1
0.736235,tcp,http,FIN,10,8,824,1348,23.090453,62,252,8062.642578,12821.99219,2,2,81.705778,99.38143,4581.64253,199.843984,255,3715540396,2001887376,255,0.107659,0.040555,0.067104,82,169,1,262,1,1,1,1,1,1,0,0,1,3,1,0,DoS,1
0.397255,tcp,http,FIN,10,18,792,15986,67.966419,62,252,14358.53516,304046.5313,2,7,44.139444,19.602588,2212.756043,1983.229016,255,3006197040,2975402228,255,0.102751,0.063262,0.039489,79,888,1,7394,1,1,1,1,1,1,0,0,1,1,1,0,DoS,1
2.188902,tcp,http,FIN,10,8,1286,354,7.766451,62,252,4232.259277,1132.988159,2,1,236.064,301.817563,15698.62151,589.449562,255,1293772319,2374589973,255,0.148248,0.07617,0.072078,129,44,1,0,1,1,1,1,1,1,0,0,1,3,1,0,DoS,1
0.647661,tcp,http,FIN,10,8,850,1252,26.248301,62,252,9449.388672,13537.94727,2,2,71.855222,78.697,3535.073926,130.243797,255,1729140019,1336480781,255,0.199888,0.096773,0.103115,85,157,1,199,2,1,1,2,1,1,0,0,1,20,1,0,DoS,1
0.222802,tcp,-,FIN,10,8,1076,536,76.300931,62,252,34793.22656,16840.06445,2,2,24.755778,30.093143,1352.966295,53.36498,255,1443654775,4017951590,255,0.053548,0.007639,0.045909,108,67,0,0,1,1,1,1,1,1,0,0,0,2,1,0,DoS,1
0.488204,tcp,-,FIN,12,10,716,554,43.014805,254,252,10765.99121,8176.909668,3,2,43.375183,48.913668,3145.140631,95.832437,255,2140445393,2139156532,255,0.093642,0.047972,0.04567,60,55,0,0,2,1,1,1,1,1,0,0,0,1,1,0,DoS,1
0.651682,tcp,http,FIN,38,10,42840,440,72.121063,254,252,512065.6875,4861.266602,16,1,17.575406,64.154555,1610.242645,90.494141,255,3115709986,2894367125,255,0.149074,0.074282,0.074792,1127,44,1,0,1,1,1,1,1,1,0,0,1,1,1,0,DoS,1
2.24301,tcp,smtp,FIN,18,18,2268,1378,15.604032,254,252,7639.733887,4643.759766,6,7,131.941765,121.701352,6639.23763,148.103016,255,2439045938,167088146,255,0.150541,0.086129,0.064412,126,77,0,0,1,1,1,1,1,1,0,0,0,1,1,0,DoS,1
0.293635,tcp,http,FIN,10,8,814,1214,57.895004,62,252,19970.37109,28961.125,2,2,32.626111,40.480285,1593.516623,58.157512,255,3897790465,2137736914,255,0.058373,0.009581,0.048792,81,152,1,185,1,1,1,1,1,1,0,0,1,1,1,0,DoS,1
6.425287,udp,-,INT,370,0,19610,0,57.429343,254,0,24350.04102,0.0,0,0,17.412701,0.0,69.531867,0.0,0,0,0,0,0.0,0.0,0.0,53,0,0,0,1,2,2,1,1,1,0,0,0,1,2,0,DoS,1
1.945447,tcp,smtp,FIN,22,20,2673,1718,21.074848,62,252,10494.24609,6715.166504,8,8,92.640336,96.499156,4462.795571,126.164727,255,3360489086,489111289,255,0.120421,0.081199,0.039222,122,86,0,0,1,1,2,1,1,1,0,0,0,1,1,0,DoS,1
0.509682,tcp,http,FIN,10,10,802,1206,37.278146,62,252,11332.55664,17045.92188,2,2,56.631333,55.68,3538.945851,118.599758,255,3636989314,1611056842,255,0.043005,0.007594,0.035411,80,121,1,153,1,1,1,1,1,1,0,0,1,1,1,0,DoS,1
44.300476,ospf,-,INT,28,0,12832,0,0.609474,254,0,2234.55835,0.0,0,0,1640.758375,0.0,1908.435625,0.0,0,0,0,0,0.0,0.0,0.0,458,0,0,0,1,2,19,1,1,19,0,0,0,19,1,0,DoS,1
0.478813,tcp,-,FIN,12,8,1132,436,39.681463,254,252,17342.88867,6382.450195,3,2,41.601729,62.969855,2269.712226,102.875055,255,2418253991,3388632028,255,0.089058,0.038021,0.051037,94,55,0,0,1,1,1,1,1,1,0,0,0,1,1,0,DoS,1
1.637431,tcp,smtp,FIN,22,20,4888,1806,25.039223,254,252,22796.68555,8383.864258,8,8,77.972902,80.841523,4170.706811,105.675719,255,3573794639,3466959220,255,0.110368,0.044561,0.065807,222,90,0,0,2,1,1,1,1,1,0,0,0,4,1,0,DoS,1
0.380751,tcp,http,FIN,10,8,860,1230,44.648601,62,252,16262.59668,22628.96094,2,2,42.305667,49.424855,2097.877317,84.130617,255,383048972,330515911,255,0.071592,0.034264,0.037328,86,154,1,205,1,1,1,1,1,1,0,0,1,1,2,0,DoS,1
5.3e-05,udp,-,INT,1,0,112,0,0.0,255,0,0.0,0.0,0,0,0.0,0.0,0.0,0.0,0,0,0,0,0.0,0.0,0.0,112,0,0,0,2,0,2,2,2,2,0,0,0,2,2,0,DoS,1
1.1e-05,udp,-,INT,2,0,1714,0,90909.0902,254,0,623272704.0,0.0,0,0,0.011,0.0,0.0,0.0,0,0,0,0,0.0,0.0,0.0,857,0,0,0,2,2,1,1,1,1,0,0,0,2,1,0,DoS,1
0.715955,tcp,http,FIN,10,10,778,1266,26.53798,62,252,7832.894531,12738.23047,2,2,79.550556,72.488336,4539.081733,134.565516,255,888625784,879043714,255,0.154349,0.062918,0.091431,78,127,1,175,1,1,1,1,1,1,0,0,1,2,1,0,DoS,1
0.215905,udp,dns,CON,2,2,126,330,13.895,62,252,2334.360107,6113.800293,0,0,0.001,0.008,0.0,0.0,0,0,0,0,0.0,0.0,0.0,63,165,0,0,1,3,1,1,1,1,0,0,0,2,2,0,DoS,1
1.716743,tcp,http,FIN,26,124,1434,156111,86.792258,62,252,6426.12207,721612.9375,2,59,68.66972,13.486748,4028.826165,1565.8087,255,1804591092,1793593461,255,0.127569,0.057143,0.070426,55,1259,1,75323,1,1,1,1,1,3,0,0,1,1,2,0,DoS,1
0.707904,tcp,http,FIN,10,8,762,1176,24.014556,62,252,7752.463867,11628.69531,2,2,78.656,85.927859,3894.29034,160.536094,255,3590347740,461096288,255,0.188535,0.075772,0.112763,76,147,1,188,1,1,1,1,1,1,0,0,1,1,1,0,DoS,1
0.570658,tcp,http,FIN,10,12,792,8702,36.799622,62,252,9995.478516,111828.7969,2,4,63.406444,47.95618,3677.095054,3162.072124,255,2799404724,912341879,255,0.108081,0.042546,0.065535,79,725,1,3870,1,1,1,1,1,1,0,0,1,1,1,0,DoS,1
0.461223,tcp,http,FIN,10,8,822,974,36.858526,62,252,12835.43945,14795.44629,2,2,51.247,50.20657,2554.848608,90.268828,255,2352584812,4140265976,255,0.099232,0.056585,0.042647,82,122,1,65,1,1,1,1,1,1,0,0,1,1,2,0,DoS,1
1.001816,tcp,smtp,FIN,34,22,19787,1944,54.900299,254,252,153369.4688,14821.08398,14,8,30.35806,44.798145,2299.694498,74.874484,255,3111580215,1735791909,255,0.107578,0.049017,0.058561,582,88,0,0,1,1,3,1,1,3,0,0,0,3,1,0,DoS,1
9e-06,ipv6,-,INT,2,0,86,0,111111.1072,254,0,38222220.0,0.0,0,0,0.009,0.0,0.0,0.0,0,0,0,0,0.0,0.0,0.0,43,0,0,0,1,2,1,1,1,1,0,0,0,3,1,0,DoS,1
1.546078,tcp,-,FIN,26,68,1366,70016,60.152206,62,252,6799.139648,356965.1875,6,32,61.84312,22.422358,2942.286465,1843.437434,255,3890206618,171918749,255,0.094382,0.025971,0.068411,53,1030,0,0,2,1,2,1,1,3,0,0,0,2,2,0,DoS,1
0.604349,tcp,http,FIN,16,6,10796,268,34.748133,254,252,133988.7969,2965.174072,5,1,37.725199,106.538797,2488.459678,166.58375,255,1961113199,968500706,255,0.132992,0.071646,0.061346,675,45,1,0,1,1,1,1,1,3,0,0,1,1,1,0,DoS,1
28.2276,ospf,-,INT,42,0,2184,0,1.452479,254,0,604.231323,0.0,0,0,688.477938,0.0,832.733,0.0,0,0,0,0,0.0,0.0,0.0,52,0,0,0,1,2,2,1,1,1,0,0,0,1,1,0,DoS,1
0.67029,tcp,http,FIN,10,6,848,268,22.378374,254,252,9118.441406,2673.469727,2,1,71.114889,121.425602,3966.830869,160.912766,255,2779781535,3564373471,255,0.100789,0.063156,0.037633,85,45,1,0,1,1,1,1,1,1,0,0,1,1,1,0,DoS,1
0.770071,tcp,http,FIN,10,12,806,7618,27.270212,62,252,7542.161621,72554.34375,2,4,85.563444,62.419363,4649.153034,4505.738295,255,1399409282,504612813,255,0.174255,0.082607,0.091648,81,635,1,3322,1,1,1,1,1,1,0,0,1,1,1,0,DoS,1
12.602629,ospf,-,INT,42,0,18480,0,3.25329,254,0,11451.5791,0.0,0,0,307.381188,0.0,334.2475,0.0,0,0,0,0,0.0,0.0,0.0,440,0,0,0,1,2,2,1,1,1,0,0,0,1,1,0,DoS,1
1e-06,udp,-,INT,2,0,82,0,1000000.003,254,0,328000000.0,0.0,0,0,0.001,0.0,0.0,0.0,0,0,0,0,0.0,0.0,0.0,41,0,0,0,3,2,1,1,1,1,0,0,0,2,1,0,DoS,1
1.791922,tcp,-,FIN,20,16,3644,2122,19.5321,254,252,15456.03027,8884.31543,7,6,93.853422,115.918734,5689.550411,204.480375,255,179991164,1186424794,255,0.109556,0.053131,0.056425,182,133,0,0,2,1,1,1,1,1,0,0,0,1,2,0,DoS,1
1.131837,tcp,http,FIN,10,8,798,354,15.01983,254,252,5082.003906,2191.128174,2,1,123.860667,155.686141,7391.595931,282.900562,255,556289786,3057207596,255,0.102932,0.042025,0.060907,80,44,1,0,2,1,1,1,1,1,0,0,1,1,1,0,DoS,1
9e-06,udp,dns,INT,2,0,176,0,111111.1072,254,0,78222216.0,0.0,0,0,0.009,0.0,0.0,0.0,0,0,0,0,0.0,0.0,0.0,88,0,0,0,1,2,2,1,1,2,0,0,0,1,1,0,DoS,1
15.844017,udp,-,CON,16,16,9266,12538,1.956575,254,60,4386.26123,5935.363281,0,0,1171.362125,1098.60775,1344.613625,1236.603,0,0,0,0,0.0,0.0,0.0,579,784,0,0,3,0,1,2,1,1,0,0,0,3,1,0,DoS,1
1.693756,tcp,smtp,FIN,24,20,4403,1794,25.387364,254,252,19932.0332,8053.10791,9,8,73.641565,83.112844,3739.783508,107.593047,255,135443427,2423900307,255,0.171968,0.095256,0.076712,183,90,0,0,1,1,2,1,1,1,0,0,0,1,1,0,DoS,1
2e-06,sctp,-,INT,2,0,152,0,500000.0013,254,0,304000000.0,0.0,0,0,0.002,0.0,0.0,0.0,0,0,0,0,0.0,0.0,0.0,76,0,0,0,1,2,1,1,1,1,0,0,0,1,1,0,DoS,1
0.991595,tcp,http,FIN,14,8,7252,1018,21.178002,62,252,54328.63281,7188.418945,4,2,76.276541,129.181141,4979.33056,233.129125,255,2812087020,54970833,255,0.129129,0.086578,0.042551,518,127,1,109,1,1,1,1,1,1,0,0,1,1,1,0,DoS,1
1.9e-05,udp,dns,INT,2,0,268,0,52631.58129,254,0,56421056.0,0.0,0,0,0.019,0.0,0.0,0.0,0,0,0,0,0.0,0.0,0.0,134,0,0,0,1,2,1,1,1,1,0,0,0,1,1,0,DoS,1
1.582317,tcp,http,FIN,10,10,776,990,12.007708,62,252,3534.057861,4504.786133,2,2,175.813,165.552437,10362.18862,301.695312,255,1476406692,4002199358,255,0.114568,0.07263,0.041938,78,99,1,53,2,1,1,1,1,1,0,0,1,1,1,0,DoS,1
2.163538,tcp,-,FIN,12,12,1152,1310,10.630735,254,252,3904.715332,4440.874023,3,3,196.674369,185.083188,10829.74778,350.026719,255,1959886576,2270340735,255,0.241973,0.127614,0.114359,96,109,0,0,7,1,1,1,1,1,0,0,0,2,1,0,DoS,1
9e-06,udp,-,INT,2,0,94,0,111111.1072,254,0,41777776.0,0.0,0,0,0.009,0.0,0.0,0.0,0,0,0,0,0.0,0.0,0.0,47,0,0,0,2,2,1,1,1,1,0,0,0,1,1,0,DoS,1
1.197146,tcp,smtp,FIN,20,16,4520,1126,29.236199,254,252,28694.91211,7056.783203,7,6,61.392738,76.073469,3486.400678,105.561023,255,1937577635,527287203,255,0.148928,0.056037,0.092891,226,70,0,0,1,1,1,1,1,1,0,0,0,19,1,0,DoS,1
32.043442,tcp,http,FIN,2578,394,3439898,16952,92.71788,254,252,858475.5625,4221.519043,1288,1,12.430641,81.213898,1814.719888,129.753711,255,3512663705,932404313,255,0.174538,0.12637,0.048168,1334,43,1,0,2,1,1,1,1,1,0,0,1,3,1,0,DoS,1
58.990433,udp,-,CON,114,114,66076,89342,3.848082,254,60,8882.389648,12009.94727,0,0,519.013875,519.787406,711.981688,697.296625,0,0,0,0,0.0,0.0,0.0,580,784,0,0,1,0,1,1,1,1,0,0,0,1,1,0,DoS,1
0.948297,tcp,-,FIN,12,8,2692,466,20.035917,254,252,20820.48047,3441.959473,3,2,77.968638,121.232141,4003.250804,155.514594,255,3540098292,4208703731,255,0.189726,0.099663,0.090063,224,58,0,0,1,1,1,1,1,1,0,0,0,1,1,0,DoS,1
0.723365,tcp,http,FIN,10,10,796,978,26.266131,62,252,7929.606445,9743.352539,2,2,80.373889,73.424,5044.622665,141.793734,255,2940078296,3175048685,255,0.171402,0.061933,0.109469,80,98,1,34,1,1,2,1,1,1,0,0,1,1,1,0,DoS,1
0.106722,udp,dhcp,CON,4,2,1322,678,46.850697,254,60,74361.42969,25411.81836,0,0,35.574,0.007,50.296504,0.0,0,0,0,0,0.0,0.0,0.0,331,339,0,0,3,0,3,3,3,3,0,0,0,3,3,0,DoS,1
0.280639,tcp,http,FIN,10,8,854,1178,60.576044,62,252,21921.40039,29390.07031,2,2,31.182111,31.002715,1626.229453,58.986305,255,2830569925,3662548885,255,0.086964,0.055671,0.031293,85,147,1,174,1,1,1,1,1,1,0,0,1,27,1,0,DoS,1
0.362346,tcp,http,FIN,10,8,914,896,46.916484,62,252,18170.47852,17309.42188,2,2,40.153556,44.564855,2067.418031,63.902852,255,1231450786,2014001772,255,0.129098,0.050383,0.078715,91,112,1,30,1,1,1,1,1,1,0,0,1,2,1,0,DoS,1
0.297548,tcp,-,FIN,10,6,2156,268,50.412035,254,252,52186.53906,6022.557617,2,1,29.586778,51.762602,1556.537878,76.537578,255,346936583,3397889089,255,0.102133,0.038728,0.063405,216,45,0,0,2,1,1,1,1,1,0,0,0,15,1,0,DoS,1
0.863842,tcp,http,FIN,10,10,840,1030,21.994763,254,252,7001.280273,8584.90332,2,2,95.982444,84.888336,5481.542574,173.125266,255,298228010,1822606374,255,0.132765,0.099183,0.033582,84,103,1,26,1,1,1,1,1,1,0,0,1,2,1,0,DoS,1
0.771105,tcp,http,FIN,10,8,840,2026,22.046284,62,252,7843.290039,18394.38281,2,2,85.678333,95.10743,4623.936807,157.249734,255,2151897285,3110700255,255,0.203726,0.104456,0.09927,84,253,1,608,2,1,1,1,1,2,0,0,1,1,1,0,DoS,1
0.732759,tcp,http,FIN,10,8,834,2776,23.199988,62,252,8199.148438,26518.95117,2,2,81.417667,91.057711,3938.110811,141.879984,255,739075615,1212114948,255,0.222436,0.094592,0.127844,83,347,1,967,1,1,1,1,1,1,0,0,1,1,1,0,DoS,1
0.666238,tcp,http,FIN,10,10,802,1174,28.518337,62,252,8669.574219,12692.16113,2,2,74.026444,60.638332,4648.941759,112.717648,255,3499642714,752525725,255,0.139118,0.072127,0.066991,80,117,1,117,2,1,1,1,1,1,0,0,1,1,1,0,DoS,1
0.426018,tcp,-,FIN,10,6,1240,268,35.20978,254,252,20956.86133,4206.39502,2,1,44.505222,74.301398,2308.613654,119.663422,255,2341303114,3269418284,255,0.114076,0.054502,0.059574,124,45,1,0,2,1,2,1,1,3,0,0,1,2,2,0,DoS,1
0.163239,sctp,-,CON,4,2,536,440,30.629935,254,60,19701.17383,10781.73731,0,0,54.413,0.002,76.941703,0.0,0,0,0,0,0.0,0.0,0.0,134,220,0,0,1,0,2,1,1,1,0,0,0,1,1,0,DoS,1
6.484089,ospf,-,INT,82,0,5248,0,12.492117,254,0,6395.964355,0.0,0,0,80.050484,0.0,117.688922,0.0,0,0,0,0,0.0,0.0,0.0,64,0,0,0,1,2,1,1,1,1,0,0,0,3,1,0,DoS,1
12.489963,tcp,http,FIN,1388,210,1834332,9040,127.862673,254,252,1174069.75,5762.70752,691,1,8.998237,59.379465,1203.493694,86.570922,255,981012693,729632501,255,0.156318,0.079651,0.076667,1322,43,1,0,1,1,1,1,1,1,0,0,1,1,1,0,DoS,1
2.20334,tcp,smtp,FIN,20,20,3076,1644,17.7004,254,252,10612.97852,5671.389648,7,8,115.965264,111.050156,7458.729769,201.164047,255,4031546907,1201188577,255,0.144373,0.077807,0.066566,154,82,0,0,1,1,1,1,1,1,0,0,0,2,1,0,DoS,1
0.818806,tcp,http,FIN,10,20,806,16996,35.417425,62,252,7093.255371,157761.4219,2,7,90.978444,39.595631,5546.735387,3478.318527,255,629600290,3753078469,255,0.097165,0.065671,0.031494,81,850,1,7838,3,1,2,2,2,3,0,0,4,3,3,0,DoS,1
1.285491,tcp,-,FIN,10,8,455,354,13.224519,254,252,2551.554199,1929.223999,2,1,142.832333,171.186719,8527.221499,314.056438,255,2065025846,3860538007,255,0.125344,0.070571,0.054773,46,44,0,0,1,1,1,1,1,1,0,0,0,1,2,0,DoS,1
0.681093,tcp,http,FIN,10,12,796,7508,30.832795,62,252,8421.757812,80846.52344,2,4,75.677,52.090546,4064.808329,4359.622556,255,3033944051,578098111,255,0.169861,0.107453,0.062408,80,626,1,3244,1,1,4,1,1,1,0,0,1,2,1,0,DoS,1
0.527205,tcp,-,FIN,20,8,17842,354,51.213476,254,252,257205.4531,4704.052734,7,1,27.706367,63.723285,2604.622311,92.605148,255,4208577275,1661385554,255,0.102204,0.081133,0.021071,892,44,0,0,1,1,1,1,1,1,0,0,0,1,1,0,DoS,1
0.718771,tcp,-,FIN,10,6,934,268,20.868956,254,252,9360.422852,2493.144531,2,1,79.768333,130.847398,4703.406208,238.915828,255,3985135889,2871805220,255,0.113524,0.064531,0.048993,93,45,0,0,1,1,1,1,1,1,0,0,0,1,1,0,DoS,1
1.384277,tcp,http,FIN,20,80,1212,99974,71.517479,62,252,6657.626953,570550.5625,2,38,72.856688,15.363936,3666.971376,1755.202,255,2103498443,3426692757,255,0.177266,0.129844,0.047422,61,1250,1,48128,1,1,1,1,1,1,0,0,1,1,1,0,DoS,1
1.112239,tcp,dns,FIN,10,10,518,712,17.082659,62,252,3358.990234,4610.52002,2,2,123.481556,119.327336,6673.11669,251.124297,255,226424658,97599178,255,0.160618,0.038285,0.122333,52,71,0,0,1,1,1,1,1,1,0,0,0,2,19,0,DoS,1
1.276961,tcp,http,FIN,10,8,846,1094,13.312858,62,252,4773.834473,6001.749512,2,2,141.884556,169.562281,11105.04659,401.101938,255,865889453,2771992991,255,0.085302,0.053827,0.031475,85,137,1,135,1,1,1,1,1,1,0,0,1,1,1,0,DoS,1
9e-06,udp,-,INT,2,0,136,0,111111.1072,254,0,60444444.0,0.0,0,0,0.009,0.0,0.0,0.0,0,0,0,0,0.0,0.0,0.0,68,0,0,0,2,2,2,1,1,2,0,0,0,2,3,0,DoS,1
0.315339,tcp,http,FIN,16,6,11232,268,66.594998,254,252,267141.0625,5682.772949,5,1,18.371733,56.104199,1241.768513,78.501117,255,3084143483,1984647127,255,0.069955,0.034809,0.035146,702,45,1,0,1,1,1,1,1,21,0,0,1,1,1,0,DoS,1
0.280487,tcp,-,FIN,10,6,888,268,53.478414,254,252,22817.45703,6388.887695,2,1,31.165222,51.342398,1517.211589,70.464438,255,4009676835,1278702195,255,0.042034,0.023043,0.018991,89,45,0,0,1,1,4,1,1,1,0,0,0,1,7,0,DoS,1
3e-06,udp,-,INT,2,0,508,0,333333.3215,254,0,677333312.0,0.0,0,0,0.003,0.0,0.0,0.0,0,0,0,0,0.0,0.0,0.0,254,0,0,0,3,2,1,1,1,1,0,0,0,2,1,0,DoS,1
0.653223,tcp,http,FIN,10,10,796,1288,29.086546,62,252,8781.075195,14206.48145,2,2,72.580333,62.749891,4659.127274,109.448422,255,731584241,3798614787,255,0.151719,0.088426,0.063293,80,129,1,204,1,1,1,1,1,1,0,0,1,1,1,0,DoS,1
0.263534,tcp,http,FIN,10,10,806,3718,72.096956,62,252,22038.90039,101603.5859,2,3,29.281556,28.581222,1424.124095,2041.161324,255,2495902621,74564579,255,0.050511,0.005662,0.044849,81,372,1,1412,2,1,1,1,1,1,0,0,1,1,1,0,DoS,1
8e-06,udp,-,INT,2,0,606,0,125000.0003,254,0,303000000.0,0.0,0,0,0.008,0.0,0.0,0.0,0,0,0,0,0.0,0.0,0.0,303,0,0,0,1,2,1,1,1,1,0,0,0,1,1,0,DoS,1
59.703136,udp,-,CON,82,84,47528,65838,2.763674,254,60,6290.992676,8717.129883,0,0,732.562125,737.042438,902.382313,883.678,0,0,0,0,0.0,0.0,0.0,580,784,0,0,1,0,1,1,1,1,0,0,0,1,1,0,DoS,1
0.296433,tcp,http,FIN,10,8,804,2446,57.34854,62,252,19538.98438,57780.33984,2,2,32.937,34.991285,1759.029665,76.659891,255,4196549539,2547263874,255,0.056757,0.024871,0.031886,80,306,1,814,1,1,1,1,1,1,0,0,1,1,1,0,DoS,1
30.358606,sctp,-,CON,250,24,248562,1652,8.992508,254,60,65238.30469,417.410461,0,0,121.922172,439.407875,539.161375,571.17,0,0,0,0,0.0,0.0,0.0,994,69,0,0,1,0,1,1,1,1,0,0,0,1,1,0,DoS,1
1.375463,tcp,smtp,FIN,34,22,20827,1944,39.986535,62,252,117574.9531,10794.91016,14,8,41.680696,62.395191,2525.952476,75.176984,255,3704907187,2938892464,255,0.09376,0.064448,0.029312,613,88,0,0,2,1,1,1,1,1,0,0,0,25,1,0,DoS,1
1.290351,udp,-,CON,4,6,1444,2832,6.974846,254,60,6714.452148,14631.67773,0,0,430.117,134.981,608.263875,171.000078,0,0,0,0,0.0,0.0,0.0,361,472,0,0,2,0,2,2,2,2,0,0,0,2,2,0,DoS,1
0.414527,tcp,http,FIN,10,6,636,268,36.185822,62,252,11058.38672,4322.999512,2,1,45.943444,75.821203,2248.138841,110.994594,255,1811274049,3865609896,255,0.084759,0.035416,0.049343,64,45,1,0,1,1,2,1,1,1,0,0,1,2,1,0,DoS,1
6e-06,udp,dhcp,INT,2,0,1152,0,166666.6608,62,0,768000000.0,0.0,0,0,0.006,0.0,0.0,0.0,0,0,0,0,0.0,0.0,0.0,576,0,0,0,1,2,1,1,1,1,0,0,0,1,1,0,DoS,1
0.822108,tcp,-,FIN,10,8,600,354,20.678549,254,252,5254.78418,3016.635498,2,1,91.345333,111.613711,6881.916992,171.738625,255,3367243848,2406070530,255,0.055006,0.033127,0.021879,60,44,0,0,1,1,1,1,1,1,0,0,0,27,2,0,DoS,1
1e-05,udp,-,INT,2,0,1390,0,100000.0025,254,0,556000000.0,0.0,0,0,0.01,0.0,0.0,0.0,0,0,0,0,0.0,0.0,0.0,695,0,0,0,3,2,2,2,2,2,0,0,0,28,2,0,DoS,1
1.279892,tcp,pop3,FIN,24,44,1136,34854,52.348168,62,252,6806.824707,212905.4688,7,20,55.647479,28.728233,2794.633256,2016.044193,255,3011941178,2364962778,255,0.115483,0.043987,0.071496,47,792,0,0,1,1,1,1,1,1,0,0,0,1,1,0,DoS,1
0.597071,tcp,http,FIN,10,8,806,1656,28.472326,62,252,9727.486328,19414.77734,2,2,66.341222,77.84143,3597.247863,167.383344,255,3207134194,2690922243,255,0.105181,0.051492,0.053689,81,207,1,418,1,1,1,1,1,1,0,0,1,19,1,0,DoS,1
48.784843,tcp,smtp,FIN,7292,1106,9654877,48426,172.123131,62,252,1583041.375,7934.103516,3643,8,6.699375,44.140617,957.797072,60.564898,255,3889472633,3724754759,255,0.034816,0.008929,0.025887,1324,44,0,0,1,1,1,1,1,1,0,0,0,1,1,0,DoS,1
0.297258,tcp,-,FIN,10,6,2126,268,50.461217,254,252,51510.8125,6028.433594,2,1,26.308778,49.129,1379.165172,61.74909,255,2371716439,1482873578,255,0.10242,0.051603,0.050817,213,45,0,0,3,1,19,1,1,1,0,0,0,2,1,0,DoS,1
1.444787,tcp,ftp,FIN,12,14,586,5770,17.303588,62,252,2978.98584,29668.04102,3,5,131.344267,99.033767,7011.010696,6087.932574,255,892215153,735821350,255,0.255301,0.140665,0.114636,49,412,0,0,1,1,1,1,1,1,0,0,0,1,1,0,DoS,1
2.857712,tcp,smtp,FIN,26,22,7589,1920,16.446724,254,252,20430.33008,5131.37793,10,8,114.308483,130.973094,6022.813659,176.968078,255,544255958,283938347,255,0.11255,0.063985,0.048565,292,87,0,0,1,1,1,1,1,1,0,0,0,1,2,0,DoS,1
58.354916,udp,-,CON,88,86,51000,67394,2.964617,254,60,6912.322754,9131.844727,0,0,679.512938,687.019563,907.792312,932.80075,0,0,0,0,0.0,0.0,0.0,580,784,0,0,2,0,1,1,1,1,0,0,0,1,1,0,DoS,1
0.998942,tcp,smtp,FIN,38,18,31560,1316,55.058251,62,252,246100.375,9954.53125,16,6,26.998432,55.33759,1986.684863,73.19318,255,3619084231,2521586323,255,0.136567,0.057559,0.079008,831,73,0,0,1,1,1,1,1,1,0,0,0,1,1,0,DoS,1
4.586451,tcp,http,FIN,12,10,876,1294,4.578704,62,252,1400.647217,2032.072266,2,2,416.950102,496.401,29428.62705,920.220563,255,3207720060,4269380832,255,0.140033,0.078442,0.061591,73,129,1,204,1,1,1,1,1,1,0,0,1,21,1,0,DoS,1
4.888185,tcp,http,FIN,112,690,5184,917151,163.864501,62,252,8408.84668,1498833.625,2,343,44.438046,7.067795,2201.02181,856.552305,255,1417672027,2486220750,255,0.069567,0.017903,0.051664,46,1329,1,444493,1,1,1,1,1,1,0,0,1,2,1,0,DoS,1
0.388617,tcp,ftp,FIN,12,10,742,642,54.037779,254,252,14018.94336,11898.60449,3,3,33.490001,40.345109,1754.148095,50.532359,255,1004652932,3727023619,255,0.098902,0.025502,0.0734,62,64,0,0,1,1,1,1,1,1,0,0,0,1,1,0,DoS,1
0.257161,tcp,http,FIN,10,6,990,268,58.32922,254,252,27718.04492,6968.397461,2,1,26.444778,47.233,1305.416718,68.87093,255,2759753577,2343545499,255,0.059142,0.020988,0.038154,99,45,1,0,1,1,19,1,1,19,0,0,1,19,1,0,DoS,1
0.565892,tcp,http,FIN,12,6,3870,268,30.041069,254,252,50157.98047,3166.682129,3,1,50.032092,105.419797,3773.363687,188.248219,255,704056916,1904922169,255,0.072348,0.038787,0.033561,323,45,1,0,1,1,1,1,1,1,0,0,1,2,1,0,DoS,1
0.320972,tcp,http,FIN,10,8,784,1256,52.964122,62,252,17596.55078,27391.79688,2,2,35.663556,38.518145,1807.452658,71.649258,255,864280870,2780373752,255,0.086154,0.033517,0.052637,78,157,1,229,2,1,27,1,1,1,0,0,1,1,2,0,DoS,1
0.282908,tcp,-,FIN,10,6,616,268,53.020771,254,252,15694.14844,6334.214844,2,1,28.265889,51.087,1440.007518,74.73425,255,1385767464,470855453,255,0.082301,0.027467,0.054834,62,45,0,0,3,1,1,1,1,1,0,0,0,27,1,0,DoS,1
1.243935,tcp,http,FIN,22,88,1330,107876,87.625158,62,252,8167.629395,685894.375,2,42,59.055048,14.028667,3448.661278,1947.950813,255,1520747723,3665637881,255,0.0568,0.023421,0.033379,60,1226,1,51917,1,1,1,1,1,1,0,0,1,1,1,0,DoS,1
0.266106,tcp,http,FIN,12,28,1020,33200,146.558133,254,252,28109.09766,962473.5625,2,12,24.191454,8.339111,1247.277337,1059.204621,255,3667418455,3105946015,255,0.066473,0.013851,0.052622,85,1186,1,15766,1,1,2,1,1,1,0,0,1,1,2,0,DoS,1
1e-05,udp,-,INT,2,0,75,0,100000.0025,254,0,30400000.0,0.0,0,0,0.01,0.0,0.0,0.0,0,0,0,0,0.0,0.0,0.0,38,0,0,0,1,2,1,1,1,1,0,0,0,1,1,0,DoS,1
0.453291,tcp,ftp,FIN,10,6,1938,268,33.091326,254,252,30796.99414,3953.310303,2,1,50.365667,77.788602,2629.381792,148.370719,255,465133378,1604514002,255,0.092393,0.041374,0.051019,194,45,0,0,1,1,1,1,1,1,0,0,0,1,1,0,DoS,1
0.478148,tcp,ftp,FIN,14,12,1534,938,52.285065,254,252,23841.99023,14388.84961,4,4,36.059692,42.78391,1856.421821,50.889328,255,3342297717,1946468092,255,0.053238,0.007517,0.045721,110,78,0,0,1,1,1,1,1,1,0,0,0,15,1,0,DoS,1
0.698945,tcp,http,FIN,10,12,790,4028,30.045283,62,252,8137.979492,42269.42188,2,3,77.660556,55.657729,4637.762829,3994.017688,255,468505961,1737008222,255,0.136097,0.085949,0.050148,79,336,1,1528,1,1,2,1,1,1,0,0,1,2,1,0,DoS,1
0.650361,tcp,http,FIN,10,8,768,904,26.139329,62,252,8512.195312,9729.980469,2,2,72.262333,83.367,4645.868373,175.833875,255,4273867767,3168334304,255,0.138477,0.066128,0.072349,77,113,1,44,1,1,1,1,1,1,0,0,1,24,1,0,DoS,1
0.297533,tcp,http,FIN,10,8,820,2552,57.136518,62,252,19843.17578,60040.39844,2,2,33.059222,37.985715,1706.139465,58.223047,255,1935628649,3164367316,255,0.043474,0.0309,0.012574,82,319,1,867,1,1,3,1,1,2,0,0,1,2,1,0,DoS,1
2.728966,tcp,smtp,FIN,360,70,459153,3900,157.202398,62,252,1342275.375,11271.66895,177,8,7.601576,39.267117,824.423637,45.432164,255,1984687024,1063042524,255,0.065966,0.018824,0.047142,1275,56,0,0,1,1,1,1,1,1,0,0,0,1,1,0,DoS,1
0.208053,tcp,-,FIN,10,6,3354,268,72.097016,254,252,116085.8125,8613.19043,2,1,20.426556,31.790801,1101.967939,40.854066,255,505865709,881460609,255,0.088467,0.049098,0.039369,335,45,0,0,1,1,1,1,1,1,0,0,0,1,1,0,DoS,1
0.849421,tcp,smtp,FIN,34,22,21719,1776,64.749987,254,252,198544.6563,15973.2334,14,8,25.74003,38.680094,1536.902156,44.269406,255,932817447,3704245091,255,0.098772,0.036466,0.062306,639,81,0,0,1,1,1,1,1,1,0,0,0,1,1,0,DoS,1
1.467576,tcp,smtp,FIN,18,16,2334,1192,22.486058,62,252,12019.82031,6094.40332,6,6,83.665118,95.644203,4748.405718,128.527648,255,4087648337,3372336914,255,0.09659,0.032908,0.063682,130,75,0,0,1,1,1,1,1,1,0,0,0,1,1,0,DoS,1
1.328248,tcp,-,FIN,14,10,1176,776,17.316043,254,252,6577.084961,4210.057129,3,2,102.172921,136.280672,8242.073698,188.892094,255,2906430147,146848847,255,0.150457,0.072911,0.077546,84,78,0,0,1,1,1,1,1,1,0,0,0,1,1,0,DoS,1
0.242371,tcp,-,FIN,10,6,586,268,61.888594,254,252,17427.82813,7393.624023,2,1,25.887111,43.302,1336.090585,68.340555,255,836552340,448001,255,0.072288,0.025851,0.046437,59,45,0,0,1,1,1,1,1,1,0,0,0,1,1,0,DoS,1
0.189259,tcp,http,FIN,10,8,798,1204,89.824001,62,252,30392.21484,44552.70313,2,2,21.028778,19.225428,1108.787058,31.585543,255,317893585,3738663438,255,0.083249,0.053514,0.029735,80,151,1,203,1,1,1,1,1,1,0,0,1,1,1,0,DoS,1
7.707758,tcp,smtp,FIN,666,120,850816,6126,101.84544,62,252,881749.5625,6305.335449,329,8,11.60807,64.337531,1565.363427,83.195734,255,581084119,3556439449,255,0.116749,0.050562,0.066187,1278,51,0,0,1,1,1,1,1,1,0,0,0,2,1,0,DoS,1
0.300176,tcp,http,FIN,10,8,914,1310,56.633443,62,252,21933.79883,30568.73438,2,2,33.352889,32.333285,1708.552883,51.018137,255,2138014260,2870443471,255,0.080717,0.060724,0.019993,91,164,1,252,1,1,1,1,1,1,0,0,1,4,1,0,DoS,1
0.92652,tcp,http,FIN,10,8,780,1084,18.348228,62,252,6061.391113,8194.102539,2,2,102.946667,121.51943,5678.885777,257.908859,255,1568023464,580119277,255,0.134128,0.037192,0.096936,78,136,1,127,1,1,1,1,1,1,0,0,1,1,1,0,DoS,1
1.174199,tcp,http,FIN,12,8,3830,354,16.181244,254,252,23920.98828,2112.078125,3,1,104.387091,154.953141,6578.480204,264.312469,255,878526347,2182263128,255,0.179938,0.089522,0.090416,319,44,1,0,1,1,1,1,1,1,0,0,1,1,1,0,DoS,1
0.745856,tcp,http,FIN,10,8,766,1336,22.792604,254,252,7400.892578,12538.61328,2,2,82.858111,95.85043,4679.811316,135.967688,255,2659957836,1487382155,255,0.11176,0.074894,0.036866,77,167,1,254,1,1,2,1,1,1,0,0,1,1,1,0,DoS,1
5.200069,tcp,http,FIN,92,560,4382,736409,125.190648,62,252,6669.142578,1130898.875,2,277,57.133978,9.236396,2905.667626,1122.226543,255,1493747398,804467166,255,0.111504,0.046152,0.065352,48,1315,1,356716,1,1,1,1,1,1,0,0,1,26,1,0,DoS,1
0.314207,tcp,http,FIN,10,8,844,1310,54.104462,62,252,19350.30078,29203.67969,2,2,34.911889,32.302572,1826.667666,51.548914,255,1147356449,374845211,255,0.093004,0.068934,0.02407,84,164,1,231,1,1,1,1,1,1,0,0,1,2,1,0,DoS,1
2.495647,tcp,smtp,FIN,228,50,272156,2914,110.993264,62,252,868594.0,9155.140625,110,8,10.989983,50.468488,1273.204144,78.268406,255,2070580652,440328812,255,0.054691,0.022682,0.032009,1194,58,0,0,1,1,2,1,1,1,0,0,0,18,1,0,DoS,1
1.883668,tcp,smtp,FIN,28,26,9639,1936,28.136594,254,252,39476.17188,7907.975586,10,8,69.76548,73.072844,4114.57852,108.888367,255,3597861245,2964845615,255,0.075331,0.055639,0.019692,344,74,0,0,1,1,1,1,1,1,0,0,0,1,1,0,DoS,1
0.448432,tcp,-,FIN,10,8,926,354,37.909873,254,252,14878.50977,5530.381348,2,1,48.704333,56.508715,3303.849297,99.081883,255,3682221821,1550912703,255,0.099831,0.052862,0.046969,93,44,0,0,1,1,1,1,1,1,0,0,0,1,1,0,DoS,1
0.578298,tcp,http,FIN,10,8,816,1408,29.39661,62,252,10167.76856,17043.11719,2,2,64.255333,64.932855,3323.72564,115.729297,255,1847503644,591268325,255,0.213919,0.123101,0.090818,82,176,1,284,1,1,1,1,1,1,0,0,1,2,1,0,DoS,1
0.544912,tcp,-,FIN,10,6,614,268,27.527382,254,252,8118.742188,3288.604492,2,1,58.321556,97.199797,3138.393152,160.149969,255,2719963480,1802422572,255,0.13555,0.058911,0.076639,61,45,0,0,1,1,1,1,1,1,0,0,0,1,1,0,DoS,1
0.180875,tcp,-,FIN,14,6,7592,268,105.044919,254,252,311817.5625,9907.394531,4,1,13.050077,33.134398,810.798245,49.731043,255,4291737632,2272688888,255,0.064689,0.015193,0.049496,542,45,0,0,1,1,1,1,1,1,0,0,0,41,1,0,DoS,1
0.510173,tcp,dns,FIN,10,12,514,7936,41.162506,62,252,7260.281738,114078.9453,2,4,56.562222,41.756181,3204.5298,3600.871155,255,1964780985,597005253,255,0.10072,0.050848,0.049872,51,661,0,0,2,1,1,1,1,2,0,0,0,1,2,0,DoS,1
2e-06,sctp,-,INT,2,0,640,0,500000.0013,254,0,1280000000.0,0.0,0,0,0.002,0.0,0.0,0.0,0,0,0,0,0.0,0.0,0.0,320,0,0,0,1,2,1,1,1,1,0,0,0,1,1,0,DoS,1
0.175893,tcp,http,FIN,16,6,11186,268,119.39077,254,252,476971.8125,10188.0127,5,1,10.4844,33.239801,961.275445,54.352824,255,3161883424,1909807668,255,0.015511,0.00969,0.005821,699,45,1,0,1,1,1,1,1,1,0,0,1,1,1,0,DoS,1
1.06462,tcp,http,FIN,16,50,1034,60547,61.054648,62,252,7288.98584,445883.0313,2,23,70.930065,19.18649,3548.787026,2300.096027,255,3962034403,3270294343,255,0.256933,0.124477,0.132456,65,1211,1,29015,1,1,1,1,1,1,0,0,1,1,1,0,DoS,1
0.387342,tcp,http,FIN,10,8,836,2006,43.888862,62,252,15552.14746,36267.69141,2,2,43.038,52.083285,2163.794266,65.313207,255,652997942,645052219,255,0.048955,0.021979,0.026976,84,251,1,600,1,1,1,1,1,1,0,0,1,23,1,0,DoS,1
0.369989,tcp,http,FIN,10,6,864,268,40.541745,254,252,16822.12109,4843.387207,2,1,37.546333,68.219797,1970.623824,100.47325,255,535790068,713035468,255,0.063558,0.028886,0.034672,86,45,1,0,1,1,1,1,1,1,0,0,1,1,1,0,DoS,1
0.68389,tcp,http,FIN,10,14,822,8234,33.63114,62,252,8656.363281,89441.28906,2,4,75.987778,49.130155,5070.329388,3862.730298,255,1252934005,2205781903,255,0.118198,0.044567,0.073631,82,588,1,3551,1,1,1,1,1,1,0,0,1,1,1,0,DoS,1
1.384971,tcp,smtp,FIN,22,20,3045,1720,29.603507,62,252,16791.6875,9438.464844,8,8,65.951001,70.709789,3221.622611,85.140867,255,2313105780,464836460,255,0.100352,0.040706,0.059646,138,86,0,0,1,1,1,1,1,1,0,0,0,2,1,0,DoS,1
3e-06,udp,-,INT,2,0,114,0,333333.3215,254,0,152000000.0,0.0,0,0,0.003,0.0,0.0,0.0,0,0,0,0,0.0,0.0,0.0,57,0,0,0,1,2,1,1,1,1,0,0,0,33,1,0,DoS,1
59.30122,ospf,-,INT,196,0,53312,0,3.288297,254,0,7155.333496,0.0,0,0,304.108656,0.0,357.462031,0.0,0,0,0,0,0.0,0.0,0.0,272,0,0,0,2,2,1,1,1,2,0,0,0,2,2,0,DoS,1
0.452562,tcp,http,FIN,24,10,21922,440,72.918185,254,252,371378.9375,7000.145996,9,1,18.645043,44.351109,1929.970382,64.794871,255,2819537171,2555044595,255,0.101049,0.053399,0.04765,913,44,1,0,1,1,1,1,1,1,0,0,1,1,1,0,DoS,1
1.008497,tcp,-,FIN,18,8,13322,354,24.789365,254,252,99807.92969,2459.10498,6,1,59.323353,133.727859,5299.345324,196.017719,255,3728261893,3905812692,255,0.121816,0.071657,0.050159,740,44,0,0,1,1,1,1,1,1,0,0,0,28,1,0,DoS,1
8e-06,udp,-,INT,2,0,86,0,125000.0003,254,0,43000000.0,0.0,0,0,0.008,0.0,0.0,0.0,0,0,0,0,0.0,0.0,0.0,43,0,0,0,1,2,1,1,1,2,0,0,0,1,1,0,DoS,1
59.311039,ospf,-,INT,202,0,54944,0,3.388914,254,0,7374.276367,0.0,0,0,295.079687,0.0,409.679969,0.0,0,0,0,0,0.0,0.0,0.0,272,0,0,0,1,2,1,1,1,1,0,0,0,1,1,0,DoS,1
0.35241,tcp,http,FIN,10,8,774,1158,48.239268,62,252,15822.48047,23018.64453,2,2,39.156667,43.967285,1916.11933,65.694992,255,484987673,1989526772,255,0.069455,0.044031,0.025424,77,145,1,166,2,1,1,1,1,2,0,0,1,1,2,0,DoS,1
0.253614,tcp,http,FIN,10,8,798,1576,67.030998,62,252,22680.13477,43499.17578,2,2,28.179333,31.636428,1499.211496,52.688855,255,1291454011,3026574799,255,0.074029,0.019174,0.054855,80,197,1,364,1,1,1,1,1,1,0,0,1,1,1,0,DoS,1
0.244279,tcp,-,FIN,10,6,796,268,61.405197,62,252,23481.34766,7335.874023,2,1,25.622667,39.212398,1294.37187,56.023059,255,778139179,442296260,255,0.088546,0.048213,0.040333,80,45,0,0,1,1,3,1,1,1,0,0,0,1,1,0,DoS,1
5e-06,udp,-,INT,2,0,1824,0,200000.0051,254,0,1459200000.0,0.0,0,0,0.005,0.0,0.0,0.0,0,0,0,0,0.0,0.0,0.0,912,0,0,0,1,2,1,1,1,1,0,0,0,1,1,0,DoS,1
3e-06,udp,dns,INT,2,0,122,0,333333.3215,62,0,162666656.0,0.0,0,0,0.003,0.0,0.0,0.0,0,0,0,0,0.0,0.0,0.0,61,0,0,0,2,2,1,1,1,2,0,0,0,1,2,0,DoS,1
0.231179,udp,-,CON,8,4,362,178,47.582177,254,60,10969.85449,4637.099609,0,0,33.02557,35.889332,51.627289,50.750937,0,0,0,0,0.0,0.0,0.0,45,45,0,0,2,0,1,1,1,1,0,0,0,2,1,0,DoS,1
0.216111,udp,-,CON,2,2,110,234,13.881755,254,60,2035.990723,4331.107422,0,0,0.009,0.001,0.0,0.0,0,0,0,0,0.0,0.0,0.0,55,117,0,0,2,0,2,2,2,2,0,0,0,2,1,0,DoS,1
0.735377,tcp,http,FIN,12,8,924,1242,25.837087,62,252,9214.321289,11825.22656,2,2,66.852452,97.71357,3949.880464,141.36075,255,3421414495,386215766,255,0.142872,0.039001,0.103871,77,155,1,203,1,1,1,1,1,1,0,0,1,1,2,0,DoS,1
0.711892,sctp,-,CON,4,2,504,368,7.023537,254,60,4247.835449,2067.729248,0,0,237.297328,0.006,335.584156,0.0,0,0,0,0,0.0,0.0,0.0,126,184,0,0,1,0,1,1,1,1,0,0,0,1,1,0,DoS,1
2.245186,tcp,smtp,FIN,22,20,3036,1742,18.261293,254,252,10326.09277,5897.061523,7,8,106.913621,115.079211,6163.818106,188.828688,255,176216712,3445975095,255,0.130357,0.057867,0.07249,138,87,0,0,1,1,1,1,1,1,0,0,0,1,1,0,DoS,1
1.121194,tcp,-,FIN,32,120,1630,137158,134.677852,62,252,11273.69531,970508.25,6,58,36.141388,9.401576,1762.658218,896.577872,255,3538364506,3082604329,255,0.06977,0.011799,0.057971,51,1143,0,0,1,1,1,1,1,1,0,0,0,1,1,0,DoS,1
0.939821,tcp,http,FIN,10,6,1260,268,15.960486,62,252,9652.902344,1906.746094,2,1,102.527222,172.061797,5565.649032,294.601375,255,3376202905,1337654975,255,0.158351,0.079511,0.07884,126,45,1,0,1,1,1,1,1,1,0,0,1,1,1,0,DoS,1
0.465028,tcp,http,FIN,10,6,3256,268,32.256123,254,252,50422.77344,3853.531494,2,1,47.860889,76.798602,2549.564967,122.641297,255,15855689,2688935021,255,0.133568,0.081034,0.052534,326,45,0,0,3,1,1,1,1,1,0,0,0,2,1,0,DoS,1
0.44909,tcp,-,FIN,8,16,364,13160,51.214678,254,252,5682.602539,219786.6719,1,6,64.155717,23.575267,3277.898356,1773.891616,255,2363127164,2855413507,255,0.166659,0.09482,0.071839,46,823,0,0,1,1,1,1,1,1,0,0,0,3,1,0,DoS,1
0.685546,tcp,http,FIN,10,8,806,928,24.797753,62,252,8472.079102,9475.65918,2,2,76.171778,85.014711,3973.818772,126.086992,255,1265787993,3575769593,255,0.18275,0.089748,0.093002,81,116,1,50,1,1,1,1,1,1,0,0,1,1,1,0,DoS,1
0.470088,tcp,http,FIN,10,8,502,566,36.163441,254,252,7692.176758,8440.972656,2,2,52.232,58.876285,2698.619882,100.564383,255,2428805278,648121398,255,0.09136,0.05782,0.03354,50,71,0,0,1,1,1,1,1,1,0,0,0,1,2,0,DoS,1
0.19266,tcp,-,FIN,10,6,934,268,77.857364,254,252,34921.62109,9301.359375,2,1,19.667,36.383398,1046.128894,60.590984,255,2148537798,3336777802,255,0.063454,0.010735,0.052719,93,45,0,0,2,1,1,1,1,1,0,0,0,20,1,0,DoS,1
0.216111,udp,dns,CON,2,2,110,234,13.881755,254,60,2035.990723,4331.107422,0,0,0.009,0.001,0.0,0.0,0,0,0,0,0.0,0.0,0.0,55,117,0,0,1,0,2,2,2,2,0,0,0,2,1,0,DoS,1
10.072604,tcp,ftp,FIN,36,40,1840,2172,7.445939,254,252,1420.883789,1682.186646,11,15,287.788673,255.269156,18907.11423,19658.69573,255,609230175,2834196522,255,0.123691,0.088968,0.034723,51,54,0,0,1,1,1,1,1,1,1,1,0,1,1,0,DoS,1
0.526369,tcp,-,FIN,10,6,1904,268,28.49712,62,252,26050.16797,3404.456055,2,1,57.196222,97.944602,2962.268877,168.783906,255,1181637121,3881306260,255,0.12733,0.036643,0.090687,190,45,0,0,1,1,1,1,1,1,0,0,0,1,1,0,DoS,1
2.685461,tcp,smtp,FIN,124,34,138638,2366,58.462959,62,252,409672.6563,6842.772949,58,8,21.833017,79.523211,2071.807748,103.253891,255,360176936,293066991,255,0.111312,0.060472,0.05084,1118,70,0,0,1,1,2,1,1,3,0,0,0,2,1,0,DoS,1
0.621469,ospf,-,REQ,4,0,1088,0,4.827272,254,0,10504.14356,0.0,0,0,391.36,0.0,407.624813,0.0,0,0,0,0,0.0,0.0,0.0,272,0,0,0,2,6,2,1,1,2,0,0,0,1,2,0,DoS,1
0.661581,tcp,http,FIN,10,8,1346,354,25.696023,254,252,14655.80176,3748.596191,2,1,67.208222,81.60343,4511.242257,117.945148,255,1262248749,1835247066,255,0.133448,0.090347,0.043101,135,44,1,0,1,1,1,1,1,1,0,0,1,2,1,0,DoS,1
1.784937,tcp,smtp,FIN,20,20,2700,1926,21.84951,254,252,11496.2041,8201.969727,7,8,93.944051,88.861734,4526.507387,105.644969,255,3216968237,3674142072,255,0.168373,0.091583,0.07679,135,96,0,0,1,1,26,1,1,1,0,0,0,1,1,0,DoS,1
3e-06,udp,-,INT,2,0,422,0,333333.3215,254,0,562666624.0,0.0,0,0,0.003,0.0,0.0,0.0,0,0,0,0,0.0,0.0,0.0,211,0,0,0,2,2,1,1,1,2,0,0,0,1,1,0,DoS,1
0.49328,tcp,dns,FIN,10,6,518,268,30.408693,254,252,7573.791992,3632.825195,2,1,49.571222,77.361602,2815.802585,102.533414,255,476758817,2873499357,255,0.186487,0.106471,0.080016,52,45,0,0,1,1,11,1,1,28,0,0,0,10,1,0,DoS,1
1.394286,tcp,http,FIN,10,8,946,354,12.19262,254,252,4888.523438,1778.68811,2,1,154.920667,183.572281,10184.27789,256.974641,255,2216342443,1170109236,255,0.194549,0.108508,0.086041,95,44,1,0,1,1,2,1,1,2,0,0,1,1,1,0,DoS,1
0.710658,tcp,http,FIN,10,10,858,1334,26.735785,62,252,8701.794922,13519.86426,2,2,78.962,68.079109,4735.964999,125.826273,255,3084874305,3251868618,255,0.179286,0.097264,0.082022,86,133,1,198,1,1,2,1,1,1,0,0,1,1,2,0,DoS,1
0.883388,tcp,-,FIN,12,6,5480,268,19.244092,254,252,45497.5625,2028.553711,3,1,78.568724,160.554203,5673.45192,299.038625,255,2266499135,1702766625,255,0.144763,0.080613,0.06415,457,45,0,0,2,1,1,1,1,1,0,0,0,12,1,0,DoS,1
9e-06,sctp,-,INT,2,0,104,0,111111.1072,254,0,46222220.0,0.0,0,0,0.009,0.0,0.0,0.0,0,0,0,0,0.0,0.0,0.0,52,0,0,0,1,2,1,1,1,1,0,0,0,1,1,0,DoS,1
0.491898,tcp,http,FIN,10,8,798,1008,34.56001,62,252,11693.48145,14344.4375,2,2,54.655333,60.23257,2792.866766,103.631328,255,3799911072,2954867391,255,0.148152,0.069625,0.078527,80,126,1,99,1,1,1,1,1,1,0,0,1,2,1,0,DoS,1
0.216111,udp,dns,CON,2,2,110,234,13.881755,254,60,2035.990723,4331.107422,0,0,0.009,0.001,0.0,0.0,0,0,0,0,0.0,0.0,0.0,55,117,0,0,1,0,1,1,1,1,0,0,0,1,1,0,DoS,1
45.649635,ospf,-,INT,20,0,1280,0,0.416214,254,0,213.101379,0.0,0,0,2402.6125,0.0,2736.146,0.0,0,0,0,0,0.0,0.0,0.0,64,0,0,0,1,2,1,1,1,1,0,0,0,2,1,0,DoS,1
0.934856,tcp,dns,FIN,10,8,518,354,18.184619,254,252,3996.337402,2652.814941,2,1,116.845373,121.056289,7034.107028,156.347781,255,3260867823,3397808116,255,0.137923,0.087452,0.050471,52,44,0,0,1,1,1,1,1,1,0,0,0,2,1,0,DoS,1
0.64512,tcp,-,FIN,10,6,1596,268,23.251487,254,252,17819.93945,2777.777588,2,1,69.768667,118.861398,3550.847564,193.977188,255,623496633,3468404715,255,0.20778,0.050805,0.156975,160,45,0,0,1,1,1,1,1,1,0,0,0,1,1,0,DoS,1
0.648357,tcp,http,FIN,10,8,842,1236,26.220124,62,252,9352.87207,13350.66992,2,2,72.039667,83.098141,3932.340566,151.540359,255,846477301,4100615852,255,0.136869,0.065855,0.071014,84,155,0,0,2,1,1,1,1,1,0,0,0,2,1,0,DoS,1
3.40702,tcp,-,FIN,10,8,1178,354,4.989698,62,252,2491.32666,727.908813,2,1,378.557778,468.982844,23614.87266,733.38475,255,3691368969,705211960,255,0.215395,0.108178,0.107217,118,44,0,0,1,1,1,1,1,26,0,0,0,2,2,0,DoS,1
5e-06,gre,-,INT,2,0,156,0,200000.0051,254,0,124800000.0,0.0,0,0,0.005,0.0,0.0,0.0,0,0,0,0,0.0,0.0,0.0,78,0,0,0,1,2,1,1,1,1,0,0,0,3,1,0,DoS,1
4e-06,udp,-,INT,2,0,1846,0,250000.0006,254,0,1846000000.0,0.0,0,0,0.004,0.0,0.0,0.0,0,0,0,0,0.0,0.0,0.0,923,0,0,0,1,2,2,1,1,1,0,0,0,1,2,0,DoS,1
4e-06,udp,-,INT,2,0,698,0,250000.0006,254,0,698000000.0,0.0,0,0,0.004,0.0,0.0,0.0,0,0,0,0,0.0,0.0,0.0,349,0,0,0,1,2,1,1,1,1,0,0,0,1,1,0,DoS,1
1.550192,tcp,-,FIN,20,18,1106,2560,23.868011,62,252,5423.844238,12478.4541,6,7,81.589056,87.694937,4510.178402,128.506578,255,272988666,4211536111,255,0.116024,0.058717,0.057307,55,142,0,0,1,1,39,1,1,1,0,0,0,1,1,0,DoS,1
1.582863,tcp,http,FIN,84,16,103462,698,62.544896,254,252,516689.0625,3310.457031,39,1,18.482579,101.242797,2656.063906,209.43375,255,4221135392,3325150321,255,0.17509,0.064215,0.110875,1232,44,1,0,1,1,2,1,1,1,0,0,1,1,2,0,DoS,1
0.693102,tcp,http,FIN,12,8,3720,1038,27.412993,62,252,39359.28516,10491.96191,3,2,63.009273,89.511859,3760.590243,179.383688,255,1694209597,1331496180,255,0.10729,0.065726,0.041564,310,130,1,109,1,1,1,1,1,1,0,0,1,1,1,0,DoS,1
4.875955,tcp,-,FIN,250,48,330373,2074,60.911143,62,252,539877.0,3332.270264,122,1,19.661109,99.729109,2283.562946,123.812484,255,3006704866,4204212654,255,0.397931,0.188018,0.209913,1321,43,0,0,3,1,1,1,1,1,0,0,0,2,1,0,DoS,1
5e-06,udp,-,INT,2,0,1494,0,200000.0051,254,0,1195200000.0,0.0,0,0,0.005,0.0,0.0,0.0,0,0,0,0,0.0,0.0,0.0,747,0,0,0,1,2,1,1,1,1,0,0,0,1,1,0,DoS,1
3.195828,tcp,smtp,FIN,36,24,22883,1966,18.461569,62,252,55692.60938,4718.651855,15,8,91.309371,133.612219,5854.270349,166.482266,255,4036539717,15387509,255,0.255364,0.121674,0.13369,636,82,0,0,1,1,1,1,1,1,0,0,0,2,1,0,DoS,1
0.04733,udp,dns,INT,3,0,158,0,42.256497,254,0,17916.75586,0.0,0,0,0.008,0.0,0.0,0.0,0,0,0,0,0.0,0.0,0.0,53,0,0,0,1,2,2,1,1,1,0,0,0,1,1,0,DoS,1
0.473127,tcp,http,FIN,10,8,794,1390,35.931155,62,252,12089.77734,20577.98438,2,2,52.490778,54.800285,2768.05003,80.91932,255,1861327082,3222835865,255,0.126813,0.089521,0.037292,79,174,0,0,1,1,1,1,1,1,0,0,0,3,1,0,DoS,1
3e-06,udp,snmp,INT,2,0,136,0,333333.3215,254,0,181333328.0,0.0,0,0,0.003,0.0,0.0,0.0,0,0,0,0,0.0,0.0,0.0,68,0,0,0,1,2,15,1,1,1,0,0,0,1,1,0,DoS,1
2.439422,tcp,http,FIN,36,168,1924,217043,83.216438,62,252,6135.879883,707551.25,2,82,71.720503,14.060533,3392.671607,1792.543961,255,4266072465,692337365,255,0.170297,0.091305,0.078992,53,1292,1,104877,1,1,1,1,1,1,0,0,1,1,1,0,DoS,1
35.115669,tcp,http,FIN,430,2748,18490,3721715,90.472432,62,252,4202.568359,847567.1875,0,1368,82.019844,12.84458,89.495469,1481.981478,255,1471849195,121542010,255,0.12391,0.063276,0.060634,43,1354,1,0,4,1,4,2,2,7,0,0,6,4,2,0,DoS,1
0.455532,tcp,http,FIN,10,6,842,268,32.928531,254,252,13311.90723,3933.861816,2,1,43.206,78.252398,2248.399331,104.988539,255,3731123628,2184973436,255,0.118173,0.064261,0.053912,84,45,1,0,1,1,1,1,1,1,0,0,1,2,1,0,DoS,1
0.788466,tcp,http,FIN,12,10,1434,2134,26.633996,254,252,13342.36426,19491.01172,3,3,71.592636,80.595336,4084.020004,112.956383,255,233781835,1389984116,255,0.121503,0.063099,0.058404,120,213,1,217,2,1,1,1,1,1,0,0,1,1,1,0,DoS,1
1.345201,tcp,-,FIN,12,10,896,846,15.61105,254,252,4888.48877,4531.664551,3,2,119.319452,137.998781,6560.189972,242.27,255,4005637566,3326348432,255,0.241951,0.103211,0.13874,75,85,0,0,4,1,1,1,1,1,0,0,0,1,1,0,DoS,1
7.153545,ospf,-,INT,20,0,900,0,2.656026,254,0,956.169312,0.0,0,0,376.502375,0.0,414.729344,0.0,0,0,0,0,0.0,0.0,0.0,45,0,0,0,1,2,1,1,1,1,0,0,0,2,1,0,DoS,1
0.451791,tcp,-,FIN,12,10,872,562,46.481671,254,252,14165.84277,8959.895508,3,3,40.369271,43.209223,2136.011924,54.61125,255,3529661255,3681082707,255,0.090046,0.062905,0.027141,73,56,0,0,1,1,1,1,1,1,0,0,0,1,1,0,DoS,1
0.906587,tcp,http,FIN,10,8,814,1216,18.751648,62,252,6468.215332,9389.060547,2,2,100.731889,124.65943,7018.366834,283.062906,255,637395957,519882312,255,0.109184,0.026881,0.082303,81,152,0,0,2,1,1,1,1,1,0,0,0,1,1,0,DoS,1
0.81476,tcp,smtp,FIN,24,20,5627,1684,52.776276,62,252,52953.01563,15710.14746,9,8,35.424349,37.685367,1780.064084,45.195691,255,1647161075,877816035,255,0.084468,0.061702,0.022766,234,84,0,0,1,1,1,1,1,1,0,0,0,1,1,0,DoS,1
3.327891,tcp,pop3,FIN,30,78,1408,80770,32.152494,62,252,3274.145508,191676.9375,7,37,114.754862,42.572519,6400.450933,4194.796082,255,538763730,1569932702,255,0.086046,0.048985,0.037061,47,1036,0,0,1,1,1,1,1,1,0,0,0,1,1,0,DoS,1
1.945543,tcp,smtp,FIN,26,22,9763,1986,24.157779,254,252,38603.10547,7796.280762,10,8,77.821718,89.233953,4106.010688,120.544859,255,963398874,2537614370,255,0.14754,0.070878,0.076662,376,90,0,0,1,1,1,1,1,1,0,0,0,1,1,0,DoS,1
3.229193,tcp,-,FIN,256,44,330633,1902,92.592794,62,252,815911.625,4605.484863,125,1,12.658811,75.188883,2026.27241,151.442344,255,3324212064,3770465009,255,0.108159,0.071258,0.036901,1292,43,0,0,2,1,1,1,1,1,0,0,0,1,1,0,DoS,1
3.051198,tcp,-,FIN,260,42,330803,1816,98.649776,62,252,864004.25,4648.666016,127,1,11.628931,73.27668,1278.35696,85.392734,255,568801861,3811891724,255,0.172689,0.046844,0.125845,1272,43,0,0,1,1,1,1,1,1,0,0,0,1,1,0,DoS,1
0.930393,tcp,http,FIN,10,10,858,1180,20.421478,62,252,6646.653809,9131.625,2,2,103.377,95.093891,6679.679361,165.944141,255,3590810437,2163374882,255,0.115729,0.043555,0.072174,86,118,0,0,1,1,1,1,1,1,0,0,0,1,1,0,DoS,1
5e-06,udp,-,INT,2,0,592,0,200000.0051,254,0,473600000.0,0.0,0,0,0.005,0.0,0.0,0.0,0,0,0,0,0.0,0.0,0.0,296,0,0,0,1,2,1,1,1,1,0,0,0,1,1,0,DoS,1
0.238553,tcp,http,FIN,10,8,842,1254,71.262989,62,252,25419.92773,36822.00391,2,2,26.505889,31.118715,1451.149189,53.808117,255,761219753,2617160863,255,0.059975,0.013001,0.046974,84,157,0,0,1,1,1,1,1,1,0,0,0,1,1,0,DoS,1
1.24096,tcp,-,FIN,16,8,10988,354,18.534038,254,252,66413.10156,1998.452759,5,1,82.730666,159.926422,6282.365879,240.295547,255,1946653388,1496376879,255,0.1431,0.101635,0.041465,687,44,0,0,1,1,1,1,1,1,0,0,0,2,1,0,DoS,1
0.954918,tcp,-,FIN,10,8,2774,354,17.802575,254,252,20919.07227,2597.081543,2,1,104.326111,125.856711,7695.042967,174.222219,255,4016409424,289079100,255,0.132147,0.073919,0.058228,277,44,0,0,21,1,1,1,1,1,0,0,0,19,1,0,DoS,1
1.1e-05,udp,-,INT,2,0,1242,0,90909.0902,254,0,451636352.0,0.0,0,0,0.011,0.0,0.0,0.0,0,0,0,0,0.0,0.0,0.0,621,0,0,0,3,2,1,1,1,1,0,0,0,2,1,0,DoS,1
0.361457,tcp,-,FIN,22,8,19894,354,80.230846,254,252,420298.9688,6861.120605,8,1,16.243048,40.71857,1245.260108,61.625941,255,2994947494,2191348489,255,0.114508,0.076418,0.03809,904,44,0,0,2,1,19,1,1,44,0,0,0,19,1,0,DoS,1
1.432639,tcp,-,FIN,22,10,20964,440,21.638389,254,252,111749.0156,2211.303711,8,1,67.067667,154.177781,7965.304194,269.721125,255,3269996758,3959940958,255,0.105227,0.045035,0.060192,953,44,0,0,1,1,1,1,1,2,0,0,0,26,1,0,DoS,1
12.229081,tcp,http,FIN,10,10,772,1324,1.553674,62,252,454.653931,779.780579,2,2,1358.786778,1348.82125,89001.8981,2469.95775,255,3713025836,973949428,255,0.202318,0.088912,0.113406,77,132,1,220,1,1,2,1,1,2,0,0,1,3,1,0,DoS,1
0.774961,tcp,http,FIN,10,10,948,1368,24.517363,62,252,8815.927734,12718.05957,2,2,86.038667,79.766445,5433.347299,127.706703,255,1187708586,792490675,255,0.122617,0.057054,0.065563,95,137,0,0,2,1,1,1,1,1,0,0,0,1,1,0,DoS,1
0.828684,tcp,http,FIN,10,10,796,2812,22.92792,62,252,6921.818359,24433.92188,2,2,92.076,84.608891,6066.692521,136.391625,255,2454183167,267908931,255,0.137977,0.066596,0.071381,80,281,0,0,1,1,1,1,1,1,0,0,0,1,1,0,DoS,1
3.16318,tcp,pop3,FIN,20,22,970,3020,12.961639,62,252,2331.830566,7291.396484,7,8,166.483163,147.422094,10937.07516,282.095125,255,308799643,4225280434,255,0.132482,0.066896,0.065586,49,137,0,0,1,1,1,1,1,1,0,0,0,3,1,0,DoS,1
5.741573,tcp,smtp,FIN,26,24,2639,2012,8.534247,62,252,3536.313232,2687.765137,8,8,229.662926,240.108656,16216.41162,480.441156,255,2173705888,989457094,255,0.251162,0.156183,0.094979,102,84,0,0,2,1,1,1,1,1,0,0,0,1,1,0,DoS,1
0.515068,tcp,-,FIN,14,10,1438,2272,44.654299,254,252,20750.6582,31762.79688,4,3,37.106617,54.890332,1864.115474,65.033793,255,693467810,2939819217,255,0.080504,0.021047,0.059457,103,227,0,0,1,1,1,1,1,1,0,0,0,1,1,0,DoS,1
8e-06,udp,dhcp,INT,2,0,1152,0,125000.0003,254,0,576000000.0,0.0,0,0,0.008,0.0,0.0,0.0,0,0,0,0,0.0,0.0,0.0,576,0,0,0,2,2,2,2,2,2,0,0,0,3,2,0,DoS,1
0.582561,tcp,http,FIN,10,8,792,952,29.181493,62,252,9791.249023,11439.14551,2,2,64.715667,71.23857,3299.344677,102.485461,255,332700572,1423800962,255,0.151163,0.083888,0.067275,79,119,0,0,1,1,1,1,1,1,0,0,0,1,2,0,DoS,1
0.833225,tcp,-,FIN,10,6,1674,268,18.00234,254,252,14469.08106,2150.679443,2,1,92.580556,149.129,5361.498374,253.938063,255,3302599371,238612099,255,0.17222,0.086659,0.085561,167,45,0,0,2,1,1,1,1,2,0,0,0,22,2,0,DoS,1
3e-06,udp,-,INT,2,0,138,0,333333.3215,62,0,184000000.0,0.0,0,0,0.003,0.0,0.0,0.0,0,0,0,0,0.0,0.0,0.0,69,0,0,0,1,2,2,1,1,1,0,0,0,1,2,0,DoS,1
0.558945,tcp,http,FIN,10,12,802,3458,37.570781,62,252,10333.75391,45371.19141,2,3,62.105,47.223636,3997.5375,3337.80573,255,2082232468,3201629040,255,0.094589,0.038777,0.055812,80,288,0,0,1,1,1,1,1,1,0,0,0,1,1,0,DoS,1
0.845375,tcp,http,FIN,10,6,620,268,17.743605,254,252,5280.496582,2119.769287,2,1,90.885889,146.612797,4776.357002,242.396656,255,2133829556,4263696754,255,0.224812,0.112303,0.112509,62,45,1,0,1,1,1,1,1,1,0,0,1,3,1,0,DoS,1
10.1295,tcp,http,FIN,632,104,825655,4482,72.560341,254,252,651048.125,3505.799805,313,1,16.102756,97.455008,3048.455146,232.546328,255,2966225788,1389084710,255,0.293419,0.189086,0.104333,1306,43,0,0,2,1,2,2,1,2,0,0,0,2,2,0,DoS,1
0.599107,tcp,http,FIN,10,8,832,1088,28.375564,62,252,10001.55176,12712.25293,2,2,66.567444,72.192141,3699.695753,124.145938,255,1460346275,222889962,255,0.116555,0.066739,0.049816,83,136,1,124,1,1,1,1,1,1,0,0,1,3,1,0,DoS,1
1.855224,tcp,http,FIN,12,12,890,4492,12.397425,62,252,3518.712646,17757.42383,2,3,168.656727,154.066188,12596.84527,9424.518109,255,491919433,3442050137,255,0.218617,0.138026,0.080591,74,374,1,1754,4,1,2,2,1,1,0,0,1,2,1,0,DoS,1
0.324749,tcp,http,FIN,10,8,958,1248,52.348122,254,252,21259.49609,26900.77539,2,2,35.966222,41.729855,1763.851685,58.594172,255,578950811,2666537964,255,0.094448,0.032634,0.061814,96,156,0,0,1,1,1,1,1,1,0,0,0,1,1,0,DoS,1
1.102693,tcp,http,FIN,10,10,840,1312,17.230544,62,252,5484.754395,8568.115234,2,2,122.505333,104.516109,7284.763493,164.180141,255,2578753955,2143750876,255,0.297016,0.162045,0.134971,84,131,0,0,3,1,2,2,1,1,0,0,0,2,1,0,DoS,1
4e-06,udp,-,INT,2,0,614,0,250000.0006,254,0,614000000.0,0.0,0,0,0.004,0.0,0.0,0.0,0,0,0,0,0.0,0.0,0.0,307,0,0,0,1,2,1,1,1,1,0,0,0,1,1,0,DoS,1
2.241612,tcp,-,FIN,30,80,1532,86050,48.625722,62,252,5285.481934,303263.9063,6,37,77.296966,28.535897,4957.978771,3121.087328,255,1926545981,3866282743,255,0.056995,0.010477,0.046518,51,1076,0,0,1,1,1,1,1,1,0,0,0,1,1,0,DoS,1
0.2559,tcp,-,FIN,12,6,5132,268,66.432201,254,252,147088.7031,7002.735352,3,1,23.263637,49.53,1219.196883,73.184617,255,3689119020,3312281151,255,0.057856,0.007441,0.050415,428,45,0,0,1,1,1,1,1,1,0,0,0,1,1,0,DoS,1
0.810171,tcp,-,FIN,10,8,466,354,20.983224,254,252,4147.272461,3061.082031,2,1,88.264444,109.094141,5122.709947,166.170531,255,988583720,697024993,255,0.099129,0.046503,0.052626,47,44,0,0,2,1,1,1,1,1,0,0,0,1,1,0,DoS,1
3.871048,tcp,smtp,FIN,68,28,69768,2196,24.541158,254,252,142063.8594,4377.109375,31,8,57.776835,141.475375,5808.088693,230.112953,255,3560554269,1960387753,255,0.098316,0.050138,0.048178,1026,78,0,0,1,1,1,1,1,1,0,0,0,22,1,0,DoS,1
0.707595,tcp,http,FIN,14,8,7572,3100,29.677994,254,252,79503.10938,30672.91406,4,2,54.430385,110.1,3919.093092,132.630109,255,1799023254,2239516973,255,0.092201,0.045875,0.046326,541,388,0,0,3,1,1,2,1,1,0,0,0,2,1,0,DoS,1
0.727235,tcp,-,FIN,46,12,50497,526,78.379064,254,252,543428.1875,5313.275391,20,1,15.049999,60.505816,1475.816871,76.573313,255,3089834099,735742334,255,0.09802,0.061652,0.036368,1098,44,0,0,3,1,1,1,1,1,0,0,0,2,1,0,DoS,1
0.236518,tcp,-,FIN,12,8,674,376,80.332154,254,252,20903.27148,11128.11719,3,2,20.297182,32.586857,1047.479008,45.960555,255,3544939392,1641344931,255,0.059358,0.008401,0.050957,56,47,0,0,1,1,1,1,1,1,0,0,0,41,1,0,DoS,1
0.637538,tcp,-,FIN,10,8,504,436,26.665077,254,252,5696.915039,4793.439453,2,2,70.743556,81.734,3536.382486,106.423523,255,3879513429,830981849,255,0.127801,0.065391,0.06241,50,55,0,0,2,1,1,1,1,2,0,0,0,20,2,0,DoS,1
0.227493,tcp,-,FIN,10,6,866,268,65.936094,254,252,27429.41602,7877.165527,2,1,22.461111,40.036801,1194.603005,57.645516,255,3303748181,2430229302,255,0.052933,0.027306,0.025627,87,45,0,0,1,1,1,1,1,1,0,0,0,1,1,0,DoS,1
0.461431,tcp,http,FIN,10,8,784,906,36.841912,62,252,12240.18359,13748.53418,2,2,51.270111,50.452715,2713.122732,76.536438,255,1802271582,4122397174,255,0.094817,0.052389,0.042428,78,113,0,0,4,1,1,2,1,1,0,0,0,27,1,0,DoS,1
0.628708,tcp,-,FIN,10,8,544,354,27.039579,254,252,6235.008789,3944.597412,2,1,66.294333,84.899289,4279.20366,115.110125,255,406471160,2564801875,255,0.094177,0.034405,0.059772,54,44,0,0,1,1,1,1,1,2,0,0,0,1,1,0,DoS,1
4.878373,tcp,-,FIN,248,44,330293,1902,59.651034,62,252,539461.8125,3048.557373,121,1,19.680786,111.737328,2968.312939,220.931609,255,87081608,1781701780,255,0.172781,0.073667,0.099114,1332,43,0,0,1,1,1,1,1,1,0,0,0,1,1,0,DoS,1
4e-06,udp,-,INT,2,0,376,0,250000.0006,254,0,376000000.0,0.0,0,0,0.004,0.0,0.0,0.0,0,0,0,0,0.0,0.0,0.0,188,0,0,0,2,2,3,2,2,2,0,0,0,2,5,0,DoS,1
0.540461,tcp,http,FIN,10,8,788,354,31.454628,254,252,10509.54688,4588.675293,2,1,58.279667,71.986289,3826.194737,112.5495,255,3306104275,1126758305,255,0.110307,0.036553,0.073754,79,44,0,0,1,1,1,1,1,1,0,0,0,2,1,0,DoS,1
41.317345,tcp,http,FIN,702,4560,30920,6184129,127.331513,62,252,5978.3125,1197128.875,3,2277,58.940457,9.050938,2857.758874,1099.088417,255,173661249,574351707,255,0.120751,0.053289,0.067462,44,1356,0,0,1,1,3,1,1,1,0,0,0,1,1,0,DoS,1
0.884652,tcp,http,FIN,10,8,720,552,19.216596,62,252,5859.931152,4367.819336,2,2,98.294667,117.482,5386.389578,206.387047,255,2387938889,2802509347,255,0.158418,0.061639,0.096779,72,69,0,0,2,1,1,2,1,1,0,0,0,2,1,0,DoS,1
1.681502,tcp,-,FIN,18,20,1018,4870,22.004137,62,252,4576.860352,22013.65234,6,8,98.904529,83.578896,4999.149618,4478.170382,255,1570886713,2408172425,255,0.144723,0.093494,0.051229,57,244,0,0,1,1,1,1,1,1,0,0,0,1,1,0,DoS,1
9e-06,udp,snmp,INT,2,0,136,0,111111.1072,254,0,60444444.0,0.0,0,0,0.009,0.0,0.0,0.0,0,0,0,0,0.0,0.0,0.0,68,0,0,0,1,2,1,1,1,1,0,0,0,1,1,0,DoS,1
0.421287,tcp,http,FIN,10,8,778,2044,40.352539,62,252,13311.59082,33972.08984,2,2,46.809667,57.87343,2853.729736,94.960719,255,503720815,648584620,255,0.031228,0.015418,0.01581,78,256,0,0,2,1,1,1,1,1,0,0,0,1,1,0,DoS,1
1.616079,tcp,-,FIN,16,8,9704,354,14.231978,254,252,45037.40234,1534.578491,5,1,100.684599,219.097141,7487.685688,397.99925,255,2938129991,3208049768,255,0.174038,0.082398,0.09164,607,44,0,0,2,1,1,1,1,1,0,0,0,1,2,0,DoS,1
0.244024,tcp,http,FIN,10,8,934,3204,69.665281,62,252,27571.05859,91925.39063,2,2,27.088111,31.239428,1337.079402,47.039152,255,1778734233,3190483358,255,0.043921,0.025333,0.018588,93,401,0,0,2,1,1,1,1,1,0,0,0,1,1,0,DoS,1
8e-06,unas,-,INT,2,0,200,0,125000.0003,254,0,100000000.0,0.0,0,0,0.008,0.0,0.0,0.0,0,0,0,0,0.0,0.0,0.0,100,0,0,0,6,2,1,1,1,6,0,0,0,1,6,0,DoS,1
0.764048,tcp,http,FIN,10,8,780,1184,22.249912,62,252,7350.32373,10847.48633,2,2,84.894222,95.037,4200.688935,161.571844,255,2215960242,1644246182,255,0.218292,0.09805,0.120242,78,148,0,0,1,1,1,1,1,1,0,0,0,2,1,0,DoS,1
9e-06,unas,-,INT,2,0,200,0,111111.1072,254,0,88888888.0,0.0,0,0,0.009,0.0,0.0,0.0,0,0,0,0,0.0,0.0,0.0,100,0,0,0,6,2,2,2,2,6,0,0,0,3,6,0,DoS,1
0.275362,tcp,http,FIN,10,8,812,936,61.73691,62,252,21237.49805,23794.13086,2,2,30.560889,32.013572,1520.072369,43.546398,255,1134422160,1278367126,255,0.0792,0.051262,0.027938,81,117,0,0,3,1,2,1,1,2,0,0,0,2,1,0,DoS,1
4e-06,unas,-,INT,2,0,200,0,250000.0006,254,0,200000000.0,0.0,0,0,0.004,0.0,0.0,0.0,0,0,0,0,0.0,0.0,0.0,100,0,0,0,6,2,2,2,2,6,0,0,0,3,6,0,DoS,1
3e-06,unas,-,INT,2,0,200,0,333333.3215,254,0,266666656.0,0.0,0,0,0.003,0.0,0.0,0.0,0,0,0,0,0.0,0.0,0.0,100,0,0,0,6,2,3,3,3,6,0,0,0,23,6,0,DoS,1
1.330289,tcp,-,FIN,16,12,2082,1746,20.296342,254,252,11738.80273,9627.983398,5,4,88.6188,114.055367,4664.701401,136.778531,255,2778656679,592196498,255,0.155311,0.07567,0.079641,130,146,0,0,1,1,1,1,1,1,0,0,0,1,4,0,DoS,1
9e-06,unas,-,INT,2,0,200,0,111111.1072,254,0,88888888.0,0.0,0,0,0.009,0.0,0.0,0.0,0,0,0,0,0.0,0.0,0.0,100,0,0,0,6,2,1,1,1,6,0,0,0,10,6,0,DoS,1
9e-06,unas,-,INT,2,0,200,0,111111.1072,254,0,88888888.0,0.0,0,0,0.009,0.0,0.0,0.0,0,0,0,0,0.0,0.0,0.0,100,0,0,0,6,2,3,3,3,6,0,0,0,4,6,0,DoS,1
4e-06,unas,-,INT,2,0,200,0,250000.0006,254,0,200000000.0,0.0,0,0,0.004,0.0,0.0,0.0,0,0,0,0,0.0,0.0,0.0,100,0,0,0,6,2,3,3,3,6,0,0,0,8,6,0,DoS,1
0.708142,tcp,http,FIN,10,6,1580,268,21.182193,62,252,16064.5752,2530.565918,2,1,77.473778,130.137,5117.143571,230.483422,255,887207002,4256906418,255,0.079861,0.057448,0.022413,158,45,0,0,1,1,1,1,1,1,0,0,0,1,1,0,DoS,1
8e-06,udp,-,INT,2,0,216,0,125000.0003,62,0,108000000.0,0.0,0,0,0.008,0.0,0.0,0.0,0,0,0,0,0.0,0.0,0.0,108,0,0,0,1,2,1,1,1,1,0,0,0,1,1,0,DoS,1
3e-06,unas,-,INT,2,0,200,0,333333.3215,254,0,266666656.0,0.0,0,0,0.003,0.0,0.0,0.0,0,0,0,0,0.0,0.0,0.0,100,0,0,0,6,2,3,3,3,6,0,0,0,8,6,0,DoS,1
0.355141,tcp,http,FIN,10,8,940,1234,47.86831,62,252,19057.21875,24328.36523,2,2,39.354222,46.560145,1949.038133,61.723879,255,226716754,206696234,255,0.112088,0.029219,0.082869,94,154,0,0,2,1,2,1,1,1,0,0,0,1,4,0,DoS,1
9e-06,unas,-,INT,2,0,200,0,111111.1072,254,0,88888888.0,0.0,0,0,0.009,0.0,0.0,0.0,0,0,0,0,0.0,0.0,0.0,100,0,0,0,4,2,2,2,2,4,0,0,0,26,4,0,DoS,1
8e-06,unas,-,INT,2,0,200,0,125000.0003,254,0,100000000.0,0.0,0,0,0.008,0.0,0.0,0.0,0,0,0,0,0.0,0.0,0.0,100,0,0,0,4,2,2,2,2,4,0,0,0,26,4,0,DoS,1
3e-06,unas,-,INT,2,0,200,0,333333.3215,254,0,266666656.0,0.0,0,0,0.003,0.0,0.0,0.0,0,0,0,0,0.0,0.0,0.0,100,0,0,0,4,2,2,2,2,4,0,0,0,2,4,0,DoS,1
1.789016,tcp,http,FIN,10,8,926,2594,9.50243,62,252,3729.424316,10150.83106,2,2,198.765778,243.074719,11853.3247,489.346094,255,4069512577,3850889128,255,0.230776,0.08749,0.143286,93,324,0,0,2,1,2,1,1,2,0,0,0,1,2,0,DoS,1
9e-06,unas,-,INT,2,0,200,0,111111.1072,254,0,88888888.0,0.0,0,0,0.009,0.0,0.0,0.0,0,0,0,0,0.0,0.0,0.0,100,0,0,0,3,2,2,2,2,4,0,0,0,3,3,0,DoS,1
3e-06,unas,-,INT,2,0,200,0,333333.3215,254,0,266666656.0,0.0,0,0,0.003,0.0,0.0,0.0,0,0,0,0,0.0,0.0,0.0,100,0,0,0,6,2,1,1,1,6,0,0,0,1,6,0,DoS,1
9e-06,unas,-,INT,2,0,200,0,111111.1072,254,0,88888888.0,0.0,0,0,0.009,0.0,0.0,0.0,0,0,0,0,0.0,0.0,0.0,100,0,0,0,6,2,1,1,1,6,0,0,0,1,6,0,DoS,1
1.594708,tcp,irc,FIN,14,14,916,952,16.931,62,252,4269.120117,4434.667969,4,4,122.669841,110.452766,6410.31468,180.451969,255,1459788610,470862794,255,0.211,0.119839,0.091161,65,68,0,0,1,1,2,1,1,3,0,0,0,2,1,0,DoS,1
9e-06,unas,-,INT,2,0,200,0,111111.1072,254,0,88888888.0,0.0,0,0,0.009,0.0,0.0,0.0,0,0,0,0,0.0,0.0,0.0,100,0,0,0,6,2,3,3,3,6,0,0,0,23,6,0,DoS,1
3.001672,tcp,smtp,FIN,22,22,3027,2000,14.325349,254,252,7702.374023,5090.496094,8,8,142.936757,133.770375,6877.633797,178.135719,255,4158029057,3076109447,255,0.224094,0.119968,0.104126,138,91,0,0,1,1,1,1,1,1,0,0,0,1,1,0,DoS,1
4e-06,unas,-,INT,2,0,200,0,250000.0006,254,0,200000000.0,0.0,0,0,0.004,0.0,0.0,0.0,0,0,0,0,0.0,0.0,0.0,100,0,0,0,6,2,3,3,3,6,0,0,0,23,6,0,DoS,1
1.924857,tcp,-,FIN,16,10,6748,604,12.987978,254,252,26295.97852,2260.947266,5,3,128.254867,204.749,9690.469708,339.686219,255,3493198423,1119279282,255,0.178652,0.082108,0.096544,422,60,0,0,1,1,1,1,1,1,0,0,0,2,1,0,DoS,1
29.942314,ospf,-,INT,20,0,1280,0,0.634553,254,0,324.891388,0.0,0,0,1575.911375,0.0,1754.280875,0.0,0,0,0,0,0.0,0.0,0.0,64,0,0,0,1,2,1,1,1,1,0,0,0,1,1,0,DoS,1
0.471519,tcp,-,FIN,10,8,2076,354,36.053691,254,252,31710.28125,5259.597168,2,1,48.709778,59.32,3313.996796,111.717891,255,986960390,1314769684,255,0.117383,0.056275,0.061108,208,44,0,0,1,1,1,1,1,1,0,0,0,2,1,0,DoS,1
9e-06,unas,-,INT,2,0,200,0,111111.1072,254,0,88888888.0,0.0,0,0,0.009,0.0,0.0,0.0,0,0,0,0,0.0,0.0,0.0,100,0,0,0,6,2,4,3,3,6,0,0,0,4,6,0,DoS,1
5e-06,pgm,-,INT,2,0,200,0,200000.0051,254,0,160000000.0,0.0,0,0,0.005,0.0,0.0,0.0,0,0,0,0,0.0,0.0,0.0,100,0,0,0,3,2,1,1,1,3,0,0,0,2,3,0,DoS,1
8e-06,unas,-,INT,2,0,200,0,125000.0003,254,0,100000000.0,0.0,0,0,0.008,0.0,0.0,0.0,0,0,0,0,0.0,0.0,0.0,100,0,0,0,6,2,4,3,3,6,0,0,0,4,6,0,DoS,1
9e-06,l2tp,-,INT,2,0,200,0,111111.1072,254,0,88888888.0,0.0,0,0,0.009,0.0,0.0,0.0,0,0,0,0,0.0,0.0,0.0,100,0,0,0,3,2,2,2,2,3,0,0,0,4,3,0,DoS,1
9e-06,unas,-,INT,2,0,200,0,111111.1072,254,0,88888888.0,0.0,0,0,0.009,0.0,0.0,0.0,0,0,0,0,0.0,0.0,0.0,100,0,0,0,6,2,3,3,3,6,0,0,0,3,6,0,DoS,1
3e-06,zero,-,INT,2,0,200,0,333333.3215,254,0,266666656.0,0.0,0,0,0.003,0.0,0.0,0.0,0,0,0,0,0.0,0.0,0.0,100,0,0,0,3,2,2,2,2,3,0,0,0,4,3,0,DoS,1
8e-06,unas,-,INT,2,0,200,0,125000.0003,254,0,100000000.0,0.0,0,0,0.008,0.0,0.0,0.0,0,0,0,0,0.0,0.0,0.0,100,0,0,0,6,2,3,3,3,6,0,0,0,3,6,0,DoS,1
0.896796,tcp,http,FIN,10,8,826,1322,18.956374,62,252,6636.960938,10321.18848,2,2,99.567889,119.382289,5526.33779,190.900531,255,4031917269,110131924,255,0.130574,0.061117,0.069457,83,165,0,0,1,1,26,1,1,43,0,0,0,26,2,0,DoS,1
3e-06,unas,-,INT,2,0,200,0,333333.3215,254,0,266666656.0,0.0,0,0,0.003,0.0,0.0,0.0,0,0,0,0,0.0,0.0,0.0,100,0,0,0,6,2,3,3,3,6,0,0,0,3,6,0,DoS,1
9e-06,ddx,-,INT,2,0,200,0,111111.1072,254,0,88888888.0,0.0,0,0,0.009,0.0,0.0,0.0,0,0,0,0,0.0,0.0,0.0,100,0,0,0,2,2,1,1,1,2,0,0,0,21,2,0,DoS,1
9e-06,stp,-,INT,2,0,200,0,111111.1072,254,0,88888888.0,0.0,0,0,0.009,0.0,0.0,0.0,0,0,0,0,0.0,0.0,0.0,100,0,0,0,4,2,2,2,2,4,0,0,0,3,4,0,DoS,1
9e-06,unas,-,INT,2,0,200,0,111111.1072,254,0,88888888.0,0.0,0,0,0.009,0.0,0.0,0.0,0,0,0,0,0.0,0.0,0.0,100,0,0,0,4,2,4,3,3,4,0,0,0,3,4,0,DoS,1
3e-06,sm,-,INT,2,0,200,0,333333.3215,254,0,266666656.0,0.0,0,0,0.003,0.0,0.0,0.0,0,0,0,0,0.0,0.0,0.0,100,0,0,0,5,2,1,1,1,5,0,0,0,1,5,0,DoS,1
5e-06,ptp,-,INT,2,0,200,0,200000.0051,254,0,160000000.0,0.0,0,0,0.005,0.0,0.0,0.0,0,0,0,0,0.0,0.0,0.0,100,0,0,0,5,2,1,1,1,5,0,0,0,4,5,0,DoS,1
59.996758,tcp,http,CON,818,5254,35660,7085342,101.188802,62,252,4749.189941,944583.5625,2,2627,73.435361,11.418574,3525.338793,1373.61916,255,1471848958,118104664,255,0.12391,0.063276,0.060634,44,1349,1,0,4,3,4,3,2,10,0,0,6,5,2,0,DoS,1
0.348786,sctp,-,CON,2,2,152,82,8.601263,254,60,1743.189209,940.404724,0,0,0.015,0.007,0.0,0.0,0,0,0,0,0.0,0.0,0.0,76,41,0,0,1,0,1,1,1,3,0,0,0,2,1,0,DoS,1
3e-06,isis,-,INT,2,0,200,0,333333.3215,254,0,266666656.0,0.0,0,0,0.003,0.0,0.0,0.0,0,0,0,0,0.0,0.0,0.0,100,0,0,0,5,2,2,2,2,5,0,0,0,4,5,0,DoS,1
0.66778,tcp,smtp,FIN,18,18,2754,1326,52.412473,254,252,31159.96289,15010.93262,6,7,39.281176,36.983176,1858.659572,42.830016,255,2458533318,448953192,255,0.052965,0.038274,0.014691,153,74,0,0,1,1,1,1,1,1,0,0,0,1,1,0,DoS,1
8e-06,crtp,-,INT,2,0,200,0,125000.0003,254,0,100000000.0,0.0,0,0,0.008,0.0,0.0,0.0,0,0,0,0,0.0,0.0,0.0,100,0,0,0,5,2,2,1,1,5,0,0,0,1,5,0,DoS,1
0.53968,tcp,-,FIN,10,8,718,358,31.500148,62,252,9590.868164,4654.609863,2,2,59.964444,68.55857,2886.217167,111.010773,255,4213689708,2915118402,255,0.169659,0.059051,0.110608,72,45,0,0,2,1,1,1,1,1,0,0,0,1,1,0,DoS,1
9e-06,crudp,-,INT,2,0,200,0,111111.1072,254,0,88888888.0,0.0,0,0,0.009,0.0,0.0,0.0,0,0,0,0,0.0,0.0,0.0,100,0,0,0,5,2,2,2,2,5,0,0,0,24,5,0,DoS,1
4e-06,pipe,-,INT,2,0,200,0,250000.0006,254,0,200000000.0,0.0,0,0,0.004,0.0,0.0,0.0,0,0,0,0,0.0,0.0,0.0,100,0,0,0,5,2,3,3,3,5,0,0,0,27,5,0,DoS,1
4e-06,sps,-,INT,2,0,200,0,250000.0006,254,0,200000000.0,0.0,0,0,0.004,0.0,0.0,0.0,0,0,0,0,0.0,0.0,0.0,100,0,0,0,5,2,3,3,3,5,0,0,0,27,5,0,DoS,1
1e-05,fc,-,INT,2,0,200,0,100000.0025,254,0,80000000.0,0.0,0,0,0.01,0.0,0.0,0.0,0,0,0,0,0.0,0.0,0.0,100,0,0,0,4,2,2,2,2,4,0,0,0,4,4,0,DoS,1
1e-06,rsvp,-,INT,2,0,200,0,1000000.003,254,0,800000000.0,0.0,0,0,0.001,0.0,0.0,0.0,0,0,0,0,0.0,0.0,0.0,100,0,0,0,4,2,3,2,2,4,0,0,0,3,4,0,DoS,1
1e-06,unas,-,INT,2,0,200,0,1000000.003,254,0,800000000.0,0.0,0,0,0.001,0.0,0.0,0.0,0,0,0,0,0.0,0.0,0.0,100,0,0,0,4,2,3,2,2,4,0,0,0,3,4,0,DoS,1
4.578482,sctp,-,CON,4,6,824,1296,1.965717,254,60,1079.833862,1887.088257,0,0,1526.160625,531.336812,2158.315,658.751688,0,0,0,0,0.0,0.0,0.0,206,216,0,0,1,0,1,1,1,1,0,0,0,1,1,0,DoS,1
58.737652,ospf,-,INT,34,0,3672,0,0.56182,254,0,485.412659,0.0,0,0,1779.929,0.0,1999.1395,0.0,0,0,0,0,0.0,0.0,0.0,108,0,0,0,2,2,1,2,1,1,0,0,0,2,1,0,DoS,1
3.3e-05,unas,-,INT,2,0,200,0,30303.03007,254,0,24242424.0,0.0,0,0,0.033,0.0,0.0,0.0,0,0,0,0,0.0,0.0,0.0,100,0,0,0,5,2,2,2,2,5,0,0,0,5,5,0,DoS,1
3e-06,unas,-,INT,2,0,200,0,333333.3215,254,0,266666656.0,0.0,0,0,0.003,0.0,0.0,0.0,0,0,0,0,0.0,0.0,0.0,100,0,0,0,5,2,2,2,2,5,0,0,0,5,5,0,DoS,1
7e-06,unas,-,INT,2,0,200,0,142857.1409,254,0,114285712.0,0.0,0,0,0.007,0.0,0.0,0.0,0,0,0,0,0.0,0.0,0.0,100,0,0,0,6,2,2,2,2,6,0,0,0,3,6,0,DoS,1
7e-06,unas,-,INT,2,0,200,0,142857.1409,254,0,114285712.0,0.0,0,0,0.007,0.0,0.0,0.0,0,0,0,0,0.0,0.0,0.0,100,0,0,0,6,2,2,2,2,6,0,0,0,2,6,0,DoS,1
1e-06,unas,-,INT,2,0,200,0,1000000.003,254,0,800000000.0,0.0,0,0,0.001,0.0,0.0,0.0,0,0,0,0,0.0,0.0,0.0,100,0,0,0,7,2,2,2,2,7,0,0,0,3,7,0,DoS,1
59.899384,tcp,-,CON,680,368,327080,15824,17.479312,254,252,43619.67969,2107.667725,340,0,88.445979,163.361703,4253.569326,172.481453,255,907034968,1778713373,255,0.237422,0.144367,0.093055,481,43,0,0,4,0,4,1,1,3,0,0,0,3,7,0,DoS,1
1.476423,tcp,http,FIN,10,8,870,1194,11.514315,254,252,4242.686523,5662.333984,2,2,164.047,201.860141,9534.720233,405.495094,255,591384193,671510251,255,0.199326,0.061801,0.137525,87,149,1,190,1,1,1,1,1,2,0,0,1,1,2,0,DoS,1
59.353832,ospf,-,REQ,54,0,5832,0,0.89295,254,0,771.508728,0.0,0,0,1120.083375,0.0,1982.229125,0.0,0,0,0,0,0.0,0.0,0.0,108,0,0,0,1,6,1,1,1,1,0,0,0,2,1,0,DoS,1
1.105971,tcp,http,FIN,10,10,756,1040,17.179474,62,252,4925.988281,6770.520996,2,2,122.885667,118.662445,7606.170279,221.099266,255,4163745781,2035592950,255,0.123573,0.033137,0.090436,76,104,0,0,1,1,1,1,1,1,0,0,0,1,1,0,DoS,1
0.800468,tcp,-,FIN,10,8,734,354,21.237575,254,252,6606.135254,3098.1875,2,1,84.624222,103.607859,6336.489729,142.642234,255,1941905745,1134307811,255,0.116278,0.075209,0.041069,73,44,0,0,1,1,1,1,1,1,0,0,0,1,1,0,DoS,1
0.574975,tcp,http,FIN,10,8,822,1710,29.566502,254,252,10296.09961,20828.73047,2,2,63.886111,68.727711,3548.769738,131.437016,255,2735394235,2121809138,255,0.115881,0.070084,0.045797,82,214,1,456,2,1,1,2,1,1,0,0,1,6,1,0,DoS,1
39.977917,ospf,-,REQ,58,0,6264,0,1.425787,254,0,1231.880127,0.0,0,0,737.4435,0.0,889.305,0.0,0,0,0,0,0.0,0.0,0.0,108,0,0,0,1,6,1,1,1,1,0,0,0,3,1,0,DoS,1
1.120743,tcp,smtp,FIN,34,22,19715,1874,49.074586,254,252,136595.0938,12770.09961,14,8,33.961908,50.599238,2330.122448,78.663734,255,104322346,277034488,255,0.078318,0.034073,0.044245,580,85,0,0,1,1,1,1,1,1,0,0,0,1,1,0,DoS,1
3.12961,tcp,ftp,FIN,28,28,1381,21674,17.574074,62,252,3404.896973,53425.1875,11,12,115.911479,112.870781,5601.922318,139.447547,255,4122706172,1826014585,255,0.111529,0.052681,0.058848,49,774,0,0,1,1,1,1,1,1,1,1,0,5,1,0,DoS,1
59.957932,tcp,-,CON,710,4526,30760,6079897,87.311218,62,252,4098.473633,811042.5,6,2262,84.636706,13.265278,5709.569645,2261.677226,255,459946401,3899138804,255,0.137764,0.078501,0.059263,43,1343,0,0,1,3,1,1,1,1,0,0,0,2,1,0,DoS,1
2.312758,tcp,http,FIN,78,20,91242,1728,41.941267,254,252,311569.125,5679.798828,36,2,29.813298,116.078578,3493.667974,171.1725,255,1127227554,2951016645,255,0.155446,0.107257,0.048189,1170,86,1,98,1,1,1,1,1,1,0,0,1,1,1,0,DoS,1
7e-06,udp,dns,INT,2,0,124,0,142857.1409,254,0,70857144.0,0.0,0,0,0.007,0.0,0.0,0.0,0,0,0,0,0.0,0.0,0.0,62,0,0,0,1,2,1,1,1,1,0,0,0,1,1,0,DoS,1
4.7e-05,swipe,-,INT,1,0,60,0,0.0,0,0,0.0,0.0,0,0,0.0,0.0,0.0,0.0,0,0,0,0,0.0,0.0,0.0,60,0,0,0,4,2,2,1,1,4,0,0,0,2,4,0,DoS,1
1.8e-05,mobile,-,INT,1,0,60,0,0.0,0,0,0.0,0.0,0,0,0.0,0.0,0.0,0.0,0,0,0,0,0.0,0.0,0.0,60,0,0,0,4,2,2,2,2,4,0,0,0,4,4,0,DoS,1
3.179889,tcp,-,FIN,254,44,330548,1902,93.399488,62,252,828323.25,4676.893066,124,1,12.568731,70.266742,1452.767029,80.545984,255,10749604,3912636175,255,0.20952,0.137635,0.071885,1301,43,0,0,6,1,1,1,1,1,0,0,0,3,1,0,DoS,1
1.5e-05,sun-nd,-,INT,1,0,60,0,0.0,0,0,0.0,0.0,0,0,0.0,0.0,0.0,0.0,0,0,0,0,0.0,0.0,0.0,60,0,0,0,4,2,2,2,2,4,0,0,0,4,4,0,DoS,1
1.431707,pim,-,INT,8,0,480,0,4.889268,254,0,2346.848877,0.0,0,0,204.529578,0.0,483.199187,0.0,0,0,0,0,0.0,0.0,0.0,60,0,0,0,4,2,2,1,1,4,0,0,0,2,4,0,DoS,1
4.898102,tcp,http,FIN,10,10,832,1336,3.879054,62,252,1223.331055,1964.842773,2,2,544.233556,529.964313,42903.38232,1380.86575,255,4232016721,86254841,255,0.298569,0.127652,0.170917,83,134,1,201,1,1,2,1,1,1,0,0,1,1,1,0,DoS,1
0.43357,tcp,-,FIN,10,6,2076,268,34.59649,254,252,34485.78125,4133.127441,2,1,45.214778,76.050602,2220.966839,105.185195,255,4166690097,2170534415,255,0.087703,0.053312,0.034391,208,45,0,0,1,1,1,1,1,1,0,0,0,1,1,0,DoS,1
0.219589,tcp,-,FIN,10,6,540,268,68.309434,254,252,17705.80469,8160.700195,2,1,22.417444,41.196801,1161.169663,65.670117,255,205011969,4157203537,255,0.063081,0.013597,0.049484,54,45,0,0,2,1,1,1,1,1,0,0,0,2,1,0,DoS,1
0.925461,tcp,-,FIN,18,18,1020,2454,37.81899,62,252,8333.144531,20037.58203,6,7,54.438882,52.498766,3029.934083,87.666117,255,3489485790,4063395892,255,0.075776,0.017963,0.057813,57,136,0,0,2,1,1,1,1,1,0,0,0,1,1,0,DoS,1
0.829237,tcp,http,FIN,10,8,814,950,20.500774,62,252,7071.561035,8026.655762,2,2,92.137444,111.383711,4995.209417,198.148828,255,1477432977,2200221980,255,0.117423,0.04919,0.068233,81,119,0,0,1,1,1,1,1,1,0,0,0,1,1,0,DoS,1
0.740019,ospf,-,INT,18,0,2858,0,22.972382,254,0,29188.43945,0.0,0,0,43.530531,0.0,50.133012,0.0,0,0,0,0,0.0,0.0,0.0,159,0,0,0,1,2,2,1,1,1,0,0,0,1,1,0,DoS,1
0.710811,tcp,http,FIN,16,44,1076,50417,83.003778,62,252,11356.04199,554544.0,2,20,47.387398,16.139675,3079.100626,1955.094996,255,1977080237,3337574047,255,0.034363,0.016065,0.018298,67,1146,1,24064,1,1,1,1,1,1,0,0,1,1,1,0,DoS,1
0.607359,tcp,http,FIN,10,8,2530,354,27.990036,62,252,29992.14648,4083.252197,2,1,62.793667,80.247859,3675.010785,139.061625,255,4213957466,447074664,255,0.084496,0.04562,0.038876,253,44,1,0,1,1,1,1,1,1,0,0,1,1,1,0,DoS,1
3e-06,unas,-,INT,2,0,200,0,333333.3215,254,0,266666656.0,0.0,0,0,0.003,0.0,0.0,0.0,0,0,0,0,0.0,0.0,0.0,100,0,0,0,4,2,4,3,3,4,0,0,0,3,4,0,DoS,1
6e-06,unas,-,INT,2,0,200,0,166666.6608,254,0,133333328.0,0.0,0,0,0.006,0.0,0.0,0.0,0,0,0,0,0.0,0.0,0.0,100,0,0,0,5,2,1,1,1,5,0,0,0,9,5,0,DoS,1
0.22268,tcp,http,FIN,10,6,574,268,67.361235,254,252,18573.73828,8047.422363,2,1,21.560111,42.873602,1107.98356,60.626754,255,474855206,4067492879,255,0.057463,0.008303,0.04916,57,45,1,0,1,1,1,1,1,1,0,0,1,1,2,0,DoS,1
0.194004,tcp,-,FIN,10,6,1914,268,77.317994,254,252,71050.07813,9236.922852,2,1,19.800444,36.925602,1053.167469,62.036551,255,2501579587,2656448200,255,0.056839,0.009366,0.047473,191,45,1,0,1,1,1,1,1,1,0,0,1,1,1,0,DoS,1
5e-06,unas,-,INT,2,0,200,0,200000.0051,254,0,160000000.0,0.0,0,0,0.005,0.0,0.0,0.0,0,0,0,0,0.0,0.0,0.0,100,0,0,0,5,2,2,2,2,5,0,0,0,4,5,0,DoS,1
5e-06,unas,-,INT,2,0,200,0,200000.0051,254,0,160000000.0,0.0,0,0,0.005,0.0,0.0,0.0,0,0,0,0,0.0,0.0,0.0,100,0,0,0,4,2,1,1,1,4,0,0,0,20,4,0,DoS,1
0.284219,tcp,http,FIN,10,10,836,4666,66.849859,62,252,21194.92383,118218.6953,2,3,31.579889,27.422444,1667.4989,1864.39622,255,4166264071,3759725166,255,0.053406,0.006676,0.04673,84,467,1,1868,1,1,1,1,1,1,0,0,1,1,1,0,DoS,1
1.093281,tcp,smtp,FIN,26,20,8663,1824,41.160506,62,252,60954.13672,12681.09473,10,8,43.731241,57.010051,2615.458489,85.908219,255,2043229967,2590731012,255,0.078677,0.009283,0.069394,333,91,0,0,2,1,1,1,1,2,0,0,0,1,2,0,DoS,1
6e-06,unas,-,INT,2,0,200,0,166666.6608,254,0,133333328.0,0.0,0,0,0.006,0.0,0.0,0.0,0,0,0,0,0.0,0.0,0.0,100,0,0,0,4,2,2,2,2,4,0,0,0,2,4,0,DoS,1
4e-06,unas,-,INT,2,0,200,0,250000.0006,254,0,200000000.0,0.0,0,0,0.004,0.0,0.0,0.0,0,0,0,0,0.0,0.0,0.0,100,0,0,0,4,2,2,2,2,4,0,0,0,2,4,0,DoS,1
1e-05,udp,-,INT,2,0,2100,0,100000.0025,254,0,840000000.0,0.0,0,0,0.01,0.0,0.0,0.0,0,0,0,0,0.0,0.0,0.0,1050,0,0,0,1,2,1,1,1,1,0,0,0,1,1,0,DoS,1
1.091582,tcp,smtp,FIN,34,22,19625,1860,50.38559,254,252,139599.2344,13015.97168,14,8,33.078243,49.640191,2476.04632,82.643906,255,3311800591,2385652274,255,0.071649,0.021732,0.049917,577,85,0,0,1,1,1,1,1,1,0,0,0,1,1,0,DoS,1
0.246911,tcp,http,FIN,10,8,840,2006,68.850718,62,252,24494.65625,56894.99219,2,2,27.434556,32.909715,1487.08064,58.023691,255,2797311465,950870320,255,0.0576,0.009585,0.048015,84,251,1,596,1,1,1,1,1,1,0,0,1,1,1,0,DoS,1
0.448766,tcp,http,FIN,10,8,862,1572,37.881658,254,252,13833.49023,24529.48828,2,2,49.763889,58.387715,2478.017625,77.112078,255,257646132,972080659,255,0.100739,0.040044,0.060695,86,197,1,371,1,1,1,1,1,1,0,0,1,1,1,0,DoS,1
5e-06,unas,-,INT,2,0,200,0,200000.0051,254,0,160000000.0,0.0,0,0,0.005,0.0,0.0,0.0,0,0,0,0,0.0,0.0,0.0,100,0,0,0,3,2,1,1,1,3,0,0,0,1,3,0,DoS,1
8e-06,unas,-,INT,2,0,200,0,125000.0003,254,0,100000000.0,0.0,0,0,0.008,0.0,0.0,0.0,0,0,0,0,0.0,0.0,0.0,100,0,0,0,6,2,1,1,1,6,0,0,0,11,6,0,DoS,1
0.419026,tcp,http,FIN,10,8,864,1802,40.570276,62,252,14853.49414,30107.91797,2,2,46.558444,55.30357,2252.939464,80.354187,255,1525413113,1300820130,255,0.090245,0.031166,0.059079,86,225,1,473,1,1,1,1,1,1,0,0,1,1,1,0,DoS,1
0.534007,tcp,http,FIN,10,10,882,1026,35.580057,62,252,11894.97461,13842.51465,2,2,59.334111,54.285555,4107.498388,103.175875,255,3110437208,2190963898,255,0.080684,0.035688,0.044996,88,103,0,0,1,1,1,1,1,1,0,0,0,2,1,0,DoS,1
9e-06,unas,-,INT,2,0,200,0,111111.1072,254,0,88888888.0,0.0,0,0,0.009,0.0,0.0,0.0,0,0,0,0,0.0,0.0,0.0,100,0,0,0,6,2,2,2,2,6,0,0,0,17,6,0,DoS,1
8e-06,unas,-,INT,2,0,200,0,125000.0003,254,0,100000000.0,0.0,0,0,0.008,0.0,0.0,0.0,0,0,0,0,0.0,0.0,0.0,100,0,0,0,6,2,2,2,2,6,0,0,0,17,6,0,DoS,1
9.13876,tcp,-,FIN,804,124,1067322,5342,101.436085,254,252,933163.8125,4638.704102,410,1,11.409188,73.621875,2442.354535,199.608094,255,1641559924,2971377024,255,0.114104,0.060078,0.054026,1328,43,0,0,1,1,1,1,1,1,0,0,0,1,1,0,DoS,1
1.194578,udp,dhcp,INT,4,0,5476,0,2.511347,254,0,27504.27148,0.0,0,0,398.192656,0.0,563.118875,0.0,0,0,0,0,0.0,0.0,0.0,1369,0,0,0,1,2,2,2,2,2,0,0,0,3,1,0,DoS,1
8e-06,ib,-,INT,2,0,200,0,125000.0003,254,0,100000000.0,0.0,0,0,0.008,0.0,0.0,0.0,0,0,0,0,0.0,0.0,0.0,100,0,0,0,3,2,1,1,1,3,0,0,0,3,3,0,DoS,1
5e-06,unas,-,INT,2,0,200,0,200000.0051,254,0,160000000.0,0.0,0,0,0.005,0.0,0.0,0.0,0,0,0,0,0.0,0.0,0.0,100,0,0,0,3,2,1,1,1,3,0,0,0,22,3,0,DoS,1
0.212049,tcp,http,FIN,10,6,1018,268,70.738365,254,252,34595.77734,8450.876953,2,1,23.561,39.544,1120.686437,58.736348,255,3340825875,1632882236,255,0.058759,0.013708,0.045051,102,45,1,0,1,1,1,1,1,1,0,0,1,1,1,0,DoS,1
9e-06,unas,-,INT,2,0,200,0,111111.1072,254,0,88888888.0,0.0,0,0,0.009,0.0,0.0,0.0,0,0,0,0,0.0,0.0,0.0,100,0,0,0,1,2,1,1,1,1,0,0,0,23,1,0,DoS,1
0.357027,tcp,http,FIN,10,8,808,2152,47.615447,62,252,16312.49219,42192.88672,2,2,39.669667,45.701,2011.024073,66.35982,255,2553508285,3716868669,255,0.113207,0.03641,0.076797,81,269,1,670,1,1,2,1,1,1,0,0,1,1,1,0,DoS,1
2.194879,tcp,-,FIN,26,26,3456,3244,23.235904,254,252,12115.47363,11371.92481,10,10,87.795163,84.56632,4622.4126,105.37807,255,472825511,1731526060,255,0.158724,0.080007,0.078717,133,125,0,0,1,1,1,1,1,1,0,0,0,1,1,0,DoS,1
0.614933,tcp,smtp,FIN,20,16,5190,1200,56.916769,254,252,64150.07813,14635.74023,7,6,28.118053,39.610066,1480.832579,48.183238,255,3075141685,3191193646,255,0.052354,0.020774,0.03158,260,75,0,0,1,1,2,1,1,1,0,0,0,1,1,0,DoS,1
0.809146,tcp,smtp,FIN,34,22,19599,1876,67.972901,254,252,188079.7813,17707.55859,14,8,24.519576,38.037145,1552.731434,45.785793,255,3790515315,3557686365,255,0.050539,0.006103,0.044436,576,85,0,0,1,1,1,1,1,1,0,0,0,1,1,0,DoS,1
0.231534,tcp,http,FIN,10,10,826,4874,82.06138,62,252,25706.80664,151580.3281,2,3,25.726,24.835556,1223.082339,1755.648992,255,1653600781,1792562710,255,0.052861,0.007273,0.045588,83,487,1,1976,1,1,1,1,1,1,0,0,1,1,2,0,DoS,1
0.396082,tcp,-,FIN,10,6,1550,268,37.870945,254,252,28175.98242,4524.31543,2,1,40.454556,63.812398,2190.265007,89.024875,255,1702749249,1902697160,255,0.150683,0.077014,0.073669,155,45,0,0,2,1,1,1,1,1,0,0,0,17,1,0,DoS,1
1.006313,ospf,-,INT,42,0,1890,0,40.742792,254,0,14667.40527,0.0,0,0,24.544219,0.0,25.637791,0.0,0,0,0,0,0.0,0.0,0.0,45,0,0,0,1,2,1,1,1,1,0,0,0,1,1,0,DoS,1
0.76026,tcp,http,FIN,10,6,832,268,19.730093,254,252,7881.51416,2357.088379,2,1,84.383111,142.688,4960.638449,256.150766,255,3688390539,2410061125,255,0.096111,0.046814,0.049297,83,45,1,0,3,1,1,2,1,1,0,0,1,2,1,0,DoS,1
0.611187,tcp,ftp,FIN,12,8,5848,454,31.08705,254,252,70171.64844,5209.535156,3,2,46.658635,74.12843,2690.896832,86.899766,255,3903040649,2788818648,255,0.170713,0.09228,0.078433,487,57,0,0,1,1,1,1,1,1,0,0,0,1,1,0,DoS,1
0.641935,tcp,http,FIN,10,8,816,1538,26.482432,62,252,9159.805664,16774.28516,2,2,70.679333,77.926711,3867.345078,103.273727,255,678742069,3317886618,255,0.194328,0.096446,0.097882,82,192,0,0,2,1,2,2,1,2,0,0,0,2,2,0,DoS,1
0.266589,tcp,http,FIN,10,8,818,1748,63.768576,62,252,22116.44336,45913.375,2,2,29.621,35.69843,1592.084486,61.285211,255,2326259382,1969742011,255,0.055755,0.007265,0.04849,82,219,0,0,1,1,1,1,1,1,0,0,0,1,1,0,DoS,1
1.423409,tcp,-,FIN,18,18,1010,3354,24.588857,62,252,5361.775879,17805.14258,6,7,83.729941,76.386,4022.862699,95.349219,255,156771046,3110307166,255,0.175849,0.0974,0.078449,56,186,0,0,1,1,1,1,1,1,0,0,0,1,3,0,DoS,1
5e-06,sctp,-,INT,2,0,78,0,200000.0051,254,0,62400000.0,0.0,0,0,0.005,0.0,0.0,0.0,0,0,0,0,0.0,0.0,0.0,39,0,0,0,1,2,1,1,1,1,0,0,0,1,1,0,DoS,1
0.913087,tcp,smtp,FIN,74,28,75890,2224,110.613774,62,252,655928.75,18793.39063,34,8,12.508041,32.066,1033.523442,38.255797,255,3544317315,1608757460,255,0.050645,0.031737,0.018908,1026,79,0,0,1,1,1,1,1,1,0,0,0,2,1,0,DoS,1
1.272302,tcp,pop3,FIN,20,20,956,2402,30.653099,62,252,5715.624023,14348.79395,7,8,66.963264,62.838949,3261.194287,71.089195,255,198287277,3854744443,255,0.107357,0.066345,0.041012,48,120,0,0,1,1,1,1,1,1,0,0,0,1,1,0,DoS,1
0.801246,tcp,-,FIN,10,8,1316,354,21.216955,62,252,11831.57227,3095.179199,2,1,84.865333,104.82843,6090.840441,143.467172,255,1504303200,3756026073,255,0.143475,0.06744,0.076035,132,44,0,0,5,1,2,1,1,5,0,0,0,2,5,0,DoS,1
1.9e-05,ip,-,INT,2,0,180,0,52631.58129,254,0,37894740.0,0.0,0,0,0.019,0.0,0.0,0.0,0,0,0,0,0.0,0.0,0.0,90,0,0,0,4,2,1,2,1,3,0,0,0,2,3,0,DoS,1
0.773415,tcp,pop3,FIN,20,20,944,3126,50.425707,62,252,9278.330078,30720.89258,7,8,40.706054,39.626422,1970.254898,47.408859,255,110149737,3404497631,255,0.05269,0.006578,0.046112,47,156,0,0,1,1,1,1,1,1,0,0,0,1,1,0,DoS,1
1.032851,cbt,-,INT,4,0,360,0,2.904582,254,0,2091.298828,0.0,0,0,344.283656,0.0,486.880031,0.0,0,0,0,0,0.0,0.0,0.0,90,0,0,0,10,2,11,10,10,10,0,0,0,10,10,0,DoS,1
3e-06,chaos,-,INT,2,0,200,0,333333.3215,254,0,266666656.0,0.0,0,0,0.003,0.0,0.0,0.0,0,0,0,0,0.0,0.0,0.0,100,0,0,0,10,2,11,10,10,10,0,0,0,10,10,0,DoS,1
3e-06,egp,-,INT,2,0,180,0,333333.3215,254,0,239999984.0,0.0,0,0,0.003,0.0,0.0,0.0,0,0,0,0,0.0,0.0,0.0,90,0,0,0,10,2,11,10,10,10,0,0,0,10,10,0,DoS,1
3e-06,emcon,-,INT,2,0,180,0,333333.3215,254,0,239999984.0,0.0,0,0,0.003,0.0,0.0,0.0,0,0,0,0,0.0,0.0,0.0,90,0,0,0,10,2,11,10,10,10,0,0,0,10,10,0,DoS,1
6e-06,igp,-,INT,2,0,180,0,166666.6608,254,0,119999992.0,0.0,0,0,0.006,0.0,0.0,0.0,0,0,0,0,0.0,0.0,0.0,90,0,0,0,10,2,11,10,10,10,0,0,0,10,10,0,DoS,1
3e-06,pup,-,INT,2,0,180,0,333333.3215,254,0,239999984.0,0.0,0,0,0.003,0.0,0.0,0.0,0,0,0,0,0.0,0.0,0.0,90,0,0,0,10,2,11,10,10,10,0,0,0,10,10,0,DoS,1
0.301332,tcp,http,FIN,10,8,808,1230,56.416179,62,252,19327.51953,28593.04688,2,2,33.481333,40.167,1718.105265,57.57952,255,1316316292,1657515283,255,0.041718,0.019506,0.022212,81,154,0,0,1,1,1,1,1,1,0,0,0,8,1,0,DoS,1
3e-06,dcn,-,INT,2,0,200,0,333333.3215,254,0,266666656.0,0.0,0,0,0.003,0.0,0.0,0.0,0,0,0,0,0.0,0.0,0.0,100,0,0,0,13,2,3,3,3,13,0,0,0,4,13,0,DoS,1
3e-06,hmp,-,INT,2,0,200,0,333333.3215,254,0,266666656.0,0.0,0,0,0.003,0.0,0.0,0.0,0,0,0,0,0.0,0.0,0.0,100,0,0,0,13,2,3,3,3,13,0,0,0,4,13,0,DoS,1
9e-06,prm,-,INT,2,0,200,0,111111.1072,254,0,88888888.0,0.0,0,0,0.009,0.0,0.0,0.0,0,0,0,0,0.0,0.0,0.0,100,0,0,0,13,2,4,4,4,13,0,0,0,6,13,0,DoS,1
4e-06,trunk-1,-,INT,2,0,200,0,250000.0006,254,0,200000000.0,0.0,0,0,0.004,0.0,0.0,0.0,0,0,0,0,0.0,0.0,0.0,100,0,0,0,13,2,4,4,4,13,0,0,0,6,13,0,DoS,1
1e-06,trunk-2,-,INT,2,0,200,0,1000000.003,254,0,800000000.0,0.0,0,0,0.001,0.0,0.0,0.0,0,0,0,0,0.0,0.0,0.0,100,0,0,0,13,2,4,4,4,13,0,0,0,6,13,0,DoS,1
3e-06,xns-idp,-,INT,2,0,200,0,333333.3215,254,0,266666656.0,0.0,0,0,0.003,0.0,0.0,0.0,0,0,0,0,0.0,0.0,0.0,100,0,0,0,13,2,4,4,4,13,0,0,0,6,13,0,DoS,1
9e-06,irtp,-,INT,2,0,200,0,111111.1072,254,0,88888888.0,0.0,0,0,0.009,0.0,0.0,0.0,0,0,0,0,0.0,0.0,0.0,100,0,0,0,13,2,4,4,4,13,0,0,0,5,13,0,DoS,1
8e-06,leaf-1,-,INT,2,0,200,0,125000.0003,254,0,100000000.0,0.0,0,0,0.008,0.0,0.0,0.0,0,0,0,0,0.0,0.0,0.0,100,0,0,0,13,2,4,4,4,13,0,0,0,5,13,0,DoS,1
9e-06,leaf-2,-,INT,2,0,200,0,111111.1072,254,0,88888888.0,0.0,0,0,0.009,0.0,0.0,0.0,0,0,0,0,0.0,0.0,0.0,100,0,0,0,13,2,4,4,4,13,0,0,0,5,13,0,DoS,1
0.660778,tcp,http,FIN,10,8,802,1026,25.727249,62,252,8741.210938,10872.0332,2,2,73.330556,94.783164,3834.510806,139.399672,255,1369554537,2735484773,255,0.137942,0.092071,0.045871,80,128,1,87,2,1,1,1,1,1,0,0,1,3,1,0,DoS,1
5e-06,rdp,-,INT,2,0,200,0,200000.0051,254,0,160000000.0,0.0,0,0,0.005,0.0,0.0,0.0,0,0,0,0,0.0,0.0,0.0,100,0,0,0,13,2,4,4,4,13,0,0,0,5,13,0,DoS,1
8e-06,netblt,-,INT,2,0,200,0,125000.0003,254,0,100000000.0,0.0,0,0,0.008,0.0,0.0,0.0,0,0,0,0,0.0,0.0,0.0,100,0,0,0,13,2,2,2,2,13,0,0,0,3,13,0,DoS,1
1e-06,sep,-,INT,2,0,200,0,1000000.003,254,0,800000000.0,0.0,0,0,0.001,0.0,0.0,0.0,0,0,0,0,0.0,0.0,0.0,100,0,0,0,5,2,1,1,1,5,0,0,0,4,5,0,DoS,1
6e-06,unas,-,INT,2,0,200,0,166666.6608,254,0,133333328.0,0.0,0,0,0.006,0.0,0.0,0.0,0,0,0,0,0.0,0.0,0.0,100,0,0,0,5,2,1,1,1,5,0,0,0,2,5,0,DoS,1
9e-06,idpr,-,INT,2,0,200,0,111111.1072,254,0,88888888.0,0.0,0,0,0.009,0.0,0.0,0.0,0,0,0,0,0.0,0.0,0.0,100,0,0,0,5,2,1,1,1,5,0,0,0,3,5,0,DoS,1
6e-06,xtp,-,INT,2,0,200,0,166666.6608,254,0,133333328.0,0.0,0,0,0.006,0.0,0.0,0.0,0,0,0,0,0.0,0.0,0.0,100,0,0,0,4,2,1,1,1,4,0,0,0,1,4,0,DoS,1
8e-06,ddp,-,INT,2,0,200,0,125000.0003,254,0,100000000.0,0.0,0,0,0.008,0.0,0.0,0.0,0,0,0,0,0.0,0.0,0.0,100,0,0,0,4,2,1,1,1,4,0,0,0,2,4,0,DoS,1
9e-06,idpr-cmtp,-,INT,2,0,200,0,111111.1072,254,0,88888888.0,0.0,0,0,0.009,0.0,0.0,0.0,0,0,0,0,0.0,0.0,0.0,100,0,0,0,4,2,1,1,1,4,0,0,0,3,4,0,DoS,1
6e-06,il,-,INT,2,0,200,0,166666.6608,254,0,133333328.0,0.0,0,0,0.006,0.0,0.0,0.0,0,0,0,0,0.0,0.0,0.0,100,0,0,0,8,2,1,1,1,8,0,0,0,2,8,0,DoS,1
9e-06,ipv6,-,INT,2,0,200,0,111111.1072,254,0,88888888.0,0.0,0,0,0.009,0.0,0.0,0.0,0,0,0,0,0.0,0.0,0.0,100,0,0,0,8,2,3,3,3,8,0,0,0,4,8,0,DoS,1
8e-06,ipv6-route,-,INT,2,0,200,0,125000.0003,254,0,100000000.0,0.0,0,0,0.008,0.0,0.0,0.0,0,0,0,0,0.0,0.0,0.0,100,0,0,0,8,2,3,3,3,8,0,0,0,4,8,0,DoS,1
9e-06,unas,-,INT,2,0,200,0,111111.1072,254,0,88888888.0,0.0,0,0,0.009,0.0,0.0,0.0,0,0,0,0,0.0,0.0,0.0,100,0,0,0,7,2,2,2,2,7,0,0,0,22,7,0,DoS,1
4e-06,sdrp,-,INT,2,0,200,0,250000.0006,254,0,200000000.0,0.0,0,0,0.004,0.0,0.0,0.0,0,0,0,0,0.0,0.0,0.0,100,0,0,0,8,2,3,3,3,8,0,0,0,4,8,0,DoS,1
3e-06,idrp,-,INT,2,0,200,0,333333.3215,254,0,266666656.0,0.0,0,0,0.003,0.0,0.0,0.0,0,0,0,0,0.0,0.0,0.0,100,0,0,0,8,2,3,3,3,8,0,0,0,3,8,0,DoS,1
9e-06,unas,-,INT,2,0,200,0,111111.1072,254,0,88888888.0,0.0,0,0,0.009,0.0,0.0,0.0,0,0,0,0,0.0,0.0,0.0,100,0,0,0,7,2,3,3,3,7,0,0,0,7,7,0,DoS,1
4e-06,unas,-,INT,2,0,200,0,250000.0006,254,0,200000000.0,0.0,0,0,0.004,0.0,0.0,0.0,0,0,0,0,0.0,0.0,0.0,100,0,0,0,7,2,3,3,3,7,0,0,0,7,7,0,DoS,1
5e-06,mobile,-,INT,2,0,200,0,200000.0051,254,0,160000000.0,0.0,0,0,0.005,0.0,0.0,0.0,0,0,0,0,0.0,0.0,0.0,100,0,0,0,3,2,2,2,2,3,0,0,0,4,3,0,DoS,1
9e-06,unas,-,INT,2,0,200,0,111111.1072,254,0,88888888.0,0.0,0,0,0.009,0.0,0.0,0.0,0,0,0,0,0.0,0.0,0.0,100,0,0,0,6,2,3,3,3,6,0,0,0,5,6,0,DoS,1
8e-06,tlsp,-,INT,2,0,200,0,125000.0003,254,0,100000000.0,0.0,0,0,0.008,0.0,0.0,0.0,0,0,0,0,0.0,0.0,0.0,100,0,0,0,3,2,1,1,1,3,0,0,0,1,3,0,DoS,1
9e-06,ipv6-opts,-,INT,2,0,200,0,111111.1072,254,0,88888888.0,0.0,0,0,0.009,0.0,0.0,0.0,0,0,0,0,0.0,0.0,0.0,100,0,0,0,3,2,2,1,1,4,0,0,0,3,3,0,DoS,1
4e-06,any,-,INT,2,0,200,0,250000.0006,254,0,200000000.0,0.0,0,0,0.004,0.0,0.0,0.0,0,0,0,0,0.0,0.0,0.0,100,0,0,0,3,2,1,1,1,4,0,0,0,1,3,0,DoS,1
9e-06,unas,-,INT,2,0,200,0,111111.1072,254,0,88888888.0,0.0,0,0,0.009,0.0,0.0,0.0,0,0,0,0,0.0,0.0,0.0,100,0,0,0,6,2,3,3,3,6,0,0,0,14,6,0,DoS,1
3e-06,unas,-,INT,2,0,200,0,333333.3215,254,0,266666656.0,0.0,0,0,0.003,0.0,0.0,0.0,0,0,0,0,0.0,0.0,0.0,100,0,0,0,6,2,3,3,3,6,0,0,0,14,6,0,DoS,1
8e-06,any,-,INT,2,0,200,0,125000.0003,254,0,100000000.0,0.0,0,0,0.008,0.0,0.0,0.0,0,0,0,0,0.0,0.0,0.0,100,0,0,0,3,2,2,2,2,3,0,0,0,3,3,0,DoS,1
1e-05,sat-expak,-,INT,2,0,200,0,100000.0025,254,0,80000000.0,0.0,0,0,0.01,0.0,0.0,0.0,0,0,0,0,0.0,0.0,0.0,100,0,0,0,3,2,2,2,2,3,0,0,0,3,3,0,DoS,1
9e-06,kryptolan,-,INT,2,0,200,0,111111.1072,254,0,88888888.0,0.0,0,0,0.009,0.0,0.0,0.0,0,0,0,0,0.0,0.0,0.0,100,0,0,0,3,2,1,1,1,3,0,0,0,10,3,0,DoS,1
9e-06,any,-,INT,2,0,200,0,111111.1072,254,0,88888888.0,0.0,0,0,0.009,0.0,0.0,0.0,0,0,0,0,0.0,0.0,0.0,100,0,0,0,4,2,2,2,2,4,0,0,0,3,4,0,DoS,1
9e-06,unas,-,INT,2,0,200,0,111111.1072,254,0,88888888.0,0.0,0,0,0.009,0.0,0.0,0.0,0,0,0,0,0.0,0.0,0.0,100,0,0,0,7,2,2,2,2,7,0,0,0,3,7,0,DoS,1
1e-06,unas,-,INT,2,0,200,0,1000000.003,254,0,800000000.0,0.0,0,0,0.001,0.0,0.0,0.0,0,0,0,0,0.0,0.0,0.0,100,0,0,0,7,2,2,2,2,7,0,0,0,22,7,0,DoS,1
1e-05,cpnx,-,INT,2,0,200,0,100000.0025,254,0,80000000.0,0.0,0,0,0.01,0.0,0.0,0.0,0,0,0,0,0.0,0.0,0.0,100,0,0,0,7,2,3,3,3,7,0,0,0,3,7,0,DoS,1
9e-06,unas,-,INT,2,0,200,0,111111.1072,254,0,88888888.0,0.0,0,0,0.009,0.0,0.0,0.0,0,0,0,0,0.0,0.0,0.0,100,0,0,0,5,2,3,2,2,5,0,0,0,23,5,0,DoS,1
3e-06,ipcv,-,INT,2,0,200,0,333333.3215,254,0,266666656.0,0.0,0,0,0.003,0.0,0.0,0.0,0,0,0,0,0.0,0.0,0.0,100,0,0,0,7,2,3,3,3,7,0,0,0,3,7,0,DoS,1
0.728384,tcp,-,FIN,18,14,2346,1882,42.559967,254,252,24338.81055,19198.66406,6,5,41.823882,53.048922,2090.39098,63.760988,255,918147663,3057665731,255,0.094053,0.038739,0.055314,130,134,0,0,1,1,1,1,1,1,0,0,0,1,1,0,DoS,1
4e-06,visa,-,INT,2,0,200,0,250000.0006,254,0,200000000.0,0.0,0,0,0.004,0.0,0.0,0.0,0,0,0,0,0.0,0.0,0.0,100,0,0,0,7,2,3,3,3,7,0,0,0,3,7,0,DoS,1
1e-05,cphb,-,INT,2,0,200,0,100000.0025,254,0,80000000.0,0.0,0,0,0.01,0.0,0.0,0.0,0,0,0,0,0.0,0.0,0.0,100,0,0,0,7,2,2,2,2,7,0,0,0,23,7,0,DoS,1
1e-05,unas,-,INT,2,0,200,0,100000.0025,254,0,80000000.0,0.0,0,0,0.01,0.0,0.0,0.0,0,0,0,0,0.0,0.0,0.0,100,0,0,0,6,2,3,3,3,6,0,0,0,5,6,0,DoS,1
7e-06,unas,-,INT,2,0,200,0,142857.1409,254,0,114285712.0,0.0,0,0,0.007,0.0,0.0,0.0,0,0,0,0,0.0,0.0,0.0,100,0,0,0,5,2,3,3,3,5,0,0,0,17,5,0,DoS,1
6e-06,unas,-,INT,2,0,200,0,166666.6608,254,0,133333328.0,0.0,0,0,0.006,0.0,0.0,0.0,0,0,0,0,0.0,0.0,0.0,100,0,0,0,6,2,3,3,3,6,0,0,0,5,6,0,DoS,1
5e-06,br-sat-mon,-,INT,2,0,200,0,200000.0051,254,0,160000000.0,0.0,0,0,0.005,0.0,0.0,0.0,0,0,0,0,0.0,0.0,0.0,100,0,0,0,7,2,2,2,2,7,0,0,0,14,7,0,DoS,1
4e-06,pvp,-,INT,2,0,200,0,250000.0006,254,0,200000000.0,0.0,0,0,0.004,0.0,0.0,0.0,0,0,0,0,0.0,0.0,0.0,100,0,0,0,7,2,2,2,2,7,0,0,0,14,7,0,DoS,1
1e-05,wb-mon,-,INT,2,0,200,0,100000.0025,254,0,80000000.0,0.0,0,0,0.01,0.0,0.0,0.0,0,0,0,0,0.0,0.0,0.0,100,0,0,0,4,2,2,2,2,4,0,0,0,3,4,0,DoS,1
9e-06,iso-ip,-,INT,2,0,200,0,111111.1072,254,0,88888888.0,0.0,0,0,0.009,0.0,0.0,0.0,0,0,0,0,0.0,0.0,0.0,100,0,0,0,4,2,2,2,2,4,0,0,0,2,4,0,DoS,1
1e-05,wb-expak,-,INT,2,0,200,0,100000.0025,254,0,80000000.0,0.0,0,0,0.01,0.0,0.0,0.0,0,0,0,0,0.0,0.0,0.0,100,0,0,0,4,2,2,2,2,4,0,0,0,2,4,0,DoS,1
9e-06,secure-vmtp,-,INT,2,0,200,0,111111.1072,254,0,88888888.0,0.0,0,0,0.009,0.0,0.0,0.0,0,0,0,0,0.0,0.0,0.0,100,0,0,0,4,2,2,2,2,4,0,0,0,4,4,0,DoS,1
7e-06,ipx-n-ip,-,INT,2,0,200,0,142857.1409,254,0,114285712.0,0.0,0,0,0.007,0.0,0.0,0.0,0,0,0,0,0.0,0.0,0.0,100,0,0,0,4,2,2,2,2,4,0,0,0,16,4,0,DoS,1
3e-06,vrrp,-,INT,2,0,200,0,333333.3215,254,0,266666656.0,0.0,0,0,0.003,0.0,0.0,0.0,0,0,0,0,0.0,0.0,0.0,100,0,0,0,4,2,2,2,2,4,0,0,0,16,4,0,DoS,1
9e-06,vmtp,-,INT,2,0,200,0,111111.1072,254,0,88888888.0,0.0,0,0,0.009,0.0,0.0,0.0,0,0,0,0,0.0,0.0,0.0,100,0,0,0,4,2,2,2,2,4,0,0,0,4,4,0,DoS,1
3e-06,dgp,-,INT,2,0,200,0,333333.3215,254,0,266666656.0,0.0,0,0,0.003,0.0,0.0,0.0,0,0,0,0,0.0,0.0,0.0,100,0,0,0,5,2,3,3,3,5,0,0,0,28,5,0,DoS,1
3e-06,eigrp,-,INT,2,0,200,0,333333.3215,254,0,266666656.0,0.0,0,0,0.003,0.0,0.0,0.0,0,0,0,0,0.0,0.0,0.0,100,0,0,0,5,2,3,3,3,5,0,0,0,28,5,0,DoS,1
9e-06,iatp,-,INT,2,0,200,0,111111.1072,254,0,88888888.0,0.0,0,0,0.009,0.0,0.0,0.0,0,0,0,0,0.0,0.0,0.0,100,0,0,0,2,2,1,1,1,2,0,0,0,22,2,0,DoS,1
4e-06,larp,-,INT,2,0,200,0,250000.0006,254,0,200000000.0,0.0,0,0,0.004,0.0,0.0,0.0,0,0,0,0,0.0,0.0,0.0,100,0,0,0,7,2,2,2,2,7,0,0,0,2,7,0,DoS,1
9e-06,srp,-,INT,2,0,200,0,111111.1072,254,0,88888888.0,0.0,0,0,0.009,0.0,0.0,0.0,0,0,0,0,0.0,0.0,0.0,100,0,0,0,4,2,2,2,2,4,0,0,0,3,4,0,DoS,1
9e-06,sprite-rpc,-,INT,2,0,200,0,111111.1072,254,0,88888888.0,0.0,0,0,0.009,0.0,0.0,0.0,0,0,0,0,0.0,0.0,0.0,100,0,0,0,7,2,2,2,2,7,0,0,0,2,7,0,DoS,1
9e-06,uti,-,INT,2,0,200,0,111111.1072,254,0,88888888.0,0.0,0,0,0.009,0.0,0.0,0.0,0,0,0,0,0.0,0.0,0.0,100,0,0,0,4,2,1,1,1,4,0,0,0,3,4,0,DoS,1
5e-06,smp,-,INT,2,0,200,0,200000.0051,254,0,160000000.0,0.0,0,0,0.005,0.0,0.0,0.0,0,0,0,0,0.0,0.0,0.0,100,0,0,0,4,2,1,1,1,4,0,0,0,2,4,0,DoS,1
1e-05,fire,-,INT,2,0,200,0,100000.0025,254,0,80000000.0,0.0,0,0,0.01,0.0,0.0,0.0,0,0,0,0,0.0,0.0,0.0,100,0,0,0,5,2,2,2,2,5,0,0,0,4,5,0,DoS,1
5e-06,mtp,-,INT,2,0,200,0,200000.0051,254,0,160000000.0,0.0,0,0,0.005,0.0,0.0,0.0,0,0,0,0,0.0,0.0,0.0,100,0,0,0,7,2,3,3,3,7,0,0,0,24,7,0,DoS,1
4e-06,aes-sp3-d,-,INT,2,0,200,0,250000.0006,254,0,200000000.0,0.0,0,0,0.004,0.0,0.0,0.0,0,0,0,0,0.0,0.0,0.0,100,0,0,0,7,2,2,2,2,7,0,0,0,13,7,0,DoS,1
9e-06,etherip,-,INT,2,0,200,0,111111.1072,254,0,88888888.0,0.0,0,0,0.009,0.0,0.0,0.0,0,0,0,0,0.0,0.0,0.0,100,0,0,0,5,2,1,1,1,5,0,0,0,15,5,0,DoS,1
4e-06,sccopmce,-,INT,2,0,200,0,250000.0006,254,0,200000000.0,0.0,0,0,0.004,0.0,0.0,0.0,0,0,0,0,0.0,0.0,0.0,100,0,0,0,5,2,2,2,2,5,0,0,0,24,5,0,DoS,1
3e-06,micp,-,INT,2,0,200,0,333333.3215,254,0,266666656.0,0.0,0,0,0.003,0.0,0.0,0.0,0,0,0,0,0.0,0.0,0.0,100,0,0,0,7,2,2,2,2,7,0,0,0,13,7,0,DoS,1
9e-06,iplt,-,INT,2,0,200,0,111111.1072,254,0,88888888.0,0.0,0,0,0.009,0.0,0.0,0.0,0,0,0,0,0.0,0.0,0.0,100,0,0,0,5,2,3,3,3,5,0,0,0,27,5,0,DoS,1
5e-06,encap,-,INT,2,0,200,0,200000.0051,254,0,160000000.0,0.0,0,0,0.005,0.0,0.0,0.0,0,0,0,0,0.0,0.0,0.0,100,0,0,0,5,2,2,2,2,5,0,0,0,3,5,0,DoS,1
9e-06,gmtp,-,INT,2,0,200,0,111111.1072,254,0,88888888.0,0.0,0,0,0.009,0.0,0.0,0.0,0,0,0,0,0.0,0.0,0.0,100,0,0,0,5,2,2,2,2,5,0,0,0,2,5,0,DoS,1
3e-06,ifmp,-,INT,2,0,200,0,333333.3215,254,0,266666656.0,0.0,0,0,0.003,0.0,0.0,0.0,0,0,0,0,0.0,0.0,0.0,100,0,0,0,5,2,2,2,2,5,0,0,0,2,5,0,DoS,1
1e-05,sctp,-,INT,2,0,200,0,100000.0025,254,0,80000000.0,0.0,0,0,0.01,0.0,0.0,0.0,0,0,0,0,0.0,0.0,0.0,100,0,0,0,4,2,2,2,2,4,0,0,0,4,4,0,DoS,1
6e-06,pim,-,INT,2,0,200,0,166666.6608,254,0,133333328.0,0.0,0,0,0.006,0.0,0.0,0.0,0,0,0,0,0.0,0.0,0.0,100,0,0,0,4,2,2,2,2,4,0,0,0,24,4,0,DoS,1
3e-06,unas,-,INT,2,0,200,0,333333.3215,254,0,266666656.0,0.0,0,0,0.003,0.0,0.0,0.0,0,0,0,0,0.0,0.0,0.0,100,0,0,0,5,2,2,2,2,5,0,0,0,12,5,0,DoS,1
3e-06,pnni,-,INT,2,0,200,0,333333.3215,254,0,266666656.0,0.0,0,0,0.003,0.0,0.0,0.0,0,0,0,0,0.0,0.0,0.0,100,0,0,0,4,2,2,2,2,4,0,0,0,24,4,0,DoS,1
7e-06,aris,-,INT,2,0,200,0,142857.1409,254,0,114285712.0,0.0,0,0,0.007,0.0,0.0,0.0,0,0,0,0,0.0,0.0,0.0,100,0,0,0,4,2,2,2,2,4,0,0,0,24,4,0,DoS,1
4e-06,scps,-,INT,2,0,200,0,250000.0006,254,0,200000000.0,0.0,0,0,0.004,0.0,0.0,0.0,0,0,0,0,0.0,0.0,0.0,100,0,0,0,4,2,2,2,2,4,0,0,0,24,4,0,DoS,1
0.517412,ospf,-,INT,20,0,1040,0,36.72122,254,0,15276.02734,0.0,0,0,27.232211,0.0,31.620418,0.0,0,0,0,0,0.0,0.0,0.0,52,0,0,0,1,2,1,1,1,1,0,0,0,1,1,0,DoS,1
7e-06,a/n,-,INT,2,0,200,0,142857.1409,254,0,114285712.0,0.0,0,0,0.007,0.0,0.0,0.0,0,0,0,0,0.0,0.0,0.0,100,0,0,0,3,2,2,2,2,3,0,0,0,3,3,0,DoS,1
4e-06,qnx,-,INT,2,0,200,0,250000.0006,254,0,200000000.0,0.0,0,0,0.004,0.0,0.0,0.0,0,0,0,0,0.0,0.0,0.0,100,0,0,0,3,2,2,2,2,3,0,0,0,3,3,0,DoS,1
3e-06,ipcomp,-,INT,2,0,200,0,333333.3215,254,0,266666656.0,0.0,0,0,0.003,0.0,0.0,0.0,0,0,0,0,0.0,0.0,0.0,100,0,0,0,3,2,1,1,1,3,0,0,0,3,3,0,DoS,1
0.773947,tcp,http,FIN,10,8,566,354,21.965328,254,252,5271.678711,3204.35376,2,1,85.884778,96.662711,4648.550079,156.952859,255,2019291753,3252648524,255,0.143608,0.097299,0.046309,57,44,1,0,1,1,1,1,1,2,0,0,1,16,1,0,DoS,1
0.254632,tcp,http,FIN,12,20,1054,20904,121.744323,62,252,30381.09961,623927.875,2,8,23.148363,12.204684,1267.087692,1356.250748,255,1852369499,3721639654,255,0.063709,0.011964,0.051745,88,1045,0,0,2,1,1,1,1,1,0,0,0,1,1,0,DoS,1
9e-06,unas,-,INT,2,0,200,0,111111.1072,254,0,88888888.0,0.0,0,0,0.009,0.0,0.0,0.0,0,0,0,0,0.0,0.0,0.0,100,0,0,0,6,2,2,2,2,6,0,0,0,2,6,0,DoS,1
0.859692,tcp,pop3,FIN,20,20,984,2522,45.365085,62,252,8700.791016,22296.35742,7,8,45.201212,43.095051,2165.09002,50.056238,255,158709427,1367129816,255,0.105738,0.040882,0.064856,49,126,0,0,1,1,1,1,1,1,0,0,0,1,1,0,DoS,1
0.266865,tcp,http,FIN,10,8,848,972,63.702625,62,252,22902.9668,25511.02734,2,2,29.651667,37.055855,1459.535079,53.890398,255,2879819069,2394728803,255,0.052466,0.006753,0.045713,85,122,0,0,1,1,1,1,1,1,0,0,0,1,1,0,DoS,1
0.764909,tcp,pop3,FIN,20,22,958,4880,53.601145,62,252,9527.930664,48727.36328,7,9,40.258367,35.189429,1952.429883,1817.294739,255,565820719,1922453494,255,0.050831,0.007231,0.0436,48,222,0,0,1,1,1,1,1,1,0,0,0,1,1,0,DoS,1
1.213543,tcp,http,FIN,40,220,2198,282241,213.424648,62,252,14133.82031,1852156.75,2,108,31.116487,5.530174,1598.363131,717.563181,255,2692876249,871319435,255,0.051988,0.007363,0.044625,55,1283,0,0,1,1,1,1,1,1,0,0,0,1,1,0,DoS,1
0.14351,tcp,-,FIN,8,6,364,268,90.586023,254,252,17782.73242,12486.93457,1,1,20.501428,27.2894,1047.425102,44.214145,255,1852336018,283326595,255,0.059089,0.006464,0.052625,46,45,0,0,4,1,3,3,1,4,0,0,0,3,4,0,DoS,1
0.862264,tcp,smtp,FIN,20,20,3334,1712,45.229768,254,252,29392.39063,15095.14551,7,8,45.382316,44.953156,2143.113301,49.985145,255,1835731813,2881843418,255,0.054755,0.007401,0.047354,167,86,0,0,1,1,1,1,1,1,0,0,0,1,1,0,DoS,1
2.553869,tcp,-,FIN,258,44,330718,1902,117.860391,62,252,1031962.063,5823.321289,126,1,9.937233,58.432301,1212.920162,71.68918,255,1843947091,1622691567,255,0.075942,0.028723,0.047219,1282,43,0,0,4,1,1,1,1,1,0,0,0,2,1,0,DoS,1
0.888343,tcp,http,FIN,10,8,962,1526,19.136753,254,252,7798.789551,12031.38867,2,2,98.614556,111.850289,5052.217524,185.686375,255,540507430,3405363769,255,0.187992,0.10539,0.082602,96,191,0,0,2,1,3,1,1,3,0,0,0,1,2,0,DoS,1
0.19111,tcp,http,FIN,10,6,798,268,78.488828,254,252,30097.84961,9376.798828,2,1,19.533222,36.629398,1046.595091,62.907066,255,2429885634,3243924028,255,0.053248,0.007955,0.045293,80,45,1,0,1,1,1,1,1,1,0,0,1,1,1,0,DoS,1
0.185237,tcp,http,FIN,18,6,15226,268,124.165255,254,252,621085.375,9674.092773,6,1,10.071235,26.178801,753.113992,34.768535,255,3644067905,4047493408,255,0.08525,0.054335,0.030915,846,45,1,0,1,1,1,1,1,1,0,0,1,2,1,0,DoS,1
0.678233,tcp,http,FIN,10,8,814,944,25.065131,62,252,8645.996094,9742.963867,2,2,75.281556,89.866859,4033.30713,153.906438,255,128501321,418667294,255,0.125487,0.049162,0.076325,81,118,0,0,1,1,1,1,1,1,0,0,0,1,1,0,DoS,1
1.817078,tcp,smtp,FIN,24,20,5121,1738,23.664367,62,252,21608.31836,7273.21582,9,8,78.957565,93.196789,4361.037516,128.592852,255,2258439976,1854834779,255,0.0978,0.04633,0.05147,213,87,0,0,1,1,1,1,1,1,0,0,0,2,1,0,DoS,1
0.218249,tcp,http,FIN,10,6,956,268,68.728839,254,252,31560.2832,8210.805664,2,1,22.230667,41.075602,1235.951509,63.907953,255,3381438684,3826569609,255,0.028082,0.012862,0.01522,96,45,1,0,1,1,1,1,1,1,0,0,1,15,1,0,DoS,1
2.173711,tcp,-,FIN,20,18,1102,3018,17.021582,62,252,3853.318115,10492.65527,6,7,114.40584,123.418766,6573.305637,171.643984,255,2518762452,182445477,255,0.183337,0.074981,0.108356,55,168,0,0,7,1,1,1,1,1,0,0,0,2,1,0,DoS,1
0.253036,tcp,http,FIN,10,8,818,2428,67.184118,62,252,23301.0332,67184.11719,2,2,28.115111,34.986145,1358.047078,49.96448,255,4030181319,4194977497,255,0.053183,0.006997,0.046186,82,304,1,800,2,1,1,1,1,1,0,0,1,1,1,0,DoS,1
6e-06,unas,-,INT,2,0,200,0,166666.6608,254,0,133333328.0,0.0,0,0,0.006,0.0,0.0,0.0,0,0,0,0,0.0,0.0,0.0,100,0,0,0,5,2,3,3,3,5,0,0,0,17,5,0,DoS,1
8.669847,ospf,-,INT,40,0,10880,0,4.49835,254,0,9788.408203,0.0,0,0,222.303766,0.0,256.207656,0.0,0,0,0,0,0.0,0.0,0.0,272,0,0,0,1,2,1,1,1,1,0,0,0,2,1,0,DoS,1
0.702411,tcp,-,FIN,18,6,14686,268,32.744362,254,252,157981.5781,2551.212891,6,1,41.318293,124.061797,2825.531928,194.850016,255,2890317869,2408998540,255,0.138685,0.081283,0.057402,816,45,0,0,4,1,1,1,1,1,0,0,0,2,2,0,DoS,1
5e-06,unas,-,INT,2,0,200,0,200000.0051,254,0,160000000.0,0.0,0,0,0.005,0.0,0.0,0.0,0,0,0,0,0.0,0.0,0.0,100,0,0,0,4,2,1,1,1,4,0,0,0,1,4,0,DoS,1
4.160313,tcp,pop3,FIN,36,120,1626,136956,37.256811,62,252,3040.155762,261163.0313,7,58,118.856568,33.889915,5747.995601,3013.523531,255,2329848657,3312206149,255,0.224912,0.127412,0.0975,45,1141,0,0,1,1,1,1,1,1,0,0,0,2,1,0,DoS,1
0.537791,tcp,-,FIN,12,8,3668,354,35.329709,254,252,50026.86719,4611.456543,3,1,45.653183,73.656711,3249.175636,115.8225,255,3618833572,3528557996,255,0.082109,0.022189,0.05992,306,44,0,0,1,1,1,1,1,1,0,0,0,2,1,0,DoS,1
0.737844,tcp,http,FIN,10,10,764,1246,25.750701,62,252,7459.571289,12165.17285,2,2,81.982667,75.185664,4602.994033,163.674078,255,3084491197,3675240191,255,0.095683,0.060475,0.035208,76,125,1,179,1,1,1,1,1,2,0,0,1,1,1,0,DoS,1
1e-06,udp,dns,INT,2,0,126,0,1000000.003,254,0,504000000.0,0.0,0,0,0.001,0.0,0.0,0.0,0,0,0,0,0.0,0.0,0.0,63,0,0,0,1,2,2,1,1,1,0,0,0,2,1,0,DoS,1
9e-06,unas,-,INT,2,0,200,0,111111.1072,254,0,88888888.0,0.0,0,0,0.009,0.0,0.0,0.0,0,0,0,0,0.0,0.0,0.0,100,0,0,0,4,2,3,3,3,4,0,0,0,4,4,0,DoS,1
9e-06,unas,-,INT,2,0,200,0,111111.1072,254,0,88888888.0,0.0,0,0,0.009,0.0,0.0,0.0,0,0,0,0,0.0,0.0,0.0,100,0,0,0,3,2,2,1,1,3,0,0,0,20,3,0,DoS,1
8e-06,udp,-,INT,2,0,1280,0,125000.0003,254,0,640000000.0,0.0,0,0,0.008,0.0,0.0,0.0,0,0,0,0,0.0,0.0,0.0,640,0,0,0,2,2,1,1,1,1,0,0,0,1,1,0,DoS,1
0.490781,tcp,http,FIN,10,10,748,1276,38.713804,62,252,10986.57031,18729.33203,2,2,54.531222,51.744668,3482.119886,106.339055,255,1900913223,3355705454,255,0.078927,0.024419,0.054508,75,128,1,196,1,1,1,1,1,1,0,0,1,2,1,0,DoS,1
0.294484,tcp,-,FIN,12,8,1204,2114,64.519637,254,252,29991.44336,50257.40234,3,2,25.688364,41.189715,1347.62245,60.521902,255,1354296534,2854126676,255,0.049978,0.006152,0.043826,100,264,0,0,2,1,1,1,1,1,0,0,0,1,1,0,DoS,1
0.18057,tcp,-,FIN,10,6,1920,268,83.070275,254,252,76557.5625,9924.128906,2,1,18.681222,34.810602,998.953115,60.273617,255,1634216264,2563522522,255,0.058545,0.006512,0.052033,192,45,0,0,1,1,1,1,1,1,0,0,0,1,1,0,DoS,1
9e-06,unas,-,INT,2,0,200,0,111111.1072,254,0,88888888.0,0.0,0,0,0.009,0.0,0.0,0.0,0,0,0,0,0.0,0.0,0.0,100,0,0,0,7,2,3,2,2,7,0,0,0,2,7,0,DoS,1
1e-05,unas,-,INT,2,0,200,0,100000.0025,254,0,80000000.0,0.0,0,0,0.01,0.0,0.0,0.0,0,0,0,0,0.0,0.0,0.0,100,0,0,0,7,2,2,2,2,7,0,0,0,3,7,0,DoS,1
0.509659,tcp,http,FIN,10,8,808,1412,33.355636,62,252,11427.24902,19401.20703,2,2,56.628778,40.957145,3197.314932,65.633203,255,2936923210,2604889436,255,0.24815,0.190714,0.057436,81,177,1,284,1,1,1,1,1,1,0,0,1,1,1,0,DoS,1
9e-06,unas,-,INT,2,0,200,0,111111.1072,254,0,88888888.0,0.0,0,0,0.009,0.0,0.0,0.0,0,0,0,0,0.0,0.0,0.0,100,0,0,0,2,2,1,1,1,2,0,0,0,21,2,0,DoS,1
9e-06,unas,-,INT,2,0,200,0,111111.1072,254,0,88888888.0,0.0,0,0,0.009,0.0,0.0,0.0,0,0,0,0,0.0,0.0,0.0,100,0,0,0,6,2,2,2,2,6,0,0,0,19,6,0,DoS,1
1.281112,tcp,http,FIN,40,12,6454,526,39.809167,254,252,39297.11328,3016.129883,17,1,32.808487,114.591,3052.723734,207.655781,255,1681683055,838480570,255,0.068086,0.020607,0.047479,161,44,0,0,1,1,1,1,1,1,0,0,0,1,1,0,DoS,1
59.821968,tcp,-,CON,630,348,303030,14964,16.331793,254,252,40459.91797,1995.387329,315,0,95.304294,172.269844,4518.784214,178.710859,255,906896053,1778713373,255,0.237422,0.144367,0.093055,481,43,0,0,6,0,2,1,1,4,0,0,0,1,6,0,DoS,1
0.190718,tcp,-,FIN,10,6,528,268,78.650156,254,252,19966.65234,9396.072266,2,1,19.486444,34.540602,1068.142324,54.167637,255,608231978,4027208933,255,0.033734,0.018006,0.015728,53,45,0,0,1,1,1,1,1,1,0,0,0,1,1,0,DoS,1
0.24982,tcp,http,FIN,10,8,824,1496,68.048997,62,252,23761.10938,41918.18359,2,2,27.757778,33.187145,1467.26713,59.162344,255,1082183588,3919297998,255,0.057973,0.00967,0.048303,82,187,1,326,2,1,1,1,1,1,0,0,1,1,1,0,DoS,1
5e-06,unas,-,INT,2,0,200,0,200000.0051,254,0,160000000.0,0.0,0,0,0.005,0.0,0.0,0.0,0,0,0,0,0.0,0.0,0.0,100,0,0,0,6,2,3,3,3,6,0,0,0,3,6,0,DoS,1
0.186784,tcp,-,FIN,10,6,468,268,80.306665,254,252,18074.35352,9593.969727,2,1,18.935778,35.976,1006.242179,60.362754,255,3099460660,2956290612,255,0.053043,0.006895,0.046148,47,45,0,0,1,1,1,1,1,1,0,0,0,1,1,0,DoS,1
2.635832,tcp,smtp,FIN,34,24,19623,1886,21.62505,254,252,57806.41406,5487.451172,14,8,79.873696,110.331172,5031.762026,146.105187,255,4255972189,189379482,255,0.202248,0.0975,0.104748,577,79,0,0,1,1,2,1,1,1,0,0,0,1,1,0,DoS,1
59.02319,ospf,-,REQ,26,0,2808,0,0.423562,254,0,365.957855,0.0,0,0,2446.801,0.0,2776.60925,0.0,0,0,0,0,0.0,0.0,0.0,108,0,0,0,1,6,1,1,1,1,0,0,0,4,1,0,DoS,1
1.136663,tcp,http,FIN,10,8,814,354,14.956061,62,252,5158.960938,2181.825195,2,1,126.295889,134.497,6649.489057,223.513719,255,239306030,4095340461,255,0.403516,0.194039,0.209477,81,44,0,0,1,1,2,1,1,1,0,0,0,1,1,0,DoS,1
1e-06,unas,-,INT,2,0,200,0,1000000.003,254,0,800000000.0,0.0,0,0,0.001,0.0,0.0,0.0,0,0,0,0,0.0,0.0,0.0,100,0,0,0,6,2,3,3,3,6,0,0,0,23,6,0,DoS,1
3e-06,unas,-,INT,2,0,200,0,333333.3215,254,0,266666656.0,0.0,0,0,0.003,0.0,0.0,0.0,0,0,0,0,0.0,0.0,0.0,100,0,0,0,3,2,1,1,1,4,0,0,0,1,3,0,DoS,1
0.242814,tcp,-,FIN,10,6,492,268,61.775679,254,252,14595.53418,7380.134277,2,1,24.684667,39.506398,1263.613352,55.620914,255,3769337553,974124481,255,0.08762,0.045273,0.042347,49,45,0,0,1,1,1,1,1,1,0,0,0,1,1,0,DoS,1
1.567767,tcp,http,FIN,18,48,1600,54890,41.460242,62,252,7715.432129,274260.125,3,21,92.221588,31.73985,5499.713784,3018.572638,255,118214084,3471373494,255,0.165123,0.075212,0.089911,89,1144,0,0,1,1,2,1,1,3,0,0,0,2,1,0,DoS,1
0.447146,tcp,http,FIN,10,8,914,1292,38.018902,62,252,14724.49707,20235.00195,2,2,49.682889,49.73457,2609.131265,83.496633,255,4192004670,3583384278,255,0.118191,0.068541,0.04965,91,162,1,225,1,1,1,1,1,1,0,0,1,6,1,0,DoS,1
0.28097,tcp,http,FIN,10,8,818,2286,60.504679,62,252,20984.44531,56974.05078,2,2,31.218889,39.06143,1551.453331,57.107996,255,3361342094,3469949919,255,0.052867,0.006776,0.046091,82,286,1,729,1,1,1,1,1,1,0,0,1,1,1,0,DoS,1
8e-06,udp,-,INT,2,0,170,0,125000.0003,254,0,85000000.0,0.0,0,0,0.008,0.0,0.0,0.0,0,0,0,0,0.0,0.0,0.0,85,0,0,0,6,2,1,1,1,1,0,0,0,2,2,0,DoS,1
9e-06,unas,-,INT,2,0,200,0,111111.1072,254,0,88888888.0,0.0,0,0,0.009,0.0,0.0,0.0,0,0,0,0,0.0,0.0,0.0,100,0,0,0,5,2,3,3,3,5,0,0,0,17,5,0,DoS,1
1.274222,tcp,dns,FIN,10,8,660,354,13.341474,254,252,3729.334473,1946.285645,2,1,141.475667,169.588,8320.079993,238.686891,255,2055350565,3084439659,255,0.220947,0.087097,0.13385,66,44,0,0,1,1,1,1,1,1,0,0,0,1,1,0,DoS,1
0.83696,tcp,http,FIN,10,10,840,1556,22.701204,62,252,7226.151855,13391.32031,2,2,92.995556,85.168336,5135.478629,178.494188,255,2847786527,652945378,255,0.120671,0.069785,0.050886,84,156,1,314,1,1,2,1,1,1,0,0,1,2,1,0,DoS,1
0.435963,tcp,http,FIN,10,8,782,982,38.994134,62,252,12918.52734,15781.15527,2,2,48.426556,53.214715,2619.581553,78.155336,255,3416612524,2994171682,255,0.124331,0.063451,0.06088,78,123,0,0,1,1,3,1,1,3,0,0,0,2,1,0,DoS,1
3.625534,tcp,-,FIN,24,24,3432,3172,12.963607,254,252,7257.413574,6707.977051,9,9,157.631918,154.472266,8559.731314,280.086969,255,3781374733,798754491,255,0.155858,0.071894,0.083964,143,132,0,0,5,1,1,1,1,1,0,0,0,2,1,0,DoS,1
8e-06,sep,-,INT,2,0,104,0,125000.0003,254,0,52000000.0,0.0,0,0,0.008,0.0,0.0,0.0,0,0,0,0,0.0,0.0,0.0,52,0,0,0,1,2,1,1,1,1,0,0,0,1,1,0,DoS,1
9e-06,unas,-,INT,2,0,200,0,111111.1072,254,0,88888888.0,0.0,0,0,0.009,0.0,0.0,0.0,0,0,0,0,0.0,0.0,0.0,100,0,0,0,5,2,2,2,2,5,0,0,0,4,5,0,DoS,1
59.913979,tcp,-,CON,816,5164,35088,6988551,99.793072,62,252,4679.375488,932964.0,0,2576,73.772,11.650315,88.214492,1442.455201,255,459946522,3902088044,255,0.137764,0.078501,0.059263,43,1353,0,0,1,3,1,1,1,1,0,0,0,1,1,0,DoS,1
1.275339,tcp,smtp,FIN,188,44,224531,2760,181.128311,254,252,1400957.75,16924.12695,91,8,6.819995,29.098977,690.024503,35.154883,255,684157216,2919137108,255,0.05656,0.02356,0.033,1194,63,0,0,1,1,1,1,1,1,0,0,0,1,1,0,DoS,1
2.332387,tcp,smtp,FIN,34,24,19727,1842,24.438483,254,252,65673.49219,6057.313965,14,8,70.678394,96.650648,4349.484938,116.658039,255,2813409187,2721624855,255,0.199489,0.108674,0.090815,580,77,0,0,1,1,1,1,1,2,0,0,0,3,1,0,DoS,1
2.229883,tcp,http,FIN,10,10,746,1094,8.520627,62,252,2410.888916,3533.817871,2,2,247.748111,230.942891,13762.48281,367.280062,255,2527733627,2223071757,255,0.236251,0.151392,0.084859,75,109,1,106,1,1,1,1,1,1,0,0,1,2,1,0,DoS,1
9e-06,unas,-,INT,2,0,200,0,111111.1072,254,0,88888888.0,0.0,0,0,0.009,0.0,0.0,0.0,0,0,0,0,0.0,0.0,0.0,100,0,0,0,7,2,1,1,1,7,0,0,0,1,7,0,DoS,1
59.563175,tcp,-,CON,488,314,234728,13502,13.447906,254,252,31461.99023,1807.694092,244,0,122.60495,190.516094,6724.174051,224.014438,255,906697162,1778713373,255,0.237422,0.144367,0.093055,481,43,0,0,5,0,3,1,1,5,0,0,0,3,5,0,DoS,1
9e-06,unas,-,INT,2,0,200,0,111111.1072,254,0,88888888.0,0.0,0,0,0.009,0.0,0.0,0.0,0,0,0,0,0.0,0.0,0.0,100,0,0,0,4,2,1,1,1,4,0,0,0,18,4,0,DoS,1
1.665331,tcp,-,FIN,14,8,5076,468,12.610106,254,252,22645.34766,1969.578369,4,2,125.184228,210.233578,7009.353299,255.514578,255,3450893346,1643553751,255,0.375928,0.193676,0.182252,363,59,0,0,1,1,1,1,1,1,0,0,0,1,1,0,DoS,1
8e-06,unas,-,INT,2,0,200,0,125000.0003,254,0,100000000.0,0.0,0,0,0.008,0.0,0.0,0.0,0,0,0,0,0.0,0.0,0.0,100,0,0,0,4,2,1,1,1,4,0,0,0,21,4,0,DoS,1
5e-06,unas,-,INT,2,0,200,0,200000.0051,254,0,160000000.0,0.0,0,0,0.005,0.0,0.0,0.0,0,0,0,0,0.0,0.0,0.0,100,0,0,0,6,2,2,2,2,6,0,0,0,19,6,0,DoS,1
4e-06,unas,-,INT,2,0,200,0,250000.0006,254,0,200000000.0,0.0,0,0,0.004,0.0,0.0,0.0,0,0,0,0,0.0,0.0,0.0,100,0,0,0,3,2,1,1,1,3,0,0,0,2,3,0,DoS,1
3.916585,tcp,-,FIN,28,16,21218,784,10.978952,254,252,41793.55078,1501.307861,11,5,145.048558,256.463797,15920.63982,641.1665,255,2528732776,3490564044,255,0.24844,0.069627,0.178813,758,49,0,0,9,1,1,1,1,1,0,0,0,4,1,0,DoS,1
3e-06,udp,snmp,INT,2,0,136,0,333333.3215,254,0,181333328.0,0.0,0,0,0.003,0.0,0.0,0.0,0,0,0,0,0.0,0.0,0.0,68,0,0,0,1,2,1,1,1,1,0,0,0,1,1,0,DoS,1
6e-06,unas,-,INT,2,0,200,0,166666.6608,254,0,133333328.0,0.0,0,0,0.006,0.0,0.0,0.0,0,0,0,0,0.0,0.0,0.0,100,0,0,0,6,2,3,3,3,6,0,0,0,3,6,0,DoS,1
5e-06,unas,-,INT,2,0,200,0,200000.0051,254,0,160000000.0,0.0,0,0,0.005,0.0,0.0,0.0,0,0,0,0,0.0,0.0,0.0,100,0,0,0,6,2,2,2,2,6,0,0,0,2,6,0,DoS,1
0.075624,udp,dns,CON,2,2,140,834,39.669948,254,60,7405.057129,44112.98047,0,0,0.014,0.015,0.0,0.0,0,0,0,0,0.0,0.0,0.0,70,417,0,0,1,0,1,1,1,1,0,0,0,1,1,0,DoS,1
3.834629,tcp,smtp,FIN,212,48,255244,2976,67.542387,62,252,529993.375,6079.336426,103,8,18.173598,80.121766,1862.97406,92.885773,255,2893920939,2981135344,255,0.162664,0.06823,0.094434,1204,62,0,0,1,1,1,1,1,1,0,0,0,1,1,0,DoS,1
0.599536,tcp,http,FIN,10,8,804,1630,28.355261,62,252,9660.804688,19041.39258,2,2,66.517778,72.434289,3374.529549,110.210586,255,1272138087,3739703125,255,0.162808,0.092495,0.070313,80,204,1,410,1,1,2,1,1,7,0,0,1,1,1,0,DoS,1
9e-06,ggp,-,INT,2,0,180,0,111111.1072,254,0,80000000.0,0.0,0,0,0.009,0.0,0.0,0.0,0,0,0,0,0.0,0.0,0.0,90,0,0,0,4,2,2,2,2,3,0,0,0,2,3,0,DoS,1
9e-06,ipnip,-,INT,2,0,180,0,111111.1072,254,0,80000000.0,0.0,0,0,0.009,0.0,0.0,0.0,0,0,0,0,0.0,0.0,0.0,90,0,0,0,4,2,2,2,2,3,0,0,0,2,3,0,DoS,1
5e-06,argus,-,INT,2,0,180,0,200000.0051,254,0,144000000.0,0.0,0,0,0.005,0.0,0.0,0.0,0,0,0,0,0.0,0.0,0.0,90,0,0,0,10,2,11,10,10,10,0,0,0,10,10,0,DoS,1
8e-06,bbn-rcc,-,INT,2,0,180,0,125000.0003,254,0,90000000.0,0.0,0,0,0.008,0.0,0.0,0.0,0,0,0,0,0.0,0.0,0.0,90,0,0,0,10,2,11,10,10,10,0,0,0,10,10,0,DoS,1
5e-06,unas,-,INT,2,0,200,0,200000.0051,254,0,160000000.0,0.0,0,0,0.005,0.0,0.0,0.0,0,0,0,0,0.0,0.0,0.0,100,0,0,0,4,2,2,2,2,4,0,0,0,2,4,0,DoS,1
3e-06,xnet,-,INT,2,0,180,0,333333.3215,254,0,239999984.0,0.0,0,0,0.003,0.0,0.0,0.0,0,0,0,0,0.0,0.0,0.0,90,0,0,0,10,2,11,10,10,10,0,0,0,10,10,0,DoS,1
4e-06,udp,-,INT,2,0,608,0,250000.0006,254,0,608000000.0,0.0,0,0,0.004,0.0,0.0,0.0,0,0,0,0,0.0,0.0,0.0,304,0,0,0,1,2,1,1,1,1,0,0,0,1,1,0,DoS,1
2.035469,tcp,smtp,FIN,122,34,137144,2372,76.149524,62,252,534599.125,9051.476562,58,8,16.962242,59.652031,1651.222942,78.504133,255,3815447168,1741595871,255,0.086073,0.02746,0.058613,1124,70,0,0,1,1,1,1,1,1,0,0,0,1,1,0,DoS,1
0.834062,tcp,-,FIN,10,8,740,354,20.382178,254,252,6388.014648,2973.400146,2,1,85.416444,107.953,5436.44977,161.270531,255,3419728441,546879223,255,0.184013,0.078383,0.10563,74,44,0,0,9,1,3,1,1,4,0,0,0,5,8,0,DoS,1
8e-06,iso-tp4,-,INT,2,0,200,0,125000.0003,254,0,100000000.0,0.0,0,0,0.008,0.0,0.0,0.0,0,0,0,0,0.0,0.0,0.0,100,0,0,0,13,2,2,2,2,13,0,0,0,3,13,0,DoS,1
8e-06,mfe-nsp,-,INT,2,0,200,0,125000.0003,254,0,100000000.0,0.0,0,0,0.008,0.0,0.0,0.0,0,0,0,0,0.0,0.0,0.0,100,0,0,0,5,2,2,2,2,5,0,0,0,2,5,0,DoS,1
4e-06,udp,dhcp,INT,2,0,656,0,250000.0006,254,0,656000000.0,0.0,0,0,0.004,0.0,0.0,0.0,0,0,0,0,0.0,0.0,0.0,328,0,0,0,1,2,1,1,1,1,0,0,0,1,1,0,DoS,1
1e-06,3pc,-,INT,2,0,200,0,1000000.003,254,0,800000000.0,0.0,0,0,0.001,0.0,0.0,0.0,0,0,0,0,0.0,0.0,0.0,100,0,0,0,5,2,1,1,1,5,0,0,0,2,5,0,DoS,1
0.68638,tcp,http,FIN,10,8,834,1226,24.76762,62,252,8753.167969,12506.19141,2,2,76.162222,90.271141,4396.83807,162.504375,255,3267577782,3733271306,255,0.082838,0.054477,0.028361,83,153,1,197,1,1,1,1,1,1,0,0,1,1,1,0,DoS,1
0.171237,tcp,-,FIN,8,6,364,268,75.918169,254,252,14903.32031,10465.02734,1,1,24.462428,28.171199,1221.871849,47.739965,255,1464290146,1130894220,255,0.066741,0.013772,0.052969,46,45,0,0,4,1,1,1,1,4,0,0,0,1,4,0,DoS,1
1.657184,tcp,smtp,FIN,28,20,12017,1650,28.361365,254,252,55940.67969,7569.467285,11,8,61.377184,83.730633,3378.843923,100.608031,255,1462992412,3025378275,255,0.155317,0.065593,0.089724,429,83,0,0,2,1,1,1,1,1,0,0,0,2,1,0,DoS,1
0.449675,tcp,-,FIN,10,6,1004,268,33.357425,254,252,16082.72656,3985.100342,2,1,46.571333,71.320398,2412.821492,109.002336,255,253972984,950146604,255,0.134729,0.093063,0.041666,100,45,0,0,7,1,1,1,1,1,0,0,0,2,1,0,DoS,1
7e-06,sctp,-,INT,2,0,1080,0,142857.1409,254,0,617142848.0,0.0,0,0,0.007,0.0,0.0,0.0,0,0,0,0,0.0,0.0,0.0,540,0,0,0,1,2,1,1,1,3,0,0,0,1,1,0,DoS,1
1e-05,gre,-,INT,2,0,200,0,100000.0025,254,0,80000000.0,0.0,0,0,0.01,0.0,0.0,0.0,0,0,0,0,0.0,0.0,0.0,100,0,0,0,8,2,3,3,3,8,0,0,0,3,8,0,DoS,1
0.837506,tcp,pop3,FIN,20,20,964,3204,46.566831,62,252,8749.788086,29076.80664,7,8,44.079262,42.856789,2132.147837,51.118043,255,2564011873,2038761286,255,0.055487,0.0085,0.046987,48,160,0,0,1,1,1,1,1,1,0,0,0,1,1,0,DoS,1
0.55405,tcp,http,FIN,10,8,876,1400,30.68315,254,252,11392.47266,17687.93359,2,2,61.561111,67.81957,2984.185977,103.972109,255,1871614026,3494237637,255,0.157374,0.076794,0.08058,88,175,0,0,1,1,1,1,1,1,0,0,0,1,1,0,DoS,1
1.672466,tcp,smtp,FIN,16,14,908,964,17.339664,254,252,4075.419189,4285.886719,5,5,108.101265,122.810078,6512.96677,161.427859,255,54458644,45334234,255,0.126123,0.075926,0.050197,57,69,0,0,1,1,1,1,1,1,0,0,0,1,1,0,DoS,1
1e-05,rsvp,-,INT,2,0,200,0,100000.0025,254,0,80000000.0,0.0,0,0,0.01,0.0,0.0,0.0,0,0,0,0,0.0,0.0,0.0,100,0,0,0,8,2,3,3,3,8,0,0,0,3,8,0,DoS,1
0.19959,tcp,http,FIN,10,12,808,6808,105.215693,62,252,29179.81836,250152.8125,2,4,22.176667,16.223091,1153.358443,1502.00063,255,3510131877,3874497084,255,0.061899,0.015269,0.04663,81,567,1,2916,2,1,1,1,1,1,0,0,1,1,1,0,DoS,1
0.411412,tcp,-,FIN,8,6,364,268,31.598495,254,252,6203.027832,4355.730957,1,1,58.773143,72.335797,3587.279142,129.444414,255,3796888477,1065627397,255,0.095483,0.049139,0.046344,46,45,0,0,4,1,3,3,1,4,0,0,0,3,4,0,DoS,1
9e-06,bna,-,INT,2,0,200,0,111111.1072,254,0,88888888.0,0.0,0,0,0.009,0.0,0.0,0.0,0,0,0,0,0.0,0.0,0.0,100,0,0,0,4,2,2,2,2,4,0,0,0,2,4,0,DoS,1
0.262253,tcp,http,FIN,10,8,830,1472,64.822903,62,252,22787.15625,39290.30469,2,2,29.139222,36.27343,1438.24445,53.213012,255,2904956115,2088471908,255,0.053477,0.007537,0.04594,83,184,1,316,1,1,1,1,1,1,0,0,1,2,2,0,DoS,1
9e-06,mhrp,-,INT,2,0,200,0,111111.1072,254,0,88888888.0,0.0,0,0,0.009,0.0,0.0,0.0,0,0,0,0,0.0,0.0,0.0,100,0,0,0,4,2,2,2,2,4,0,0,0,2,4,0,DoS,1
25.581951,rvd,-,INT,4,0,400,0,0.11727,254,0,93.816147,0.0,0,0,8527.316,0.0,12059.435,0.0,0,0,0,0,0.0,0.0,0.0,100,0,0,0,4,2,2,2,2,4,0,0,0,2,4,0,DoS,1
1.576531,tcp,http,FIN,34,30,6468,9396,39.961154,254,252,31857.28516,46091.06641,13,13,47.773667,54.092656,2412.77282,75.514398,255,2629048010,3429681463,255,0.052903,0.007208,0.045695,190,313,1,98,2,1,1,1,1,1,0,0,1,1,1,0,DoS,1
5e-06,swipe,-,INT,2,0,200,0,200000.0051,254,0,160000000.0,0.0,0,0,0.005,0.0,0.0,0.0,0,0,0,0,0.0,0.0,0.0,100,0,0,0,4,2,1,1,1,4,0,0,0,1,4,0,DoS,1
0.202222,tcp,-,FIN,10,6,468,268,74.175904,254,252,16694.52344,8861.547852,2,1,20.787222,38.853801,1104.555175,65.634094,255,3406692954,406343385,255,0.062274,0.007944,0.05433,47,45,0,0,1,1,1,1,1,1,0,0,0,1,1,0,DoS,1
5e-06,skip,-,INT,2,0,200,0,200000.0051,254,0,160000000.0,0.0,0,0,0.005,0.0,0.0,0.0,0,0,0,0,0.0,0.0,0.0,100,0,0,0,1,2,1,1,1,1,0,0,0,2,1,0,DoS,1
1.393057,tcp,http,FIN,12,10,892,1168,15.07476,62,252,4697.58252,6041.389648,2,2,126.641545,140.924109,7505.815218,217.142469,255,855327305,718753885,255,0.25517,0.12393,0.13124,74,117,1,113,2,1,1,2,1,1,0,0,1,2,1,0,DoS,1
4e-06,ipv6-no,-,INT,2,0,200,0,250000.0006,254,0,200000000.0,0.0,0,0,0.004,0.0,0.0,0.0,0,0,0,0,0.0,0.0,0.0,100,0,0,0,1,2,1,1,1,1,0,0,0,2,1,0,DoS,1
0.688491,tcp,smtp,FIN,20,20,2322,1624,56.645622,254,252,25632.86914,17929.06641,7,8,36.236369,35.067156,1823.83034,47.816453,255,1882702055,3931741743,255,0.053276,0.007974,0.045302,116,81,0,0,1,1,1,1,1,1,0,0,0,1,1,0,DoS,1
0.261107,tcp,http,FIN,10,8,908,1456,65.107409,254,252,25062.52344,39033.80469,2,2,29.011889,36.273285,1437.09636,53.356977,255,56663276,4068736517,255,0.050875,0.006389,0.044486,91,182,0,0,1,1,2,1,1,1,0,0,0,1,1,0,DoS,1
9e-06,cftp,-,INT,2,0,200,0,111111.1072,254,0,88888888.0,0.0,0,0,0.009,0.0,0.0,0.0,0,0,0,0,0.0,0.0,0.0,100,0,0,0,3,2,1,1,1,4,0,0,0,2,3,0,DoS,1
0.734171,tcp,ftp,FIN,14,14,698,890,36.776175,62,252,7071.922363,9011.524414,4,5,56.474692,52.55623,3033.494278,85.635719,255,998571853,3895460106,255,0.103721,0.050305,0.053416,50,64,0,0,1,1,1,1,1,1,0,0,0,1,1,0,DoS,1
0.151715,tcp,http,FIN,18,6,12668,268,151.600044,254,252,630919.8125,11811.62109,6,1,8.268706,28.756,640.356644,48.270844,255,4120869204,4110548564,255,0.053986,0.007922,0.046064,704,45,1,0,2,1,1,1,1,2,0,0,1,1,2,0,DoS,1
0.236529,tcp,http,FIN,10,8,1210,1020,71.872796,62,252,36832.69531,30203.48633,2,2,26.281,30.882428,1434.744603,48.40775,255,2067099849,2479800545,255,0.031341,0.019675,0.011666,121,128,1,109,1,1,1,1,1,1,0,0,1,1,1,0,DoS,1
0.238376,tcp,http,FIN,10,8,958,1268,71.315902,62,252,28962.64648,37252.07031,2,2,26.486222,32.393857,1470.374628,54.845168,255,1972584552,3439072877,255,0.053231,0.007207,0.046024,96,159,1,209,1,1,1,1,1,1,0,0,1,1,1,0,DoS,1
0.307948,tcp,-,FIN,10,6,1082,268,48.709523,254,252,25302.97461,5819.164551,2,1,30.398556,50.296398,1513.584546,66.341539,255,49468468,1637912889,255,0.102524,0.056461,0.046063,108,45,0,0,1,1,1,1,1,1,0,0,0,1,1,0,DoS,1
1.456054,tcp,smtp,FIN,34,22,19989,1880,37.773325,254,252,106600.4453,9862.271484,14,8,44.122849,67.61443,2628.489613,76.602844,255,3073196203,3431452690,255,0.090933,0.035164,0.055769,588,85,0,0,1,1,1,1,1,1,0,0,0,1,1,0,DoS,1
0.945563,tcp,smtp,FIN,66,26,66440,2020,96.238958,62,252,553608.8125,16438.88281,30,8,14.547123,37.109559,1160.263386,46.023398,255,529526582,3456635757,255,0.052274,0.00618,0.046094,1007,78,0,0,1,1,1,1,1,1,0,0,0,1,1,0,DoS,1
1.255829,ospf,-,INT,28,0,3024,0,21.499743,254,0,18575.77734,0.0,0,0,46.512184,0.0,53.361172,0.0,0,0,0,0,0.0,0.0,0.0,108,0,0,0,1,2,1,1,1,1,0,0,0,1,1,0,DoS,1
0.308352,tcp,-,FIN,12,8,716,468,61.617893,254,252,17045.45508,10637.19434,3,2,26.103,43.001,1380.169773,62.679809,255,3017649182,2282562007,255,0.063402,0.007336,0.056066,60,59,0,0,1,1,1,1,1,1,0,0,0,1,1,0,DoS,1
3e-06,ippc,-,INT,2,0,200,0,333333.3215,254,0,266666656.0,0.0,0,0,0.003,0.0,0.0,0.0,0,0,0,0,0.0,0.0,0.0,100,0,0,0,4,2,2,2,2,4,0,0,0,2,4,0,DoS,1
1.75927,tcp,-,FIN,26,24,3496,3138,27.852462,254,252,15288.16016,13678.40137,10,10,70.370797,74.539,3453.747338,86.124891,255,2068292634,2426559728,255,0.118864,0.044204,0.07466,134,131,0,0,3,1,1,1,1,1,0,0,0,1,1,0,DoS,1
9e-06,sat-mon,-,INT,2,0,200,0,111111.1072,254,0,88888888.0,0.0,0,0,0.009,0.0,0.0,0.0,0,0,0,0,0.0,0.0,0.0,100,0,0,0,4,2,2,2,2,4,0,0,0,3,4,0,DoS,1
2.986144,tcp,http,FIN,84,528,4024,686295,204.611695,62,252,10654.54297,1835131.875,2,262,35.977639,5.659817,1766.649566,689.347888,255,761685259,2502102216,255,0.056663,0.007786,0.048877,48,1300,1,332308,2,1,1,1,1,1,0,0,1,2,1,0,DoS,1
0.273846,tcp,http,FIN,18,8,10522,1516,91.292186,62,252,290323.75,38766.3125,6,2,15.569707,34.55657,985.797329,49.081809,255,3674319421,4182521069,255,0.082969,0.031942,0.051027,585,190,1,347,1,1,1,1,1,1,0,0,1,3,1,0,DoS,1
0.417094,tcp,-,FIN,10,6,816,268,35.963117,254,252,14097.54199,4296.393555,2,1,44.415222,67.430398,2319.937525,107.528539,255,478993330,2798945634,255,0.140406,0.079934,0.060472,82,45,0,0,1,1,1,1,1,1,0,0,0,1,1,0,DoS,1
0.269938,tcp,http,FIN,10,6,1966,268,55.568317,254,252,52456.49219,6638.561523,2,1,27.982111,44.352398,1408.419765,65.07593,255,1086162034,313715739,255,0.079971,0.048168,0.031803,197,45,1,0,1,1,1,1,1,3,0,0,1,1,1,0,DoS,1
0.415282,tcp,http,FIN,46,10,51289,440,132.440122,254,252,966572.0625,7628.550781,20,1,8.938267,45.528777,1065.82592,69.154094,255,2116875206,4293723599,255,0.054205,0.005514,0.048691,1115,44,1,0,1,1,2,1,1,1,0,0,1,1,1,0,DoS,1
1.194578,udp,-,INT,4,0,5476,0,2.511347,254,0,27504.27148,0.0,0,0,398.192656,0.0,563.118875,0.0,0,0,0,0,0.0,0.0,0.0,1369,0,0,0,8,2,2,2,2,2,0,0,0,3,1,0,DoS,1
0.248911,tcp,http,FIN,10,14,838,10600,92.402508,62,252,24265.70117,316354.0313,2,5,27.656778,18.312,1337.119247,1494.758417,255,2217231467,1685748685,255,0.059247,0.010211,0.049036,84,757,1,4754,1,1,1,1,1,1,0,0,1,1,1,0,DoS,1
0.267222,tcp,http,FIN,10,6,826,268,56.133105,254,252,22273.61719,6706.035156,2,1,25.907667,45.03,1311.452778,61.638773,255,3853765164,4218230027,255,0.084939,0.042063,0.042876,83,45,1,0,1,1,1,1,1,1,0,0,1,1,1,0,DoS,1
8e-06,udp,-,INT,2,0,712,0,125000.0003,254,0,356000000.0,0.0,0,0,0.008,0.0,0.0,0.0,0,0,0,0,0.0,0.0,0.0,356,0,0,0,2,2,1,1,1,1,0,0,0,1,1,0,DoS,1
0.242975,tcp,http,FIN,12,20,924,20950,127.585144,62,252,27887.64258,655310.25,2,8,22.088636,12.337685,1142.882185,1247.398607,255,3742855641,2598321045,255,0.053189,0.007562,0.045627,77,1048,1,9810,1,1,1,1,1,1,0,0,1,1,1,0,DoS,1
1.643665,tcp,pop3,FIN,50,226,2266,271872,167.309036,62,252,10809.98926,1317397.375,7,111,33.544182,7.261596,1694.972762,802.452492,255,25705492,874090107,255,0.088778,0.019635,0.069143,45,1203,0,0,1,1,1,1,1,1,0,0,0,1,2,0,DoS,1
0.234948,tcp,http,FIN,10,8,796,1326,72.356438,62,252,24413.91406,39532.15234,2,2,26.105333,32.088857,1408.910114,59.583691,255,4192395761,1667145262,255,0.057936,0.006767,0.051169,80,166,1,264,2,1,1,1,1,1,0,0,1,1,1,0,DoS,1
0.01071,udp,-,CON,2,2,168,112,280.112043,254,60,62745.09766,41830.06641,0,0,0.006,0.004,0.0,0.0,0,0,0,0,0.0,0.0,0.0,84,56,0,0,2,0,2,1,1,2,0,0,0,2,2,0,DoS,1
0.451875,tcp,http,FIN,12,10,1574,2230,46.473029,254,252,25546.88867,35531.94922,3,3,41.079545,42.373,2044.445563,57.10191,255,682622627,3956514913,255,0.045949,0.03357,0.012379,131,223,1,398,2,1,1,1,1,1,0,0,1,2,1,0,DoS,1
0.380756,tcp,-,FIN,12,12,555,594,60.406141,62,252,10694.51367,11450.90332,3,4,34.614183,31.034818,1783.298085,42.244199,255,1409338547,3150768954,255,0.043628,0.020167,0.023461,46,50,0,0,1,1,1,1,1,1,0,0,0,1,1,0,DoS,1
0.210212,tcp,http,FIN,10,18,830,15804,128.441759,62,252,28428.44336,568036.0625,2,7,23.356889,11.604824,1227.206329,1353.022967,255,640698667,3306807489,255,0.054763,0.007421,0.047342,83,878,1,7296,1,1,1,1,1,1,0,0,1,1,2,0,DoS,1
8e-06,unas,-,INT,2,0,200,0,125000.0003,254,0,100000000.0,0.0,0,0,0.008,0.0,0.0,0.0,0,0,0,0,0.0,0.0,0.0,100,0,0,0,7,2,2,2,2,7,0,0,0,3,7,0,DoS,1
6e-06,udp,-,INT,2,0,78,0,166666.6608,254,0,52000000.0,0.0,0,0,0.006,0.0,0.0,0.0,0,0,0,0,0.0,0.0,0.0,39,0,0,0,1,2,1,1,1,1,0,0,0,1,1,0,DoS,1
0.272002,tcp,http,FIN,10,8,804,1316,62.499538,62,252,21293.96094,33882.10156,2,2,30.222444,35.658,1474.338193,57.283402,255,3810048981,3286014729,255,0.050266,0.021755,0.028511,80,165,1,256,1,1,1,1,1,1,0,0,1,1,1,0,DoS,1
0.760549,tcp,http,FIN,10,8,784,1184,22.352274,62,252,7426.214355,10897.39063,2,2,84.398111,97.362289,4325.568877,153.747422,255,1534476248,2104917630,255,0.158752,0.079009,0.079743,78,148,0,0,1,1,1,2,1,1,0,0,0,2,2,0,DoS,1
3e-06,udp,-,INT,2,0,98,0,333333.3215,254,0,130666664.0,0.0,0,0,0.003,0.0,0.0,0.0,0,0,0,0,0.0,0.0,0.0,49,0,0,0,1,2,1,1,1,1,0,0,0,1,1,0,DoS,1
0.213876,tcp,http,FIN,10,6,948,268,70.134098,254,252,31943.74414,8378.686523,2,1,21.986667,40.789602,1166.286121,68.77725,255,1226435074,6136139,255,0.057044,0.009919,0.047125,95,45,1,0,1,1,1,1,1,1,0,0,1,1,1,0,DoS,1
1.511416,tcp,-,FIN,30,26,4298,3538,36.389718,254,252,21992.62305,18006.95508,11,11,52.117791,59.533641,2778.537017,91.99407,255,704459630,3285305781,255,0.067516,0.022337,0.045179,143,136,0,0,1,1,1,1,1,1,0,0,0,1,1,0,DoS,1
3.726138,tcp,-,FIN,24,24,3048,2734,12.613596,254,252,6271.372559,5627.273926,8,8,161.996659,158.005047,8561.652546,223.306328,255,753516737,4144626707,255,0.195841,0.092013,0.103828,127,114,0,0,6,1,2,1,1,1,0,0,0,2,2,0,DoS,1
0.465036,tcp,http,FIN,10,8,1152,354,36.556309,254,252,17839.47852,5332.92041,2,1,51.565778,61.693715,3438.557051,113.904133,255,3727583001,1495452385,255,0.084508,0.033171,0.051337,115,44,1,0,1,1,1,1,1,1,0,0,1,3,1,0,DoS,1
1.278808,udp,-,CON,4,6,636,1982,7.037804,254,60,2984.028809,10334.62402,0,0,294.005344,187.447594,415.777125,315.311281,0,0,0,0,0.0,0.0,0.0,159,330,0,0,9,0,4,1,1,4,0,0,0,9,6,0,DoS,1
1.55526,tcp,http,FIN,10,10,778,1092,12.216607,62,252,3605.828125,5056.389648,2,2,172.697111,162.398,10038.97834,257.000938,255,2926291786,875748268,255,0.215981,0.093669,0.122312,78,109,1,90,2,1,2,2,1,2,0,0,1,3,2,0,DoS,1
0.398511,tcp,http,FIN,10,8,842,2162,42.658798,62,252,15216.64453,37981.38672,2,2,44.279,48.569715,2210.963846,65.05777,255,3890900146,2317272797,255,0.119999,0.057841,0.062158,84,270,1,658,2,1,1,1,1,1,0,0,1,1,1,0,DoS,1
1.151043,tcp,-,FIN,8,8,364,664,13.031658,62,252,2217.119385,4038.07666,1,2,164.330567,150.063281,10356.92406,276.720625,255,2505904156,3362651485,255,0.218569,0.100599,0.11797,46,83,0,0,3,1,1,1,1,1,0,0,0,1,3,0,DoS,1
1.304282,st2,-,INT,4,0,360,0,2.300116,254,0,1656.083618,0.0,0,0,434.760656,0.0,614.83525,0.0,0,0,0,0,0.0,0.0,0.0,90,0,0,0,1,2,1,1,1,1,0,0,0,1,1,0,DoS,1
0.78333,tcp,http,FIN,10,8,798,1644,21.702219,62,252,7343.009766,14696.23242,2,2,86.976222,90.16157,4402.134462,127.053766,255,3599912691,2128183538,255,0.242242,0.152191,0.090051,80,206,1,416,1,1,1,1,1,1,0,0,1,2,1,0,DoS,1
5e-06,nvp,-,INT,2,0,180,0,200000.0051,254,0,144000000.0,0.0,0,0,0.005,0.0,0.0,0.0,0,0,0,0,0.0,0.0,0.0,90,0,0,0,10,2,11,10,10,10,0,0,0,10,10,0,DoS,1
1.31504,mux,-,INT,4,0,400,0,2.281299,254,0,1825.039551,0.0,0,0,438.346656,0.0,619.903063,0.0,0,0,0,0,0.0,0.0,0.0,100,0,0,0,13,2,3,3,3,13,0,0,0,4,13,0,DoS,1
0.937912,tcp,http,FIN,14,10,6744,1134,24.522557,62,252,53420.78906,8708.706055,4,2,72.147075,92.388891,5394.186086,135.860641,255,1565603257,2765182914,255,0.184862,0.105786,0.079076,482,113,1,109,1,1,1,1,1,1,0,0,1,1,1,0,DoS,1
1e-06,merit-inp,-,INT,2,0,200,0,1000000.003,254,0,800000000.0,0.0,0,0,0.001,0.0,0.0,0.0,0,0,0,0,0.0,0.0,0.0,100,0,0,0,5,2,2,2,2,5,0,0,0,2,5,0,DoS,1
1.306639,tcp,ftp,FIN,14,12,680,698,19.133059,254,252,3869.469727,3918.450439,4,4,100.468308,111.49518,5354.021429,140.610969,255,3955070203,2432935615,255,0.131677,0.080184,0.051493,49,58,0,0,1,1,2,1,1,6,1,1,0,4,1,0,DoS,1
9e-06,tp++,-,INT,2,0,200,0,111111.1072,254,0,88888888.0,0.0,0,0,0.009,0.0,0.0,0.0,0,0,0,0,0.0,0.0,0.0,100,0,0,0,4,2,2,1,1,4,0,0,0,1,4,0,DoS,1
1.932543,tcp,smtp,FIN,22,24,2787,1884,23.28538,62,252,11015.53711,7476.159668,8,8,92.02586,82.999477,5263.099038,132.328359,255,986116225,2549129825,255,0.062563,0.022863,0.0397,127,79,0,0,1,1,1,1,1,1,0,0,0,19,1,0,DoS,1
5e-06,udp,dns,INT,2,0,122,0,200000.0051,62,0,97600000.0,0.0,0,0,0.005,0.0,0.0,0.0,0,0,0,0,0.0,0.0,0.0,61,0,0,0,1,2,1,1,1,1,0,0,0,2,1,0,DoS,1
0.897891,tcp,smtp,FIN,20,20,3270,1426,43.435117,62,252,27682.64844,12072.73535,7,8,47.257422,42.951211,2218.581816,49.240352,255,2130043321,354727017,255,0.084315,0.041618,0.042697,164,71,0,0,1,1,1,1,1,1,0,0,0,1,1,0,DoS,1
0.21057,tcp,http,FIN,10,10,840,4034,90.23128,62,252,28722.04102,137949.375,2,3,23.396667,21.740333,1203.856844,1748.173271,255,3328057949,2366775053,255,0.055428,0.008063,0.047365,84,403,1,1554,2,1,1,1,1,1,0,0,1,1,1,0,DoS,1
4e-06,i-nlsp,-,INT,2,0,200,0,250000.0006,254,0,200000000.0,0.0,0,0,0.004,0.0,0.0,0.0,0,0,0,0,0.0,0.0,0.0,100,0,0,0,4,2,1,1,1,4,0,0,0,1,4,0,DoS,1
2.341284,tcp,smtp,FIN,22,20,2813,1614,17.511758,62,252,9177.870117,5241.568359,8,8,111.489717,119.216898,6301.260048,170.112016,255,2657282441,2868290349,255,0.117758,0.055928,0.06183,128,81,0,0,1,1,1,1,1,1,0,0,0,2,1,0,DoS,1
0.597925,tcp,-,FIN,10,6,504,268,25.086758,254,252,6074.340332,2997.03125,2,1,66.436111,93.806,3672.433926,166.266625,255,1134834706,2486498296,255,0.262077,0.112737,0.14934,50,45,0,0,1,1,1,1,1,1,0,0,0,1,1,0,DoS,1
9e-06,narp,-,INT,2,0,200,0,111111.1072,254,0,88888888.0,0.0,0,0,0.009,0.0,0.0,0.0,0,0,0,0,0.0,0.0,0.0,100,0,0,0,3,2,2,2,2,3,0,0,0,4,3,0,DoS,1
1.326827,tcp,smtp,FIN,34,22,19687,1890,41.452275,254,252,115210.1953,10883.10645,14,8,40.187818,61.26557,2469.791647,74.336625,255,487010555,740816333,255,0.066588,0.040241,0.026347,579,86,0,0,2,1,1,1,1,1,0,0,0,1,1,0,DoS,1
0.674709,tcp,http,FIN,10,10,774,1044,28.160287,62,252,8264.303711,11145.54492,2,2,74.865778,68.283,4491.905701,109.076914,255,1519986674,3070080877,255,0.122591,0.060159,0.062432,77,104,1,68,1,1,1,1,1,1,0,0,1,1,1,0,DoS,1
0.596823,tcp,http,FIN,12,10,1328,4088,35.186313,62,252,16326.44922,49327.85938,3,3,54.256635,59.029223,2725.35546,77.094633,255,1313958986,3816540284,255,0.121228,0.046773,0.074455,111,409,1,299,2,1,1,1,1,2,0,0,1,1,2,0,DoS,1
0.2713,tcp,http,FIN,10,10,758,3482,70.033177,62,252,20140.06641,92414.30469,2,3,30.144444,29.417222,1504.152113,1861.424537,255,1992380285,400536679,255,0.050917,0.005853,0.045064,76,348,1,1296,1,1,1,1,1,1,0,0,1,1,1,0,DoS,1
0.213686,tcp,http,FIN,10,8,794,1306,79.555982,62,252,26768.24805,42791.75781,2,2,23.742889,28.856,1258.968621,50.956363,255,883437156,4264544798,255,0.05142,0.006664,0.044756,79,163,1,256,1,1,1,1,1,1,0,0,1,1,1,0,DoS,1
0.441301,tcp,ftp,FIN,14,12,1720,794,56.650678,254,252,28968.89063,13197.3418,4,4,32.698309,39.430547,1714.929528,48.056387,255,3514165360,3678304670,255,0.052553,0.007562,0.044991,123,66,0,0,1,1,1,1,1,1,0,0,0,1,1,0,DoS,1
0.148924,tcp,-,FIN,16,6,9822,268,141.011529,254,252,494695.3125,12032.9834,5,1,9.085133,27.9824,668.33201,46.335363,255,4009373245,4246444254,255,0.055013,0.009005,0.046008,614,45,0,0,2,1,1,1,1,1,0,0,0,1,1,0,DoS,1
6e-06,ttp,-,INT,2,0,200,0,166666.6608,254,0,133333328.0,0.0,0,0,0.006,0.0,0.0,0.0,0,0,0,0,0.0,0.0,0.0,100,0,0,0,4,2,2,2,2,4,0,0,0,2,4,0,DoS,1
3e-06,nsfnet-igp,-,INT,2,0,200,0,333333.3215,254,0,266666656.0,0.0,0,0,0.003,0.0,0.0,0.0,0,0,0,0,0.0,0.0,0.0,100,0,0,0,5,2,1,1,1,5,0,0,0,8,5,0,DoS,1
9e-06,tcf,-,INT,2,0,200,0,111111.1072,254,0,88888888.0,0.0,0,0,0.009,0.0,0.0,0.0,0,0,0,0,0.0,0.0,0.0,100,0,0,0,5,2,3,3,3,5,0,0,0,28,5,0,DoS,1
9e-06,udp,dns,INT,2,0,168,0,111111.1072,254,0,74666664.0,0.0,0,0,0.009,0.0,0.0,0.0,0,0,0,0,0.0,0.0,0.0,84,0,0,0,1,2,1,1,1,1,0,0,0,1,1,0,DoS,1
3e-06,wsn,-,INT,2,0,200,0,333333.3215,254,0,266666656.0,0.0,0,0,0.003,0.0,0.0,0.0,0,0,0,0,0.0,0.0,0.0,100,0,0,0,7,2,2,2,2,7,0,0,0,23,7,0,DoS,1
5e-06,ipip,-,INT,2,0,200,0,200000.0051,254,0,160000000.0,0.0,0,0,0.005,0.0,0.0,0.0,0,0,0,0,0.0,0.0,0.0,100,0,0,0,7,2,3,3,3,7,0,0,0,24,7,0,DoS,1
9e-06,vines,-,INT,2,0,200,0,111111.1072,254,0,88888888.0,0.0,0,0,0.009,0.0,0.0,0.0,0,0,0,0,0.0,0.0,0.0,100,0,0,0,4,2,2,2,2,4,0,0,0,2,4,0,DoS,1
0.514117,tcp,-,FIN,12,10,2090,530,40.846733,254,252,29814.22461,7422.435059,3,3,42.78682,51.369109,2216.835011,59.867562,255,1406945680,1463022364,255,0.084355,0.051786,0.032569,174,53,0,0,1,1,1,1,1,1,0,0,0,1,1,0,DoS,1
1e-06,sun-nd,-,INT,2,0,200,0,1000000.003,254,0,800000000.0,0.0,0,0,0.001,0.0,0.0,0.0,0,0,0,0,0.0,0.0,0.0,100,0,0,0,4,2,2,2,2,4,0,0,0,3,4,0,DoS,1
9e-06,pri-enc,-,INT,2,0,200,0,111111.1072,254,0,88888888.0,0.0,0,0,0.009,0.0,0.0,0.0,0,0,0,0,0.0,0.0,0.0,100,0,0,0,5,2,2,2,2,5,0,0,0,3,5,0,DoS,1
9e-06,ospf,-,INT,2,0,200,0,111111.1072,254,0,88888888.0,0.0,0,0,0.009,0.0,0.0,0.0,0,0,0,0,0.0,0.0,0.0,100,0,0,0,5,2,2,1,1,5,0,0,0,2,5,0,DoS,1
9e-06,ax.25,-,INT,2,0,200,0,111111.1072,254,0,88888888.0,0.0,0,0,0.009,0.0,0.0,0.0,0,0,0,0,0.0,0.0,0.0,100,0,0,0,7,2,3,3,3,7,0,0,0,24,7,0,DoS,1
3e-06,snp,-,INT,2,0,200,0,333333.3215,254,0,266666656.0,0.0,0,0,0.003,0.0,0.0,0.0,0,0,0,0,0.0,0.0,0.0,100,0,0,0,4,2,2,1,1,4,0,0,0,2,4,0,DoS,1
9e-06,compaq-peer,-,INT,2,0,200,0,111111.1072,254,0,88888888.0,0.0,0,0,0.009,0.0,0.0,0.0,0,0,0,0,0.0,0.0,0.0,100,0,0,0,4,2,1,1,1,4,0,0,0,21,4,0,DoS,1
9e-06,ipv6-frag,-,INT,2,0,200,0,111111.1072,254,0,88888888.0,0.0,0,0,0.009,0.0,0.0,0.0,0,0,0,0,0.0,0.0,0.0,100,0,0,0,8,2,1,1,1,8,0,0,0,1,8,0,DoS,1
5e-06,udp,-,INT,2,0,82,0,200000.0051,254,0,65600000.0,0.0,0,0,0.005,0.0,0.0,0.0,0,0,0,0,0.0,0.0,0.0,41,0,0,0,1,2,1,1,1,1,0,0,0,3,1,0,DoS,1
2.773677,tcp,-,FIN,18,18,1028,3088,12.618628,62,252,2800.614258,8413.379883,6,7,163.157471,157.567703,9528.476338,244.196422,255,1863918252,1085477088,255,0.191245,0.094362,0.096883,57,172,0,0,1,1,2,1,1,1,0,0,0,1,1,0,DoS,1
2.288645,tcp,http,FIN,10,10,966,2214,8.301855,62,252,3041.100586,6966.567383,2,2,254.280111,246.291438,15758.22897,406.565938,255,372657958,3634091728,255,0.138666,0.071967,0.066699,97,221,1,635,1,1,2,1,1,1,0,0,1,1,1,0,DoS,1
1.365,tcp,http,FIN,12,10,890,1264,15.384615,62,252,4782.41748,6669.597168,2,2,124.000088,142.622109,7870.002102,226.430109,255,262468250,2761657484,255,0.168095,0.081398,0.086697,74,126,1,162,1,1,1,1,1,1,0,0,1,1,1,0,DoS,1
0.948628,tcp,http,FIN,12,10,1180,2838,22.137234,254,252,9124.756836,21546.9082,3,3,86.238906,92.182445,4584.031229,147.667359,255,3307308849,2594870149,255,0.134007,0.048976,0.085031,98,284,1,457,5,1,1,3,1,1,0,0,1,3,1,0,DoS,1
0.180889,tcp,-,FIN,10,6,1660,268,82.923784,254,252,66073.67188,9906.62793,2,1,18.508444,32.411801,993.61941,54.370941,255,3071409281,1780776866,255,0.063563,0.018828,0.044735,166,45,0,0,2,1,2,1,1,2,0,0,0,2,2,0,DoS,1
0.758661,tcp,smtp,FIN,22,20,4095,1694,54.042585,62,252,41219.99219,16977.28125,8,8,36.126716,39.426316,1841.333066,47.128687,255,172359568,3360056077,255,0.050706,0.005946,0.04476,186,85,0,0,1,1,1,1,1,1,0,0,0,1,1,0,DoS,1
0.300122,tcp,http,FIN,10,8,770,1008,56.643633,62,252,18472.48828,23510.43945,2,2,33.266,40.21857,1693.122934,52.821207,255,3035377364,1741534231,255,0.032922,0.018583,0.014339,77,126,1,95,1,1,1,1,1,1,0,0,1,1,2,0,DoS,1
0.294654,tcp,http,FIN,10,8,834,1242,57.694785,62,252,20390.01563,29512.58008,2,2,32.739333,37.963855,1655.133325,52.13609,255,202091639,3708331884,255,0.099918,0.028227,0.071691,83,155,1,206,1,1,1,1,1,1,0,0,1,1,1,0,DoS,1
0.458541,tcp,http,FIN,10,8,818,2906,37.074111,62,252,12858.17383,44366.80469,2,2,50.949,63.163715,3361.66211,113.751375,255,502904526,1226422296,255,0.032451,0.01569,0.016761,82,363,1,1038,2,1,1,1,1,1,0,0,1,3,1,0,DoS,1
0.18109,tcp,http,FIN,10,6,1896,268,82.831742,254,252,75410.01563,9895.631836,2,1,18.689444,34.814,994.163951,59.706652,255,3997458128,1497195070,255,0.053556,0.007012,0.046544,190,45,1,0,1,1,1,1,1,1,0,0,1,1,1,0,DoS,1
0.256998,tcp,http,FIN,10,8,866,1804,66.148374,254,252,24280.34375,49152.13281,2,2,28.555333,32.569143,1541.162239,57.142648,255,72032680,1911565357,255,0.071267,0.024387,0.04688,87,226,1,489,1,1,1,1,1,1,0,0,1,1,1,0,DoS,1
0.271667,udp,-,CON,8,4,362,178,40.490747,254,60,9334.958008,3946.007324,0,0,38.80957,30.366334,61.919617,42.93741,0,0,0,0,0.0,0.0,0.0,45,45,0,0,1,0,1,1,1,1,0,0,0,1,1,0,DoS,1
0.915026,tcp,smtp,FIN,22,20,3191,1720,44.80747,254,252,26630.9375,14285.93262,8,8,43.572667,46.423578,2034.316581,53.16057,255,3462966766,2768938234,255,0.075496,0.03223,0.043266,145,86,0,0,1,1,2,1,1,1,0,0,0,1,1,0,DoS,1
1.262698,tcp,http,FIN,10,10,1156,1126,15.047144,254,252,6595.400879,6424.338867,2,2,140.180556,132.045672,7970.397089,235.693719,255,164970041,147523350,255,0.195277,0.074278,0.120999,116,113,1,98,2,1,1,2,1,1,0,0,1,3,1,0,DoS,1
4e-06,udp,-,INT,2,0,510,0,250000.0006,254,0,510000000.0,0.0,0,0,0.004,0.0,0.0,0.0,0,0,0,0,0.0,0.0,0.0,255,0,0,0,2,2,1,1,1,2,0,0,0,1,1,0,DoS,1
0.426216,tcp,-,FIN,12,10,1158,1736,49.270792,62,252,19933.55469,29337.23633,3,3,38.746911,45.426891,1919.498383,61.133195,255,3946124694,3347629442,255,0.049795,0.016687,0.033108,97,174,1,198,1,1,1,1,1,1,0,0,1,1,1,0,DoS,1
2.577866,tcp,http,FIN,10,10,920,1704,7.370437,62,252,2569.567139,4760.526367,2,2,286.328889,265.818656,19414.13354,447.053063,255,3700082953,599713094,255,0.352963,0.18549,0.167473,92,170,1,390,2,1,1,1,1,2,0,0,1,1,2,0,DoS,1
0.624816,tcp,http,FIN,10,6,1540,268,24.007068,254,252,17746.02539,2868.044434,2,1,69.424,104.511398,3444.452675,182.333016,255,1616645783,1296926379,255,0.16841,0.079074,0.089336,154,45,1,0,1,1,1,1,1,1,0,0,1,1,1,0,DoS,1
59.897388,tcp,-,CON,414,306,199134,13158,12.003862,254,252,26532.44141,1751.662354,207,0,145.479735,197.044859,7771.510308,234.176234,255,906804766,1778713373,255,0.237422,0.144367,0.093055,481,43,0,0,4,0,1,1,1,2,0,0,0,1,2,0,DoS,1
1.286106,tcp,http,FIN,10,12,818,8656,16.328359,62,252,4584.381348,49358.29688,2,4,142.845,111.156006,7854.396377,9021.895584,255,1296018519,1295175910,255,0.145916,0.063389,0.082527,82,721,1,3831,3,1,1,2,1,1,0,0,1,2,1,0,DoS,1
4.264696,ospf,-,INT,42,0,2688,0,9.613815,254,0,4922.273438,0.0,0,0,104.016977,0.0,114.013328,0.0,0,0,0,0,0.0,0.0,0.0,64,0,0,0,1,2,1,1,1,1,0,0,0,1,1,0,DoS,1
0.267582,tcp,http,FIN,10,8,840,1356,63.531927,62,252,22602.41797,35488.1875,2,2,29.731333,37.145285,1480.585208,55.260875,255,3783354290,553967774,255,0.051354,0.006972,0.044382,84,170,0,0,1,1,1,1,1,1,0,0,0,1,1,0,DoS,1
2.444262,tcp,-,FIN,122,22,152219,956,58.504366,254,252,494127.0625,2988.2229,58,1,19.914438,112.366289,2209.12734,158.669484,255,932010329,1891163965,255,0.200254,0.084564,0.11569,1248,43,0,0,3,1,3,1,1,2,0,0,0,2,1,0,DoS,1
0.81438,tcp,http,FIN,10,8,796,1288,20.874776,62,252,7043.39502,11070.99902,2,2,90.486667,99.301141,4427.269878,165.0905,255,1863859682,300492819,255,0.237186,0.085895,0.151291,80,161,0,0,1,1,1,1,1,1,0,0,0,1,1,0,DoS,1
0.497379,tcp,ftp-data,FIN,8,6,364,268,26.13701,254,252,5130.895996,3602.88623,1,1,70.930855,88.232797,4404.772077,155.072828,255,306303172,2836275112,255,0.100666,0.056206,0.04446,46,45,0,0,2,1,3,1,1,3,0,0,0,3,2,0,DoS,1
1.136094,tcp,http,FIN,10,10,762,982,16.723969,62,252,4830.586426,6224.837402,2,2,126.118556,112.640336,7201.013571,201.150172,255,494244370,3612597591,255,0.202039,0.122324,0.079715,76,98,1,43,1,1,1,1,1,1,0,0,1,2,1,0,DoS,1
5.830395,tcp,-,FIN,50,216,2404,271976,45.451464,62,252,3232.713867,371456.125,6,106,118.987651,26.690962,7101.403418,3298.46449,255,1420805003,847727901,255,0.168898,0.091281,0.077617,48,1259,0,0,2,1,2,1,1,1,0,0,0,2,2,0,DoS,1
0.977581,tcp,-,FIN,12,10,3404,2332,21.481595,254,252,25540.59375,17177.09375,3,2,81.414364,101.883664,4601.69308,151.097016,255,2925503586,1049965249,255,0.175755,0.06062,0.115135,284,233,0,0,7,1,1,1,1,1,0,0,0,1,1,0,DoS,1
0.247944,tcp,-,FIN,10,6,1596,268,60.497532,254,252,46365.30859,7227.438477,2,1,27.549333,44.250398,1367.73947,64.625676,255,891377625,1948058109,255,0.041335,0.025964,0.015371,160,45,0,0,1,1,1,1,1,1,0,0,0,1,3,0,DoS,1
8.488359,tcp,-,FIN,556,96,753895,4138,76.693265,254,252,709244.25,3859.403076,275,1,15.294341,88.257852,1739.6344,105.890602,255,2493826806,3974510320,255,0.161029,0.08215,0.078879,1356,43,0,0,6,1,1,1,1,1,0,0,0,1,1,0,DoS,1
57.953392,tcp,pop3,FIN,1654,10974,71234,14655550,217.881983,62,252,9827.345703,2022896.625,7,5484,35.059465,5.285939,2261.975564,872.193752,255,3998980723,2588085251,255,0.053858,0.008257,0.045601,43,1335,0,0,1,1,1,1,1,1,0,0,0,1,1,0,DoS,1
0.832467,tcp,http,FIN,10,6,1334,268,18.018732,62,252,11541.59863,2152.637939,2,1,82.733778,147.68,4415.993976,222.219406,255,2036960943,4284209386,255,0.174772,0.094062,0.08071,133,45,0,0,2,1,2,1,1,2,0,0,0,1,3,0,DoS,1
0.262485,tcp,http,FIN,10,8,798,1068,64.765606,62,252,21913.63281,28496.86719,2,2,29.165,33.790145,1570.199143,62.687539,255,3886081328,2244462873,255,0.058288,0.021606,0.036682,80,134,0,0,1,1,1,1,1,1,0,0,0,1,1,0,DoS,1
3.038974,tcp,smtp,FIN,36,24,19789,1806,19.414447,254,252,50648.67188,4556.800781,14,8,86.797774,129.856609,6575.995336,211.78675,255,3310528371,505217939,255,0.130123,0.052264,0.077859,550,75,0,0,1,1,1,1,1,1,0,0,0,2,1,0,DoS,1
0.796492,tcp,http,FIN,22,10,20800,440,38.920668,254,252,199424.4844,3977.441162,8,1,36.092047,82.99,3510.472648,105.456008,255,3256665668,3236006999,255,0.09665,0.049567,0.047083,945,44,1,0,1,1,1,1,1,1,0,0,1,1,1,0,DoS,1
59.882023,tcp,-,CON,708,372,338816,16006,18.018763,254,252,45200.60938,2132.593262,353,1,84.698762,160.599266,4119.679128,171.077188,255,906541929,1778713373,255,0.237422,0.144367,0.093055,479,43,0,0,4,0,1,1,1,1,0,0,0,1,1,0,DoS,1
59.852505,tcp,-,CON,1026,422,493506,18146,24.176098,254,252,65898.66406,2419.681641,512,0,58.419449,142.393922,2865.090889,147.539656,255,907426576,1778713373,255,0.237422,0.144367,0.093055,481,43,0,0,6,0,3,1,1,6,0,0,0,2,13,0,DoS,1
0.810746,tcp,http,FIN,14,16,1528,10334,35.769525,62,252,14001.91895,95605.77344,4,6,62.29669,47.459067,3019.023058,3023.369719,255,2398107543,3027581981,255,0.16428,0.098852,0.065428,109,646,1,0,1,1,1,1,1,1,0,0,1,1,2,0,DoS,1
1.566647,tcp,http,FIN,10,10,770,1254,12.127811,62,252,3538.767822,5765.178711,2,2,174.071889,156.884,9679.361992,305.714875,255,3682285727,2010274171,255,0.245112,0.118218,0.126894,77,125,1,181,1,1,2,1,1,1,0,0,1,1,1,0,DoS,1
0.224074,tcp,http,FIN,10,8,788,1270,75.867792,62,252,25348.76758,39701.16797,2,2,24.821889,29.059857,1202.886938,40.871668,255,448188967,2968483931,255,0.049256,0.020646,0.02861,79,159,0,0,1,1,1,1,1,2,0,0,0,1,1,0,DoS,1
1.6e-05,unas,-,INT,2,0,200,0,62500.00016,254,0,50000000.0,0.0,0,0,0.016,0.0,0.0,0.0,0,0,0,0,0.0,0.0,0.0,100,0,0,0,7,2,2,2,2,7,0,0,0,8,7,0,DoS,1
33.586651,tcp,-,FIN,466,216,222394,9288,20.275913,254,252,52858.38281,2202.06543,230,0,72.291485,156.741594,3607.050923,163.241734,255,907819066,1778713373,255,0.237422,0.144367,0.093055,477,43,0,0,1,1,2,1,1,1,0,0,0,2,4,0,DoS,1
8e-06,udp,dns,INT,2,0,130,0,125000.0003,62,0,65000000.0,0.0,0,0,0.008,0.0,0.0,0.0,0,0,0,0,0.0,0.0,0.0,65,0,0,0,1,2,1,1,1,1,0,0,0,2,1,0,DoS,1
1.253288,tcp,-,FIN,10,6,564,268,11.968518,254,252,3242.67041,1429.838867,2,1,136.710889,216.476594,8231.349841,371.680219,255,4249326594,3739006930,255,0.244205,0.170902,0.073303,56,45,0,0,1,1,1,1,1,1,0,0,0,1,2,0,DoS,1
1.365408,tcp,http,FIN,10,8,836,354,12.450492,254,252,4411.868164,1816.307007,2,1,148.318667,183.365141,8596.887567,332.129094,255,1289894273,1800451669,255,0.195109,0.081851,0.113258,84,44,1,0,1,1,1,1,1,1,0,0,1,2,1,0,DoS,1
1.494952,tcp,http,FIN,10,10,900,2160,12.709438,62,252,4334.587402,10403.00977,2,2,166.091,151.909219,9172.792193,307.035125,255,3074992818,423922355,255,0.225099,0.12776,0.097339,90,216,0,0,1,1,1,1,1,1,0,0,0,2,1,0,DoS,1
8.469022,tcp,http,FIN,80,408,3912,550981,57.50369,62,252,3650.008301,519191.9688,2,201,107.190418,20.455054,5962.709726,2476.712233,255,4135829083,3629500019,255,0.241749,0.143806,0.097943,49,1350,0,0,2,1,2,2,1,1,0,0,0,2,2,0,DoS,1
1.665779,tcp,-,FIN,10,8,492,354,10.205435,254,252,2127.533203,1488.792969,2,1,179.138333,223.893578,10694.50692,400.457438,255,1353090773,4057814951,255,0.179139,0.098515,0.080624,49,44,0,0,5,1,2,1,1,1,0,0,0,1,1,0,DoS,1
0.98111,tcp,http,FIN,10,14,834,12084,23.442836,62,252,6123.67627,91496.36719,2,5,108.922222,67.419387,6135.5341,5639.147134,255,3292631248,385035950,255,0.221339,0.104649,0.11669,83,863,0,0,1,1,2,1,1,1,0,0,0,1,1,0,DoS,1
1.338722,tcp,http,FIN,10,14,836,7242,17.180565,62,252,4499.813965,40187.58203,2,4,148.672556,92.402382,8599.617877,6840.032294,255,3287948383,3272069626,255,0.267776,0.137488,0.130288,84,517,1,3076,1,1,1,1,1,1,0,0,1,1,2,0,DoS,1
1.774435,tcp,-,FIN,26,68,1348,69778,52.411048,62,252,5847.495117,309966.8125,6,32,70.977402,25.525866,3563.481428,2144.000283,255,931975247,3570489781,255,0.084538,0.063516,0.021022,52,1026,0,0,1,1,1,1,1,1,0,0,0,21,1,0,DoS,1
0.927609,tcp,http,FIN,10,14,812,7616,24.794929,62,252,6304.380371,60991.21484,2,4,103.067667,65.031459,6678.348928,0.0,255,1023678540,3464730365,255,0.179323,0.081519,0.097804,81,544,1,3246,1,1,1,1,1,1,0,0,1,1,1,0,DoS,1
59.968586,tcp,-,CON,754,374,362674,16082,18.793173,254,252,48317.69922,2139.653564,376,0,79.735085,160.361453,3893.088057,167.091734,255,907652809,1778713373,255,0.237422,0.144367,0.093055,481,43,0,0,2,0,1,1,1,1,0,0,0,1,6,0,DoS,1
1.243965,tcp,-,FIN,10,8,740,354,13.665979,254,252,4283.078613,1993.625122,2,1,138.090667,162.478141,7463.505967,309.128156,255,3287789738,3009524591,255,0.187131,0.106615,0.080516,74,44,0,0,3,1,1,1,1,1,0,0,0,2,1,0,DoS,1
0.581637,tcp,http,FIN,10,6,580,268,25.78928,254,252,7179.735352,3080.959229,2,1,49.358111,99.227,2613.539508,130.527664,255,3688482885,3294940234,255,0.14905,0.085493,0.063557,58,45,0,0,1,1,2,1,1,5,0,0,0,2,1,0,DoS,1
0.927016,tcp,smtp,FIN,22,20,3183,1758,44.22793,62,252,26226.08398,14420.46289,8,8,44.143618,48.325789,2148.859474,57.167836,255,1048583199,402290773,255,0.021622,0.008148,0.013474,145,88,0,0,1,1,1,1,1,1,0,0,0,1,1,0,DoS,1
9e-06,unas,-,INT,2,0,200,0,111111.1072,254,0,88888888.0,0.0,0,0,0.009,0.0,0.0,0.0,0,0,0,0,0.0,0.0,0.0,100,0,0,0,6,2,1,1,1,6,0,0,0,13,6,0,DoS,1
0.237365,tcp,http,FIN,10,8,1066,1144,71.619655,254,252,32355.23242,33737.07031,2,2,26.373889,32.301143,1402.905707,55.453789,255,490809177,3938459646,255,0.053187,0.00648,0.046707,107,143,1,141,2,1,1,1,1,2,0,0,1,1,2,0,DoS,1
0.187226,tcp,http,FIN,10,6,2942,268,80.117079,62,252,113146.6797,9571.320312,2,1,20.246333,33.897602,1094.009414,52.55384,255,2815695040,3469071105,255,0.032066,0.01773,0.014336,294,45,1,0,1,1,1,1,1,1,0,0,1,1,1,0,DoS,1
0.466794,tcp,-,FIN,10,10,1076,608,40.703178,62,252,16606.89648,9391.722656,2,2,51.866,43.835891,3535.64363,99.395734,255,3719234386,1631360421,255,0.112001,0.05787,0.054131,108,61,0,0,1,1,1,1,1,1,0,0,0,1,1,0,DoS,1
0.268083,tcp,http,FIN,10,8,848,1042,63.413195,62,252,22798.9082,27215.45117,2,2,29.787,34.868285,1468.422198,49.297723,255,2501248872,405707771,255,0.068484,0.023323,0.045161,85,130,1,94,1,1,1,1,1,1,0,0,1,1,1,0,DoS,1
0.662639,tcp,-,FIN,10,8,451,354,25.654994,254,252,4901.612793,3742.61084,2,1,73.465222,87.566859,4488.493572,149.162594,255,58946685,3290840716,255,0.119277,0.049641,0.069636,45,44,0,0,2,1,1,1,1,1,0,0,0,1,1,0,DoS,1
0.712483,tcp,http,FIN,10,6,850,268,21.053134,254,252,8589.678711,2515.147705,2,1,76.126667,131.596,3772.983008,188.712219,255,3351851233,516078244,255,0.121015,0.054499,0.066516,85,45,1,0,2,1,1,1,1,1,0,0,1,1,1,0,DoS,1
0.252028,tcp,-,FIN,10,6,516,268,59.517199,254,252,14760.26563,7110.321289,2,1,25.093889,47.155602,1406.747348,73.491477,255,1976568218,3624196071,255,0.035439,0.016245,0.019194,52,45,0,0,1,1,1,1,1,1,0,0,0,2,1,0,DoS,1
0.283723,tcp,http,FIN,10,10,834,4462,66.966725,62,252,21175.58398,113237.2109,2,3,31.524778,22.306667,1511.769038,1523.22748,255,3646642277,1734243687,255,0.080584,0.047048,0.033536,83,446,0,0,1,1,1,1,1,1,0,0,0,1,1,0,DoS,1
0.331053,tcp,-,FIN,10,6,496,268,45.309967,254,252,10801.89648,5413.030762,2,1,36.673889,57.004602,1848.387363,88.493891,255,4271630344,89632936,255,0.095913,0.046024,0.049889,50,45,0,0,1,1,1,1,1,1,0,0,0,1,1,0,DoS,1
3e-06,udp,dns,INT,2,0,118,0,333333.3215,254,0,157333328.0,0.0,0,0,0.003,0.0,0.0,0.0,0,0,0,0,0.0,0.0,0.0,59,0,0,0,1,2,1,1,1,1,0,0,0,1,1,0,DoS,1
0.203512,tcp,http,FIN,10,6,1182,268,73.705728,254,252,41825.54297,8805.37793,2,1,21.971667,39.298801,1175.262802,70.697461,255,2513625514,1475513209,255,0.054681,0.007012,0.047669,118,45,0,0,5,1,2,2,1,2,0,0,0,2,2,0,DoS,1
1.102682,tcp,pop3,FIN,26,70,1236,69730,86.153579,62,252,8626.240234,498667.7813,7,33,44.107281,15.538595,2256.600584,1338.513015,255,897863575,3006698930,255,0.032093,0.014384,0.017709,48,996,0,0,1,1,1,1,1,2,0,0,0,2,1,0,DoS,1
0.26331,tcp,http,FIN,10,8,906,2228,64.562686,62,252,24792.07227,59245.75781,2,2,29.256667,36.653715,1436.062714,53.002969,255,3179479249,953277772,255,0.050736,0.005794,0.044942,91,279,0,0,1,1,1,1,1,1,0,0,0,1,1,0,DoS,1
1.640881,tcp,ftp,FIN,24,24,1158,1804,28.643151,254,252,5411.727051,8429.618164,7,10,71.342653,70.722956,3780.400423,4851.760005,255,2484535066,3833570027,255,0.051464,0.007138,0.044326,48,75,0,0,1,1,3,1,1,3,1,1,0,3,1,0,DoS,1
0.477774,tcp,ftp-data,FIN,8,18,364,16744,52.325996,254,252,5341.4375,264794.6563,1,7,68.129283,26.202824,4683.303287,3109.853929,255,1604199750,471157135,255,0.072199,0.032317,0.039882,46,930,0,0,2,1,3,1,1,3,0,0,0,3,2,0,DoS,1
0.256157,tcp,http,FIN,10,8,902,992,66.365546,62,252,25359.44727,27108.37305,2,2,28.461889,34.906145,1585.175474,59.009414,255,278770337,3159696561,255,0.054986,0.006385,0.048601,90,124,1,96,1,1,1,1,1,1,0,0,1,1,1,0,DoS,1
0.236285,tcp,http,FIN,10,8,792,918,71.947013,62,252,24140.33984,27221.36328,2,2,26.253889,30.216715,1362.316398,53.819652,255,2908071858,3226318126,255,0.053367,0.0074,0.045967,79,115,1,51,2,1,1,1,1,1,0,0,1,1,1,0,DoS,1
0.222234,tcp,http,FIN,10,8,796,1204,76.495947,62,252,25810.63281,37941.98828,2,2,24.692667,29.126572,1342.970454,51.934488,255,4010964436,2456221319,255,0.058051,0.013351,0.0447,80,151,1,184,1,1,1,1,1,1,0,0,1,1,1,0,DoS,1
0.369039,tcp,http,FIN,12,10,1322,2996,56.904555,62,252,26273.64648,58465.36719,3,3,33.549,40.119223,1636.609982,54.423605,255,1293038550,2880302718,255,0.052833,0.00723,0.045603,110,300,1,112,1,1,1,1,1,1,0,0,1,1,1,0,DoS,1
0.24233,tcp,-,FIN,10,6,484,268,61.899063,254,252,14393.5957,7394.875,2,1,24.154444,45.138801,1254.364401,66.930203,255,848689715,372751941,255,0.068726,0.016629,0.052097,48,45,0,0,2,1,1,1,1,1,0,0,0,1,1,0,DoS,1
0.990129,tcp,smtp,FIN,54,24,47647,1868,77.767645,254,252,377849.75,14470.8418,24,8,18.681679,42.688391,1372.508185,46.951621,255,3638553852,758508719,255,0.053136,0.007579,0.045557,882,78,0,0,1,1,1,1,1,1,0,0,0,1,1,0,DoS,1
1.021113,tcp,http,FIN,24,116,1530,144577,136.125967,62,252,11493.34082,1122939.375,2,56,44.396218,8.414009,2105.149016,951.269235,255,3879749749,535265247,255,0.070937,0.029749,0.041188,64,1246,0,0,2,1,3,1,1,1,0,0,0,1,1,0,DoS,1
0.315951,tcp,-,FIN,14,6,640,268,60.135909,254,252,15065.62793,5671.765625,4,1,22.924231,61.447398,1139.474474,103.052914,255,3258092583,1426610280,255,0.053605,0.008705,0.0449,46,45,0,0,1,1,1,1,1,1,0,0,0,1,1,0,DoS,1
0.100746,udp,-,CON,4,4,1900,2206,69.481668,254,60,113155.8594,131419.6094,0,0,33.582,8.251,47.477977,11.657362,0,0,0,0,0.0,0.0,0.0,475,552,0,0,2,0,2,2,2,2,0,0,0,2,2,0,DoS,1
0.773745,tcp,http,FIN,10,10,822,1078,24.555894,254,252,7651.099609,10039.4834,2,2,85.971667,80.177109,5614.201694,116.220945,255,1784900264,1547922884,255,0.120121,0.05142,0.068701,82,108,1,55,1,1,1,1,1,1,0,0,1,2,1,0,DoS,1
0.48823,tcp,http,FIN,10,6,1038,268,30.723225,254,252,15320.64844,3670.401367,2,1,54.247778,83.979797,2593.454291,123.391156,255,372392978,708668067,255,0.144988,0.067682,0.077306,104,45,0,0,2,1,4,1,1,1,0,0,0,1,1,0,DoS,1
51.011105,ospf,-,INT,42,0,18480,0,0.803747,254,0,2829.187988,0.0,0,0,1244.173375,0.0,1526.461125,0.0,0,0,0,0,0.0,0.0,0.0,440,0,0,0,1,2,1,1,1,1,0,0,0,1,1,0,DoS,1
9e-06,udp,dns,INT,2,0,126,0,111111.1072,254,0,56000000.0,0.0,0,0,0.009,0.0,0.0,0.0,0,0,0,0,0.0,0.0,0.0,63,0,0,0,1,2,1,1,1,1,0,0,0,1,1,0,DoS,1
9e-06,unas,-,INT,2,0,200,0,111111.1072,254,0,88888888.0,0.0,0,0,0.009,0.0,0.0,0.0,0,0,0,0,0.0,0.0,0.0,100,0,0,0,7,2,2,2,2,7,0,0,0,8,7,0,DoS,1
0.942663,tcp,http,FIN,10,8,484,354,18.034016,254,252,3700.155762,2630.844727,2,1,95.310444,104.15743,5533.12565,186.313625,255,2613158188,1635617448,255,0.347123,0.21356,0.133563,48,44,0,0,2,1,1,1,1,1,0,0,0,3,1,0,DoS,1
0.708448,tcp,http,FIN,10,10,818,1612,26.819188,254,252,8322.417969,16385.11328,2,2,78.716444,73.651781,5070.305526,116.905812,255,1854506257,3966622101,255,0.100164,0.045014,0.05515,82,161,1,352,1,1,1,1,1,1,0,0,1,2,1,0,DoS,1
2.752447,tcp,-,FIN,22,18,2678,2196,14.169211,254,252,7431.932617,6028.09082,7,6,126.062613,157.431703,6631.737823,205.073922,255,663520218,404238847,255,0.183551,0.0761,0.107451,122,122,0,0,4,1,2,1,1,1,0,0,0,1,2,0,DoS,1
0.85965,tcp,smtp,FIN,24,20,4247,1872,50.020356,62,252,37885.18359,16555.57422,9,8,37.326392,44.209527,1874.584007,53.333797,255,4103486481,1395419188,255,0.052565,0.019667,0.032898,177,94,0,0,1,1,1,1,1,1,0,0,0,1,1,0,DoS,1
1.444181,tcp,-,FIN,10,8,1270,354,11.771378,254,252,6331.616699,1717.236328,2,1,160.365889,188.225578,9420.404519,397.297906,255,3153027714,1819269774,255,0.208679,0.1266,0.082079,127,44,0,0,1,1,1,1,1,1,0,0,0,1,1,0,DoS,1
0.290384,tcp,http,FIN,10,6,470,268,51.65574,254,252,11653.53516,6171.13916,2,1,29.108778,54.078801,1509.365963,79.775367,255,3961136645,3159526461,255,0.078881,0.019987,0.058894,47,45,1,0,1,1,1,1,1,3,0,0,1,1,1,0,DoS,1
0.285568,tcp,http,FIN,10,8,828,956,59.53048,62,252,20898.70117,23448.00586,2,2,31.729778,33.514855,1692.342435,55.371699,255,1717982638,3012024836,255,0.098992,0.05033,0.048662,83,120,1,53,1,1,1,1,1,1,0,0,1,41,1,0,DoS,1
23.513998,tcp,http,FIN,1816,286,2415358,12308,89.351032,254,252,821307.5625,4172.833496,905,1,12.976329,82.080242,1618.1413,109.477242,255,93573819,1621046151,255,0.262526,0.121097,0.141429,1330,43,1,0,1,1,2,1,1,1,0,0,1,1,1,0,DoS,1
0.937274,tcp,http,FIN,10,10,794,4898,20.271554,62,252,6102.804688,37632.53906,2,3,104.141556,87.982444,5371.990052,6791.239179,255,4055981296,1368878081,255,0.23579,0.114967,0.120823,79,490,1,2008,1,1,1,1,1,1,0,0,1,1,1,0,DoS,1
0.260451,tcp,http,FIN,10,8,826,1034,65.271397,62,252,22852.66797,27797.93555,2,2,28.939,32.550285,1501.483818,48.35434,255,2803532921,3926593431,255,0.080303,0.031538,0.048765,83,129,1,98,1,1,1,1,1,1,0,0,1,1,1,0,DoS,1
0.793576,tcp,http,FIN,10,10,828,968,23.942256,62,252,7520.388672,8790.588867,2,2,88.039444,82.480781,6076.125978,128.242445,255,1728684643,1689707409,255,0.137848,0.051242,0.086606,83,97,1,14,2,1,1,2,1,1,0,0,1,2,1,0,DoS,1
30.052145,udp,-,CON,104,104,59114,77968,6.888027,254,60,15585.17676,20556.00391,0,0,288.980469,287.798656,328.702406,319.606156,0,0,0,0,0.0,0.0,0.0,568,750,0,0,3,0,1,1,1,1,0,0,0,2,1,0,DoS,1
0.507194,tcp,http,FIN,10,8,984,1618,33.517748,254,252,13974.92969,22334.65039,2,2,56.354889,62.565285,3132.790803,97.369078,255,204272287,104844158,255,0.113083,0.057406,0.055677,98,202,1,391,2,1,1,1,1,2,0,0,1,2,2,0,DoS,1
0.406542,tcp,-,FIN,10,6,455,268,36.896557,254,252,8068.046875,4407.908691,2,1,39.455778,68.403398,2099.118931,93.491336,255,2046284835,1454001255,255,0.111569,0.064515,0.047054,46,45,0,0,1,1,1,1,1,1,0,0,0,1,1,0,DoS,1
37.686172,tcp,smtp,FIN,4410,660,5831359,28650,134.505567,254,252,1237597.0,6072.678223,2203,2,8.573948,57.24052,1038.939344,64.837473,255,2890982223,1329072281,255,0.132382,0.070888,0.061494,1322,43,0,0,1,1,1,1,1,1,0,0,0,1,1,0,DoS,1
1.781865,tcp,http,FIN,10,10,862,1022,10.662985,62,252,3483.98999,4130.503906,2,2,197.985,191.022672,12161.37629,316.096969,255,2911774304,1714830948,255,0.118611,0.061987,0.056624,86,102,1,61,1,1,1,1,1,1,0,0,1,5,1,0,DoS,1
2.234258,tcp,smtp,FIN,24,20,3433,1750,19.245764,254,252,11780.19727,5954.549805,8,8,97.14165,112.403789,4800.327622,142.474891,255,113199848,3766366984,255,0.212447,0.097958,0.114489,143,88,0,0,1,1,1,1,1,1,0,0,0,20,1,0,DoS,1
59.978706,tcp,-,CON,1096,426,527176,18318,25.359,254,252,70250.92969,2437.531738,548,0,54.790795,141.392828,2759.377884,147.791547,255,907184908,1778713373,255,0.237422,0.144367,0.093055,481,43,0,0,6,0,5,1,1,5,0,0,0,3,10,0,DoS,1
0.743307,tcp,http,FIN,10,6,2714,268,20.180087,254,252,26293.30859,2410.847656,2,1,79.972333,123.063797,4125.350042,201.958984,255,166072293,3991284931,255,0.214459,0.127979,0.08648,271,45,1,0,1,1,3,1,1,1,0,0,1,1,1,0,DoS,1
2e-06,udp,-,INT,2,0,798,0,500000.0013,254,0,1596000000.0,0.0,0,0,0.002,0.0,0.0,0.0,0,0,0,0,0.0,0.0,0.0,399,0,0,0,10,2,1,1,1,1,0,0,0,4,1,0,DoS,1
1.056544,tcp,http,FIN,10,12,822,3824,19.876125,62,252,5603.174316,26546.93164,2,3,117.393778,90.561003,6671.71988,6848.113015,255,265648307,3847419408,255,0.090887,0.059701,0.031186,82,319,1,1412,1,1,2,1,1,1,0,0,1,1,1,0,DoS,1
16.510815,tcp,-,FIN,194,1154,8342,1581847,81.582891,62,252,4021.12207,765789.9375,0,572,86.43982,14.504356,96.635594,1676.539093,255,459946522,3905478834,255,0.137764,0.078501,0.059263,43,1371,0,0,1,1,1,1,1,1,0,0,0,1,1,0,DoS,1
0.284007,tcp,http,FIN,10,8,820,1166,59.857677,62,252,20788.21875,28759.85352,2,2,31.556333,38.180285,1760.549147,66.323227,255,2342911601,3083864409,255,0.037305,0.016091,0.021214,82,146,1,186,1,1,1,1,1,1,0,0,1,45,1,0,DoS,1
0.872507,tcp,http,FIN,38,12,42686,526,56.160009,254,252,381090.375,4428.617676,16,1,23.58127,69.318367,2735.977839,90.438008,255,3737036498,1183247133,255,0.137213,0.096582,0.040631,1123,44,1,0,1,1,1,1,1,2,0,0,1,2,1,0,DoS,1
0.669272,tcp,http,FIN,10,8,824,1222,25.400734,62,252,8869.338867,12790.0166,2,2,74.363556,85.891141,3706.340274,129.405969,255,3622996258,809734606,255,0.18886,0.066996,0.121864,82,153,1,199,1,1,1,1,1,1,0,0,1,1,1,0,DoS,1
0.130611,tcp,-,FIN,8,6,364,268,99.532197,254,252,19538.93555,13720.13086,1,1,18.658714,22.770199,1013.882903,43.097164,255,2466078007,3789135076,255,0.056869,0.010878,0.045991,46,45,0,0,4,1,3,3,1,4,0,0,0,3,4,0,DoS,1
0.847608,tcp,smtp,FIN,48,24,38951,1866,83.76514,62,252,359977.75,16885.16406,21,8,18.034213,36.164176,1279.674958,42.887051,255,2485779295,3740721128,255,0.054594,0.007516,0.047078,811,78,0,0,1,1,1,1,1,1,0,0,0,1,1,0,DoS,1
0.380509,tcp,http,FIN,16,48,1068,57651,165.567705,62,252,21066.51953,1186831.375,2,22,25.367267,7.920553,1267.500732,952.635025,255,1464691072,3122001016,255,0.0532,0.007594,0.045606,67,1201,1,27594,1,1,1,1,1,1,0,0,1,1,1,0,DoS,1
0.161968,tcp,http,FIN,20,6,16110,268,154.351484,254,252,755951.8125,11063.91406,7,1,7.560421,29.5274,616.875888,46.494004,255,3475612213,121043065,255,0.062957,0.014328,0.048629,806,45,1,0,1,1,1,1,1,1,0,0,1,1,1,0,DoS,1
4.63229,tcp,smtp,FIN,36,24,19845,1846,12.736681,254,252,33320.88672,3056.803467,14,8,132.351145,192.396656,9629.387104,317.223063,255,2580590357,2014758188,255,0.250366,0.128963,0.121403,551,77,0,0,1,1,1,1,1,1,0,0,0,3,1,0,DoS,1
0.228153,tcp,http,FIN,10,6,1970,268,65.745354,254,252,62168.80469,7854.378418,2,1,25.350333,44.031,1216.674899,66.080773,255,3519552078,3516413729,255,0.053177,0.007289,0.045888,197,45,1,0,1,1,1,1,1,1,0,0,1,1,2,0,DoS,1
0.168108,tcp,http,FIN,12,6,3774,268,101.125466,254,252,164656.0469,10659.81348,3,1,14.829637,29.064199,916.282003,47.170387,255,1779442414,2201598700,255,0.039933,0.022784,0.017149,315,45,1,0,1,1,4,1,1,1,0,0,1,1,1,0,DoS,1
0.224355,udp,-,CON,4,2,2130,1518,22.286109,254,60,56981.125,27064.25195,0,0,74.785,0.003,105.74782,0.0,0,0,0,0,0.0,0.0,0.0,533,759,0,0,5,0,1,1,1,1,0,0,0,3,1,0,DoS,1
0.017105,udp,dns,CON,2,2,120,240,175.387313,62,252,28061.9707,56123.94141,0,0,0.008,0.009,0.0,0.0,0,0,0,0,0.0,0.0,0.0,60,120,0,0,1,3,1,1,1,1,0,0,0,1,1,0,DoS,1
0.066783,udp,-,CON,4,2,188,89,74.869349,254,60,16890.52539,5390.593262,0,0,22.261,0.013,31.465545,0.0,0,0,0,0,0.0,0.0,0.0,47,45,0,0,1,0,1,1,1,1,0,0,0,1,1,0,DoS,1
1.160043,tcp,smtp,FIN,70,28,69936,2214,83.61759,62,252,475409.9688,14723.5918,32,8,16.812217,42.093406,1388.471422,54.248277,255,2921678728,3370864556,255,0.052905,0.006563,0.046342,999,79,0,0,1,1,1,1,1,1,0,0,0,1,1,0,DoS,1
0.552087,tcp,http,FIN,54,12,63943,526,117.735065,254,252,909407.375,6998.896973,24,1,9.690849,47.974,948.500179,57.543941,255,4269026886,523158565,255,0.086583,0.024365,0.062218,1184,44,1,0,1,1,1,1,1,1,0,0,1,1,1,0,DoS,1
0.252468,tcp,http,FIN,10,8,802,1088,67.335269,62,252,22878.14844,30166.20117,2,2,28.052,33.11843,1471.376248,54.315367,255,3966575079,51977553,255,0.053226,0.007658,0.045568,80,136,1,117,1,1,1,1,1,1,0,0,1,1,1,0,DoS,1
0.613919,tcp,ssl,FIN,12,10,1326,2098,34.206466,254,252,15845.73828,24615.625,3,3,55.810817,57.772445,2732.733501,106.286977,255,3434622392,592593873,255,0.130958,0.06377,0.067188,111,210,0,0,1,1,1,1,1,1,0,0,0,1,1,0,DoS,1
4.139924,tcp,-,FIN,32,14,26052,1510,10.869765,254,252,48769.97656,2711.160889,13,3,132.814737,313.457,19071.13591,807.229,255,2154135998,3372761542,255,0.110185,0.064974,0.045211,814,108,0,0,5,1,2,1,1,5,0,0,0,2,5,0,DoS,1
4e-06,udp,-,INT,2,0,680,0,250000.0006,254,0,680000000.0,0.0,0,0,0.004,0.0,0.0,0.0,0,0,0,0,0.0,0.0,0.0,340,0,0,0,3,2,1,1,1,1,0,0,0,1,1,0,DoS,1
0.142911,tcp,http,FIN,12,6,5114,268,118.955152,254,252,262429.0625,12539.27246,3,1,11.788272,27.396,768.56923,45.781922,255,83304763,850053212,255,0.051014,0.005928,0.045086,426,45,1,0,1,1,1,1,1,1,0,0,1,1,1,0,DoS,1
1.227205,tcp,http,FIN,34,170,1784,217069,165.416531,62,252,11290.69727,1406728.25,2,83,37.18803,7.129929,1847.409584,853.671817,255,3433878894,2208864631,255,0.055894,0.007757,0.048137,52,1277,1,104877,1,1,1,1,1,1,0,0,1,1,1,0,DoS,1
0.294938,tcp,http,FIN,10,8,824,954,57.639233,62,252,20126.26367,22648.82813,2,2,32.770889,33.64057,1637.77123,62.22398,255,251719583,1283529513,255,0.086849,0.03255,0.054299,82,119,1,54,1,1,1,1,1,1,0,0,1,1,1,0,DoS,1
1.169205,tcp,http,FIN,10,8,826,958,14.539795,62,252,5090.638672,5740.65332,2,2,129.911667,154.610141,7137.876522,286.002563,255,1593081465,1860167004,255,0.180117,0.086277,0.09384,83,120,0,0,3,1,1,1,1,1,0,0,0,1,1,0,DoS,1
1.137278,tcp,-,FIN,26,24,3480,3088,43.085333,254,252,23543.93555,20821.64648,10,10,45.491121,47.900957,2205.369753,57.765664,255,2752212802,3278126166,255,0.044323,0.013659,0.030664,134,129,0,0,1,1,1,1,1,1,0,0,0,1,1,0,DoS,1
0.848943,tcp,smtp,FIN,34,22,19865,1788,64.786447,254,252,181694.1719,16085.88574,14,8,25.725545,37.368285,1660.245814,48.501438,255,845241683,644122239,255,0.076702,0.055822,0.02088,584,81,0,0,1,1,1,1,1,1,0,0,0,1,1,0,DoS,1
0.468092,tcp,-,FIN,12,8,1036,436,40.590312,254,252,16236.125,6528.631348,3,2,41.52,61.947715,2159.458356,87.837516,255,1263666258,3595433436,255,0.096155,0.034448,0.061707,86,55,0,0,1,1,1,1,1,1,0,0,0,1,1,0,DoS,1
1.959432,tcp,http,FIN,10,8,854,354,8.675984,254,252,3139.685303,1265.672852,2,1,213.270444,253.870719,12167.83466,403.863031,255,1191207678,1936137460,255,0.297385,0.182334,0.115051,85,44,1,0,1,1,1,1,1,1,0,0,1,2,1,0,DoS,1
1.342161,tcp,-,FIN,26,68,1358,71382,69.291237,62,252,7784.460449,419222.4063,6,32,53.68644,19.711388,2741.426279,1729.882115,255,1550729152,2342834245,255,0.07392,0.02081,0.05311,52,1050,0,0,1,1,1,1,1,1,0,0,0,1,1,0,DoS,1
0.856186,tcp,-,FIN,20,18,2568,2328,43.21491,254,252,22798.78516,20546.9375,7,7,45.062419,48.955707,2254.974963,58.962211,255,1727910214,786310686,255,0.06901,0.016685,0.052325,128,129,0,0,1,1,1,1,1,1,0,0,0,1,1,0,DoS,1
0.281085,tcp,http,FIN,10,8,804,1586,60.479923,62,252,20605.86523,39504.0625,2,2,31.231667,37.91243,1540.793989,53.488633,255,2546093900,1524944201,255,0.062247,0.014943,0.047304,80,198,1,366,1,1,1,1,1,1,0,0,1,1,1,0,DoS,1
3e-06,sctp,-,INT,2,0,152,0,333333.3215,254,0,202666656.0,0.0,0,0,0.003,0.0,0.0,0.0,0,0,0,0,0.0,0.0,0.0,76,0,0,0,1,2,1,1,1,1,0,0,0,2,1,0,DoS,1
9e-06,ipv6,-,INT,2,0,86,0,111111.1072,254,0,38222220.0,0.0,0,0,0.009,0.0,0.0,0.0,0,0,0,0,0.0,0.0,0.0,43,0,0,0,1,2,1,1,1,1,0,0,0,2,1,0,DoS,1
59.988045,tcp,smtp,CON,6680,996,8829491,43504,127.94216,254,252,1177323.875,5795.955078,3338,6,8.999112,60.186391,1301.256827,86.711906,255,2886701548,1329071932,255,0.132382,0.070888,0.061494,1322,44,0,0,1,0,1,1,1,1,0,0,0,1,1,0,DoS,1
3.635177,tcp,pop3,FIN,32,70,1484,66526,27.784067,62,252,3164.632812,144314.2969,7,31,117.263774,52.179461,6602.24472,5744.185155,255,3252969559,2216266449,255,0.097107,0.034151,0.062956,46,950,0,0,1,1,3,1,1,2,0,0,0,2,1,0,DoS,1
0.427585,tcp,http,FIN,10,8,774,1034,39.758176,62,252,13040.68164,16932.30469,2,2,47.349222,53.050715,2363.787983,63.847895,255,191978541,4127676087,255,0.080909,0.056227,0.024682,77,129,1,105,2,1,1,1,1,1,0,0,1,2,1,0,DoS,1
6.119517,tcp,http,FIN,494,80,642980,3450,93.634843,254,252,838862.3125,4453.946289,244,1,12.351707,76.007773,1580.037565,88.155148,255,1577381891,885931317,255,0.172198,0.114894,0.057304,1302,43,1,0,1,1,1,1,1,1,0,0,1,1,1,0,DoS,1
0.617091,tcp,http,FIN,10,12,812,7922,34.030637,62,252,9476.722656,94144.94531,2,4,68.565667,53.485092,4787.084195,4665.845163,255,1337723138,4113938129,255,0.039378,0.027991,0.011387,81,660,1,3471,1,1,1,1,1,1,0,0,1,1,1,0,DoS,1
11.037491,udp,-,INT,222,0,11766,0,20.022667,254,0,8489.610352,0.0,0,0,49.943398,0.0,303.040437,0.0,0,0,0,0,0.0,0.0,0.0,53,0,0,0,3,2,1,1,1,1,0,0,0,1,1,0,DoS,1
0.771977,tcp,-,FIN,12,8,2692,466,24.612132,254,252,25575.89063,4228.10498,3,2,70.092999,100.853289,3584.208427,148.976344,255,2547132245,2899301481,255,0.112199,0.065995,0.046204,224,58,0,0,5,1,2,1,1,3,0,0,0,27,3,0,DoS,1
0.419844,tcp,-,FIN,10,6,1228,268,35.727556,254,252,21074.49414,4268.251953,2,1,46.649333,71.746203,2562.506645,123.669602,255,787990750,3454115053,255,0.143043,0.060502,0.082541,123,45,1,0,3,1,1,1,1,2,0,0,1,2,1,0,DoS,1
9e-06,udp,dns,INT,2,0,268,0,111111.1072,254,0,119111104.0,0.0,0,0,0.009,0.0,0.0,0.0,0,0,0,0,0.0,0.0,0.0,134,0,0,0,1,2,1,1,1,1,0,0,0,1,1,0,DoS,1
0.399449,tcp,http,FIN,10,8,1366,354,42.558625,254,252,24633.93359,6208.552246,2,1,42.697556,50.050855,3006.713284,106.186664,255,58974515,606563584,255,0.09705,0.049084,0.047966,137,44,0,0,5,1,2,2,1,2,0,0,0,2,2,0,DoS,1
0.240825,tcp,http,FIN,10,8,848,1044,70.590679,254,252,25379.42578,30362.29688,2,2,26.758333,32.806,1460.558001,59.107699,255,2317800366,3582400401,255,0.051665,0.006779,0.044886,85,131,0,0,1,1,1,1,1,1,0,0,0,1,1,0,DoS,1
0.391133,tcp,http,FIN,10,6,2018,268,38.350125,254,252,37163.82813,4581.561523,2,1,42.777,66.119203,2443.957702,120.129563,255,2513139332,1625808018,255,0.111742,0.06052,0.051222,202,45,0,0,1,1,1,1,1,1,0,0,0,1,1,0,DoS,1
0.208269,tcp,http,FIN,10,8,788,986,81.625206,62,252,27272.42188,33149.4375,2,2,23.141,25.966857,1244.779947,44.215508,255,257784989,62545246,255,0.073883,0.021685,0.052198,79,123,0,0,1,1,1,1,1,1,0,0,0,1,1,0,DoS,1
0.506847,udp,dns,CON,2,2,132,360,5.918946,62,252,1041.734497,2841.093994,0,0,0.02,0.014,0.0,0.0,0,0,0,0,0.0,0.0,0.0,66,180,0,0,2,3,1,1,1,2,0,0,0,2,2,0,DoS,1
0.61001,tcp,http,FIN,10,8,802,1320,27.868394,62,252,9468.697266,15147.29199,2,2,67.778889,68.273289,3762.782901,103.146969,255,1174321027,3772704655,255,0.156726,0.077965,0.078761,80,165,1,259,1,1,2,1,1,1,0,0,1,1,2,0,DoS,1
0.707626,tcp,http,FIN,10,8,950,1698,24.023991,254,252,9666.123047,16799.83594,2,2,78.601222,90.984711,3937.882814,142.195047,255,140472620,1229101796,255,0.15452,0.070723,0.083797,95,212,0,0,1,1,1,1,1,1,0,0,0,1,3,0,DoS,1
0.579868,tcp,http,FIN,10,12,782,7494,36.215137,62,252,9712.554688,94780.1875,2,4,64.331556,47.033999,3061.50906,3456.1214,255,1059384740,2625773365,255,0.154355,0.062486,0.091869,78,625,1,3244,1,1,2,1,1,1,0,0,1,1,1,0,DoS,1
1.722923,tcp,smtp,FIN,22,20,4742,1800,23.796768,254,252,21020.0918,7939.994629,8,8,82.043953,85.278266,4116.515445,99.312523,255,3700869850,3606509352,255,0.162576,0.101866,0.06071,216,90,0,0,2,1,2,1,1,1,0,0,0,1,1,0,DoS,1
0.388873,tcp,-,FIN,20,8,17644,354,69.431406,254,252,344832.375,6377.40332,7,1,18.698,47.42,1436.584037,80.691102,255,3008294866,850756697,255,0.094483,0.056925,0.037558,882,44,0,0,2,1,1,1,1,1,0,0,0,1,1,0,DoS,1
4.8e-05,udp,-,INT,1,0,112,0,0.0,255,0,0.0,0.0,0,0,0.0,0.0,0.0,0.0,0,0,0,0,0.0,0.0,0.0,112,0,0,0,5,0,2,2,2,2,0,0,0,3,2,0,DoS,1
25.422068,ospf,-,INT,28,0,12832,0,1.062069,254,0,3893.939697,0.0,0,0,941.55825,0.0,1044.050375,0.0,0,0,0,0,0.0,0.0,0.0,458,0,0,0,1,2,3,1,1,2,0,0,0,2,1,0,DoS,1
1.349166,tcp,http,FIN,10,8,766,354,12.600376,254,252,4091.41626,1838.172607,2,1,141.056111,175.484859,7811.209022,329.026844,255,3130673709,1303069038,255,0.217255,0.12077,0.096485,77,44,1,0,3,1,1,1,1,1,0,0,1,1,1,0,DoS,1
0.465116,tcp,http,FIN,10,8,860,1240,36.550022,62,252,13312.80859,18662.01172,2,2,51.609444,59.431715,2612.93346,82.752156,255,3997125104,3244711538,255,0.147449,0.049085,0.098364,86,155,1,207,1,1,1,1,1,1,0,0,1,1,1,0,DoS,1
30.052145,udp,-,CON,104,104,59114,77968,6.888027,254,60,15585.17676,20556.00391,0,0,288.980469,287.798656,328.702406,319.606156,0,0,0,0,0.0,0.0,0.0,568,750,0,0,1,0,3,1,1,1,0,0,0,1,4,0,DoS,1
1.160856,tcp,-,FIN,12,8,3700,354,16.367232,254,252,23375.85352,2136.354492,3,1,101.672002,159.514141,8489.096353,237.073359,255,3210133366,3075976180,255,0.069351,0.044247,0.025104,308,44,0,0,1,1,1,1,1,1,0,0,0,25,1,0,DoS,1
0.830418,tcp,http,FIN,10,6,1300,268,18.063192,62,252,11271.43164,2157.949463,2,1,85.908556,137.631406,4799.349974,228.607547,255,3354891324,759621083,255,0.221498,0.142254,0.079244,130,45,1,0,1,1,1,1,1,1,0,0,1,2,1,0,DoS,1
0.664697,tcp,http,FIN,10,18,816,15868,40.620012,62,252,8846.135742,180376.9219,2,7,73.855222,29.166764,4273.804392,3396.439853,255,191407921,3756555655,255,0.264198,0.144429,0.119769,82,882,1,7318,1,1,1,1,1,1,0,0,1,1,1,0,DoS,1
0.53958,tcp,http,FIN,10,8,830,2348,31.505987,62,252,11075.28125,30468.14258,2,2,59.953333,65.972859,2994.504485,99.735047,255,2825611157,133619653,255,0.107988,0.077034,0.030954,83,294,1,754,1,1,1,1,1,1,0,0,1,11,1,0,DoS,1
43.872566,ospf,-,INT,42,0,2184,0,0.934525,254,0,388.762299,0.0,0,0,1070.062625,0.0,1318.4295,0.0,0,0,0,0,0.0,0.0,0.0,52,0,0,0,1,2,1,1,1,1,0,0,0,1,1,0,DoS,1
9e-06,udp,-,INT,2,0,81,0,111111.1072,254,0,36444444.0,0.0,0,0,0.009,0.0,0.0,0.0,0,0,0,0,0.0,0.0,0.0,41,0,0,0,1,2,2,1,1,1,0,0,0,1,1,0,DoS,1
2.586716,tcp,smtp,FIN,34,24,19687,1834,22.035663,254,252,59095.78125,5437.009766,14,8,78.385332,105.958609,4875.000915,125.741633,255,2961409512,3028327483,255,0.185184,0.148538,0.036646,579,76,0,0,1,1,1,1,1,1,0,0,0,1,1,0,DoS,1
0.656746,tcp,http,FIN,10,8,806,1236,25.885199,62,252,8843.601562,13180.13379,2,2,72.971778,85.398711,3672.860251,148.387266,255,1932488647,3820828756,255,0.183328,0.057886,0.125442,81,155,1,197,1,1,1,1,1,1,0,0,1,2,1,0,DoS,1
4e-06,udp,dns,INT,2,0,148,0,250000.0006,254,0,148000000.0,0.0,0,0,0.004,0.0,0.0,0.0,0,0,0,0,0.0,0.0,0.0,74,0,0,0,1,2,1,1,1,2,0,0,0,3,1,0,DoS,1
0.744562,tcp,http,FIN,10,8,822,906,22.832216,62,252,7950.983398,8520.446289,2,2,82.729111,97.473,4586.883219,172.821078,255,1016834689,3835042548,255,0.130222,0.052073,0.078149,82,113,1,34,1,1,1,1,1,1,0,0,1,40,1,0,DoS,1
2.757071,tcp,-,FIN,12,12,1152,1350,8.342186,254,252,3064.121338,3592.218018,3,3,250.642807,243.438641,16196.42693,492.75725,255,3726932413,2967329714,255,0.119835,0.078471,0.041364,96,113,0,0,1,1,1,1,1,1,0,0,0,1,1,0,DoS,1
1.008741,tcp,http,FIN,10,8,758,1044,16.85269,62,252,5416.652832,7248.639648,2,2,112.082333,135.758141,7062.65093,288.114594,255,2617035553,416433589,255,0.103726,0.057908,0.045818,76,131,1,117,2,1,1,2,1,1,0,0,1,2,1,0,DoS,1
0.625663,tcp,http,FIN,10,6,3170,268,23.974568,254,252,36479.70313,2864.161865,2,1,69.400111,112.299,3635.373257,182.140203,255,4047756434,2148906555,255,0.091344,0.064162,0.027182,317,45,1,0,1,1,16,1,1,16,0,0,1,16,1,0,DoS,1
0.455302,tcp,-,FIN,10,6,1232,268,32.945166,254,252,19485.9668,3935.849121,2,1,46.614222,78.940398,2282.812529,107.355781,255,2023371305,1883660152,255,0.102927,0.060593,0.042334,123,45,0,0,1,1,1,1,1,1,0,0,0,1,1,0,DoS,1
9e-06,udp,-,INT,2,0,590,0,111111.1072,254,0,262222208.0,0.0,0,0,0.009,0.0,0.0,0.0,0,0,0,0,0.0,0.0,0.0,295,0,0,0,2,2,1,1,1,1,0,0,0,2,1,0,DoS,1
0.972237,tcp,http,FIN,10,8,788,1214,17.485449,62,252,5842.196777,8746.838867,2,2,108.026333,129.99757,5519.756499,211.530172,255,1441627277,1599607921,255,0.198218,0.061106,0.137112,79,152,1,188,1,1,21,1,1,30,0,0,1,21,1,0,DoS,1
55.691151,udp,-,CON,196,196,111416,146944,7.020864,254,60,15923.24805,21000.82227,0,0,282.113031,284.503562,341.156094,343.601187,0,0,0,0,0.0,0.0,0.0,568,750,0,0,2,0,2,2,2,2,0,0,0,2,3,0,DoS,1
0.933591,tcp,http,FIN,10,10,818,1226,20.351524,62,252,6315.399414,9460.245117,2,2,103.732333,92.709664,5784.465485,195.149391,255,457650314,2531542374,255,0.146579,0.082655,0.063924,82,123,1,153,1,1,1,1,1,1,0,0,1,2,1,0,DoS,1
1.177281,tcp,http,FIN,12,20,968,17854,26.331861,254,252,6034.243164,115262.2031,2,7,106.975547,56.901055,6614.143256,5733.385552,255,2169714123,104798838,255,0.13379,0.096141,0.037649,81,893,1,0,1,1,1,1,1,1,0,0,1,1,1,0,DoS,1
2.987674,tcp,smtp,FIN,28,20,7801,1758,15.731301,254,252,20144.09961,4474.383789,10,8,110.654591,153.558203,7300.588564,246.8175,255,1870827529,1729185238,255,0.1567,0.069276,0.087424,279,88,0,0,1,1,1,1,1,1,0,0,0,1,1,0,DoS,1
2.061008,tcp,smtp,FIN,20,18,4052,1242,17.952381,254,252,14944.14356,4553.111816,7,6,108.474109,117.625117,6955.591121,179.276969,255,3985572352,4262771576,255,0.125168,0.06097,0.064198,203,69,0,0,1,1,1,1,1,2,0,0,0,1,1,0,DoS,1
1.408947,tcp,http,FIN,10,10,770,982,13.485248,62,252,3934.853516,5019.351562,2,2,153.979111,148.780563,11670.10521,228.331281,255,2154394812,340101308,255,0.118364,0.069913,0.048451,77,98,1,52,1,1,1,1,1,21,0,0,1,1,1,0,DoS,1
0.087682,sctp,-,CON,4,2,536,440,57.024246,254,60,36677.99609,20072.53516,0,0,29.227334,0.001,41.3245,0.0,0,0,0,0,0.0,0.0,0.0,134,220,0,0,1,0,1,1,1,1,0,0,0,1,1,0,DoS,1
6.194809,ospf,-,INT,82,0,5248,0,13.075464,254,0,6694.637207,0.0,0,0,76.479125,0.0,111.580492,0.0,0,0,0,0,0.0,0.0,0.0,64,0,0,0,1,2,1,1,1,1,0,0,0,1,1,0,DoS,1
0.678305,tcp,http,FIN,10,8,772,930,25.062473,62,252,8196.90332,9600.401367,2,2,75.367222,71.50543,3936.490676,125.498961,255,2709731346,3907365313,255,0.184782,0.109897,0.074885,77,116,1,68,1,1,2,1,1,1,0,0,1,1,1,0,DoS,1
0.855309,tcp,-,FIN,10,8,900,354,19.875858,254,252,7576.208984,2899.536865,2,1,95.034333,111.707,5633.739858,221.931469,255,1719341522,731614925,255,0.06957,0.049561,0.020009,90,44,0,0,6,1,3,1,1,1,0,0,0,7,6,0,DoS,1
0.487519,tcp,http,FIN,10,6,930,268,30.768032,254,252,13734.84961,3675.75415,2,1,54.168778,83.952602,2857.488817,131.825656,255,2757517616,3949961349,255,0.109242,0.067467,0.041775,93,45,1,0,2,1,1,1,1,1,0,0,1,1,1,0,DoS,1
8e-06,udp,-,INT,2,0,136,0,125000.0003,254,0,68000000.0,0.0,0,0,0.008,0.0,0.0,0.0,0,0,0,0,0.0,0.0,0.0,68,0,0,0,1,2,1,1,1,1,0,0,0,2,1,0,DoS,1
1e-06,udp,-,INT,2,0,136,0,1000000.003,254,0,544000000.0,0.0,0,0,0.001,0.0,0.0,0.0,0,0,0,0,0.0,0.0,0.0,68,0,0,0,1,2,1,1,1,1,0,0,0,1,2,0,DoS,1
0.449771,tcp,-,FIN,10,6,648,268,33.350306,254,252,10387.50879,3984.249756,2,1,49.900111,72.877,2538.63233,114.838477,255,417617530,403304195,255,0.170098,0.085377,0.084721,65,45,0,0,7,1,1,1,1,1,0,0,0,4,1,0,DoS,1
0.641845,tcp,-,FIN,10,6,528,268,23.370129,254,252,5932.896484,2791.951416,2,1,66.883556,114.412,3610.641315,193.50925,255,1334036942,2945845432,255,0.13837,0.069782,0.068588,53,45,0,0,3,1,21,1,1,1,0,0,0,2,1,0,DoS,1
1.888518,tcp,http,FIN,10,14,842,7740,12.178862,62,252,3210.983398,30449.27344,2,4,209.724556,136.493534,12596.79026,12427.92469,255,128395119,3734980988,255,0.157266,0.114092,0.043174,84,553,1,3318,1,1,1,1,1,8,0,0,1,1,1,0,DoS,1
0.831067,tcp,http,FIN,12,6,3504,268,20.455631,254,252,30919.28711,2156.26416,3,1,75.551544,156.952203,4932.187051,289.334219,255,357298190,85452982,255,0.119286,0.045684,0.073602,292,45,1,0,1,1,1,1,1,1,0,0,1,2,1,0,DoS,1
2.044261,tcp,smtp,FIN,22,20,2803,1780,20.056148,62,252,10472.24414,6617.550293,8,8,97.345235,101.657313,4702.583601,118.936219,255,894159898,1091925201,255,0.185741,0.112763,0.072978,127,89,0,0,1,1,1,1,1,1,0,0,0,2,1,0,DoS,1
2.256496,tcp,smtp,FIN,24,22,4467,1822,19.942424,254,252,15177.51465,6168.856445,9,8,98.108522,101.045336,5314.699571,139.030266,255,435465770,4001630973,255,0.198587,0.113017,0.08557,186,83,0,0,1,1,18,1,1,1,0,0,0,1,1,0,DoS,1
0.884732,tcp,http,FIN,10,8,772,1166,19.214858,62,252,6284.388672,9232.173828,2,2,98.303556,106.883711,5321.70602,205.464063,255,2693713005,3235671482,255,0.154867,0.075918,0.078949,77,146,1,185,2,1,1,1,1,2,0,0,1,1,2,0,DoS,1
0.677506,tcp,http,FIN,10,8,768,2954,25.092028,62,252,8171.14502,30523.71289,2,2,75.278444,90.028711,4474.700764,139.528359,255,971828380,1168994006,255,0.104176,0.046523,0.057653,77,369,1,1074,1,1,1,1,1,1,0,0,1,1,1,0,DoS,1
0.753843,tcp,ftp,FIN,14,12,1538,890,33.163404,254,252,15164.96094,8659.62793,4,4,57.356231,64.875547,3525.976091,97.509992,255,414163999,2557360857,255,0.060399,0.040207,0.020192,110,74,0,0,1,1,24,1,1,40,0,0,0,24,1,0,DoS,1
1.065283,tcp,ftp,FIN,12,14,586,6392,23.467944,62,252,4040.241211,44577.82813,3,5,96.843906,70.207387,5050.606917,3976.874696,255,2464255079,3897684748,255,0.237073,0.151495,0.085578,49,457,0,0,1,1,1,1,1,1,0,0,0,1,1,0,DoS,1
0.389404,tcp,-,FIN,10,6,616,268,38.520406,254,252,11402.04004,4601.904297,2,1,42.674778,60.656,2352.176902,101.773898,255,1573591367,4105657853,255,0.176044,0.086121,0.089923,62,45,0,0,3,1,1,1,1,1,0,0,0,3,1,0,DoS,1
6.354164,tcp,http,FIN,86,516,4144,679801,94.583644,62,252,5156.933105,854222.8125,2,256,74.754871,12.225803,3612.235887,1515.396452,255,1754206715,1967699245,255,0.101665,0.068202,0.033463,48,1317,1,329287,2,1,1,2,1,1,0,0,1,2,1,0,DoS,1
0.440585,tcp,http,FIN,10,6,1716,268,34.045645,254,252,28053.61133,4067.319824,2,1,48.953889,69.217602,2401.318112,127.645258,255,3450578844,2522147708,255,0.121523,0.057702,0.063821,172,45,1,0,1,1,1,1,1,1,0,0,1,1,1,0,DoS,1
2.048507,tcp,smtp,FIN,36,22,22265,1828,27.825143,62,252,84537.66406,6814.719238,15,8,60.250206,93.519859,4197.123666,134.482219,255,1585622656,866609522,255,0.150421,0.067085,0.083336,618,83,0,0,1,1,2,1,1,1,0,0,0,1,1,0,DoS,1
3.812957,tcp,smtp,FIN,370,70,459327,3884,115.133739,62,252,961114.4375,8033.659668,181,8,10.333217,54.478305,1210.724643,80.232781,255,2157688338,2666531328,255,0.070504,0.032421,0.038083,1241,55,0,0,1,1,3,1,1,17,0,0,0,1,1,0,DoS,1
23.268108,sctp,-,CON,250,24,248562,1652,11.732797,254,60,85118.39063,544.608093,0,0,93.446219,306.675,128.423445,360.513219,0,0,0,0,0.0,0.0,0.0,994,69,0,0,1,0,1,1,1,1,0,0,0,1,1,0,DoS,1
0.444616,tcp,http,FIN,10,10,818,4694,42.733506,62,252,13260.88184,76020.65625,2,3,49.401778,42.179333,2678.498219,2660.643872,255,3464863838,3237276260,255,0.113455,0.039317,0.074138,82,469,1,1901,1,1,1,1,1,1,0,0,1,2,1,0,DoS,1
7e-06,udp,-,INT,2,0,1714,0,142857.1409,254,0,979428544.0,0.0,0,0,0.007,0.0,0.0,0.0,0,0,0,0,0.0,0.0,0.0,857,0,0,0,2,2,1,1,1,1,0,0,0,26,1,0,DoS,1
2.747252,tcp,smtp,FIN,24,22,4917,1844,16.380005,62,252,13724.25977,5128.033203,9,8,119.445745,123.740859,7042.25628,182.398844,255,1861392733,3932851577,255,0.209121,0.140691,0.06843,205,84,0,0,1,1,1,1,1,1,0,0,0,1,1,0,DoS,1
1.372786,tcp,http,FIN,10,10,904,970,13.840467,62,252,4743.638184,5087.464355,2,2,152.503111,135.887781,8516.411572,253.347328,255,817387896,3823078582,255,0.188359,0.149787,0.038572,90,97,1,30,1,1,1,1,1,1,0,0,1,1,1,0,DoS,1
5e-06,udp,-,INT,2,0,520,0,200000.0051,254,0,416000000.0,0.0,0,0,0.005,0.0,0.0,0.0,0,0,0,0,0.0,0.0,0.0,260,0,0,0,5,2,1,1,1,1,0,0,0,2,1,0,DoS,1
0.711738,tcp,-,FIN,10,6,1036,268,21.075171,254,252,10487.00488,2517.780518,2,1,74.653444,126.525203,4293.788429,203.324109,255,2216255430,1191437058,255,0.167503,0.079103,0.0884,104,45,0,0,3,1,1,1,1,1,0,0,0,1,1,0,DoS,1
3e-06,udp,-,INT,2,0,75,0,333333.3215,254,0,101333328.0,0.0,0,0,0.003,0.0,0.0,0.0,0,0,0,0,0.0,0.0,0.0,38,0,0,0,2,2,1,1,1,1,0,0,0,2,1,0,DoS,1
1.470918,tcp,http,FIN,26,122,1454,156043,99.937586,62,252,7608.853516,841727.375,2,59,58.83672,11.654785,2882.354781,1443.407619,255,381771040,1884593318,255,0.123421,0.060001,0.06342,56,1279,1,75323,1,1,2,1,1,1,0,0,1,1,1,0,DoS,1
1.1e-05,udp,-,INT,2,0,1390,0,90909.0902,254,0,505454528.0,0.0,0,0,0.011,0.0,0.0,0.0,0,0,0,0,0.0,0.0,0.0,695,0,0,0,1,2,1,1,1,1,0,0,0,1,1,0,DoS,1
1.901317,tcp,-,FIN,20,16,2848,2052,18.408293,254,252,11385.79199,8095.441406,7,6,98.22216,113.909133,5084.765723,167.671922,255,1955005337,2455940123,255,0.237889,0.19267,0.045219,142,128,0,0,2,1,1,1,1,1,0,0,0,2,1,0,DoS,1
0.477034,tcp,-,FIN,10,6,1550,268,31.444299,254,252,23394.55859,3756.545654,2,1,50.717222,83.771,2574.209193,132.889422,255,1652219774,2151378702,255,0.140986,0.05817,0.082816,155,45,0,0,1,1,1,1,1,1,0,0,0,1,1,0,DoS,1
1.625456,tcp,http,FIN,20,80,1230,99992,60.905987,62,252,5753.462402,485983.0313,2,38,85.550319,20.052278,5042.147839,3197.13749,255,3866062712,2598847214,255,0.082059,0.040578,0.041481,62,1250,1,48128,1,1,2,1,1,1,0,0,1,1,1,0,DoS,1
1.04938,tcp,http,FIN,10,8,788,3156,16.200043,62,252,5412.720215,21056.24414,2,2,116.597778,135.042422,6038.851065,278.300937,255,572377363,420939512,255,0.241646,0.103496,0.13815,79,395,1,1177,1,1,1,1,1,1,0,0,1,1,1,0,DoS,1
1.834457,tcp,smtp,FIN,20,20,3088,1780,21.259697,254,252,12795.06641,7374.38916,7,8,96.550365,93.020477,4746.123705,107.268687,255,1112727063,2849721110,255,0.105149,0.064943,0.040206,154,89,0,0,2,1,1,2,1,1,0,0,0,3,1,0,DoS,1
0.864245,tcp,smtp,FIN,26,20,9703,1684,52.068569,254,252,86364.39844,14810.61523,10,8,34.5698,44.398422,1806.04983,53.460332,255,98111708,1220128692,255,0.063754,0.014001,0.049753,373,84,0,0,1,1,1,1,1,1,0,0,0,1,1,0,DoS,1
7.130431,tcp,http,FIN,112,694,5172,917321,112.896399,62,252,5751.125,1027707.813,2,345,64.238116,10.249471,3142.882128,1248.772368,255,2789775132,2867386505,255,0.124565,0.057639,0.066926,46,1322,1,444493,2,1,1,1,1,1,0,0,1,2,1,0,DoS,1
0.48321,tcp,ftp,FIN,12,10,770,642,43.459366,254,252,11688.5,9569.338867,3,3,41.840911,49.890777,2259.687256,58.813754,255,3974617286,1651368613,255,0.053059,0.034184,0.018875,64,64,0,0,1,1,1,1,1,1,0,0,0,1,1,0,DoS,1
0.661629,tcp,http,FIN,10,8,870,1378,25.694157,254,252,9467.541016,14582.18945,2,2,73.514333,77.913859,4022.580205,113.481461,255,1417277578,1712872330,255,0.252851,0.098373,0.154478,87,172,1,254,1,1,1,1,1,1,0,0,1,25,1,0,DoS,1
3.118872,tcp,http,FIN,10,10,818,1150,6.091946,62,252,1890.427124,2654.805908,2,2,346.541333,338.025,22599.62435,719.008625,255,2740508881,1655155495,255,0.171219,0.07591,0.095309,82,115,1,135,3,1,1,1,1,2,0,0,1,2,2,0,DoS,1
1.063563,tcp,http,FIN,10,10,772,1344,17.86448,62,252,5227.710938,9101.482422,2,2,118.173667,108.398555,8193.646979,167.800734,255,1605918496,598365816,255,0.152144,0.087205,0.064939,77,134,1,229,1,1,1,1,1,1,0,0,1,1,1,0,DoS,1
0.74533,tcp,http,FIN,10,8,956,2046,22.80869,254,252,9241.543945,19223.69922,2,2,82.814444,100.803289,4798.862115,196.321766,255,2954352580,1678576,255,0.113816,0.03902,0.074796,96,256,0,0,2,1,3,2,1,5,0,0,0,4,1,0,DoS,1
0.469694,tcp,dns,FIN,10,8,524,656,36.193778,62,252,8039.276855,9776.578125,2,2,52.069333,58.691715,2830.561631,74.356047,255,3395765241,3815866141,255,0.099939,0.05885,0.041089,52,82,0,0,2,1,1,1,1,2,0,0,0,1,2,0,DoS,1
0.68728,tcp,http,FIN,10,8,796,1212,24.735188,62,252,8345.943359,12350.13379,2,2,76.364444,85.249141,3906.213246,153.725109,255,4044212281,2973356270,255,0.193229,0.089404,0.103825,80,152,1,188,1,1,1,1,1,1,0,0,1,1,1,0,DoS,1
1.516828,tcp,smtp,FIN,18,18,2314,1364,23.074469,254,252,11529.32324,6798.397949,6,7,89.225176,83.050703,4653.556913,108.944977,255,3294182454,4235775680,255,0.106509,0.069126,0.037383,129,76,0,0,1,1,1,1,1,1,0,0,0,1,1,0,DoS,1
0.777793,tcp,smtp,FIN,38,18,32454,1312,70.712903,62,252,325022.2188,12754.03613,16,6,20.461649,44.812531,1449.845074,51.224824,255,137164598,1204145926,255,0.091447,0.015979,0.075468,854,73,0,0,1,1,1,1,1,1,0,0,0,1,1,0,DoS,1
7e-06,udp,dhcp,INT,2,0,1152,0,142857.1409,62,0,658285696.0,0.0,0,0,0.007,0.0,0.0,0.0,0,0,0,0,0.0,0.0,0.0,576,0,0,0,1,2,2,1,1,2,0,0,0,1,1,0,DoS,1
1.010256,tcp,http,FIN,34,10,35162,440,42.563467,254,252,270252.2813,3135.838623,14,1,30.613817,103.377109,2778.537992,150.149469,255,14100251,1476923969,255,0.103967,0.04401,0.059957,1034,44,1,0,1,1,1,1,1,1,0,0,1,1,1,0,DoS,1
0.417141,tcp,http,FIN,12,6,3848,268,40.753607,254,252,67660.57813,4295.909668,3,1,36.971636,81.648398,3016.213908,151.521609,255,192914447,1555987391,255,0.04661,0.00889,0.03772,321,45,1,0,1,1,45,1,1,45,0,0,1,45,1,0,DoS,1
0.361528,tcp,http,FIN,10,8,784,920,47.022636,62,252,15622.5791,17813.28125,2,2,40.102667,47.734715,1984.060548,60.125441,255,615790841,206644651,255,0.058542,0.027377,0.031165,78,115,1,44,1,1,1,1,1,1,0,0,1,1,1,0,DoS,1
0.384254,tcp,http,FIN,10,10,816,4886,49.446459,62,252,15302.37793,91564.42969,2,3,48.031751,31.106222,2261.791671,2018.256061,255,3076640490,3685650093,255,0.105492,0.068292,0.0372,82,489,0,0,1,1,1,1,1,1,0,0,0,1,1,0,DoS,1
59.98391,tcp,smtp,CON,8070,1226,10678012,53254,154.958222,62,252,1423940.375,7096.703125,4033,6,7.44487,48.958719,1181.221342,76.536914,255,404925425,3450557059,255,0.03179,0.009485,0.022305,1323,43,0,0,1,3,1,1,1,1,0,0,0,1,1,0,DoS,1
2.789959,tcp,http,FIN,14,6,1002,268,6.810136,62,252,2669.573242,642.303345,6,1,214.612236,542.272375,19004.8007,1054.88025,255,1447527584,314426977,255,0.136969,0.075189,0.06178,72,45,1,0,1,1,1,1,1,1,0,0,1,1,1,0,DoS,1
0.276292,tcp,http,FIN,10,6,1778,268,54.290389,254,252,46356.75391,6485.891602,2,1,29.751778,44.784398,1529.78865,72.825492,255,218590023,1590156218,255,0.089817,0.052361,0.037456,178,45,1,0,1,1,1,1,1,1,0,0,1,25,1,0,DoS,1
0.246109,tcp,-,FIN,10,6,470,268,60.948606,254,252,13750.00586,7281.32666,2,1,23.622333,37.004,1215.93831,47.403809,255,2630688149,1531967814,255,0.074816,0.061082,0.013734,47,45,0,0,2,1,1,1,1,1,0,0,0,2,1,0,DoS,1
1.982682,tcp,http,FIN,10,10,882,2160,9.582979,62,252,3203.741211,7843.92041,2,2,220.298,208.118109,12923.42213,361.476469,255,2643335395,2007626602,255,0.204724,0.109026,0.095698,88,216,1,611,2,1,1,2,1,1,0,0,1,2,1,0,DoS,1
0.319161,tcp,-,FIN,12,8,1292,412,59.531083,254,252,29702.87695,9048.724609,3,2,27.635636,42.810715,1428.213656,61.922852,255,1232483759,2291312759,255,0.077047,0.019481,0.057566,108,52,0,0,1,1,1,1,1,1,0,0,0,19,1,0,DoS,1
2.432886,tcp,pop3,FIN,24,46,1130,39878,28.36138,62,252,3561.202881,128282.2188,7,21,105.777652,51.959089,5699.862448,3907.513681,255,2874810265,3081120873,255,0.126776,0.069435,0.057341,47,867,0,0,1,1,1,1,1,1,0,0,0,2,1,0,DoS,1
0.49067,tcp,-,FIN,10,8,586,354,34.646504,254,252,8608.637695,5054.313477,2,1,50.034778,62.992285,3298.346394,107.648672,255,2317124307,2090217650,255,0.107715,0.049715,0.058,59,44,0,0,1,1,1,1,1,2,0,0,0,1,1,0,DoS,1
0.223674,udp,-,CON,8,4,362,178,49.178716,254,60,11337.92969,4792.689453,0,0,31.953428,37.479332,49.263645,52.996004,0,0,0,0,0.0,0.0,0.0,45,45,0,0,1,0,1,1,1,1,0,0,0,1,1,0,DoS,1
1.121691,tcp,smtp,FIN,18,16,2336,1192,29.419867,62,252,15740.52051,7973.675781,6,6,64.200824,69.950469,3470.568083,93.140516,255,3713544764,553812334,255,0.146669,0.072429,0.07424,130,75,0,0,1,1,1,1,1,1,0,0,0,1,1,0,DoS,1
2.244654,tcp,http,FIN,34,170,1820,217105,90.437103,62,252,6297.629883,769216.125,2,83,67.991,12.758787,3260.106232,1566.168987,255,3029660823,1091042918,255,0.205339,0.088416,0.116923,54,1277,1,104877,1,1,1,1,1,1,0,0,1,1,1,0,DoS,1
1e-06,sctp,-,INT,2,0,640,0,1000000.003,254,0,2560000000.0,0.0,0,0,0.001,0.0,0.0,0.0,0,0,0,0,0.0,0.0,0.0,320,0,0,0,1,2,1,1,1,1,0,0,0,1,1,0,DoS,1
10.54974,tcp,smtp,FIN,1488,232,1966169,10204,162.942407,62,252,1489968.875,7705.213867,741,2,7.2419,46.244746,962.651523,58.187762,255,410102492,3450557338,255,0.03179,0.009485,0.022305,1321,44,0,0,2,1,1,2,1,1,0,0,0,2,1,0,DoS,1
0.440221,tcp,http,FIN,10,8,800,1404,38.616966,62,252,13084.33691,22334.23633,2,2,48.913444,57.154715,2557.972035,70.226383,255,2753216310,856410668,255,0.064966,0.039537,0.025429,80,176,1,290,1,1,1,1,1,1,0,0,1,1,1,0,DoS,1
0.455792,tcp,http,FIN,10,8,822,1670,37.297714,62,252,12988.38086,25660.82813,2,2,50.537222,59.328,2770.170839,85.896539,255,1324603557,3551035523,255,0.08608,0.040488,0.045592,82,209,1,418,1,1,1,1,1,1,0,0,1,1,1,0,DoS,1
0.084521,udp,dns,CON,2,2,120,264,35.494136,254,60,5679.062012,12493.93555,0,0,0.003,0.003,0.0,0.0,0,0,0,0,0.0,0.0,0.0,60,132,0,0,17,0,3,3,3,3,0,0,0,3,2,0,DoS,1
0.182617,tcp,-,FIN,14,6,7458,268,104.042891,254,252,303410.9688,9812.887695,4,1,12.73,32.778801,840.494782,51.705617,255,294169907,1765722677,255,0.075045,0.018719,0.056326,533,45,0,0,1,1,1,1,1,1,0,0,0,1,1,0,DoS,1
1.580011,tcp,smtp,FIN,36,22,21935,1922,36.075698,254,252,107978.9922,9291.074219,14,8,45.143171,71.014664,2969.848095,100.584352,255,4093471469,2602281499,255,0.143171,0.073673,0.069498,609,87,0,0,1,1,1,1,1,1,0,0,0,1,1,0,DoS,1
1.568041,tcp,http,FIN,10,10,830,1320,12.11703,62,252,3811.125,6061.065918,2,2,174.226778,157.048438,10555.1828,317.247031,255,3223844639,4221640159,255,0.434244,0.132726,0.301518,83,132,1,198,1,1,1,1,1,1,0,0,1,1,1,0,DoS,1
59.329048,ospf,-,INT,118,0,32096,0,1.972053,254,0,4291.186523,0.0,0,0,507.085969,0.0,629.52525,0.0,0,0,0,0,0.0,0.0,0.0,272,0,0,0,1,2,1,1,1,2,0,0,0,1,1,0,DoS,1
0.811712,tcp,http,FIN,10,14,832,8244,28.335172,62,252,7381.928223,75455.32813,2,4,90.190222,55.87146,5039.48862,4446.616198,255,766811952,286690072,255,0.12207,0.084577,0.037493,83,589,1,3551,1,1,2,1,1,2,0,0,1,23,1,0,DoS,1
0.465754,tcp,-,FIN,12,8,1116,688,40.794067,254,252,17571.50781,10340.22266,3,2,35.405183,59.17957,1920.831538,69.600922,255,1981483358,649657196,255,0.1006,0.051488,0.049112,93,86,0,0,1,1,1,1,1,2,0,0,0,1,1,0,DoS,1
0.450178,tcp,http,FIN,10,10,828,2114,42.205528,62,252,13256.97852,33817.73438,2,2,50.019778,43.624223,3456.512326,91.083984,255,1336586667,2196971027,255,0.095011,0.04885,0.046161,83,211,1,614,1,1,1,1,1,1,0,0,1,2,1,0,DoS,1
9e-06,udp,dns,INT,2,0,130,0,111111.1072,62,0,57777776.0,0.0,0,0,0.009,0.0,0.0,0.0,0,0,0,0,0.0,0.0,0.0,65,0,0,0,2,2,1,1,1,2,0,0,0,1,2,0,DoS,1
0.236607,tcp,http,FIN,10,8,812,1218,71.8491,62,252,24716.08984,36042.89063,2,2,26.289667,28.239857,1334.452822,45.987676,255,108062923,271433881,255,0.077001,0.038185,0.038816,81,152,1,206,1,1,1,1,1,1,0,0,1,25,1,0,DoS,1
0.50132,tcp,http,FIN,10,8,788,1094,33.910476,62,252,11330.08887,15287.64063,2,2,55.702222,57.94757,2838.04083,99.763336,255,3191024894,70749209,255,0.130639,0.07802,0.052619,79,137,1,127,1,1,1,1,1,4,0,0,1,1,1,0,DoS,1
0.357993,tcp,ftp,FIN,10,6,2282,268,41.90026,254,252,45900.33984,5005.68457,2,1,37.145333,64.560199,1870.064083,98.20732,255,21161084,1679068187,255,0.10429,0.035187,0.069103,228,45,0,0,1,1,1,1,1,1,0,0,0,1,1,0,DoS,1
4e-06,udp,snmp,INT,2,0,136,0,250000.0006,254,0,136000000.0,0.0,0,0,0.004,0.0,0.0,0.0,0,0,0,0,0.0,0.0,0.0,68,0,0,0,1,2,1,1,1,1,0,0,0,21,1,0,DoS,1
55.411198,ospf,-,REQ,60,0,16320,0,1.064767,254,0,2316.932373,0.0,0,0,938.371375,0.0,1100.5585,0.0,0,0,0,0,0.0,0.0,0.0,272,0,0,0,1,6,2,1,1,3,0,0,0,3,1,0,DoS,1
2.255361,tcp,http,FIN,10,8,3282,354,7.537596,254,252,10478.14453,1099.602173,2,1,245.100111,302.027719,15103.95776,552.774875,255,1511613479,2472941380,255,0.235438,0.141158,0.09428,328,44,1,0,7,1,1,2,1,1,0,0,1,3,1,0,DoS,1
0.6996,tcp,-,FIN,10,6,2386,268,21.440824,254,252,24562.60742,2561.463867,2,1,68.670111,128.425398,3607.152076,170.828984,255,1612170591,4063801555,255,0.115119,0.057464,0.057655,239,45,0,0,4,1,1,1,1,1,0,0,0,3,2,0,DoS,1
9e-06,udp,-,INT,2,0,1442,0,111111.1072,254,0,640888896.0,0.0,0,0,0.009,0.0,0.0,0.0,0,0,0,0,0.0,0.0,0.0,721,0,0,0,1,2,1,1,1,1,0,0,0,1,1,0,DoS,1
1.056298,tcp,http,FIN,10,8,1310,354,16.093943,254,252,8929.297852,2347.822266,2,1,117.366444,138.383859,7793.153112,188.261766,255,1220894670,2403896419,255,0.142526,0.086846,0.05568,131,44,1,0,1,1,1,1,1,1,0,0,1,1,1,0,DoS,1
59.977314,tcp,http,CON,998,6676,43400,8906095,127.931704,62,252,5783.120117,1187750.5,2,3338,60.157679,8.993321,2901.280315,1109.91975,255,3013804311,1204991558,255,0.10073,0.051184,0.049546,43,1334,1,5242880,1,3,21,1,1,45,0,0,2,21,1,0,DoS,1
0.432083,tcp,http,FIN,10,10,790,2524,43.973032,62,252,13164.13672,42065.99219,2,2,48.009222,41.861223,3066.702689,99.107391,255,3898893449,957711711,255,0.093508,0.028483,0.065025,79,252,1,814,1,1,1,1,1,1,0,0,1,1,1,0,DoS,1
0.430688,tcp,http,FIN,10,8,790,916,39.47173,62,252,13206.77637,14897.09473,2,2,47.747,52.687,2418.709688,70.369187,255,3458504645,649797485,255,0.098851,0.06187,0.036981,79,115,1,52,1,1,1,1,1,1,0,0,1,1,1,0,DoS,1
2.095592,tcp,smtp,FIN,22,20,3245,1696,19.564877,62,252,11826.72949,6153.869629,8,8,99.784333,106.636945,5294.262798,149.969844,255,1446539711,3290084456,255,0.175334,0.069483,0.105851,148,85,0,0,1,1,1,1,1,1,0,0,0,1,1,0,DoS,1
0.39701,tcp,-,FIN,10,6,940,268,37.782424,254,252,17047.42969,4513.740234,2,1,42.43,77.344797,3284.432395,138.94025,255,135488808,3048525940,255,0.023902,0.010279,0.013623,94,45,0,0,1,1,1,1,1,1,0,0,0,1,1,0,DoS,1
0.440983,tcp,http,FIN,16,6,12016,268,47.620884,254,252,204361.625,4063.648682,5,1,28.293733,86.611,2846.633517,159.856266,255,3426976868,1038716449,255,0.047917,0.007925,0.039992,751,45,1,0,1,1,1,1,1,1,0,0,1,35,1,0,DoS,1
0.797717,tcp,-,FIN,10,8,862,354,21.310816,62,252,7782.208496,3108.87207,2,1,88.532,104.03357,5156.902859,194.499141,255,336527082,2848213716,255,0.128733,0.069478,0.059255,86,44,0,0,1,1,25,1,1,1,0,0,0,1,1,0,DoS,1
17.781,ospf,-,INT,22,0,5984,0,1.181036,254,0,2569.934082,0.0,0,0,846.714313,0.0,1094.3595,0.0,0,0,0,0,0.0,0.0,0.0,272,0,0,0,1,2,2,1,1,3,0,0,0,2,1,0,DoS,1
6e-06,udp,-,INT,2,0,1714,0,166666.6608,254,0,1142666624.0,0.0,0,0,0.006,0.0,0.0,0.0,0,0,0,0,0.0,0.0,0.0,857,0,0,0,1,2,1,1,1,1,0,0,0,3,1,0,DoS,1
0.497123,tcp,-,FIN,8,16,364,13394,46.266216,254,252,5133.538574,202074.7344,1,6,71.017571,27.469533,4106.85172,2551.38169,255,2123789635,3359390226,255,0.09614,0.036537,0.059603,46,837,0,0,1,1,1,1,1,1,0,0,0,2,1,0,DoS,1
0.084521,udp,-,CON,2,2,120,264,35.494136,254,60,5679.062012,12493.93555,0,0,0.003,0.003,0.0,0.0,0,0,0,0,0.0,0.0,0.0,60,132,0,0,1,0,3,3,3,3,0,0,0,3,1,0,DoS,1
0.42307,tcp,dns,FIN,10,12,522,7952,49.637174,62,252,8887.417969,137849.5313,2,4,47.007778,36.138728,3421.016573,3499.83189,255,814274078,95437704,255,0.053002,0.017974,0.035028,52,663,0,0,2,1,1,1,1,2,0,0,0,1,2,0,DoS,1
7.171528,tcp,smtp,FIN,36,24,20253,1930,8.226978,62,252,21965.75195,2063.716553,14,8,204.900803,305.883469,21138.64909,734.369312,255,720634636,4000464204,255,0.249718,0.135473,0.114245,563,80,0,0,2,1,1,1,1,1,0,0,0,1,1,0,DoS,1
2.857283,tcp,http,FIN,108,22,132857,956,45.147784,254,252,368537.5,2556.274414,51,1,26.28243,133.229625,3819.17235,255.123516,255,69792084,3600693026,255,0.144444,0.059451,0.084993,1230,43,1,0,1,1,1,1,1,1,0,0,1,1,1,0,DoS,1
56.138653,ospf,-,INT,8,0,512,0,0.124691,254,0,63.84193,0.0,0,0,8019.808,0.0,10433.724,0.0,0,0,0,0,0.0,0.0,0.0,64,0,0,0,1,2,1,1,1,1,0,0,0,3,1,0,DoS,1
3.257749,tcp,smtp,FIN,22,20,2801,1870,12.585377,62,252,6566.49707,4363.749023,8,8,155.130911,162.459531,8145.456764,214.178063,255,2357995075,2360134227,255,0.195764,0.134502,0.061262,127,94,0,0,1,1,2,1,1,1,0,0,0,1,1,0,DoS,1
9e-06,udp,-,INT,2,0,106,0,111111.1072,254,0,47111108.0,0.0,0,0,0.009,0.0,0.0,0.0,0,0,0,0,0.0,0.0,0.0,53,0,0,0,1,2,1,1,1,1,0,0,0,1,1,0,DoS,1
4.28973,tcp,smtp,FIN,70,30,69714,2114,23.078375,254,252,128155.3828,3811.894775,32,8,62.170003,143.224969,7162.512362,315.377219,255,1095133538,1224311344,255,0.250428,0.135501,0.114927,996,70,0,0,1,1,1,1,1,1,0,0,0,1,1,0,DoS,1
0.867489,tcp,http,FIN,10,10,804,3772,21.902296,62,252,6676.741699,31308.75586,2,3,96.387667,86.623222,5429.263097,7329.812049,255,2653637679,2300549359,255,0.131742,0.048827,0.082915,80,377,1,1438,1,1,1,1,1,1,0,0,1,1,1,0,DoS,1
6e-06,gre,-,INT,2,0,156,0,166666.6608,254,0,104000000.0,0.0,0,0,0.006,0.0,0.0,0.0,0,0,0,0,0.0,0.0,0.0,78,0,0,0,1,2,1,1,1,1,0,0,0,2,1,0,DoS,1
1.742293,tcp,-,FIN,10,8,1134,354,9.757257,62,252,4688.074707,1423.411621,2,1,193.588111,236.546422,11137.58188,390.805781,255,3787913292,3101863289,255,0.195596,0.085594,0.110002,113,44,0,0,1,1,1,1,1,1,0,0,0,6,1,0,DoS,1
6e-06,sctp,-,INT,2,0,104,0,166666.6608,254,0,69333328.0,0.0,0,0,0.006,0.0,0.0,0.0,0,0,0,0,0.0,0.0,0.0,52,0,0,0,1,2,1,1,1,1,0,0,0,1,1,0,DoS,1
1.883888,tcp,dns,FIN,10,8,518,354,9.023891,254,252,1983.13269,1316.426392,2,1,204.260556,256.218141,12127.42012,392.472781,255,1511321776,2985506406,255,0.194521,0.090352,0.104169,52,44,0,0,1,1,2,1,1,4,0,0,0,2,1,0,DoS,1
0.94927,tcp,http,FIN,14,10,9056,1122,24.229144,62,252,70875.51563,8511.803711,4,2,73.020772,90.764219,4611.658042,177.898609,255,1403820486,2708942903,255,0.181334,0.10071,0.080624,647,112,1,109,2,1,1,1,1,1,0,0,1,2,1,0,DoS,1
7e-06,udp,-,INT,2,0,720,0,142857.1409,254,0,411428576.0,0.0,0,0,0.007,0.0,0.0,0.0,0,0,0,0,0.0,0.0,0.0,360,0,0,0,2,2,1,1,1,1,0,0,0,2,1,0,DoS,1
2.102124,tcp,http,FIN,10,10,832,1172,9.038477,62,252,2850.450439,4014.986816,2,2,233.569333,223.334672,13678.17561,406.94825,255,1045028360,3615460938,255,0.206526,0.091505,0.115021,83,117,1,124,1,1,1,1,1,5,0,0,1,1,2,0,DoS,1
0.254047,tcp,http,FIN,10,8,844,1262,66.91675,62,252,23932.57813,34796.71094,2,2,28.227444,27.120572,1424.39263,51.925734,255,1901332428,316345627,255,0.088934,0.028105,0.060829,84,158,1,206,1,1,1,1,1,1,0,0,1,1,1,0,DoS,1
0.289471,tcp,http,FIN,10,8,944,1376,58.727817,62,252,23491.12695,33274.49219,2,2,32.163444,33.720145,1879.751983,47.732262,255,2473633474,3124968285,255,0.103347,0.05269,0.050657,94,172,1,270,1,1,1,1,1,1,0,0,1,21,1,0,DoS,1
12.665216,ospf,-,INT,20,0,900,0,1.500172,254,0,540.061829,0.0,0,0,666.590312,0.0,808.0395,0.0,0,0,0,0,0.0,0.0,0.0,45,0,0,0,1,2,1,1,1,22,0,0,0,2,1,0,DoS,1
1.011705,tcp,-,FIN,10,6,2562,268,14.826456,254,252,18234.56445,1771.267212,2,1,110.379444,187.420203,7060.035853,335.326125,255,257764554,2445488823,255,0.123683,0.074595,0.049088,256,45,0,0,3,1,2,1,1,1,0,0,0,3,4,0,DoS,1
0.232375,tcp,http,FIN,10,8,794,1262,73.157613,62,252,24615.38477,38041.95703,2,2,25.819444,30.558857,1359.635053,49.601047,255,3769806433,855947489,255,0.067275,0.009041,0.058234,79,158,1,229,1,1,1,1,1,1,0,0,1,1,1,0,DoS,1
59.21376,ospf,-,REQ,96,0,26112,0,1.604357,254,0,3491.080322,0.0,0,0,646.310625,0.0,834.247875,0.0,0,0,0,0,0.0,0.0,0.0,272,0,0,0,1,6,1,1,1,1,0,0,0,1,1,0,DoS,1
8.525702,tcp,smtp,FIN,620,110,791820,5664,85.506151,62,252,741797.4375,5266.897461,307,8,13.795634,77.417227,1841.691358,110.201102,255,3678150670,2601986026,255,0.151286,0.086453,0.064833,1277,51,0,0,1,1,1,1,1,1,0,0,0,1,1,0,DoS,1
3.413172,tcp,smtp,FIN,126,36,138804,2572,47.170198,62,252,322756.6563,5861.995605,58,8,27.30008,96.475969,2991.338072,129.901172,255,3815537221,2901634059,255,0.102594,0.036512,0.066082,1102,71,0,0,1,1,2,1,1,1,0,0,0,1,1,0,DoS,1
0.550441,tcp,http,FIN,12,8,926,1256,34.517776,62,252,12339.19629,15972.64648,2,2,50.029999,74.772711,3144.472474,115.064844,255,3720052895,2005923157,255,0.073284,0.027024,0.04626,77,157,1,206,1,1,1,1,1,1,0,0,1,1,1,0,DoS,1
1.753563,tcp,http,FIN,10,10,804,2038,10.835082,62,252,3302.989258,8371.526367,2,2,194.733556,210.466375,11093.71509,394.366156,255,4209441526,3796206626,255,0.15961,0.069825,0.089785,80,204,1,571,4,1,2,3,1,2,0,0,1,3,2,0,DoS,1
0.206581,sctp,-,CON,4,2,528,392,24.203582,254,60,15335.38965,7590.243164,0,0,68.860336,0.002,97.371195,0.0,0,0,0,0,0.0,0.0,0.0,132,196,0,0,1,0,1,1,1,1,0,0,0,1,1,0,DoS,1
3e-06,udp,-,INT,2,0,86,0,333333.3215,254,0,114666664.0,0.0,0,0,0.003,0.0,0.0,0.0,0,0,0,0,0.0,0.0,0.0,43,0,0,0,1,2,2,1,1,2,0,0,0,26,1,0,DoS,1
5.847573,tcp,http,FIN,10,10,804,1406,3.249211,62,252,990.49646,1732.00061,2,2,649.730333,641.019875,42054.00146,1148.672375,255,3604741406,4122918822,255,0.137602,0.054536,0.083066,80,141,1,246,1,1,1,1,1,1,0,0,1,26,1,0,DoS,1
9e-06,udp,-,INT,2,0,602,0,111111.1072,254,0,267555552.0,0.0,0,0,0.009,0.0,0.0,0.0,0,0,0,0,0.0,0.0,0.0,301,0,0,0,1,2,1,1,1,1,0,0,0,3,1,0,DoS,1
3.555648,tcp,pop3,FIN,28,76,1296,77950,28.967996,62,252,2812.426758,173076.75,7,36,131.690664,46.025574,9320.850158,5463.398296,255,1859529771,131861693,255,0.160809,0.102923,0.057886,46,1026,0,0,1,1,1,1,1,1,0,0,0,1,1,0,DoS,1
0.935208,tcp,http,FIN,10,10,794,1086,20.316336,62,252,6116.286133,8366.052734,2,2,103.912,97.145445,5489.853993,204.488812,255,3426251070,4258906056,255,0.125082,0.060135,0.064947,79,109,1,99,1,1,1,1,1,1,0,0,1,1,1,0,DoS,1
1.007437,tcp,http,FIN,10,8,1272,354,16.874504,62,252,9092.379883,2461.692383,2,1,107.595222,128.38943,6653.176008,192.904547,255,775816628,127925210,255,0.204859,0.10871,0.096149,127,44,1,0,3,1,2,1,1,1,0,0,1,3,1,0,DoS,1
2.185253,tcp,smtp,FIN,20,20,2648,1782,17.846905,254,252,9210.833008,6197.909668,7,8,115.013312,110.142211,6182.187349,140.376234,255,4193567942,253259637,255,0.156692,0.073893,0.082799,132,89,0,0,1,1,1,1,1,1,0,0,0,1,1,0,DoS,1
6.49264,ospf,-,REQ,12,0,768,0,1.694226,254,0,867.443726,0.0,0,0,1741.034,0.0,3877.52175,0.0,0,0,0,0,0.0,0.0,0.0,64,0,0,0,1,6,1,1,1,1,0,0,0,1,1,0,DoS,1
1.987952,tcp,-,FIN,12,8,6136,354,9.557575,254,252,22636.36133,1247.515015,3,1,180.722906,274.619,11936.65592,414.98625,255,1280492229,1027588738,255,0.162708,0.064451,0.098257,511,44,0,0,3,1,1,1,1,1,0,0,0,1,1,0,DoS,1
2.017349,tcp,smtp,FIN,226,50,272186,3252,136.317513,62,252,1074606.375,12638.36816,110,8,8.965996,40.571633,930.857158,48.633313,255,373333419,2026277142,255,0.050975,0.028669,0.022306,1204,65,0,0,1,1,1,1,1,1,0,0,0,1,1,0,DoS,1
1.619442,tcp,http,FIN,10,8,796,354,10.497443,254,252,3541.960693,1531.391724,2,1,173.280222,209.118719,10465.81292,296.763969,255,1682852153,2530920045,255,0.233651,0.155602,0.078049,80,44,1,0,2,1,1,1,1,1,0,0,1,1,1,0,DoS,1
0.223177,tcp,-,FIN,10,6,934,268,67.211227,254,252,30146.47461,8029.500977,2,1,23.133889,42.417602,1205.425026,68.535922,255,2278455598,3158482212,255,0.059463,0.011081,0.048382,93,45,0,0,1,1,1,1,1,1,0,0,0,1,1,0,DoS,1
0.265241,tcp,http,FIN,10,8,932,1238,64.092656,62,252,25305.28906,32694.79492,2,2,29.471222,30.645572,1451.545893,44.581723,255,3265822914,2523800329,255,0.095816,0.049912,0.045904,93,155,1,206,1,1,1,1,1,1,0,0,1,1,1,0,DoS,1
1.575257,tcp,-,FIN,12,10,968,856,13.331159,254,252,4509.740234,3915.551758,3,2,139.500548,165.874,7984.133442,291.183438,255,2998011341,172032938,255,0.230717,0.082382,0.148335,81,86,0,0,2,1,1,1,1,1,0,0,0,1,1,0,DoS,1
0.807362,tcp,-,FIN,18,6,12714,268,28.48784,254,252,118985.0391,2219.574219,6,1,48.114061,131.768406,3351.113543,205.021938,255,555750772,3827507980,255,0.229585,0.148514,0.081071,706,45,0,0,1,1,2,1,1,3,0,0,0,2,1,0,DoS,1
1e-06,udp,-,INT,2,0,422,0,1000000.003,254,0,1688000000.0,0.0,0,0,0.001,0.0,0.0,0.0,0,0,0,0,0.0,0.0,0.0,211,0,0,0,1,2,1,1,1,3,0,0,0,1,1,0,DoS,1
0.665377,tcp,http,FIN,10,8,798,1198,25.549425,62,252,8644.722656,12612.39844,2,2,73.930778,85.162,4508.023079,114.778109,255,851183911,247263753,255,0.127802,0.068543,0.059259,80,150,1,201,3,1,1,1,1,1,0,0,1,27,1,0,DoS,1
5e-06,dcn,-,INT,2,0,200,0,200000.0051,254,0,160000000.0,0.0,0,0,0.005,0.0,0.0,0.0,0,0,0,0,0.0,0.0,0.0,100,0,0,0,3,2,2,2,2,9,0,0,0,2,3,0,DoS,1
0.768415,tcp,http,FIN,10,8,846,1238,22.123463,62,252,7933.213379,11285.56836,2,2,85.379444,101.051289,4497.586419,192.941141,255,645666256,3805632205,255,0.142017,0.06049,0.081527,85,155,1,199,6,1,1,5,1,1,0,0,1,5,1,0,DoS,1
4.9e-05,prm,-,INT,2,0,200,0,20408.16393,254,0,16326531.0,0.0,0,0,0.049,0.0,0.0,0.0,0,0,0,0,0.0,0.0,0.0,100,0,0,0,6,2,2,2,2,7,0,0,0,2,6,0,DoS,1
59.687565,ospf,-,INT,106,0,28832,0,1.75916,254,0,3827.933105,0.0,0,0,568.453062,0.0,716.658688,0.0,0,0,0,0,0.0,0.0,0.0,272,0,0,0,1,2,1,1,1,1,0,0,0,1,1,0,DoS,1
9e-06,leaf-1,-,INT,2,0,200,0,111111.1072,254,0,88888888.0,0.0,0,0,0.009,0.0,0.0,0.0,0,0,0,0,0.0,0.0,0.0,100,0,0,0,6,2,1,1,1,7,0,0,0,3,6,0,DoS,1
8e-06,leaf-2,-,INT,2,0,200,0,125000.0003,254,0,100000000.0,0.0,0,0,0.008,0.0,0.0,0.0,0,0,0,0,0.0,0.0,0.0,100,0,0,0,6,2,1,1,1,7,0,0,0,2,6,0,DoS,1
5e-06,iso-tp4,-,INT,2,0,200,0,200000.0051,254,0,160000000.0,0.0,0,0,0.005,0.0,0.0,0.0,0,0,0,0,0.0,0.0,0.0,100,0,0,0,6,2,3,3,3,6,0,0,0,3,6,0,DoS,1
9e-06,netblt,-,INT,2,0,200,0,111111.1072,254,0,88888888.0,0.0,0,0,0.009,0.0,0.0,0.0,0,0,0,0,0.0,0.0,0.0,100,0,0,0,6,2,1,1,1,6,0,0,0,2,6,0,DoS,1
5e-06,mfe-nsp,-,INT,2,0,200,0,200000.0051,254,0,160000000.0,0.0,0,0,0.005,0.0,0.0,0.0,0,0,0,0,0.0,0.0,0.0,100,0,0,0,6,2,2,2,2,6,0,0,0,3,6,0,DoS,1
0.405059,tcp,http,FIN,10,8,812,1408,41.969194,62,252,14437.40234,24332.25781,2,2,45.006556,39.654855,2285.427376,61.264668,255,537693774,1447165486,255,0.160155,0.083696,0.076459,81,176,1,292,1,1,1,1,1,1,0,0,1,1,1,0,DoS,1
9e-06,ddp,-,INT,2,0,200,0,111111.1072,254,0,88888888.0,0.0,0,0,0.009,0.0,0.0,0.0,0,0,0,0,0.0,0.0,0.0,100,0,0,0,7,2,3,3,3,7,0,0,0,3,7,0,DoS,1
0.220655,tcp,-,FIN,10,6,3354,268,67.979427,254,252,109455.9375,8121.275391,2,1,19.627111,37.401,1011.299517,46.393113,255,2713600492,2127626200,255,0.046704,0.033642,0.013062,335,45,0,0,1,1,1,1,1,1,0,0,0,1,1,0,DoS,1
3e-06,tp++,-,INT,2,0,200,0,333333.3215,254,0,266666656.0,0.0,0,0,0.003,0.0,0.0,0.0,0,0,0,0,0.0,0.0,0.0,100,0,0,0,7,2,2,2,2,7,0,0,0,2,7,0,DoS,1
1.2e-05,udp,dhcp,INT,2,0,1152,0,83333.33039,254,0,384000000.0,0.0,0,0,0.012,0.0,0.0,0.0,0,0,0,0,0.0,0.0,0.0,576,0,0,0,1,2,1,1,1,1,0,0,0,1,1,0,DoS,1
1e-06,il,-,INT,2,0,200,0,1000000.003,254,0,800000000.0,0.0,0,0,0.001,0.0,0.0,0.0,0,0,0,0,0.0,0.0,0.0,100,0,0,0,5,2,1,1,1,5,0,0,0,1,5,0,DoS,1
0.513545,tcp,http,FIN,10,8,802,1694,33.103235,62,252,11247.31055,23102.16406,2,2,57.060556,72.18957,3796.765364,139.653703,255,3955855296,344134577,255,0.054809,0.007515,0.047294,80,212,1,444,2,1,1,2,1,1,0,0,1,2,1,0,DoS,1
9e-06,ipv6,-,INT,2,0,200,0,111111.1072,254,0,88888888.0,0.0,0,0,0.009,0.0,0.0,0.0,0,0,0,0,0.0,0.0,0.0,100,0,0,0,5,2,2,2,2,5,0,0,0,2,5,0,DoS,1
9e-06,ipv6-frag,-,INT,2,0,200,0,111111.1072,254,0,88888888.0,0.0,0,0,0.009,0.0,0.0,0.0,0,0,0,0,0.0,0.0,0.0,100,0,0,0,5,2,2,2,2,5,0,0,0,2,5,0,DoS,1
9e-06,ipv6-route,-,INT,2,0,200,0,111111.1072,254,0,88888888.0,0.0,0,0,0.009,0.0,0.0,0.0,0,0,0,0,0.0,0.0,0.0,100,0,0,0,5,2,2,2,2,5,0,0,0,2,5,0,DoS,1
9e-06,gre,-,INT,2,0,200,0,111111.1072,254,0,88888888.0,0.0,0,0,0.009,0.0,0.0,0.0,0,0,0,0,0.0,0.0,0.0,100,0,0,0,8,2,4,4,4,15,0,0,0,4,8,0,DoS,1
9e-06,idrp,-,INT,2,0,200,0,111111.1072,254,0,88888888.0,0.0,0,0,0.009,0.0,0.0,0.0,0,0,0,0,0.0,0.0,0.0,100,0,0,0,8,2,4,4,4,15,0,0,0,4,8,0,DoS,1
9e-06,mhrp,-,INT,2,0,200,0,111111.1072,254,0,88888888.0,0.0,0,0,0.009,0.0,0.0,0.0,0,0,0,0,0.0,0.0,0.0,100,0,0,0,8,2,4,4,4,15,0,0,0,4,8,0,DoS,1
4e-06,bna,-,INT,2,0,200,0,250000.0006,254,0,200000000.0,0.0,0,0,0.004,0.0,0.0,0.0,0,0,0,0,0.0,0.0,0.0,100,0,0,0,8,2,1,1,1,15,0,0,0,2,8,0,DoS,1
3e-06,i-nlsp,-,INT,2,0,200,0,333333.3215,254,0,266666656.0,0.0,0,0,0.003,0.0,0.0,0.0,0,0,0,0,0.0,0.0,0.0,100,0,0,0,8,2,4,1,1,15,0,0,0,4,8,0,DoS,1
5.667425,rvd,-,INT,4,0,400,0,0.529341,254,0,423.472717,0.0,0,0,1889.141625,0.0,2671.6455,0.0,0,0,0,0,0.0,0.0,0.0,100,0,0,0,12,2,4,3,3,16,0,0,0,4,12,0,DoS,1
6e-06,mobile,-,INT,2,0,200,0,166666.6608,254,0,133333328.0,0.0,0,0,0.006,0.0,0.0,0.0,0,0,0,0,0.0,0.0,0.0,100,0,0,0,9,2,1,1,1,13,0,0,0,1,9,0,DoS,1
9e-06,ipv6-no,-,INT,2,0,200,0,111111.1072,254,0,88888888.0,0.0,0,0,0.009,0.0,0.0,0.0,0,0,0,0,0.0,0.0,0.0,100,0,0,0,9,2,4,3,3,13,0,0,0,4,9,0,DoS,1
4e-06,tlsp,-,INT,2,0,200,0,250000.0006,254,0,200000000.0,0.0,0,0,0.004,0.0,0.0,0.0,0,0,0,0,0.0,0.0,0.0,100,0,0,0,9,2,4,3,3,13,0,0,0,4,9,0,DoS,1
9e-06,any,-,INT,2,0,200,0,111111.1072,254,0,88888888.0,0.0,0,0,0.009,0.0,0.0,0.0,0,0,0,0,0.0,0.0,0.0,100,0,0,0,9,2,5,3,3,13,0,0,0,5,9,0,DoS,1
3e-06,cftp,-,INT,2,0,200,0,333333.3215,254,0,266666656.0,0.0,0,0,0.003,0.0,0.0,0.0,0,0,0,0,0.0,0.0,0.0,100,0,0,0,9,2,5,3,3,13,0,0,0,5,9,0,DoS,1
1.130563,tcp,http,FIN,10,10,796,1276,16.805786,62,252,5073.578125,8130.462402,2,2,125.618111,113.255336,8561.793153,184.964609,255,865496225,966635791,255,0.09705,0.063938,0.033112,80,128,1,197,1,1,1,1,1,1,0,0,1,1,1,0,DoS,1
9e-06,any,-,INT,2,0,200,0,111111.1072,254,0,88888888.0,0.0,0,0,0.009,0.0,0.0,0.0,0,0,0,0,0.0,0.0,0.0,100,0,0,0,9,2,3,2,2,13,0,0,0,3,9,0,DoS,1
9e-06,sat-expak,-,INT,2,0,200,0,111111.1072,254,0,88888888.0,0.0,0,0,0.009,0.0,0.0,0.0,0,0,0,0,0.0,0.0,0.0,100,0,0,0,9,2,3,2,2,13,0,0,0,3,9,0,DoS,1
9e-06,ippc,-,INT,2,0,200,0,111111.1072,254,0,88888888.0,0.0,0,0,0.009,0.0,0.0,0.0,0,0,0,0,0.0,0.0,0.0,100,0,0,0,12,2,4,3,3,16,0,0,0,4,12,0,DoS,1
9e-06,kryptolan,-,INT,2,0,200,0,111111.1072,254,0,88888888.0,0.0,0,0,0.009,0.0,0.0,0.0,0,0,0,0,0.0,0.0,0.0,100,0,0,0,12,2,4,3,3,16,0,0,0,4,12,0,DoS,1
4e-06,ipcv,-,INT,2,0,200,0,250000.0006,254,0,200000000.0,0.0,0,0,0.004,0.0,0.0,0.0,0,0,0,0,0.0,0.0,0.0,100,0,0,0,12,2,3,2,2,16,0,0,0,3,12,0,DoS,1
3e-06,br-sat-mon,-,INT,2,0,200,0,333333.3215,254,0,266666656.0,0.0,0,0,0.003,0.0,0.0,0.0,0,0,0,0,0.0,0.0,0.0,100,0,0,0,12,2,5,4,4,16,0,0,0,5,12,0,DoS,1
6e-06,cphb,-,INT,2,0,200,0,166666.6608,254,0,133333328.0,0.0,0,0,0.006,0.0,0.0,0.0,0,0,0,0,0.0,0.0,0.0,100,0,0,0,12,2,5,4,4,16,0,0,0,5,12,0,DoS,1
6e-06,pvp,-,INT,2,0,200,0,166666.6608,254,0,133333328.0,0.0,0,0,0.006,0.0,0.0,0.0,0,0,0,0,0.0,0.0,0.0,100,0,0,0,12,2,5,4,4,16,0,0,0,5,12,0,DoS,1
8e-06,wsn,-,INT,2,0,200,0,125000.0003,254,0,100000000.0,0.0,0,0,0.008,0.0,0.0,0.0,0,0,0,0,0.0,0.0,0.0,100,0,0,0,12,2,5,4,4,16,0,0,0,5,12,0,DoS,1
5e-06,sun-nd,-,INT,2,0,200,0,200000.0051,254,0,160000000.0,0.0,0,0,0.005,0.0,0.0,0.0,0,0,0,0,0.0,0.0,0.0,100,0,0,0,12,2,6,5,5,17,0,0,0,6,12,0,DoS,1
9e-06,vmtp,-,INT,2,0,200,0,111111.1072,254,0,88888888.0,0.0,0,0,0.009,0.0,0.0,0.0,0,0,0,0,0.0,0.0,0.0,100,0,0,0,12,2,6,5,5,17,0,0,0,6,12,0,DoS,1
3.909674,tcp,smtp,FIN,28,22,9805,1824,12.533014,254,252,19346.88281,3564.491699,10,8,144.798922,181.543859,10294.91353,332.624094,255,2335003847,1189494502,255,0.158239,0.097249,0.06099,350,83,0,0,1,1,25,1,1,1,0,0,0,2,1,0,DoS,1
5e-06,wb-expak,-,INT,2,0,200,0,200000.0051,254,0,160000000.0,0.0,0,0,0.005,0.0,0.0,0.0,0,0,0,0,0.0,0.0,0.0,100,0,0,0,12,2,6,5,5,17,0,0,0,6,12,0,DoS,1
5e-06,wb-mon,-,INT,2,0,200,0,200000.0051,254,0,160000000.0,0.0,0,0,0.005,0.0,0.0,0.0,0,0,0,0,0.0,0.0,0.0,100,0,0,0,12,2,6,5,5,17,0,0,0,6,12,0,DoS,1
0.491196,tcp,http,FIN,10,8,756,1032,34.609402,62,252,11091.29492,14706.95996,2,2,54.577333,60.03443,2704.829964,97.693578,255,1979674627,1843819770,255,0.122793,0.05794,0.064853,76,129,1,113,1,1,1,1,1,1,0,0,1,1,1,0,DoS,1
2.7e-05,secure-vmtp,-,INT,2,0,200,0,37037.03698,254,0,29629630.0,0.0,0,0,0.027,0.0,0.0,0.0,0,0,0,0,0.0,0.0,0.0,100,0,0,0,12,2,4,4,4,17,0,0,0,4,12,0,DoS,1
5e-06,ttp,-,INT,2,0,200,0,200000.0051,254,0,160000000.0,0.0,0,0,0.005,0.0,0.0,0.0,0,0,0,0,0.0,0.0,0.0,100,0,0,0,12,2,4,4,4,17,0,0,0,4,12,0,DoS,1
5e-06,vines,-,INT,2,0,200,0,200000.0051,254,0,160000000.0,0.0,0,0,0.005,0.0,0.0,0.0,0,0,0,0,0.0,0.0,0.0,100,0,0,0,12,2,4,4,4,17,0,0,0,4,12,0,DoS,1
6e-06,eigrp,-,INT,2,0,200,0,166666.6608,254,0,133333328.0,0.0,0,0,0.006,0.0,0.0,0.0,0,0,0,0,0.0,0.0,0.0,100,0,0,0,12,2,6,3,3,17,0,0,0,6,12,0,DoS,1
5e-06,tcf,-,INT,2,0,200,0,200000.0051,254,0,160000000.0,0.0,0,0,0.005,0.0,0.0,0.0,0,0,0,0,0.0,0.0,0.0,100,0,0,0,12,2,6,3,3,17,0,0,0,6,12,0,DoS,1
1e-05,sprite-rpc,-,INT,2,0,200,0,100000.0025,254,0,80000000.0,0.0,0,0,0.01,0.0,0.0,0.0,0,0,0,0,0.0,0.0,0.0,100,0,0,0,9,2,3,2,2,11,0,0,0,3,9,0,DoS,1
0.709494,tcp,http,FIN,10,8,928,1256,23.960738,62,252,9426.436523,12391.92969,2,2,78.832667,97.448859,4759.348743,194.491266,255,1653561690,310653974,255,0.111283,0.026704,0.084579,93,157,1,218,1,1,1,1,1,1,0,0,1,1,1,0,DoS,1
6e-06,larp,-,INT,2,0,200,0,166666.6608,254,0,133333328.0,0.0,0,0,0.006,0.0,0.0,0.0,0,0,0,0,0.0,0.0,0.0,100,0,0,0,9,2,4,3,3,11,0,0,0,3,9,0,DoS,1
1e-05,mtp,-,INT,2,0,200,0,100000.0025,254,0,80000000.0,0.0,0,0,0.01,0.0,0.0,0.0,0,0,0,0,0.0,0.0,0.0,100,0,0,0,9,2,4,3,3,11,0,0,0,3,9,0,DoS,1
9e-06,aes-sp3-d,-,INT,2,0,200,0,111111.1072,254,0,88888888.0,0.0,0,0,0.009,0.0,0.0,0.0,0,0,0,0,0.0,0.0,0.0,100,0,0,0,9,2,5,4,4,11,0,0,0,5,9,0,DoS,1
1e-05,etherip,-,INT,2,0,200,0,100000.0025,254,0,80000000.0,0.0,0,0,0.01,0.0,0.0,0.0,0,0,0,0,0.0,0.0,0.0,100,0,0,0,9,2,5,4,4,11,0,0,0,5,9,0,DoS,1
0.442008,tcp,-,FIN,10,8,524,354,38.460843,254,252,8542.832031,5610.758301,2,1,46.650444,60.619715,3157.082958,118.433969,255,1929016026,604880849,255,0.07397,0.017667,0.056303,52,44,0,0,1,1,1,1,1,1,0,0,0,21,1,0,DoS,1
9e-06,ipip,-,INT,2,0,200,0,111111.1072,254,0,88888888.0,0.0,0,0,0.009,0.0,0.0,0.0,0,0,0,0,0.0,0.0,0.0,100,0,0,0,9,2,5,4,4,11,0,0,0,5,9,0,DoS,1
7e-06,pri-enc,-,INT,2,0,200,0,142857.1409,254,0,114285712.0,0.0,0,0,0.007,0.0,0.0,0.0,0,0,0,0,0.0,0.0,0.0,100,0,0,0,6,2,5,4,4,8,0,0,0,5,6,0,DoS,1
3e-06,scps,-,INT,2,0,200,0,333333.3215,254,0,266666656.0,0.0,0,0,0.003,0.0,0.0,0.0,0,0,0,0,0.0,0.0,0.0,100,0,0,0,9,2,2,2,2,13,0,0,0,2,9,0,DoS,1
8e-06,a/n,-,INT,2,0,200,0,125000.0003,254,0,100000000.0,0.0,0,0,0.008,0.0,0.0,0.0,0,0,0,0,0.0,0.0,0.0,100,0,0,0,9,2,6,4,4,13,0,0,0,8,9,0,DoS,1
3e-06,ipcomp,-,INT,2,0,200,0,333333.3215,254,0,266666656.0,0.0,0,0,0.003,0.0,0.0,0.0,0,0,0,0,0.0,0.0,0.0,100,0,0,0,9,2,6,4,4,13,0,0,0,8,9,0,DoS,1
6e-06,snp,-,INT,2,0,200,0,166666.6608,254,0,133333328.0,0.0,0,0,0.006,0.0,0.0,0.0,0,0,0,0,0.0,0.0,0.0,100,0,0,0,9,2,6,4,4,13,0,0,0,8,9,0,DoS,1
0.286008,tcp,-,FIN,12,8,660,376,66.431708,254,252,16922.60352,9202.540039,3,2,24.710545,39.778855,1319.222334,58.329172,255,1161866900,47932,255,0.053611,0.007547,0.046064,55,47,0,0,1,1,1,1,1,1,0,0,0,1,1,0,DoS,1
1e-05,ipx-n-ip,-,INT,2,0,200,0,100000.0025,254,0,80000000.0,0.0,0,0,0.01,0.0,0.0,0.0,0,0,0,0,0.0,0.0,0.0,100,0,0,0,9,2,4,2,2,13,0,0,0,4,9,0,DoS,1
0.856944,tcp,smtp,FIN,32,20,16611,1800,59.513805,62,252,150226.8438,15963.70313,13,8,27.643354,42.503051,1639.530542,55.018547,255,3301099870,136291131,255,0.070644,0.018876,0.051768,519,90,0,0,1,1,1,1,1,1,0,0,0,1,1,0,DoS,1
0.478098,tcp,http,FIN,10,8,894,952,35.557563,62,252,13470.04199,13938.56445,2,2,53.122,64.865145,4049.329295,137.120891,255,2931378735,3460664072,255,0.026654,0.018382,0.008272,89,119,1,69,1,1,1,1,1,1,0,0,1,1,1,0,DoS,1
0.814641,tcp,smtp,FIN,18,18,2738,1272,42.96371,254,252,25395.23633,11803.97266,6,7,47.920059,46.673707,2451.820003,58.122211,255,709266031,3699262342,255,0.051672,0.016629,0.035043,152,71,0,0,1,1,1,1,1,1,0,0,0,1,1,0,DoS,1
0.840065,tcp,smtp,FIN,22,20,2645,1824,48.805747,62,252,24045.75781,16503.48438,8,8,40.003095,43.649844,1886.027363,49.129152,255,3310959714,1733258074,255,0.056715,0.009622,0.047093,120,91,0,0,1,1,1,1,1,1,0,0,0,1,1,0,DoS,1
2e-06,vrrp,-,INT,2,0,200,0,500000.0013,254,0,400000000.0,0.0,0,0,0.002,0.0,0.0,0.0,0,0,0,0,0.0,0.0,0.0,100,0,0,0,9,2,4,2,2,13,0,0,0,4,9,0,DoS,1
3e-06,pgm,-,INT,2,0,200,0,333333.3215,254,0,266666656.0,0.0,0,0,0.003,0.0,0.0,0.0,0,0,0,0,0.0,0.0,0.0,100,0,0,0,5,2,3,1,1,8,0,0,0,3,5,0,DoS,1
0.676659,tcp,http,FIN,46,10,6642,440,81.281711,254,252,76824.51563,4681.82666,20,1,15.036867,74.079555,891.709989,115.623547,255,3254702774,4262912453,255,0.054722,0.00925,0.045472,144,44,5,0,1,1,1,1,1,1,0,0,1,21,1,0,DoS,1
0.276037,tcp,http,FIN,10,8,804,1002,61.585945,62,252,20982.69336,25416.88086,2,2,30.670778,38.059145,1528.146815,55.384629,255,1494574126,1659821196,255,0.054633,0.008937,0.045696,80,125,1,75,1,1,1,1,1,1,0,0,1,1,1,0,DoS,1
1e-06,ddx,-,INT,2,0,200,0,1000000.003,254,0,800000000.0,0.0,0,0,0.001,0.0,0.0,0.0,0,0,0,0,0.0,0.0,0.0,100,0,0,0,5,2,5,4,4,8,0,0,0,5,5,0,DoS,1
7e-06,iatp,-,INT,2,0,200,0,142857.1409,254,0,114285712.0,0.0,0,0,0.007,0.0,0.0,0.0,0,0,0,0,0.0,0.0,0.0,100,0,0,0,5,2,5,4,4,8,0,0,0,5,5,0,DoS,1
0.630901,tcp,http,FIN,24,8,21834,354,49.136078,254,252,265334.8125,3930.88623,9,1,27.430478,82.26857,3020.758091,180.141781,255,3801030003,1191144080,255,0.07579,0.032989,0.042801,910,44,1,0,1,1,1,1,1,1,0,0,1,7,1,0,DoS,1
7e-06,unas,-,INT,2,0,200,0,142857.1409,254,0,114285712.0,0.0,0,0,0.007,0.0,0.0,0.0,0,0,0,0,0.0,0.0,0.0,100,0,0,0,3,2,3,1,1,6,0,0,0,3,3,0,DoS,1
9e-06,sdrp,-,INT,2,0,200,0,111111.1072,254,0,88888888.0,0.0,0,0,0.009,0.0,0.0,0.0,0,0,0,0,0.0,0.0,0.0,100,0,0,0,5,2,2,2,2,5,0,0,0,2,5,0,DoS,1
0.264062,tcp,http,FIN,10,8,910,2142,64.378823,62,252,24812.35547,56804.84375,2,2,29.340222,36.593145,1440.136994,52.745434,255,624221377,2290782363,255,0.052181,0.007181,0.045,91,268,1,628,1,1,1,1,1,2,0,0,1,1,1,0,DoS,1
1.964442,tcp,-,FIN,18,18,1006,2518,17.816764,62,252,3872.855469,9688.24707,6,7,115.555412,109.597469,6050.048372,136.956297,255,2515604443,1522015670,255,0.110007,0.059982,0.050025,56,140,0,0,1,1,1,1,1,1,0,0,0,2,1,0,DoS,1
0.701201,tcp,http,FIN,12,10,1430,2650,29.948616,254,252,14957.19434,27210.45703,3,3,63.644092,71.630664,3025.699899,94.93593,255,372876347,627292213,255,0.13873,0.056516,0.082214,119,265,1,300,2,1,5,1,1,1,0,0,1,2,1,0,DoS,1
1.292549,tcp,smtp,FIN,84,30,88548,2128,87.424151,62,252,541528.375,12737.62109,39,8,15.57288,44.219691,1330.007778,55.427695,255,569562732,3248084440,255,0.052031,0.007486,0.044545,1054,71,0,0,1,1,1,1,1,1,0,0,0,1,1,0,DoS,1
4e-06,stp,-,INT,2,0,200,0,250000.0006,254,0,200000000.0,0.0,0,0,0.004,0.0,0.0,0.0,0,0,0,0,0.0,0.0,0.0,100,0,0,0,8,2,5,3,3,10,0,0,0,5,8,0,DoS,1
1e-05,uti,-,INT,2,0,200,0,100000.0025,254,0,80000000.0,0.0,0,0,0.01,0.0,0.0,0.0,0,0,0,0,0.0,0.0,0.0,100,0,0,0,8,2,5,3,3,10,0,0,0,5,8,0,DoS,1
0.466139,ospf,-,INT,20,0,1040,0,40.760375,254,0,16956.31641,0.0,0,0,24.533631,0.0,28.348688,0.0,0,0,0,0,0.0,0.0,0.0,52,0,0,0,1,2,1,1,1,1,0,0,0,1,1,0,DoS,1
0.656945,tcp,http,FIN,10,8,800,1192,25.877357,62,252,8767.857422,12701.21582,2,2,72.993889,77.81057,3655.285871,128.254367,255,602986567,3147406922,255,0.199993,0.111628,0.088365,80,149,1,189,4,1,1,1,1,4,0,0,4,1,4,0,DoS,1
3e-06,isis,-,INT,2,0,200,0,333333.3215,254,0,266666656.0,0.0,0,0,0.003,0.0,0.0,0.0,0,0,0,0,0.0,0.0,0.0,100,0,0,0,8,2,6,5,5,10,0,0,0,6,8,0,DoS,1
1e-05,unas,-,INT,2,0,200,0,100000.0025,254,0,80000000.0,0.0,0,0,0.01,0.0,0.0,0.0,0,0,0,0,0.0,0.0,0.0,100,0,0,0,9,2,4,3,3,12,0,0,0,4,9,0,DoS,1
7e-06,unas,-,INT,2,0,200,0,142857.1409,254,0,114285712.0,0.0,0,0,0.007,0.0,0.0,0.0,0,0,0,0,0.0,0.0,0.0,100,0,0,0,9,2,4,3,3,12,0,0,0,4,9,0,DoS,1
6e-06,unas,-,INT,2,0,200,0,166666.6608,254,0,133333328.0,0.0,0,0,0.006,0.0,0.0,0.0,0,0,0,0,0.0,0.0,0.0,100,0,0,0,9,2,4,3,3,12,0,0,0,4,9,0,DoS,1
9e-06,sm,-,INT,2,0,200,0,111111.1072,254,0,88888888.0,0.0,0,0,0.009,0.0,0.0,0.0,0,0,0,0,0.0,0.0,0.0,100,0,0,0,8,2,6,5,5,10,0,0,0,6,8,0,DoS,1
2.027469,tcp,pop3,FIN,20,20,946,2948,19.235807,62,252,3547.280029,11052.2041,7,8,106.708892,103.521687,5685.202989,147.800297,255,4156031258,2293979525,255,0.074245,0.051388,0.022857,47,147,0,0,1,1,21,1,1,1,0,0,0,1,1,0,DoS,1
3e-06,smp,-,INT,2,0,200,0,333333.3215,254,0,266666656.0,0.0,0,0,0.003,0.0,0.0,0.0,0,0,0,0,0.0,0.0,0.0,100,0,0,0,8,2,6,5,5,10,0,0,0,6,8,0,DoS,1
4e-06,crtp,-,INT,2,0,200,0,250000.0006,254,0,200000000.0,0.0,0,0,0.004,0.0,0.0,0.0,0,0,0,0,0.0,0.0,0.0,100,0,0,0,14,2,6,5,5,17,0,0,0,6,14,0,DoS,1
0.827773,tcp,http,FIN,14,10,7588,3186,27.785396,254,252,68095.96875,27717.74414,4,2,63.674849,88.277664,5144.239556,149.146453,255,3522512606,1545927268,255,0.064465,0.026689,0.037776,542,319,1,1239,1,1,1,1,1,1,0,0,1,1,1,0,DoS,1
5e-06,unas,-,INT,2,0,200,0,200000.0051,254,0,160000000.0,0.0,0,0,0.005,0.0,0.0,0.0,0,0,0,0,0.0,0.0,0.0,100,0,0,0,9,2,4,3,3,12,0,0,0,4,9,0,DoS,1
3.303271,sctp,-,CON,4,4,840,880,2.119112,254,60,1525.760376,1598.415649,0,0,1101.090375,488.900344,1557.17125,691.407375,0,0,0,0,0.0,0.0,0.0,210,220,0,0,1,0,1,1,1,1,0,0,0,1,1,0,DoS,1
4e-06,crudp,-,INT,2,0,200,0,250000.0006,254,0,200000000.0,0.0,0,0,0.004,0.0,0.0,0.0,0,0,0,0,0.0,0.0,0.0,100,0,0,0,14,2,6,5,5,17,0,0,0,6,14,0,DoS,1
59.423801,ospf,-,INT,32,0,3456,0,0.521676,254,0,450.728485,0.0,0,0,1916.896625,0.0,2320.76525,0.0,0,0,0,0,0.0,0.0,0.0,108,0,0,0,1,2,1,1,1,1,0,0,0,2,1,0,DoS,1
8e-06,unas,-,INT,2,0,200,0,125000.0003,254,0,100000000.0,0.0,0,0,0.008,0.0,0.0,0.0,0,0,0,0,0.0,0.0,0.0,100,0,0,0,10,2,3,3,3,11,0,0,0,4,10,0,DoS,1
9e-06,fc,-,INT,2,0,200,0,111111.1072,254,0,88888888.0,0.0,0,0,0.009,0.0,0.0,0.0,0,0,0,0,0.0,0.0,0.0,100,0,0,0,14,2,5,4,4,17,0,0,0,6,14,0,DoS,1
9e-06,rsvp,-,INT,2,0,200,0,111111.1072,254,0,88888888.0,0.0,0,0,0.009,0.0,0.0,0.0,0,0,0,0,0.0,0.0,0.0,100,0,0,0,8,2,4,4,4,15,0,0,0,4,8,0,DoS,1
1.782534,tcp,smtp,FIN,34,24,19793,1884,31.97695,254,252,86218.83594,8105.31543,14,8,54.01618,75.105219,4007.486619,109.047383,255,2480696826,4092374285,255,0.090209,0.0301,0.060109,582,79,0,0,2,1,1,1,1,2,0,0,0,1,2,0,DoS,1
4e-06,unas,-,INT,2,0,200,0,250000.0006,254,0,200000000.0,0.0,0,0,0.004,0.0,0.0,0.0,0,0,0,0,0.0,0.0,0.0,100,0,0,0,10,2,3,3,3,11,0,0,0,4,10,0,DoS,1
9e-06,rsvp,-,INT,2,0,200,0,111111.1072,254,0,88888888.0,0.0,0,0,0.009,0.0,0.0,0.0,0,0,0,0,0.0,0.0,0.0,100,0,0,0,14,2,5,4,4,17,0,0,0,6,14,0,DoS,1
4e-06,sctp,-,INT,2,0,200,0,250000.0006,254,0,200000000.0,0.0,0,0,0.004,0.0,0.0,0.0,0,0,0,0,0.0,0.0,0.0,100,0,0,0,14,2,5,4,4,17,0,0,0,6,14,0,DoS,1
1e-05,unas,-,INT,2,0,200,0,100000.0025,254,0,80000000.0,0.0,0,0,0.01,0.0,0.0,0.0,0,0,0,0,0.0,0.0,0.0,100,0,0,0,10,2,5,4,4,11,0,0,0,5,10,0,DoS,1
9e-06,unas,-,INT,2,0,200,0,111111.1072,254,0,88888888.0,0.0,0,0,0.009,0.0,0.0,0.0,0,0,0,0,0.0,0.0,0.0,100,0,0,0,14,2,6,5,5,17,0,0,0,6,14,0,DoS,1
1e-06,unas,-,INT,2,0,200,0,1000000.003,254,0,800000000.0,0.0,0,0,0.001,0.0,0.0,0.0,0,0,0,0,0.0,0.0,0.0,100,0,0,0,10,2,5,4,4,11,0,0,0,5,10,0,DoS,1
9e-06,unas,-,INT,2,0,200,0,111111.1072,254,0,88888888.0,0.0,0,0,0.009,0.0,0.0,0.0,0,0,0,0,0.0,0.0,0.0,100,0,0,0,10,2,5,4,4,11,0,0,0,5,10,0,DoS,1
7e-06,unas,-,INT,2,0,200,0,142857.1409,254,0,114285712.0,0.0,0,0,0.007,0.0,0.0,0.0,0,0,0,0,0.0,0.0,0.0,100,0,0,0,10,2,5,4,4,11,0,0,0,5,10,0,DoS,1
0.445891,tcp,-,FIN,10,8,718,358,38.12591,62,252,11608.21875,5633.664062,2,2,49.543444,59.058145,2489.026476,89.237391,255,1033815816,3829850889,255,0.080711,0.031775,0.048936,72,45,0,0,1,1,1,1,1,1,0,0,0,1,1,0,DoS,1
1.023854,tcp,pop3,FIN,22,20,1028,2458,40.044771,62,252,7672.96875,18252.60156,7,8,48.754953,51.487316,2837.458004,87.34068,255,3329381490,65413863,255,0.034045,0.025118,0.008927,47,123,0,0,1,1,2,1,1,1,0,0,0,1,2,0,DoS,1
4e-06,unas,-,INT,2,0,200,0,250000.0006,254,0,200000000.0,0.0,0,0,0.004,0.0,0.0,0.0,0,0,0,0,0.0,0.0,0.0,100,0,0,0,14,2,6,5,5,17,0,0,0,6,14,0,DoS,1
1.414493,tcp,smtp,FIN,24,20,3417,1914,30.399586,62,252,18522.53906,10287.78516,8,8,61.499695,73.219102,3583.768235,118.026102,255,4140192946,1885387604,255,0.089994,0.022585,0.067409,142,96,0,0,1,1,1,1,1,1,0,0,0,1,1,0,DoS,1
1e-05,unas,-,INT,2,0,200,0,100000.0025,254,0,80000000.0,0.0,0,0,0.01,0.0,0.0,0.0,0,0,0,0,0.0,0.0,0.0,100,0,0,0,10,2,3,3,3,11,0,0,0,3,10,0,DoS,1
9e-06,narp,-,INT,2,0,200,0,111111.1072,254,0,88888888.0,0.0,0,0,0.009,0.0,0.0,0.0,0,0,0,0,0.0,0.0,0.0,100,0,0,0,8,2,5,2,2,15,0,0,0,5,8,0,DoS,1
3e-06,unas,-,INT,2,0,200,0,333333.3215,254,0,266666656.0,0.0,0,0,0.003,0.0,0.0,0.0,0,0,0,0,0.0,0.0,0.0,100,0,0,0,14,2,6,5,5,17,0,0,0,6,14,0,DoS,1
9e-06,unas,-,INT,2,0,200,0,111111.1072,254,0,88888888.0,0.0,0,0,0.009,0.0,0.0,0.0,0,0,0,0,0.0,0.0,0.0,100,0,0,0,7,2,4,4,4,12,0,0,0,4,7,0,DoS,1
1.279335,ospf,-,INT,28,0,3024,0,21.104714,254,0,18234.47266,0.0,0,0,47.382777,0.0,52.644211,0.0,0,0,0,0,0.0,0.0,0.0,108,0,0,0,1,2,1,1,1,1,0,0,0,1,1,0,DoS,1
3e-06,swipe,-,INT,2,0,200,0,333333.3215,254,0,266666656.0,0.0,0,0,0.003,0.0,0.0,0.0,0,0,0,0,0.0,0.0,0.0,100,0,0,0,8,2,5,2,2,15,0,0,0,5,8,0,DoS,1
2.317312,tcp,smtp,FIN,20,22,3122,1754,17.692913,254,252,10239.4502,5782.562012,7,8,121.963789,107.523711,6468.120557,145.332922,255,2221470058,207088001,255,0.144637,0.058635,0.086002,156,80,0,0,1,1,1,1,1,1,0,0,0,1,1,0,DoS,1
9e-06,unas,-,INT,2,0,200,0,111111.1072,254,0,88888888.0,0.0,0,0,0.009,0.0,0.0,0.0,0,0,0,0,0.0,0.0,0.0,100,0,0,0,11,2,5,4,4,14,0,0,0,5,11,0,DoS,1
8e-06,skip,-,INT,2,0,200,0,125000.0003,254,0,100000000.0,0.0,0,0,0.008,0.0,0.0,0.0,0,0,0,0,0.0,0.0,0.0,100,0,0,0,9,2,4,3,3,13,0,0,0,4,9,0,DoS,1
0.396451,tcp,http,FIN,12,20,1076,20926,78.193775,62,252,19916.71094,401159.2813,2,8,36.041,20.152578,1805.057386,1711.526553,255,2504337810,3834245070,255,0.061205,0.012758,0.048447,90,1046,0,0,1,1,1,1,1,1,0,0,0,1,1,0,DoS,1
4e-06,unas,-,INT,2,0,200,0,250000.0006,254,0,200000000.0,0.0,0,0,0.004,0.0,0.0,0.0,0,0,0,0,0.0,0.0,0.0,100,0,0,0,11,2,5,4,4,14,0,0,0,5,11,0,DoS,1
0.190095,tcp,http,FIN,10,8,814,1268,89.428966,62,252,30847.73242,46713.48438,2,2,21.030556,23.610428,1084.121112,39.422809,255,2292557174,3771552709,255,0.07882,0.024812,0.054008,81,159,0,0,1,1,1,1,1,1,0,0,0,1,1,0,DoS,1
6e-06,unas,-,INT,2,0,200,0,166666.6608,254,0,133333328.0,0.0,0,0,0.006,0.0,0.0,0.0,0,0,0,0,0.0,0.0,0.0,100,0,0,0,7,2,6,3,3,12,0,0,0,6,7,0,DoS,1
9e-06,unas,-,INT,2,0,200,0,111111.1072,254,0,88888888.0,0.0,0,0,0.009,0.0,0.0,0.0,0,0,0,0,0.0,0.0,0.0,100,0,0,0,11,2,6,4,4,14,0,0,0,6,11,0,DoS,1
3e-06,unas,-,INT,2,0,200,0,333333.3215,254,0,266666656.0,0.0,0,0,0.003,0.0,0.0,0.0,0,0,0,0,0.0,0.0,0.0,100,0,0,0,11,2,6,4,4,14,0,0,0,6,11,0,DoS,1
6e-06,unas,-,INT,2,0,200,0,166666.6608,254,0,133333328.0,0.0,0,0,0.006,0.0,0.0,0.0,0,0,0,0,0.0,0.0,0.0,100,0,0,0,8,2,5,3,3,12,0,0,0,5,8,0,DoS,1
6e-06,unas,-,INT,2,0,200,0,166666.6608,254,0,133333328.0,0.0,0,0,0.006,0.0,0.0,0.0,0,0,0,0,0.0,0.0,0.0,100,0,0,0,11,2,3,3,3,14,0,0,0,3,11,0,DoS,1
4e-06,unas,-,INT,2,0,200,0,250000.0006,254,0,200000000.0,0.0,0,0,0.004,0.0,0.0,0.0,0,0,0,0,0.0,0.0,0.0,100,0,0,0,8,2,5,3,3,12,0,0,0,5,8,0,DoS,1
5e-06,unas,-,INT,2,0,200,0,200000.0051,254,0,160000000.0,0.0,0,0,0.005,0.0,0.0,0.0,0,0,0,0,0.0,0.0,0.0,100,0,0,0,11,2,3,3,3,14,0,0,0,3,11,0,DoS,1
3e-06,ib,-,INT,2,0,200,0,333333.3215,254,0,266666656.0,0.0,0,0,0.003,0.0,0.0,0.0,0,0,0,0,0.0,0.0,0.0,100,0,0,0,8,2,4,3,3,12,0,0,0,5,8,0,DoS,1
0.786162,tcp,-,FIN,14,6,7652,268,24.168046,254,252,72310.79688,2279.428467,4,1,60.431998,143.853406,3949.923793,247.716594,255,3152288089,1546897058,255,0.170629,0.066892,0.103737,547,45,0,0,4,1,1,1,1,1,0,0,0,2,1,0,DoS,1
1.087299,tcp,http,FIN,10,6,1096,268,13.795653,254,252,7262.031738,1648.120728,2,1,120.706,192.579203,6825.786465,340.91225,255,884176541,1141122051,255,0.228923,0.124394,0.104529,110,45,0,0,2,1,1,1,1,1,0,0,0,2,1,0,DoS,1
9e-06,unas,-,INT,2,0,200,0,111111.1072,254,0,88888888.0,0.0,0,0,0.009,0.0,0.0,0.0,0,0,0,0,0.0,0.0,0.0,100,0,0,0,8,2,4,3,3,12,0,0,0,5,8,0,DoS,1
1e-05,unas,-,INT,2,0,200,0,100000.0025,254,0,80000000.0,0.0,0,0,0.01,0.0,0.0,0.0,0,0,0,0,0.0,0.0,0.0,100,0,0,0,9,2,6,4,4,13,0,0,0,6,9,0,DoS,1
1.824744,tcp,http,FIN,10,8,870,2048,9.316375,62,252,3432.810303,7856.444824,2,2,202.675222,244.324,12347.74224,484.295344,255,2745677808,4021781047,255,0.200935,0.114469,0.086466,87,256,0,0,1,1,1,1,1,1,0,0,0,2,1,0,DoS,1
9.667573,tcp,http,FIN,92,474,4438,642909,58.442796,62,252,3632.762939,530890.625,2,234,106.237064,20.187668,5681.119004,2579.004998,255,2793702783,1731505070,255,0.184027,0.083904,0.100123,48,1356,0,0,1,1,1,1,1,1,0,0,0,2,1,0,DoS,1
1e-05,unas,-,INT,2,0,200,0,100000.0025,254,0,80000000.0,0.0,0,0,0.01,0.0,0.0,0.0,0,0,0,0,0.0,0.0,0.0,100,0,0,0,8,2,3,2,2,12,0,0,0,3,8,0,DoS,1
9e-06,unas,-,INT,2,0,200,0,111111.1072,254,0,88888888.0,0.0,0,0,0.009,0.0,0.0,0.0,0,0,0,0,0.0,0.0,0.0,100,0,0,0,9,2,6,4,4,13,0,0,0,6,9,0,DoS,1
9e-06,unas,-,INT,2,0,200,0,111111.1072,254,0,88888888.0,0.0,0,0,0.009,0.0,0.0,0.0,0,0,0,0,0.0,0.0,0.0,100,0,0,0,8,2,3,2,2,12,0,0,0,3,8,0,DoS,1
1e-05,unas,-,INT,2,0,200,0,100000.0025,254,0,80000000.0,0.0,0,0,0.01,0.0,0.0,0.0,0,0,0,0,0.0,0.0,0.0,100,0,0,0,9,2,6,5,5,13,0,0,0,6,9,0,DoS,1
0.561142,tcp,http,FIN,12,10,1346,2196,37.423681,254,252,17592.69336,28185.37695,3,3,51.012908,55.481777,2407.305198,77.948125,255,1991930661,669541712,255,0.114457,0.061101,0.053356,112,220,1,225,1,1,1,1,1,1,0,0,1,1,1,0,DoS,1
1.224219,tcp,http,FIN,10,8,794,1016,13.886405,62,252,4672.366699,5809.418457,2,2,136.024333,165.149141,8200.38708,334.036094,255,1835312906,1177316062,255,0.139834,0.067519,0.072315,79,127,1,87,2,1,1,1,1,1,0,0,1,1,1,0,DoS,1
9e-06,any,-,INT,2,0,200,0,111111.1072,254,0,88888888.0,0.0,0,0,0.009,0.0,0.0,0.0,0,0,0,0,0.0,0.0,0.0,100,0,0,0,12,2,4,3,3,16,0,0,0,5,12,0,DoS,1
9e-06,unas,-,INT,2,0,200,0,111111.1072,254,0,88888888.0,0.0,0,0,0.009,0.0,0.0,0.0,0,0,0,0,0.0,0.0,0.0,100,0,0,0,9,2,6,5,5,13,0,0,0,6,9,0,DoS,1
5e-06,unas,-,INT,2,0,200,0,200000.0051,254,0,160000000.0,0.0,0,0,0.005,0.0,0.0,0.0,0,0,0,0,0.0,0.0,0.0,100,0,0,0,9,2,6,5,5,13,0,0,0,6,9,0,DoS,1
1e-05,unas,-,INT,2,0,200,0,100000.0025,254,0,80000000.0,0.0,0,0,0.01,0.0,0.0,0.0,0,0,0,0,0.0,0.0,0.0,100,0,0,0,7,2,5,4,4,10,0,0,0,6,7,0,DoS,1
9e-06,unas,-,INT,2,0,200,0,111111.1072,254,0,88888888.0,0.0,0,0,0.009,0.0,0.0,0.0,0,0,0,0,0.0,0.0,0.0,100,0,0,0,7,2,5,4,4,10,0,0,0,6,7,0,DoS,1
8e-06,sat-mon,-,INT,2,0,200,0,125000.0003,254,0,100000000.0,0.0,0,0,0.008,0.0,0.0,0.0,0,0,0,0,0.0,0.0,0.0,100,0,0,0,12,2,4,3,3,16,0,0,0,5,12,0,DoS,1
6e-06,unas,-,INT,2,0,200,0,166666.6608,254,0,133333328.0,0.0,0,0,0.006,0.0,0.0,0.0,0,0,0,0,0.0,0.0,0.0,100,0,0,0,7,2,5,4,4,10,0,0,0,6,7,0,DoS,1
1.974404,tcp,irc,FIN,14,14,916,952,13.675013,62,252,3448.12915,3581.840332,4,4,151.877236,140.792078,8399.64516,244.135344,255,1050881142,1304763718,255,0.259444,0.143396,0.116048,65,68,0,0,1,1,1,1,1,1,0,0,0,1,1,0,DoS,1
1.708713,tcp,-,FIN,258,42,330718,1816,174.985495,62,252,1542386.5,8300.984375,126,1,6.611102,41.117562,775.612716,49.201754,255,3418429008,2519628114,255,0.074646,0.022883,0.051763,1282,43,1,0,3,1,1,1,1,1,0,0,1,2,1,0,DoS,1
0.602644,tcp,http,FIN,10,8,852,1718,28.209024,254,252,10181.79883,19965.35156,2,2,66.852444,74.488289,3708.953151,97.221055,255,57616765,753680125,255,0.155973,0.081218,0.074755,85,215,0,0,1,1,2,1,1,1,0,0,0,2,1,0,DoS,1
0.656945,tcp,http,FIN,10,8,800,1192,25.877357,62,252,8767.857422,12701.21582,2,2,72.993889,77.81057,3655.285871,128.254367,255,602986567,3147406922,255,0.199993,0.111628,0.088365,80,149,1,189,5,1,1,1,1,5,0,0,4,1,5,0,DoS,1
1.453971,tcp,-,FIN,10,8,504,436,11.692117,254,252,2497.986572,2101.830078,2,2,161.552333,196.860578,10896.58264,425.308281,255,2529911423,3119126458,255,0.139925,0.074882,0.065043,50,55,0,0,3,1,2,1,1,1,0,0,0,4,3,0,DoS,1
1.951694,tcp,-,FIN,20,10,6934,556,14.858887,254,252,27004.23242,2053.600586,5,3,100.004211,203.764438,7832.211246,266.087344,255,2107203577,2329593436,255,0.176142,0.117813,0.058329,347,56,0,0,4,1,1,1,1,1,0,0,0,3,5,0,DoS,1
2.137142,tcp,-,FIN,256,42,330633,1816,138.970648,62,252,1232831.5,6636.901367,125,1,8.321945,51.123488,1024.586064,62.79057,255,2310444772,2918527091,255,0.068262,0.041069,0.027193,1292,43,1,0,4,1,1,1,1,1,0,0,1,3,1,0,DoS,1
3e-06,iso-ip,-,INT,2,0,200,0,333333.3215,254,0,266666656.0,0.0,0,0,0.003,0.0,0.0,0.0,0,0,0,0,0.0,0.0,0.0,100,0,0,0,12,2,6,5,5,17,0,0,0,6,12,0,DoS,1
35.883755,ospf,-,INT,20,0,1280,0,0.529488,254,0,271.097595,0.0,0,0,1888.6185,0.0,2130.6675,0.0,0,0,0,0,0.0,0.0,0.0,64,0,0,0,1,2,2,1,1,2,0,0,0,2,1,0,DoS,1
1e-05,unas,-,INT,2,0,200,0,100000.0025,254,0,80000000.0,0.0,0,0,0.01,0.0,0.0,0.0,0,0,0,0,0.0,0.0,0.0,100,0,0,0,7,2,4,3,3,10,0,0,0,5,7,0,DoS,1
2.172452,tcp,-,FIN,258,42,330718,1816,137.632502,62,252,1213143.5,6529.02832,126,1,8.370812,51.347465,969.003778,58.872742,255,2453551653,750364026,255,0.1222,0.067197,0.055003,1282,43,1,0,2,1,1,1,1,1,0,0,1,1,1,0,DoS,1
6e-06,unas,-,INT,2,0,200,0,166666.6608,254,0,133333328.0,0.0,0,0,0.006,0.0,0.0,0.0,0,0,0,0,0.0,0.0,0.0,100,0,0,0,7,2,4,3,3,10,0,0,0,5,7,0,DoS,1
1.50549,tcp,http,FIN,16,50,1018,60531,43.175313,62,252,5074.759766,315224.9688,2,23,100.363802,28.520062,4986.105659,3230.53303,255,2390179277,2233719254,255,0.241516,0.108003,0.133513,64,1211,1,29015,1,1,1,1,1,1,0,0,1,1,1,0,DoS,1
2.855049,tcp,-,FIN,22,20,2962,2562,14.360525,254,252,7924.20752,6820.198242,8,8,135.95472,144.070531,6530.906836,192.132516,255,2281721990,3605047946,255,0.192266,0.117042,0.075224,135,128,0,0,1,1,1,1,1,1,0,0,0,2,1,0,DoS,1
2e-06,nsfnet-igp,-,INT,2,0,200,0,500000.0013,254,0,400000000.0,0.0,0,0,0.002,0.0,0.0,0.0,0,0,0,0,0.0,0.0,0.0,100,0,0,0,12,2,4,4,4,17,0,0,0,4,12,0,DoS,1
1.860776,tcp,-,FIN,8,8,364,664,8.061153,62,252,1371.470825,2497.882568,1,2,265.814,257.171,19459.78623,528.214875,255,3015336333,3701670787,255,0.160785,0.060571,0.100214,46,83,0,0,2,1,1,1,1,1,0,0,0,1,1,0,DoS,1
1.295173,tcp,dns,FIN,10,8,518,354,13.125659,254,252,2884.556641,1914.802002,2,1,138.282556,174.072141,8270.224744,348.445531,255,957496147,2630720758,255,0.156407,0.076662,0.079745,52,44,0,0,1,1,3,1,1,1,0,0,0,3,1,0,DoS,1
2.62248,tcp,-,FIN,126,28,159217,1214,58.341724,254,252,481846.2188,3572.191406,60,1,20.618936,92.611148,2193.492239,127.971812,255,1796723226,3166744455,255,0.217847,0.121975,0.095872,1264,43,0,0,2,1,1,1,1,1,0,0,0,1,2,0,DoS,1
5e-06,dgp,-,INT,2,0,200,0,200000.0051,254,0,160000000.0,0.0,0,0,0.005,0.0,0.0,0.0,0,0,0,0,0.0,0.0,0.0,100,0,0,0,12,2,6,3,3,17,0,0,0,6,12,0,DoS,1
57.23156,ospf,-,REQ,34,0,3672,0,0.576605,254,0,498.186676,0.0,0,0,1789.229375,0.0,2212.0085,0.0,0,0,0,0,0.0,0.0,0.0,108,0,0,0,1,6,1,1,1,2,0,0,0,4,1,0,DoS,1
0.13358,sctp,-,CON,2,2,152,82,22.458452,254,60,4551.57959,2455.45752,0,0,0.003,0.007,0.0,0.0,0,0,0,0,0.0,0.0,0.0,76,41,0,0,1,0,1,1,1,1,0,0,0,1,1,0,DoS,1
1.157161,tcp,-,FIN,10,8,492,354,14.691128,254,252,3062.667969,2143.17627,2,1,125.913,155.474281,9677.330693,230.072453,255,3186714095,123945247,255,0.129818,0.068836,0.060982,49,44,0,0,3,1,1,1,1,1,0,0,0,1,2,0,DoS,1
4.88895,tcp,http,FIN,10,10,782,1002,3.886315,62,252,1151.985596,1475.981567,2,2,543.184333,536.653563,46914.93312,1262.674125,255,3397014421,2906928372,255,0.123329,0.059043,0.064286,78,100,0,0,1,1,1,1,1,1,0,0,0,2,1,0,DoS,1
0.652497,tcp,http,FIN,20,8,18318,354,41.379501,254,252,213371.0938,3800.783691,7,1,32.245474,77.722711,2424.701022,133.270938,255,3579321855,1407373041,255,0.200047,0.10843,0.091617,916,44,0,0,1,1,2,1,1,1,0,0,0,2,1,0,DoS,1
9e-06,unas,-,INT,2,0,200,0,111111.1072,254,0,88888888.0,0.0,0,0,0.009,0.0,0.0,0.0,0,0,0,0,0.0,0.0,0.0,100,0,0,0,3,2,3,2,2,5,0,0,0,4,3,0,DoS,1
1.601364,tcp,-,FIN,10,8,1596,354,10.61595,254,252,7178.879883,1548.679688,2,1,171.107,225.637281,12086.82601,489.859562,255,3225935390,1797227803,255,0.083551,0.0219,0.061651,160,44,0,0,1,1,1,1,1,1,0,0,0,1,1,0,DoS,1
2.712694,tcp,http,FIN,10,10,818,1232,7.004108,254,252,2173.485107,3270.549561,2,2,301.410444,288.451219,21106.29032,703.669562,255,1497652430,900046133,255,0.204656,0.095789,0.108867,82,123,0,0,1,1,2,1,1,1,0,0,0,1,2,0,DoS,1
4e-06,unas,-,INT,2,0,200,0,250000.0006,254,0,200000000.0,0.0,0,0,0.004,0.0,0.0,0.0,0,0,0,0,0.0,0.0,0.0,100,0,0,0,3,2,3,2,2,5,0,0,0,4,3,0,DoS,1
4e-06,unas,-,INT,2,0,200,0,250000.0006,254,0,200000000.0,0.0,0,0,0.004,0.0,0.0,0.0,0,0,0,0,0.0,0.0,0.0,100,0,0,0,8,2,3,2,2,13,0,0,0,4,8,0,DoS,1
1e-06,unas,-,INT,2,0,200,0,1000000.003,254,0,800000000.0,0.0,0,0,0.001,0.0,0.0,0.0,0,0,0,0,0.0,0.0,0.0,100,0,0,0,8,2,4,2,2,13,0,0,0,5,8,0,DoS,1
59.656837,ospf,-,REQ,48,0,5184,0,0.787839,254,0,680.693115,0.0,0,0,1311.15075,0.0,1516.451375,0.0,0,0,0,0,0.0,0.0,0.0,108,0,0,0,1,6,1,1,1,1,0,0,0,1,1,0,DoS,1
59.962872,tcp,pop3,CON,1638,10850,70506,14491793,208.245531,62,252,9400.883789,1933257.375,6,5425,36.629694,5.531903,2449.349956,977.17798,255,2300318075,2139727850,255,0.051143,0.006777,0.044366,43,1336,0,0,1,3,1,1,1,1,0,0,0,1,1,0,DoS,1
0.724902,tcp,http,FIN,10,8,908,1294,23.451447,62,252,9027.427734,12503.75977,2,2,80.544667,96.555,4345.282464,173.939156,255,1760827718,1265756470,255,0.112721,0.048319,0.064402,91,162,0,0,1,1,1,1,1,2,0,0,0,2,1,0,DoS,1
4e-06,gmtp,-,INT,2,0,200,0,250000.0006,254,0,200000000.0,0.0,0,0,0.004,0.0,0.0,0.0,0,0,0,0,0.0,0.0,0.0,100,0,0,0,6,2,5,4,4,8,0,0,0,5,6,0,DoS,1
59.309559,ospf,-,REQ,42,0,4536,0,0.691288,254,0,597.27301,0.0,0,0,1447.081,0.0,1588.396375,0.0,0,0,0,0,0.0,0.0,0.0,108,0,0,0,1,6,1,1,1,1,0,0,0,1,1,0,DoS,1
59.891376,tcp,-,CON,792,390,356400,16770,19.719033,254,252,47546.07813,2234.311768,395,0,75.791707,154.564734,3728.066051,163.941656,255,2741895451,4185545031,255,0.134298,0.083012,0.051286,450,43,0,0,3,0,3,1,1,1,0,0,0,2,4,0,DoS,1
6e-06,unas,-,INT,2,0,200,0,166666.6608,254,0,133333328.0,0.0,0,0,0.006,0.0,0.0,0.0,0,0,0,0,0.0,0.0,0.0,100,0,0,0,8,2,2,2,2,13,0,0,0,2,8,0,DoS,1
21.031204,ospf,-,REQ,16,0,1728,0,0.713226,254,0,616.227173,0.0,0,0,1513.8025,0.0,1604.459625,0.0,0,0,0,0,0.0,0.0,0.0,108,0,0,0,1,6,1,1,1,1,0,0,0,4,1,0,DoS,1
59.91254,tcp,-,CON,702,4396,30434,5990849,85.074009,62,252,4058.048584,799764.0625,6,2198,85.467253,13.610633,6039.716308,2359.646564,255,1418089846,381649526,255,0.170558,0.09599,0.074568,43,1363,0,0,6,3,1,1,1,1,0,0,0,1,3,0,DoS,1
0.993077,tcp,smtp,FIN,50,24,43337,2052,73.508904,254,252,342136.625,15845.7002,22,8,20.266878,42.756609,1421.774125,50.792246,255,4163146018,1013640579,255,0.057601,0.009033,0.048568,867,86,0,0,1,1,1,1,1,1,0,0,0,1,1,0,DoS,1
9e-06,unas,-,INT,2,0,200,0,111111.1072,254,0,88888888.0,0.0,0,0,0.009,0.0,0.0,0.0,0,0,0,0,0.0,0.0,0.0,100,0,0,0,8,2,4,2,2,13,0,0,0,4,8,0,DoS,1
9e-06,aris,-,INT,2,0,200,0,111111.1072,254,0,88888888.0,0.0,0,0,0.009,0.0,0.0,0.0,0,0,0,0,0.0,0.0,0.0,100,0,0,0,9,2,2,2,2,13,0,0,0,2,9,0,DoS,1
0.795393,tcp,http,FIN,10,10,782,1002,23.887563,62,252,7080.776367,9072.245117,2,2,88.377,83.131664,5562.866526,137.932,255,3942437522,4007068171,255,0.194494,0.043811,0.150683,78,100,1,56,5,1,3,3,1,1,0,0,1,3,1,0,DoS,1
9e-06,sep,-,INT,2,0,104,0,111111.1072,254,0,46222220.0,0.0,0,0,0.009,0.0,0.0,0.0,0,0,0,0,0.0,0.0,0.0,52,0,0,0,1,2,1,1,1,1,0,0,0,4,1,0,DoS,1
1e-05,qnx,-,INT,2,0,200,0,100000.0025,254,0,80000000.0,0.0,0,0,0.01,0.0,0.0,0.0,0,0,0,0,0.0,0.0,0.0,100,0,0,0,9,2,6,4,4,13,0,0,0,8,9,0,DoS,1
7e-06,unas,-,INT,2,0,200,0,142857.1409,254,0,114285712.0,0.0,0,0,0.007,0.0,0.0,0.0,0,0,0,0,0.0,0.0,0.0,100,0,0,0,6,2,1,1,1,8,0,0,0,1,6,0,DoS,1
3e-06,unas,-,INT,2,0,200,0,333333.3215,254,0,266666656.0,0.0,0,0,0.003,0.0,0.0,0.0,0,0,0,0,0.0,0.0,0.0,100,0,0,0,8,2,4,2,2,13,0,0,0,4,8,0,DoS,1
0.532336,tcp,-,FIN,10,6,634,268,28.177692,254,252,8581.046875,3366.294922,2,1,59.013111,77.385203,2955.885329,108.50475,255,1517099551,1852106156,255,0.18883,0.145407,0.043423,63,45,0,0,1,1,2,1,1,1,0,0,0,1,2,0,DoS,1
6e-06,l2tp,-,INT,2,0,200,0,166666.6608,254,0,133333328.0,0.0,0,0,0.006,0.0,0.0,0.0,0,0,0,0,0.0,0.0,0.0,100,0,0,0,5,2,5,4,4,8,0,0,0,5,5,0,DoS,1
0.389873,tcp,http,FIN,10,8,502,566,43.603943,254,252,9274.81543,10177.67285,2,2,43.319222,50.815855,2113.410892,63.026789,255,1022312885,1062517916,255,0.075833,0.033455,0.042378,50,71,1,21,1,1,1,1,1,1,0,0,1,1,1,0,DoS,1
9e-06,zero,-,INT,2,0,200,0,111111.1072,254,0,88888888.0,0.0,0,0,0.009,0.0,0.0,0.0,0,0,0,0,0.0,0.0,0.0,100,0,0,0,5,2,5,4,4,8,0,0,0,5,5,0,DoS,1
7e-06,fire,-,INT,2,0,200,0,142857.1409,254,0,114285712.0,0.0,0,0,0.007,0.0,0.0,0.0,0,0,0,0,0.0,0.0,0.0,100,0,0,0,8,2,6,5,5,10,0,0,0,6,8,0,DoS,1
1.395141,tcp,http,FIN,10,10,804,1292,13.618695,62,252,4151.551758,6668.859863,2,2,154.912333,146.739672,9050.471524,314.111344,255,4201031373,2670561626,255,0.136348,0.074476,0.061872,80,129,0,0,2,1,2,1,1,1,0,0,0,1,1,0,DoS,1
1.697425,tcp,http,FIN,18,46,1520,54706,37.115042,62,252,6767.898438,252226.75,3,21,99.848529,36.2248,5017.984631,3737.333125,255,1568228854,493385311,255,0.166545,0.066482,0.100063,84,1189,0,0,1,1,2,1,1,1,0,0,0,1,1,0,DoS,1
1e-06,udp,-,INT,2,0,170,0,1000000.003,254,0,680000000.0,0.0,0,0,0.001,0.0,0.0,0.0,0,0,0,0,0.0,0.0,0.0,85,0,0,0,7,2,2,1,1,1,0,0,0,3,2,0,DoS,1
0.596173,tcp,http,FIN,10,8,808,1688,28.515213,62,252,9768.976562,19819.75,2,2,66.241444,76.169859,3430.085631,127.425594,255,137022712,781000206,255,0.087614,0.062326,0.025288,81,211,0,0,4,1,1,1,1,1,0,0,0,1,1,0,DoS,1
7e-06,iplt,-,INT,2,0,200,0,142857.1409,254,0,114285712.0,0.0,0,0,0.007,0.0,0.0,0.0,0,0,0,0,0.0,0.0,0.0,100,0,0,0,14,2,6,5,5,17,0,0,0,6,14,0,DoS,1
3e-06,sccopmce,-,INT,2,0,200,0,333333.3215,254,0,266666656.0,0.0,0,0,0.003,0.0,0.0,0.0,0,0,0,0,0.0,0.0,0.0,100,0,0,0,14,2,6,5,5,17,0,0,0,6,14,0,DoS,1
1.2e-05,udp,dhcp,INT,2,0,1152,0,83333.33039,254,0,384000000.0,0.0,0,0,0.012,0.0,0.0,0.0,0,0,0,0,0.0,0.0,0.0,576,0,0,0,2,2,2,2,2,2,0,0,0,2,2,0,DoS,1
9e-06,sps,-,INT,2,0,200,0,111111.1072,254,0,88888888.0,0.0,0,0,0.009,0.0,0.0,0.0,0,0,0,0,0.0,0.0,0.0,100,0,0,0,14,2,6,5,5,17,0,0,0,6,14,0,DoS,1
9e-06,pipe,-,INT,2,0,200,0,111111.1072,254,0,88888888.0,0.0,0,0,0.009,0.0,0.0,0.0,0,0,0,0,0.0,0.0,0.0,100,0,0,0,14,2,5,4,4,17,0,0,0,6,14,0,DoS,1
0.134073,tcp,-,FIN,8,6,364,268,96.9621,254,252,19034.40625,13365.85254,1,1,19.153285,24.1464,1051.466505,45.977934,255,3905906475,3296366134,255,0.052464,0.007125,0.045339,46,45,0,0,2,1,1,1,1,1,0,0,0,1,1,0,DoS,1
0.393226,tcp,-,FIN,8,6,364,268,33.059869,254,252,6489.906738,4557.175781,1,1,56.175145,64.689398,3463.645286,126.234516,255,3930974175,2746185318,255,0.103656,0.05748,0.046176,46,45,0,0,3,1,3,3,1,3,0,0,0,3,3,0,DoS,1
1.370094,tcp,http,FIN,32,30,6290,9302,44.522495,254,252,35582.96094,52504.42969,13,13,44.196582,46.914898,2090.51781,53.262621,255,644262919,1657070471,255,0.055543,0.008894,0.046649,197,310,0,0,1,1,1,1,1,1,0,0,0,1,1,0,DoS,1
8e-06,unas,-,INT,2,0,200,0,125000.0003,254,0,100000000.0,0.0,0,0,0.008,0.0,0.0,0.0,0,0,0,0,0.0,0.0,0.0,100,0,0,0,14,2,6,5,5,17,0,0,0,6,14,0,DoS,1
1.288355,tcp,ftp,FIN,16,12,766,704,20.956957,254,252,4464.60791,4011.316895,4,4,85.817136,111.195,4755.220672,147.286969,255,2729543091,1806080939,255,0.109788,0.065201,0.044587,48,59,0,0,1,1,1,1,1,1,1,1,0,1,1,0,DoS,1
2.146296,ospf,-,INT,18,0,2858,0,7.920622,254,0,10063.84961,0.0,0,0,126.252703,0.0,172.395125,0.0,0,0,0,0,0.0,0.0,0.0,159,0,0,0,1,2,1,1,1,1,0,0,0,1,1,0,DoS,1
0.218736,tcp,http,FIN,10,6,898,268,68.57582,254,252,29588.17969,8192.524414,2,1,23.358889,35.22,1280.615412,57.37468,255,3758743298,1337129744,255,0.092457,0.042632,0.049825,90,45,1,0,1,1,1,1,1,1,0,0,1,1,1,0,DoS,1
0.294137,tcp,http,FIN,10,8,788,2428,57.796197,62,252,19310.72852,57796.19531,2,2,32.681889,40.39343,1619.257175,56.23666,255,2059300840,344069296,255,0.056694,0.01066,0.046034,79,304,1,813,1,1,1,1,1,1,0,0,1,1,1,0,DoS,1
0.6989,tcp,http,FIN,10,8,632,354,24.323938,254,252,6513.092285,3548.43335,2,1,75.021889,90.280859,4259.558082,157.253234,255,1446022048,2160664760,255,0.114359,0.066925,0.047434,63,44,1,0,1,1,1,1,1,1,0,0,1,1,1,0,DoS,1
9.576091,ospf,-,INT,40,0,10880,0,4.072643,254,0,8862.071289,0.0,0,0,245.540797,0.0,285.605813,0.0,0,0,0,0,0.0,0.0,0.0,272,0,0,0,1,2,1,1,1,1,0,0,0,2,1,0,DoS,1
7e-06,unas,-,INT,2,0,200,0,142857.1409,254,0,114285712.0,0.0,0,0,0.007,0.0,0.0,0.0,0,0,0,0,0.0,0.0,0.0,100,0,0,0,11,2,5,4,4,14,0,0,0,5,11,0,DoS,1
8e-06,udp,dns,INT,2,0,128,0,125000.0003,62,0,64000000.0,0.0,0,0,0.008,0.0,0.0,0.0,0,0,0,0,0.0,0.0,0.0,64,0,0,0,1,2,1,1,1,1,0,0,0,1,1,0,DoS,1
0.772512,tcp,smtp,FIN,20,20,2552,1736,50.484651,254,252,25112.87695,17087.11328,7,8,40.658525,40.134316,1945.819545,46.021016,255,258459813,3497439133,255,0.054239,0.009323,0.044916,128,87,0,0,1,1,1,1,1,1,0,0,0,2,1,0,DoS,1
1e-06,unas,-,INT,2,0,200,0,1000000.003,254,0,800000000.0,0.0,0,0,0.001,0.0,0.0,0.0,0,0,0,0,0.0,0.0,0.0,100,0,0,0,11,2,6,4,4,14,0,0,0,6,11,0,DoS,1
6e-06,udp,dns,INT,2,0,162,0,166666.6608,254,0,108000000.0,0.0,0,0,0.006,0.0,0.0,0.0,0,0,0,0,0.0,0.0,0.0,81,0,0,0,1,2,1,1,1,1,0,0,0,1,1,0,DoS,1
6e-06,unas,-,INT,2,0,200,0,166666.6608,254,0,133333328.0,0.0,0,0,0.006,0.0,0.0,0.0,0,0,0,0,0.0,0.0,0.0,100,0,0,0,11,2,6,4,4,14,0,0,0,6,11,0,DoS,1
1.1e-05,udp,-,INT,2,0,1294,0,90909.0902,254,0,470545440.0,0.0,0,0,0.011,0.0,0.0,0.0,0,0,0,0,0.0,0.0,0.0,647,0,0,0,2,2,1,1,1,1,0,0,0,1,1,0,DoS,1
5.3e-05,swipe,-,INT,1,0,60,0,0.0,0,0,0.0,0.0,0,0,0.0,0.0,0.0,0.0,0,0,0,0,0.0,0.0,0.0,60,0,0,0,4,2,1,1,1,4,0,0,0,3,4,0,DoS,1
0.256138,tcp,http,FIN,10,8,812,1222,66.370473,62,252,22831.44336,33419.48438,2,2,28.459778,35.461145,1406.019707,52.260883,255,3544304808,1593083742,255,0.050449,0.006639,0.04381,81,153,1,184,2,1,1,1,1,1,0,0,1,1,1,0,DoS,1
8e-06,mobile,-,INT,1,0,60,0,0.0,0,0,0.0,0.0,0,0,0.0,0.0,0.0,0.0,0,0,0,0,0.0,0.0,0.0,60,0,0,0,4,2,2,2,2,4,0,0,0,3,4,0,DoS,1
1.1e-05,sun-nd,-,INT,1,0,60,0,0.0,0,0,0.0,0.0,0,0,0.0,0.0,0.0,0.0,0,0,0,0,0.0,0.0,0.0,60,0,0,0,4,2,2,2,2,4,0,0,0,3,4,0,DoS,1
1.367961,pim,-,INT,8,0,480,0,5.117105,254,0,2456.210205,0.0,0,0,195.423,0.0,468.890188,0.0,0,0,0,0,0.0,0.0,0.0,60,0,0,0,4,2,1,1,1,4,0,0,0,2,4,0,DoS,1
0.976923,tcp,http,FIN,10,10,846,2426,19.448821,254,252,6240.000488,17884.72656,2,2,108.547,103.520664,7330.93419,168.066531,255,3023231078,596266377,255,0.095814,0.0443,0.051514,85,243,1,755,2,1,2,2,2,2,0,0,4,2,2,0,DoS,1
0.177741,tcp,-,FIN,10,6,1546,268,84.392456,254,252,62652.96094,10082.08496,2,1,18.292778,33.960801,978.273975,58.445277,255,1150688172,3425903221,255,0.053691,0.007932,0.045759,155,45,0,0,1,1,1,1,1,1,0,0,0,1,1,0,DoS,1
0.263521,tcp,http,FIN,10,8,912,1186,64.510991,62,252,24924.01172,31511.72266,2,2,29.280111,36.389145,1436.682425,53.317223,255,1804039604,1853941587,255,0.053538,0.008054,0.045484,91,148,1,191,2,1,1,1,1,1,0,0,1,1,1,0,DoS,1
0.508225,tcp,-,FIN,10,6,740,268,29.514485,254,252,10483.54492,3525.99707,2,1,49.803333,84.419,2553.850734,115.834398,255,2099995804,372994939,255,0.143047,0.086121,0.056926,74,45,0,0,2,1,1,1,1,2,0,0,0,1,3,0,DoS,1
1.335756,tcp,-,FIN,14,12,1430,2358,18.715994,254,252,7953.548828,12948.47363,4,3,101.761387,114.511094,6897.133659,168.231672,255,3922188276,2238506391,255,0.137425,0.076129,0.061296,102,197,0,0,1,1,1,1,1,1,0,0,0,2,1,0,DoS,1
2.908358,tcp,http,FIN,82,490,3976,635827,196.330707,62,252,10804.72168,1745397.125,2,243,35.905655,5.932006,1861.892284,826.623007,255,2291184755,4078304068,255,0.055096,0.006819,0.048277,48,1298,1,307812,2,1,1,1,1,1,0,0,1,2,1,0,DoS,1
0.560112,tcp,-,FIN,10,6,466,268,26.780358,254,252,5998.800293,3199.360107,2,1,62.234667,99.695602,3154.293923,164.530203,255,1666841045,2107567620,255,0.156091,0.060271,0.09582,47,45,0,0,1,1,1,1,1,1,0,0,0,2,1,0,DoS,1
9e-06,unas,-,INT,2,0,200,0,111111.1072,254,0,88888888.0,0.0,0,0,0.009,0.0,0.0,0.0,0,0,0,0,0.0,0.0,0.0,100,0,0,0,6,2,3,2,2,8,0,0,0,4,6,0,DoS,1
0.852747,tcp,pop3,FIN,20,20,952,3274,45.734548,62,252,8490.208008,29185.67773,7,8,44.88142,44.177262,2184.594542,52.338105,255,2117197620,1880564256,255,0.0544,0.007513,0.046887,48,164,0,0,1,1,1,1,1,1,0,0,0,1,1,0,DoS,1
0.147822,tcp,-,FIN,8,6,364,268,87.943612,254,252,17264.00781,12122.68848,1,1,21.117429,15.888,1079.743284,27.940723,255,1248410837,285190130,255,0.070811,0.048453,0.022358,46,45,0,0,3,1,3,3,1,3,0,0,0,3,3,0,DoS,1
4e-06,unas,-,INT,2,0,200,0,250000.0006,254,0,200000000.0,0.0,0,0,0.004,0.0,0.0,0.0,0,0,0,0,0.0,0.0,0.0,100,0,0,0,6,2,4,3,3,8,0,0,0,4,6,0,DoS,1
13.131852,tcp,ftp,FIN,36,42,1850,2208,5.863605,254,252,1095.961182,1313.447632,11,15,375.195766,318.708707,22248.77181,21266.08509,255,1160896959,3746970784,255,0.11507,0.064134,0.050936,51,53,0,0,1,1,1,1,1,1,1,1,0,1,1,0,DoS,1
9e-06,unas,-,INT,2,0,200,0,111111.1072,254,0,88888888.0,0.0,0,0,0.009,0.0,0.0,0.0,0,0,0,0,0.0,0.0,0.0,100,0,0,0,7,2,4,3,3,10,0,0,0,5,7,0,DoS,1
1.1e-05,sctp,-,INT,2,0,1336,0,90909.0902,254,0,485818176.0,0.0,0,0,0.011,0.0,0.0,0.0,0,0,0,0,0.0,0.0,0.0,668,0,0,0,1,2,1,1,1,1,0,0,0,1,1,0,DoS,1
0.576759,tcp,-,FIN,10,6,2990,268,26.007397,254,252,37325.81641,3107.01709,2,1,59.321,106.278398,3481.355974,162.126203,255,3335856740,1127845888,255,0.108581,0.045347,0.063234,299,45,0,0,1,1,2,1,1,1,0,0,0,1,1,0,DoS,1
0.063756,udp,dhcp,CON,4,4,2304,2304,109.793594,62,252,216826.6563,216826.6563,0,0,13.746333,13.694,19.436008,19.357049,0,0,0,0,0.0,0.0,0.0,576,576,0,0,3,3,3,3,3,3,0,0,0,3,3,0,DoS,1
4e-06,unas,-,INT,2,0,200,0,250000.0006,254,0,200000000.0,0.0,0,0,0.004,0.0,0.0,0.0,0,0,0,0,0.0,0.0,0.0,100,0,0,0,5,2,4,2,2,8,0,0,0,4,5,0,DoS,1
9e-06,unas,-,INT,2,0,200,0,111111.1072,254,0,88888888.0,0.0,0,0,0.009,0.0,0.0,0.0,0,0,0,0,0.0,0.0,0.0,100,0,0,0,3,2,1,1,1,5,0,0,0,1,3,0,DoS,1
0.86863,tcp,http,FIN,10,10,756,1226,21.873525,62,252,6271.945312,10167.73535,2,2,96.514444,84.748445,5048.158765,171.796219,255,2583292340,1236538959,255,0.179669,0.105271,0.074398,76,123,1,166,1,1,1,1,1,1,0,0,1,21,2,0,DoS,1
0.519156,udp,dhcp,INT,4,0,5476,0,5.77861,254,0,63287.33984,0.0,0,0,173.052,0.0,244.726828,0.0,0,0,0,0,0.0,0.0,0.0,1369,0,0,0,2,2,3,3,3,3,0,0,0,3,2,0,DoS,1
0.178405,tcp,http,FIN,10,10,794,3656,106.499256,62,252,32061.88086,147574.3438,2,3,19.822778,18.465778,1093.793404,1539.283003,255,1478450484,2846633564,255,0.054576,0.007357,0.047219,79,366,1,1387,1,1,1,1,1,1,0,0,1,1,1,0,DoS,1
0.21561,tcp,http,FIN,10,6,2050,268,69.570058,254,252,68456.9375,8311.302734,2,1,22.032333,38.547801,1180.07527,63.602992,255,2257743948,2495164201,255,0.077718,0.022862,0.054856,205,45,1,0,1,1,1,1,1,1,0,0,1,1,1,0,DoS,1
0.526719,tcp,-,FIN,16,6,11682,268,39.869458,254,252,166342.9688,3402.193848,5,1,31.487401,91.448602,2188.549726,132.404391,255,2256952945,768159958,255,0.12506,0.069468,0.055592,730,45,0,0,6,1,1,1,1,1,0,0,0,4,1,0,DoS,1
4e-06,unas,-,INT,2,0,200,0,250000.0006,254,0,200000000.0,0.0,0,0,0.004,0.0,0.0,0.0,0,0,0,0,0.0,0.0,0.0,100,0,0,0,8,2,2,2,2,13,0,0,0,2,8,0,DoS,1
1e-05,unas,-,INT,2,0,200,0,100000.0025,254,0,80000000.0,0.0,0,0,0.01,0.0,0.0,0.0,0,0,0,0,0.0,0.0,0.0,100,0,0,0,5,2,4,3,3,8,0,0,0,4,5,0,DoS,1
0.750235,tcp,ftp,FIN,14,14,698,928,35.988723,62,252,6920.498047,9191.786133,4,5,57.710386,52.537152,3213.978953,90.094508,255,3811371574,1546243965,255,0.09561,0.049742,0.045868,50,66,0,0,1,1,1,1,1,2,0,0,0,1,1,0,DoS,1
9e-06,unas,-,INT,2,0,200,0,111111.1072,254,0,88888888.0,0.0,0,0,0.009,0.0,0.0,0.0,0,0,0,0,0.0,0.0,0.0,100,0,0,0,5,2,4,3,3,8,0,0,0,4,5,0,DoS,1
2.307178,tcp,-,FIN,30,26,3634,3214,23.838646,254,252,12181.11426,10717.85547,10,10,79.55786,89.812477,4364.965842,129.840031,255,1871050316,3005111501,255,0.114959,0.061088,0.053871,121,124,0,0,1,1,1,1,1,1,0,0,0,1,1,0,DoS,1
0.733046,tcp,http,FIN,10,8,1722,354,23.190905,62,252,16915.71875,3383.143799,2,1,77.881556,94.357,4723.242564,157.296656,255,385093623,3578913123,255,0.154195,0.072526,0.081669,172,44,1,0,1,1,1,1,1,1,0,0,1,1,1,0,DoS,1
9e-06,unas,-,INT,2,0,200,0,111111.1072,254,0,88888888.0,0.0,0,0,0.009,0.0,0.0,0.0,0,0,0,0,0.0,0.0,0.0,100,0,0,0,6,2,4,3,3,8,0,0,0,4,6,0,DoS,1
0.300027,tcp,-,FIN,12,12,555,594,76.659764,62,252,13572.11133,14532.02441,3,4,27.275183,25.470363,1452.640152,33.147859,255,2223874443,3482536893,255,0.027944,0.019192,0.008752,46,50,0,0,1,1,1,1,1,1,0,0,0,1,1,0,DoS,1
1.132788,tcp,pop3,FIN,28,70,1286,69666,85.629442,62,252,8764.217773,484969.8438,7,33,41.95511,16.062493,2153.054024,1325.621084,255,2001178506,3072646742,255,0.042729,0.023766,0.018963,46,995,0,0,1,1,1,1,1,1,0,0,0,1,1,0,DoS,1
2e-06,unas,-,INT,2,0,200,0,500000.0013,254,0,400000000.0,0.0,0,0,0.002,0.0,0.0,0.0,0,0,0,0,0.0,0.0,0.0,100,0,0,0,6,2,4,3,3,8,0,0,0,4,6,0,DoS,1
0.808663,tcp,http,FIN,24,112,1440,141059,166.942222,62,252,13652.16406,1383023.625,2,54,35.115174,6.912982,2001.338306,1082.240568,255,3131450221,4119782106,255,0.106654,0.048217,0.058437,60,1259,1,68018,1,1,1,1,1,1,0,0,1,1,2,0,DoS,1
3e-06,unas,-,INT,2,0,200,0,333333.3215,254,0,266666656.0,0.0,0,0,0.003,0.0,0.0,0.0,0,0,0,0,0.0,0.0,0.0,100,0,0,0,5,2,4,2,2,8,0,0,0,4,5,0,DoS,1
0.285709,tcp,http,FIN,10,6,1946,268,52.500972,254,252,49056.91016,6272.116211,2,1,27.551222,51.469,1376.890277,71.142,255,612031845,3212246708,255,0.087349,0.028363,0.058986,195,45,1,0,1,1,1,1,1,1,0,0,1,2,1,0,DoS,1
0.694832,tcp,http,FIN,54,12,62197,526,93.547789,254,252,702857.625,5561.056152,24,1,12.496981,58.023547,1278.777776,76.751648,255,14842540,3326989563,255,0.145507,0.056564,0.088943,1152,44,1,0,1,1,1,1,1,1,0,0,1,2,1,0,DoS,1
0.39453,tcp,http,FIN,10,8,838,1776,43.089246,62,252,15309.35547,31510.91211,2,2,43.836667,51.646145,2159.899438,69.466617,255,1704760186,2958851790,255,0.092881,0.032215,0.060666,84,222,1,473,1,1,1,1,1,1,0,0,1,1,1,0,DoS,1
0.265005,tcp,http,FIN,10,8,810,1516,64.149735,62,252,22007.13281,40059.62109,2,2,29.445,36.74543,1459.406611,53.966727,255,516481807,835495866,255,0.052206,0.006982,0.045224,81,190,1,326,3,1,1,2,1,1,0,0,1,2,1,0,DoS,1
5e-06,unas,-,INT,2,0,200,0,200000.0051,254,0,160000000.0,0.0,0,0,0.005,0.0,0.0,0.0,0,0,0,0,0.0,0.0,0.0,100,0,0,0,5,2,4,3,3,8,0,0,0,4,5,0,DoS,1
1.3167,tcp,-,FIN,26,68,1366,70550,70.631124,62,252,7983.595703,422346.7813,6,32,52.668,19.043477,2532.330463,1605.889309,255,2245593364,1470697961,255,0.07618,0.021682,0.054498,53,1038,0,0,2,1,1,1,1,1,0,0,0,3,1,0,DoS,1
3e-06,unas,-,INT,2,0,200,0,333333.3215,254,0,266666656.0,0.0,0,0,0.003,0.0,0.0,0.0,0,0,0,0,0.0,0.0,0.0,100,0,0,0,7,2,4,3,3,10,0,0,0,5,7,0,DoS,1
5e-06,unas,-,INT,2,0,200,0,200000.0051,254,0,160000000.0,0.0,0,0,0.005,0.0,0.0,0.0,0,0,0,0,0.0,0.0,0.0,100,0,0,0,7,2,5,4,4,10,0,0,0,5,7,0,DoS,1
0.27179,tcp,-,FIN,10,6,496,268,55.189669,254,252,13157.2168,6593.325684,2,1,24.210778,45.807801,1397.38152,59.075445,255,1792077654,912995748,255,0.112611,0.042748,0.069863,50,45,0,0,1,1,2,1,1,2,0,0,0,2,2,0,DoS,1
4e-06,unas,-,INT,2,0,200,0,250000.0006,254,0,200000000.0,0.0,0,0,0.004,0.0,0.0,0.0,0,0,0,0,0.0,0.0,0.0,100,0,0,0,7,2,5,4,4,10,0,0,0,5,7,0,DoS,1
4e-06,unas,-,INT,2,0,200,0,250000.0006,254,0,200000000.0,0.0,0,0,0.004,0.0,0.0,0.0,0,0,0,0,0.0,0.0,0.0,100,0,0,0,7,2,4,3,3,10,0,0,0,5,7,0,DoS,1
6e-06,unas,-,INT,2,0,200,0,166666.6608,254,0,133333328.0,0.0,0,0,0.006,0.0,0.0,0.0,0,0,0,0,0.0,0.0,0.0,100,0,0,0,12,2,5,4,4,14,0,0,0,5,12,0,DoS,1
5e-06,unas,-,INT,2,0,200,0,200000.0051,254,0,160000000.0,0.0,0,0,0.005,0.0,0.0,0.0,0,0,0,0,0.0,0.0,0.0,100,0,0,0,12,2,5,4,4,14,0,0,0,5,12,0,DoS,1
9e-06,unas,-,INT,2,0,200,0,111111.1072,254,0,88888888.0,0.0,0,0,0.009,0.0,0.0,0.0,0,0,0,0,0.0,0.0,0.0,100,0,0,0,12,2,4,4,4,14,0,0,0,4,12,0,DoS,1
1.086709,ospf,-,INT,42,0,1890,0,37.728591,254,0,13582.29297,0.0,0,0,26.505098,0.0,27.825355,0.0,0,0,0,0,0.0,0.0,0.0,45,0,0,0,1,2,1,1,1,1,0,0,0,1,1,0,DoS,1
4e-06,unas,-,INT,2,0,200,0,250000.0006,254,0,200000000.0,0.0,0,0,0.004,0.0,0.0,0.0,0,0,0,0,0.0,0.0,0.0,100,0,0,0,12,2,4,4,4,14,0,0,0,4,12,0,DoS,1
0.258147,tcp,http,FIN,10,8,836,1366,65.853951,62,252,23335.54102,37064.15234,2,2,28.683,35.97443,1414.276214,52.768297,255,263734137,3590716706,255,0.049944,0.005491,0.044453,84,171,1,264,2,1,1,1,1,1,0,0,1,1,1,0,DoS,1
0.41975,tcp,-,FIN,10,8,1644,354,40.500297,254,252,28207.26563,5908.278809,2,1,44.317556,53.210855,3160.83124,106.553359,255,657565115,3007553123,255,0.091876,0.047266,0.04461,164,44,0,0,2,1,1,1,1,2,0,0,0,2,3,0,DoS,1
0.810185,tcp,http,FIN,10,10,764,1252,23.451433,62,252,6793.509766,11128.32227,2,2,89.927222,83.204555,5647.245221,131.867672,255,2119719981,2494402047,255,0.148695,0.061336,0.087359,76,125,1,183,1,1,1,1,1,1,0,0,1,1,2,0,DoS,1
1e-05,unas,-,INT,2,0,200,0,100000.0025,254,0,80000000.0,0.0,0,0,0.01,0.0,0.0,0.0,0,0,0,0,0.0,0.0,0.0,100,0,0,0,12,2,5,4,4,14,0,0,0,5,12,0,DoS,1
9e-06,unas,-,INT,2,0,200,0,111111.1072,254,0,88888888.0,0.0,0,0,0.009,0.0,0.0,0.0,0,0,0,0,0.0,0.0,0.0,100,0,0,0,7,2,3,3,3,9,0,0,0,3,7,0,DoS,1
4e-06,unas,-,INT,2,0,200,0,250000.0006,254,0,200000000.0,0.0,0,0,0.004,0.0,0.0,0.0,0,0,0,0,0.0,0.0,0.0,100,0,0,0,7,2,3,3,3,9,0,0,0,3,7,0,DoS,1
1e-05,unas,-,INT,2,0,200,0,100000.0025,254,0,80000000.0,0.0,0,0,0.01,0.0,0.0,0.0,0,0,0,0,0.0,0.0,0.0,100,0,0,0,7,2,5,4,4,10,0,0,0,5,7,0,DoS,1
9e-06,unas,-,INT,2,0,200,0,111111.1072,254,0,88888888.0,0.0,0,0,0.009,0.0,0.0,0.0,0,0,0,0,0.0,0.0,0.0,100,0,0,0,7,2,4,3,3,9,0,0,0,5,7,0,DoS,1
0.415799,tcp,http,FIN,12,10,1328,2240,50.505173,254,252,23434.40039,38787.97266,3,3,37.79991,45.067555,1854.390331,62.236352,255,3257562497,2231635482,255,0.057738,0.009498,0.04824,111,224,1,399,1,1,1,1,1,1,0,0,1,1,1,0,DoS,1
9e-06,unas,-,INT,2,0,200,0,111111.1072,254,0,88888888.0,0.0,0,0,0.009,0.0,0.0,0.0,0,0,0,0,0.0,0.0,0.0,100,0,0,0,7,2,5,4,4,10,0,0,0,5,7,0,DoS,1
0.683468,tcp,http,FIN,10,10,780,1038,27.7994,62,252,8216.916992,10944.18457,2,2,75.940889,68.172219,5127.353815,106.404273,255,2333651009,809919960,255,0.111698,0.047663,0.064035,78,104,1,75,1,1,1,1,1,1,0,0,1,4,1,0,DoS,1
0.227172,tcp,http,FIN,10,12,844,7860,92.440969,62,252,26763.86133,253728.4531,2,4,25.241333,19.85809,1205.21228,1574.901196,255,1038266191,1628297016,255,0.053502,0.007942,0.04556,84,655,1,3425,3,1,1,1,1,1,0,0,1,1,1,0,DoS,1
0.429356,tcp,http,FIN,10,6,914,268,34.936043,254,252,15334.59375,4173.692383,2,1,43.844333,78.568602,2379.61564,119.095219,255,4290818758,2268488333,255,0.059199,0.036503,0.022696,91,45,1,0,1,1,1,1,1,1,0,0,1,1,1,0,DoS,1
9e-06,unas,-,INT,2,0,200,0,111111.1072,254,0,88888888.0,0.0,0,0,0.009,0.0,0.0,0.0,0,0,0,0,0.0,0.0,0.0,100,0,0,0,7,2,2,1,1,9,0,0,0,2,7,0,DoS,1
0.214314,tcp,http,FIN,10,8,802,1318,79.322863,62,252,26951.10938,43076.98047,2,2,23.812667,17.303715,1187.060875,28.354576,255,2675967465,444360079,255,0.081491,0.066773,0.014718,80,165,1,258,1,1,1,1,1,1,0,0,1,1,1,0,DoS,1
9e-06,unas,-,INT,2,0,200,0,111111.1072,254,0,88888888.0,0.0,0,0,0.009,0.0,0.0,0.0,0,0,0,0,0.0,0.0,0.0,100,0,0,0,4,2,3,2,2,6,0,0,0,3,4,0,DoS,1
1e-05,unas,-,INT,2,0,200,0,100000.0025,254,0,80000000.0,0.0,0,0,0.01,0.0,0.0,0.0,0,0,0,0,0.0,0.0,0.0,100,0,0,0,4,2,3,2,2,6,0,0,0,3,4,0,DoS,1
9e-06,unas,-,INT,2,0,200,0,111111.1072,254,0,88888888.0,0.0,0,0,0.009,0.0,0.0,0.0,0,0,0,0,0.0,0.0,0.0,100,0,0,0,3,2,3,2,2,6,0,0,0,3,3,0,DoS,1
6e-06,unas,-,INT,2,0,200,0,166666.6608,254,0,133333328.0,0.0,0,0,0.006,0.0,0.0,0.0,0,0,0,0,0.0,0.0,0.0,100,0,0,0,3,2,3,2,2,6,0,0,0,3,3,0,DoS,1
1e-05,sctp,-,INT,2,0,78,0,100000.0025,254,0,31200000.0,0.0,0,0,0.01,0.0,0.0,0.0,0,0,0,0,0.0,0.0,0.0,39,0,0,0,1,2,2,1,1,1,0,0,0,1,1,0,DoS,1
9e-06,unas,-,INT,2,0,200,0,111111.1072,254,0,88888888.0,0.0,0,0,0.009,0.0,0.0,0.0,0,0,0,0,0.0,0.0,0.0,100,0,0,0,9,2,2,2,2,12,0,0,0,2,9,0,DoS,1
0.247123,tcp,-,FIN,22,8,20964,354,117.350468,254,252,647839.3125,10035.48828,8,1,10.973286,31.971285,847.568409,53.13393,255,2880169107,1027380786,255,0.056256,0.02332,0.032936,953,44,0,0,1,1,1,1,1,1,0,0,0,25,1,0,DoS,1
38.200954,tcp,smtp,FIN,4624,690,6143481,29940,139.080295,254,252,1286282.625,6260.995605,2309,2,8.303281,55.503797,1013.587811,63.518461,255,574686125,1685523332,255,0.09923,0.0388,0.06043,1329,43,0,0,1,1,1,1,1,1,0,0,0,2,1,0,DoS,1
1e-05,udp,snmp,INT,2,0,136,0,100000.0025,254,0,54400000.0,0.0,0,0,0.01,0.0,0.0,0.0,0,0,0,0,0.0,0.0,0.0,68,0,0,0,1,2,1,1,1,1,0,0,0,1,1,0,DoS,1
59.903187,tcp,smtp,CON,6430,976,8515713,42602,123.616128,254,252,1137086.625,5683.704102,3213,6,9.330146,61.462391,1339.757179,85.48375,255,570557305,1685523004,255,0.09923,0.0388,0.06043,1324,44,0,0,1,0,1,1,1,1,0,0,0,3,1,0,DoS,1
1.1e-05,udp,-,INT,2,0,150,0,90909.0902,254,0,54545456.0,0.0,0,0,0.011,0.0,0.0,0.0,0,0,0,0,0.0,0.0,0.0,75,0,0,0,2,2,3,3,3,3,0,0,0,3,2,0,DoS,1
1.35186,tcp,-,FIN,18,18,1022,3402,25.890254,62,252,5716.567871,19013.80273,6,7,79.521176,71.925117,3916.001438,95.026648,255,495125428,4059749856,255,0.187129,0.10821,0.078919,57,189,0,0,2,1,2,1,1,1,0,0,0,1,6,0,DoS,1
4e-06,ggp,-,INT,2,0,180,0,250000.0006,254,0,180000000.0,0.0,0,0,0.004,0.0,0.0,0.0,0,0,0,0,0.0,0.0,0.0,90,0,0,0,3,2,2,3,2,2,0,0,0,3,2,0,DoS,1
0.444031,tcp,http,FIN,10,8,818,2618,38.285615,62,252,13278.35254,41276.39844,2,2,49.223444,51.37057,2597.375975,68.137187,255,1494150276,640222390,255,0.141581,0.084423,0.057158,82,327,1,896,1,1,1,1,1,1,0,0,1,1,1,0,DoS,1
1.011905,st2,-,INT,4,0,360,0,2.964705,254,0,2134.587891,0.0,0,0,337.301656,0.0,477.002437,0.0,0,0,0,0,0.0,0.0,0.0,90,0,0,0,1,2,1,1,1,1,0,0,0,2,1,0,DoS,1
9e-06,ip,-,INT,2,0,180,0,111111.1072,254,0,80000000.0,0.0,0,0,0.009,0.0,0.0,0.0,0,0,0,0,0.0,0.0,0.0,90,0,0,0,1,2,1,1,1,1,0,0,0,2,1,0,DoS,1
9e-06,bbn-rcc,-,INT,2,0,180,0,111111.1072,254,0,80000000.0,0.0,0,0,0.009,0.0,0.0,0.0,0,0,0,0,0.0,0.0,0.0,90,0,0,0,10,2,8,8,8,10,0,0,0,8,10,0,DoS,1
3e-06,ipnip,-,INT,2,0,180,0,333333.3215,254,0,239999984.0,0.0,0,0,0.003,0.0,0.0,0.0,0,0,0,0,0.0,0.0,0.0,90,0,0,0,3,2,2,3,2,2,0,0,0,3,2,0,DoS,1
9e-06,egp,-,INT,2,0,180,0,111111.1072,254,0,80000000.0,0.0,0,0,0.009,0.0,0.0,0.0,0,0,0,0,0.0,0.0,0.0,90,0,0,0,10,2,8,8,8,10,0,0,0,8,10,0,DoS,1
9e-06,unas,-,INT,2,0,200,0,111111.1072,254,0,88888888.0,0.0,0,0,0.009,0.0,0.0,0.0,0,0,0,0,0.0,0.0,0.0,100,0,0,0,12,2,5,4,4,14,0,0,0,5,12,0,DoS,1
0.323415,tcp,-,FIN,12,10,818,562,64.932051,254,252,18552.01367,12516.42578,3,3,27.311363,27.935555,1423.735819,33.288238,255,3194542991,3015303985,255,0.091926,0.071992,0.019934,68,56,0,0,1,1,1,1,1,1,0,0,0,1,1,0,DoS,1
5e-06,emcon,-,INT,2,0,180,0,200000.0051,254,0,144000000.0,0.0,0,0,0.005,0.0,0.0,0.0,0,0,0,0,0.0,0.0,0.0,90,0,0,0,10,2,8,8,8,10,0,0,0,8,10,0,DoS,1
1e-05,unas,-,INT,2,0,200,0,100000.0025,254,0,80000000.0,0.0,0,0,0.01,0.0,0.0,0.0,0,0,0,0,0.0,0.0,0.0,100,0,0,0,9,2,2,1,1,12,0,0,0,2,9,0,DoS,1
1.02188,cbt,-,INT,4,0,360,0,2.935765,254,0,2113.750977,0.0,0,0,340.626656,0.0,481.706125,0.0,0,0,0,0,0.0,0.0,0.0,90,0,0,0,10,2,8,8,8,10,0,0,0,8,10,0,DoS,1
3e-06,igp,-,INT,2,0,180,0,333333.3215,254,0,239999984.0,0.0,0,0,0.003,0.0,0.0,0.0,0,0,0,0,0.0,0.0,0.0,90,0,0,0,10,2,8,8,8,10,0,0,0,8,10,0,DoS,1
9e-06,nvp,-,INT,2,0,180,0,111111.1072,254,0,80000000.0,0.0,0,0,0.009,0.0,0.0,0.0,0,0,0,0,0.0,0.0,0.0,90,0,0,0,10,2,8,8,8,10,0,0,0,8,10,0,DoS,1
9e-06,argus,-,INT,2,0,180,0,111111.1072,254,0,80000000.0,0.0,0,0,0.009,0.0,0.0,0.0,0,0,0,0,0.0,0.0,0.0,90,0,0,0,10,2,8,8,8,10,0,0,0,8,10,0,DoS,1
1.225025,tcp,-,FIN,26,74,1358,77900,80.814673,62,252,8528.804688,501854.2188,6,35,49.000999,15.771932,2841.011996,1695.411312,255,98122772,349620306,255,0.111136,0.057123,0.054013,52,1053,0,0,1,1,1,1,1,1,0,0,0,1,1,0,DoS,1
1.798745,tcp,http,FIN,10,10,802,1020,10.56292,62,252,3211.127686,4082.84668,2,2,199.762667,192.614,12409.80151,337.062094,255,3678903124,2485681749,255,0.113725,0.065212,0.048513,80,102,0,0,2,1,1,2,1,1,0,0,0,2,2,0,DoS,1
1e-05,unas,-,INT,2,0,200,0,100000.0025,254,0,80000000.0,0.0,0,0,0.01,0.0,0.0,0.0,0,0,0,0,0.0,0.0,0.0,100,0,0,0,12,2,4,4,4,14,0,0,0,4,12,0,DoS,1
9e-06,chaos,-,INT,2,0,200,0,111111.1072,254,0,88888888.0,0.0,0,0,0.009,0.0,0.0,0.0,0,0,0,0,0.0,0.0,0.0,100,0,0,0,10,2,2,2,2,10,0,0,0,2,10,0,DoS,1
6e-06,unas,-,INT,2,0,200,0,166666.6608,254,0,133333328.0,0.0,0,0,0.006,0.0,0.0,0.0,0,0,0,0,0.0,0.0,0.0,100,0,0,0,12,2,4,4,4,14,0,0,0,4,12,0,DoS,1
9e-06,unas,-,INT,2,0,200,0,111111.1072,254,0,88888888.0,0.0,0,0,0.009,0.0,0.0,0.0,0,0,0,0,0.0,0.0,0.0,100,0,0,0,10,2,3,3,3,11,0,0,0,3,10,0,DoS,1
5e-06,xnet,-,INT,2,0,180,0,200000.0051,254,0,144000000.0,0.0,0,0,0.005,0.0,0.0,0.0,0,0,0,0,0.0,0.0,0.0,90,0,0,0,10,2,2,2,2,10,0,0,0,2,10,0,DoS,1
0.629055,tcp,-,FIN,10,6,2070,268,23.845291,254,252,23692.68164,2848.717529,2,1,69.881333,109.482602,3631.916558,179.721406,255,815713335,4255503780,255,0.171519,0.081637,0.089882,207,45,0,0,4,1,2,1,1,1,0,0,0,1,5,0,DoS,1
1.150377,mux,-,INT,4,0,400,0,2.607841,254,0,2086.272461,0.0,0,0,383.459,0.0,542.280875,0.0,0,0,0,0,0.0,0.0,0.0,100,0,0,0,3,2,4,1,1,9,0,0,0,4,3,0,DoS,1
5.166643,tcp,-,FIN,776,120,1031995,5170,173.226595,254,252,1595877.25,7938.616699,385,1,6.674094,43.072832,820.496751,52.813496,255,207325991,1105265946,255,0.061721,0.040972,0.020749,1330,43,0,0,1,1,2,1,1,2,0,0,0,2,1,0,DoS,1
8e-06,unas,-,INT,2,0,200,0,125000.0003,254,0,100000000.0,0.0,0,0,0.008,0.0,0.0,0.0,0,0,0,0,0.0,0.0,0.0,100,0,0,0,7,2,4,4,4,12,0,0,0,4,7,0,DoS,1
1e-05,unas,-,INT,2,0,200,0,100000.0025,254,0,80000000.0,0.0,0,0,0.01,0.0,0.0,0.0,0,0,0,0,0.0,0.0,0.0,100,0,0,0,7,2,6,3,3,12,0,0,0,6,7,0,DoS,1
9e-06,unas,-,INT,2,0,200,0,111111.1072,254,0,88888888.0,0.0,0,0,0.009,0.0,0.0,0.0,0,0,0,0,0.0,0.0,0.0,100,0,0,0,7,2,6,3,3,12,0,0,0,6,7,0,DoS,1
0.483449,tcp,http,FIN,10,6,580,268,31.027057,254,252,8637.932617,3706.698975,2,1,44.849889,80.061797,2447.665679,100.302719,255,1112211102,4219436504,255,0.16142,0.083131,0.078289,58,45,0,0,1,1,1,1,1,1,0,0,0,2,1,0,DoS,1
0.808368,tcp,pop3,FIN,20,20,964,3112,48.245352,62,252,9065.177734,29263.89844,7,8,42.545683,41.946527,2072.197813,50.439953,255,2644172971,759866471,255,0.066762,0.007735,0.059027,48,156,0,0,1,1,1,1,1,1,0,0,0,1,1,0,DoS,1
1.191729,tcp,http,FIN,10,10,814,1102,15.943223,62,252,4920.582031,6659.232422,2,2,132.414333,117.555,7452.699924,241.594562,255,1703283993,3668626301,255,0.183091,0.086604,0.096487,81,110,0,0,1,1,1,1,1,1,0,0,0,1,1,0,DoS,1
0.0,unas,-,INT,2,0,200,0,0.0,254,0,0.0,0.0,0,0,0.0,0.0,0.0,0.0,0,0,0,0,0.0,0.0,0.0,100,0,0,0,7,2,4,3,3,9,0,0,0,5,7,0,DoS,1
2.984045,udp,-,CON,18,20,2524,4638,12.399277,254,60,6391.324707,11814.83496,0,0,175.532062,123.300367,298.673906,246.870844,0,0,0,0,0.0,0.0,0.0,140,232,0,0,1,0,2,1,1,1,0,0,0,1,3,0,DoS,1
0.572,tcp,-,FIN,18,14,2362,1882,54.195802,254,252,31202.79492,24447.55078,6,5,32.905235,41.898539,1653.160556,53.641562,255,4067535899,734312953,255,0.053385,0.027318,0.026067,131,134,0,0,2,1,2,1,1,1,0,0,0,1,1,0,DoS,1
1.422487,tcp,smtp,FIN,16,14,898,1028,20.386829,254,252,4735.368164,5370.875,5,5,94.743201,103.300922,4727.195979,121.863242,255,1768490096,3829580713,255,0.153808,0.079566,0.074242,56,73,0,0,1,1,1,1,1,1,0,0,0,1,1,0,DoS,1
8e-06,pup,-,INT,2,0,180,0,125000.0003,254,0,90000000.0,0.0,0,0,0.008,0.0,0.0,0.0,0,0,0,0,0.0,0.0,0.0,90,0,0,0,10,2,8,8,8,10,0,0,0,8,10,0,DoS,1
0.161642,udp,-,CON,4,2,2142,1524,30.932555,254,60,79533.78125,37712.96875,0,0,53.880668,0.005,76.184625,0.0,0,0,0,0,0.0,0.0,0.0,536,762,0,0,1,0,1,1,1,1,0,0,0,2,2,0,DoS,1
0.354708,tcp,http,FIN,10,6,802,268,42.288306,254,252,16283.81738,5052.042969,2,1,36.432556,67.535602,1892.978267,100.639469,255,2861200405,3368268232,255,0.073917,0.01702,0.056897,80,45,1,0,1,1,1,1,1,1,0,0,1,1,1,0,DoS,1
0.349763,tcp,http,FIN,10,8,718,654,48.60434,62,252,14798.5918,13106.01758,2,2,38.862556,47.74557,1972.504563,66.774625,255,3455511514,1308056888,255,0.072475,0.014304,0.058171,72,82,1,50,2,1,1,1,1,1,0,0,1,1,1,0,DoS,1
6e-06,hmp,-,INT,2,0,200,0,166666.6608,254,0,133333328.0,0.0,0,0,0.006,0.0,0.0,0.0,0,0,0,0,0.0,0.0,0.0,100,0,0,0,3,2,2,2,2,9,0,0,0,2,3,0,DoS,1
2.644978,tcp,-,FIN,258,42,330718,1816,113.044417,62,252,996415.0625,5362.615234,126,1,10.287654,63.412391,1277.691555,86.477945,255,2067235827,3095833244,255,0.075624,0.04506,0.030564,1282,43,1,0,2,1,1,1,1,1,0,0,1,2,1,0,DoS,1
8e-06,trunk-1,-,INT,2,0,200,0,125000.0003,254,0,100000000.0,0.0,0,0,0.008,0.0,0.0,0.0,0,0,0,0,0.0,0.0,0.0,100,0,0,0,6,2,2,2,2,7,0,0,0,2,6,0,DoS,1
2.686477,tcp,-,FIN,256,44,330633,1902,111.298182,62,252,980740.25,5535.875,125,1,10.414736,60.663254,1280.380158,72.714742,255,1679619149,2659608997,255,0.176653,0.077949,0.098704,1292,43,1,0,2,1,1,1,1,1,0,0,1,1,2,0,DoS,1
1.616518,tcp,http,FIN,40,222,2250,282379,161.458144,62,252,10857.90527,1391177.75,2,108,41.44918,7.285842,2490.511945,1089.484958,255,3616528912,1805304684,255,0.07351,0.005808,0.067702,56,1272,1,0,1,1,1,1,1,1,0,0,1,1,1,0,DoS,1
1.1e-05,udp,dhcp,INT,2,0,150,0,90909.0902,254,0,54545456.0,0.0,0,0,0.011,0.0,0.0,0.0,0,0,0,0,0.0,0.0,0.0,75,0,0,0,2,2,3,3,3,3,0,0,0,3,2,0,DoS,1
1.651783,tcp,http,FIN,10,8,852,354,10.291909,254,252,3714.773682,1501.407837,2,1,183.471556,228.073,10674.68256,371.304875,255,1545812134,372436884,255,0.155436,0.05527,0.100166,85,44,0,0,1,1,1,1,1,1,0,0,0,1,1,0,DoS,1
59.998409,tcp,-,CON,616,354,277200,15222,16.150428,254,252,36900.97656,2023.920288,307,0,97.700517,170.258344,4938.140954,182.418844,255,2741424361,4185545031,255,0.134298,0.083012,0.051286,450,43,0,0,3,0,1,1,1,2,0,0,0,2,1,0,DoS,1
2e-06,rdp,-,INT,2,0,200,0,500000.0013,254,0,400000000.0,0.0,0,0,0.002,0.0,0.0,0.0,0,0,0,0,0.0,0.0,0.0,100,0,0,0,6,2,3,3,3,6,0,0,0,3,6,0,DoS,1
8e-06,merit-inp,-,INT,2,0,200,0,125000.0003,254,0,100000000.0,0.0,0,0,0.008,0.0,0.0,0.0,0,0,0,0,0.0,0.0,0.0,100,0,0,0,6,2,2,2,2,6,0,0,0,3,6,0,DoS,1
3e-06,sep,-,INT,2,0,200,0,333333.3215,254,0,266666656.0,0.0,0,0,0.003,0.0,0.0,0.0,0,0,0,0,0.0,0.0,0.0,100,0,0,0,7,2,1,1,1,7,0,0,0,2,7,0,DoS,1
59.993633,tcp,-,CON,752,376,338400,16168,18.785327,254,252,45064.78125,2150.228271,375,0,79.910386,160.032328,4291.797213,182.154266,255,2741550641,4185545031,255,0.134298,0.083012,0.051286,450,43,0,0,6,0,1,1,1,2,0,0,0,2,2,0,DoS,1
0.863114,tcp,http,FIN,10,8,894,1554,19.696124,62,252,7461.35498,12605.51953,2,2,95.901556,113.479711,5429.864897,147.874203,255,581281460,1838154585,255,0.148867,0.068451,0.080416,89,194,1,371,2,1,1,1,1,1,0,0,1,2,1,0,DoS,1
6e-06,3pc,-,INT,2,0,200,0,166666.6608,254,0,133333328.0,0.0,0,0,0.006,0.0,0.0,0.0,0,0,0,0,0.0,0.0,0.0,100,0,0,0,7,2,2,1,1,7,0,0,0,1,7,0,DoS,1
5.935868,tcp,http,FIN,634,98,825740,4224,123.149643,254,252,1111127.125,5634.896484,314,1,9.390823,60.54002,1140.982609,70.051875,255,1833601663,522263178,255,0.15861,0.063483,0.095127,1302,43,1,0,1,1,2,1,1,4,0,0,1,2,1,0,DoS,1
9e-06,idpr,-,INT,2,0,200,0,111111.1072,254,0,88888888.0,0.0,0,0,0.009,0.0,0.0,0.0,0,0,0,0,0.0,0.0,0.0,100,0,0,0,7,2,3,3,3,7,0,0,0,3,7,0,DoS,1
8e-06,xtp,-,INT,2,0,200,0,125000.0003,254,0,100000000.0,0.0,0,0,0.008,0.0,0.0,0.0,0,0,0,0,0.0,0.0,0.0,100,0,0,0,7,2,3,3,3,7,0,0,0,3,7,0,DoS,1
9e-06,idpr-cmtp,-,INT,2,0,200,0,111111.1072,254,0,88888888.0,0.0,0,0,0.009,0.0,0.0,0.0,0,0,0,0,0.0,0.0,0.0,100,0,0,0,7,2,2,2,2,7,0,0,0,2,7,0,DoS,1
2.39493,tcp,-,FIN,258,42,330718,1816,124.847079,62,252,1100448.125,5922.511719,126,1,9.285032,57.396145,1103.921283,67.951953,255,1829966338,3077782639,255,0.087724,0.041684,0.04604,1282,43,1,0,3,1,1,1,1,1,0,0,1,2,1,0,DoS,1
0.660991,tcp,http,FIN,10,8,796,2448,25.718958,62,252,8677.878906,25924.70898,2,2,73.443444,77.42057,3893.672842,149.358719,255,3118084825,397482015,255,0.130002,0.087791,0.042211,80,306,1,822,1,1,1,1,1,1,0,0,1,1,1,0,DoS,1
7.814212,tcp,http,FIN,12,10,1032,2792,2.687411,62,252,968.49176,2572.748291,2,2,710.382909,855.062875,60203.19602,1752.796375,255,2892455758,116037041,255,0.234597,0.117955,0.116642,86,279,0,0,1,1,2,1,1,1,0,0,0,2,1,0,DoS,1
9e-06,xns-idp,-,INT,2,0,200,0,111111.1072,254,0,88888888.0,0.0,0,0,0.009,0.0,0.0,0.0,0,0,0,0,0.0,0.0,0.0,100,0,0,0,6,2,2,2,2,7,0,0,0,2,6,0,DoS,1
7e-06,trunk-2,-,INT,2,0,200,0,142857.1409,254,0,114285712.0,0.0,0,0,0.007,0.0,0.0,0.0,0,0,0,0,0.0,0.0,0.0,100,0,0,0,6,2,2,2,2,7,0,0,0,2,6,0,DoS,1
0.618125,tcp,http,FIN,10,8,776,908,27.502527,62,252,9046.713867,10289.18066,2,2,68.619778,81.062,3693.546799,114.644352,255,3133604740,4026606474,255,0.076859,0.050684,0.026175,78,114,1,55,1,1,1,1,1,1,0,0,1,1,1,0,DoS,1
1e-06,udp,-,INT,2,0,708,0,1000000.003,254,0,2832000000.0,0.0,0,0,0.001,0.0,0.0,0.0,0,0,0,0,0.0,0.0,0.0,354,0,0,0,3,2,1,1,1,2,0,0,0,1,2,0,DoS,1
2.917582,tcp,smtp,FIN,22,22,2733,1792,14.738232,254,252,7153.869141,4691.556152,8,8,138.932481,128.221,6715.362033,170.664016,255,3641638842,244293569,255,0.311334,0.193021,0.118313,124,81,0,0,1,1,1,1,1,5,0,0,0,1,1,0,DoS,1
3e-06,irtp,-,INT,2,0,200,0,333333.3215,254,0,266666656.0,0.0,0,0,0.003,0.0,0.0,0.0,0,0,0,0,0.0,0.0,0.0,100,0,0,0,6,2,3,3,3,6,0,0,0,3,6,0,DoS,1
1.045944,tcp,http,FIN,10,6,912,268,14.341112,254,252,6279.495117,1713.284912,2,1,116.070111,185.628406,6354.319731,322.274437,255,2107550355,2159185244,255,0.222913,0.117798,0.105115,91,45,1,0,1,1,1,1,1,1,0,0,1,1,1,0,DoS,1
5e-06,ipv6-opts,-,INT,2,0,200,0,200000.0051,254,0,160000000.0,0.0,0,0,0.005,0.0,0.0,0.0,0,0,0,0,0.0,0.0,0.0,100,0,0,0,9,2,5,3,3,13,0,0,0,5,9,0,DoS,1
0.391989,tcp,http,FIN,10,8,816,1246,43.368565,254,252,15000.4209,22265.93164,2,2,43.554333,48.859715,2184.541323,69.675516,255,4050032678,2209793671,255,0.126317,0.049191,0.077126,82,156,1,206,1,1,1,1,1,1,0,0,1,1,1,0,DoS,1
3e-06,visa,-,INT,2,0,200,0,333333.3215,254,0,266666656.0,0.0,0,0,0.003,0.0,0.0,0.0,0,0,0,0,0.0,0.0,0.0,100,0,0,0,12,2,4,3,3,16,0,0,0,5,12,0,DoS,1
9e-06,cpnx,-,INT,2,0,200,0,111111.1072,254,0,88888888.0,0.0,0,0,0.009,0.0,0.0,0.0,0,0,0,0,0.0,0.0,0.0,100,0,0,0,12,2,3,2,2,16,0,0,0,3,12,0,DoS,1
0.909852,tcp,http,FIN,10,8,840,354,18.684357,254,252,6647.234863,2725.718018,2,1,96.839,113.14257,5376.560766,208.267078,255,3384548697,3754286915,255,0.204602,0.117845,0.086757,84,44,0,0,3,1,1,3,1,1,0,0,0,6,1,0,DoS,1
3.686804,tcp,-,FIN,24,24,3420,3152,12.748169,254,252,7112.935547,6555.270996,9,9,160.259178,157.342516,8356.476584,179.209531,255,2607331557,764857113,255,0.131936,0.067925,0.064011,143,131,0,0,4,1,2,2,1,4,0,0,0,2,4,0,DoS,1
0.439651,tcp,http,FIN,10,8,790,1532,38.667033,62,252,12937.53418,24401.17188,2,2,48.850111,51.369,2553.695424,77.46725,255,692544492,94345479,255,0.113451,0.065865,0.047586,79,192,1,365,2,1,1,1,1,1,0,0,1,3,1,0,DoS,1
0.329857,tcp,http,FIN,10,8,792,2912,51.537486,62,252,17292.3418,61796.47656,2,2,36.650778,42.929855,1749.054711,56.884563,255,2558310616,532800952,255,0.073348,0.028726,0.044622,79,364,1,1055,1,1,1,1,1,1,0,0,1,2,1,0,DoS,1
41.780067,tcp,http,FIN,704,4550,30962,6183655,125.729811,62,252,5920.334961,1183779.0,3,2273,59.431045,9.187027,2860.101004,1099.568677,255,2818096801,2434042106,255,0.097849,0.038488,0.059361,44,1359,1,249,1,1,1,1,1,1,0,0,1,4,1,0,DoS,1
4e-06,ptp,-,INT,2,0,200,0,250000.0006,254,0,200000000.0,0.0,0,0,0.004,0.0,0.0,0.0,0,0,0,0,0.0,0.0,0.0,100,0,0,0,8,2,6,5,5,10,0,0,0,6,8,0,DoS,1
0.802878,tcp,pop3,FIN,20,22,950,4604,51.066288,62,252,8997.630859,43792.45703,7,9,42.256735,37.875716,1993.357053,1873.229169,255,792315616,885148504,255,0.050436,0.006294,0.044142,48,209,0,0,1,1,1,1,1,1,0,0,0,1,1,0,DoS,1
0.482976,tcp,ftp-data,FIN,8,6,364,268,26.916452,254,252,5283.906738,3710.329346,1,1,68.793998,87.104203,4159.537924,146.487906,255,823548205,1515774823,255,0.093519,0.047446,0.046073,46,45,0,0,2,1,3,1,1,3,0,0,0,4,2,0,DoS,1
0.224237,tcp,http,FIN,10,8,862,1028,75.812646,254,252,27684.99414,32108.88477,2,2,24.915222,30.579715,1342.397306,55.466203,255,1231567318,1176636655,255,0.05571,0.00618,0.04953,86,129,1,90,1,1,1,1,1,1,0,0,1,1,1,0,DoS,1
59.918247,tcp,-,CON,930,394,418500,16942,22.080085,254,252,55816.05078,2256.27417,464,0,64.553357,151.711062,3298.959063,162.445734,255,2741704801,4185545031,255,0.134298,0.083012,0.051286,450,43,0,0,3,0,2,1,1,1,0,0,0,1,4,0,DoS,1
8e-06,ospf,-,INT,2,0,200,0,125000.0003,254,0,100000000.0,0.0,0,0,0.008,0.0,0.0,0.0,0,0,0,0,0.0,0.0,0.0,100,0,0,0,9,2,3,2,2,11,0,0,0,3,9,0,DoS,1
0.171026,tcp,http,FIN,10,6,2340,268,87.70596,254,252,98511.33594,10477.93848,2,1,19.002889,23.6386,996.743869,40.35273,255,1443678475,1741093733,255,0.062217,0.052106,0.010111,234,45,1,0,3,1,1,1,1,1,0,0,1,1,1,0,DoS,1
9e-06,ax.25,-,INT,2,0,200,0,111111.1072,254,0,88888888.0,0.0,0,0,0.009,0.0,0.0,0.0,0,0,0,0,0.0,0.0,0.0,100,0,0,0,9,2,4,3,3,11,0,0,0,3,9,0,DoS,1
1.09447,tcp,http,FIN,10,8,830,1462,15.532632,62,252,5460.176758,9356.126953,2,2,121.607778,146.040422,7102.536939,260.151328,255,2701398073,4210382562,255,0.142012,0.071362,0.07065,83,183,0,0,2,1,1,1,1,2,0,0,0,4,2,0,DoS,1
0.850013,tcp,pop3,FIN,26,132,1124,163994,184.703054,62,252,10173.96191,1531760.125,1,59,34.982348,7.102651,46.207355,805.412369,255,2300318117,2146756252,255,0.051143,0.006777,0.044366,43,1242,0,0,1,1,1,1,1,1,0,0,0,1,1,0,DoS,1
1e-05,micp,-,INT,2,0,200,0,100000.0025,254,0,80000000.0,0.0,0,0,0.01,0.0,0.0,0.0,0,0,0,0,0.0,0.0,0.0,100,0,0,0,9,2,5,4,4,11,0,0,0,5,9,0,DoS,1
59.990211,tcp,-,CON,742,372,333900,15996,18.553027,254,252,44467.25391,2127.413818,370,0,81.068381,162.169469,4060.80653,173.715266,255,2742057811,4185545031,255,0.134298,0.083012,0.051286,450,43,0,0,6,0,2,1,1,1,0,0,0,3,2,0,DoS,1
9e-06,encap,-,INT,2,0,200,0,111111.1072,254,0,88888888.0,0.0,0,0,0.009,0.0,0.0,0.0,0,0,0,0,0.0,0.0,0.0,100,0,0,0,6,2,5,4,4,8,0,0,0,5,6,0,DoS,1
1.510686,tcp,http,FIN,70,16,82228,1532,56.265827,254,252,429230.1563,7609.787598,32,2,21.878884,91.297867,2173.580662,117.158648,255,1097670727,4277677800,255,0.220368,0.141217,0.079151,1175,96,0,0,1,1,4,1,1,3,0,0,0,2,1,0,DoS,1
2.391987,tcp,-,FIN,20,20,1106,3262,16.304436,62,252,3515.069092,10364.60449,6,7,125.894058,121.848313,6967.882324,177.138344,255,1909353214,2512642611,255,0.133508,0.076197,0.057311,55,163,0,0,5,1,2,1,1,5,0,0,0,2,5,0,DoS,1
1.014609,tcp,http,FIN,26,116,1640,145723,138.969793,62,252,12434.34668,1139095.0,2,56,40.584359,8.468131,2000.363745,940.464754,255,3767323424,2363261334,255,0.073602,0.040102,0.0335,63,1256,0,0,1,1,1,1,1,1,0,0,0,4,1,0,DoS,1
6e-06,pim,-,INT,2,0,200,0,166666.6608,254,0,133333328.0,0.0,0,0,0.006,0.0,0.0,0.0,0,0,0,0,0.0,0.0,0.0,100,0,0,0,6,2,3,2,2,8,0,0,0,5,6,0,DoS,1
1.160927,tcp,http,FIN,10,8,792,1642,14.64347,254,252,4913.314941,9902.430664,2,2,128.991889,155.510141,6965.707797,283.305406,255,3496976983,2047104603,255,0.173591,0.071648,0.101943,79,205,0,0,1,1,1,1,1,1,0,0,0,1,1,0,DoS,1
0.961931,tcp,http,FIN,10,12,834,4050,21.831088,62,252,6245.770508,30879.55469,2,3,106.881222,82.47273,6992.63977,5465.016479,255,2646090806,3747129059,255,0.090986,0.054076,0.03691,83,338,0,0,1,1,2,1,1,1,0,0,0,2,1,0,DoS,1
2e-06,udp,dns,INT,2,0,132,0,500000.0013,62,0,264000000.0,0.0,0,0,0.002,0.0,0.0,0.0,0,0,0,0,0.0,0.0,0.0,66,0,0,0,1,2,1,1,1,1,0,0,0,2,1,0,DoS,1
3.428467,tcp,-,FIN,62,398,2666,517197,133.879076,62,252,6120.519531,1203798.625,0,192,58.528402,9.231154,66.346898,1090.679433,255,1418089976,388506860,255,0.170558,0.09599,0.074568,43,1299,0,0,6,1,1,1,1,1,0,0,0,1,3,0,DoS,1
0.467985,tcp,http,FIN,10,10,752,1616,40.599592,62,252,11573.02051,24872.5918,2,2,51.998333,49.777891,3556.930937,111.358398,255,529135493,921462024,255,0.061766,0.011914,0.049852,75,162,1,364,1,1,1,1,1,1,0,0,1,1,1,0,DoS,1
7e-06,compaq-peer,-,INT,2,0,200,0,142857.1409,254,0,114285712.0,0.0,0,0,0.007,0.0,0.0,0.0,0,0,0,0,0.0,0.0,0.0,100,0,0,0,9,2,2,1,1,13,0,0,0,2,9,0,DoS,1
1.29101,tcp,-,FIN,32,120,1612,137258,116.962686,62,252,9679.243164,843463.625,6,58,41.645484,10.574559,1988.658651,1022.052419,255,339049961,1451732117,255,0.074396,0.01635,0.058046,50,1144,0,0,1,1,1,1,1,1,0,0,0,1,1,0,DoS,1
0.715602,tcp,http,FIN,10,8,790,1188,23.756223,62,252,7948.552734,11626.5752,2,2,79.511333,89.637,4397.799438,145.890578,255,2534441178,3270215989,255,0.156723,0.087446,0.069277,79,149,0,0,1,1,2,1,1,1,0,0,0,4,1,0,DoS,1
1.435725,tcp,http,FIN,12,12,876,4960,16.019781,62,252,4474.394531,25336.32813,2,3,130.442176,127.132185,10808.07179,7657.726537,255,2696966898,2016544067,255,0.131444,0.037258,0.094186,73,413,1,1993,1,1,1,1,1,1,0,0,1,1,1,0,DoS,1
0.800039,tcp,-,FIN,10,8,504,354,21.248964,254,252,4539.778809,3099.848877,2,1,88.893222,89.945289,5358.557149,144.450797,255,3914976902,3754828815,255,0.203132,0.134182,0.06895,50,44,0,0,2,1,2,1,1,2,0,0,0,2,7,0,DoS,1
5e-06,unas,-,INT,2,0,200,0,200000.0051,254,0,160000000.0,0.0,0,0,0.005,0.0,0.0,0.0,0,0,0,0,0.0,0.0,0.0,100,0,0,0,7,2,5,4,4,10,0,0,0,6,7,0,DoS,1
1.2e-05,udp,dhcp,INT,2,0,656,0,83333.33039,254,0,218666656.0,0.0,0,0,0.012,0.0,0.0,0.0,0,0,0,0,0.0,0.0,0.0,328,0,0,0,1,2,1,1,1,1,0,0,0,1,1,0,DoS,1
0.583845,tcp,-,FIN,10,6,1610,268,25.69175,62,252,19854.58398,3069.307617,2,1,64.871667,100.529203,3147.697095,159.426984,255,304501962,2454240643,255,0.15971,0.080413,0.079297,161,45,0,0,4,1,1,1,1,1,0,0,0,1,2,0,DoS,1
0.451323,tcp,http,FIN,10,8,844,1372,37.667036,62,252,13471.50488,21288.52344,2,2,50.147,29.022428,3236.027028,50.63034,255,2908776485,1519934542,255,0.287457,0.241351,0.046106,84,172,0,0,3,1,1,1,1,2,0,0,0,1,2,0,DoS,1
0.836743,tcp,http,FIN,10,8,842,1326,20.316872,62,252,7247.147461,11100.18262,2,2,92.807111,98.704,4643.85891,152.524859,255,186924985,3645431917,255,0.236313,0.145814,0.090499,84,166,0,0,1,1,1,1,1,1,0,0,0,1,1,0,DoS,1
4e-06,unas,-,INT,2,0,200,0,250000.0006,254,0,200000000.0,0.0,0,0,0.004,0.0,0.0,0.0,0,0,0,0,0.0,0.0,0.0,100,0,0,0,8,2,4,2,2,13,0,0,0,5,8,0,DoS,1
0.174935,tcp,-,FIN,16,6,9822,268,120.044589,254,252,421139.2813,10243.80469,5,1,10.645934,33.327,808.300633,56.216566,255,106749764,2505392244,255,0.052287,0.00829,0.043997,614,45,0,0,1,1,1,1,1,1,0,0,0,1,3,0,DoS,1
4.316658,tcp,pop3,FIN,38,122,1722,137030,36.834051,62,252,3107.959961,251874.4844,7,59,116.652486,34.835008,5938.485555,3238.655198,255,1411945966,888932432,255,0.18095,0.101621,0.079329,45,1123,0,0,1,1,1,1,1,1,0,0,0,2,1,0,DoS,1
0.477999,tcp,-,FIN,10,6,2028,268,31.380819,254,252,30560.73242,3748.961914,2,1,47.027889,79.157398,2307.097495,104.309992,255,863894114,534438274,255,0.140145,0.082203,0.057942,203,45,0,0,1,1,1,1,1,1,0,0,0,1,1,0,DoS,1
0.773368,tcp,http,FIN,10,8,800,2836,21.981773,62,252,7447.941895,25674.71094,2,2,85.929778,100.277859,5039.588843,213.780453,255,3372023576,1289260304,255,0.162533,0.070768,0.091765,80,355,1,1011,1,1,1,1,1,1,0,0,1,1,1,0,DoS,1
59.806664,tcp,-,CON,790,388,353892,16694,19.680081,254,252,47278.34375,2227.310303,394,1,75.800481,154.724484,3749.841858,162.3275,255,2741020510,4185545031,255,0.134298,0.083012,0.051286,448,43,0,0,3,0,1,1,1,2,0,0,0,1,2,0,DoS,1
0.659032,tcp,http,FIN,10,6,982,268,22.760655,254,252,10730.89063,2719.139648,2,1,69.647,118.085797,3904.673144,188.299859,255,952189065,1157519495,255,0.144915,0.068596,0.076319,98,45,1,0,1,1,1,1,1,1,0,0,1,1,1,0,DoS,1
59.821587,tcp,-,CON,516,328,232200,14104,14.091903,254,252,30992.15625,1880.391479,257,0,116.337548,182.648906,6171.580969,205.970125,255,2741181641,4185545031,255,0.134298,0.083012,0.051286,450,43,0,0,3,0,1,1,1,1,0,0,0,3,2,0,DoS,1
1e-05,unas,-,INT,2,0,200,0,100000.0025,254,0,80000000.0,0.0,0,0,0.01,0.0,0.0,0.0,0,0,0,0,0.0,0.0,0.0,100,0,0,0,8,2,3,2,2,13,0,0,0,4,8,0,DoS,1
0.950542,tcp,http,FIN,10,8,980,1746,17.884534,254,252,7423.133301,12860.03223,2,2,105.615778,120.407711,5437.214104,240.435375,255,2649132592,2813469084,255,0.294633,0.106952,0.187681,98,218,0,0,1,1,1,1,1,1,0,0,0,1,1,0,DoS,1
1e-06,udp,dns,INT,2,0,268,0,1000000.003,254,0,1072000000.0,0.0,0,0,0.001,0.0,0.0,0.0,0,0,0,0,0.0,0.0,0.0,134,0,0,0,1,2,1,1,1,1,0,0,0,2,1,0,DoS,1
4e-06,udp,-,INT,2,0,82,0,250000.0006,254,0,82000000.0,0.0,0,0,0.004,0.0,0.0,0.0,0,0,0,0,0.0,0.0,0.0,41,0,0,0,1,2,23,1,1,1,0,0,0,1,1,0,DoS,1
0.193331,tcp,-,FIN,10,6,2044,268,77.587142,254,252,76138.85156,9269.077148,2,1,19.840444,37.061398,1053.087991,62.685641,255,3453205203,423045487,255,0.05503,0.008019,0.047011,204,45,1,0,2,1,1,1,1,1,0,0,1,1,1,0,DoS,1
5.787874,tcp,ftp,FIN,30,28,1467,21678,9.848175,62,252,1961.341919,28893.50977,11,12,199.581862,210.648859,13301.98445,426.298906,255,14277031,4110155672,255,0.189379,0.099663,0.089716,49,774,0,0,1,1,1,1,1,1,1,1,0,2,1,0,DoS,1
0.195837,tcp,http,FIN,10,10,848,3546,97.019457,62,252,31209.62695,130394.1484,2,3,21.759667,20.199667,1126.524795,1730.789544,255,110228495,327650146,255,0.054745,0.00852,0.046225,85,355,1,1305,1,1,1,1,1,1,0,0,1,1,1,0,DoS,1
0.830916,tcp,smtp,FIN,26,20,9093,1946,54.1571,62,252,84186.60938,17802.04102,10,8,33.23664,43.063844,1836.025449,51.884102,255,964532664,3794739058,255,0.05669,0.008306,0.048384,350,97,0,0,1,1,1,1,1,1,0,0,0,1,1,0,DoS,1
0.253528,tcp,-,FIN,10,8,1076,522,67.053738,62,252,30576.50391,14420.49805,2,2,28.169778,32.986285,1544.432876,56.78118,255,3874168377,1964452427,255,0.05781,0.010566,0.047244,108,65,0,0,1,1,1,1,1,1,0,0,0,1,1,0,DoS,1
0.370102,tcp,http,FIN,12,10,1322,3236,56.741116,62,252,26198.18359,62966.42578,3,3,33.645637,40.330332,1663.817467,53.254391,255,368211671,3052695378,255,0.049933,0.006116,0.043817,110,324,1,113,2,1,1,1,1,1,0,0,1,1,1,0,DoS,1
0.231511,tcp,http,FIN,10,8,830,1004,73.430637,62,252,25813.0293,30374.36719,2,2,25.723444,30.146285,1386.015306,54.757742,255,2613176914,967105516,255,0.066368,0.016402,0.049966,83,126,1,93,2,1,2,1,1,2,0,0,1,2,1,0,DoS,1
2e-05,udp,-,INT,2,0,2256,0,50000.00126,254,0,451200000.0,0.0,0,0,0.02,0.0,0.0,0.0,0,0,0,0,0.0,0.0,0.0,1128,0,0,0,1,2,1,1,1,1,0,0,0,1,1,0,DoS,1
0.323631,tcp,http,FIN,10,8,792,1378,52.528962,62,252,17625.01172,29811.73047,2,2,35.959,39.895145,1826.841906,66.654648,255,2336619507,1602486414,255,0.073651,0.018146,0.055505,79,172,1,284,1,1,1,1,1,1,0,0,1,1,1,0,DoS,1
5.052801,ospf,-,INT,42,0,2688,0,8.114311,254,0,4154.527344,0.0,0,0,123.239047,0.0,140.325453,0.0,0,0,0,0,0.0,0.0,0.0,64,0,0,0,1,2,1,1,1,1,0,0,0,1,1,0,DoS,1
0.245785,tcp,http,FIN,10,8,798,2160,69.166142,62,252,23402.56836,61517.17969,2,2,27.309444,26.968285,1658.49132,44.412578,255,225688379,3024428531,255,0.103139,0.05288,0.050259,80,270,1,678,2,1,1,1,1,1,0,0,1,2,1,0,DoS,1
1e-05,udp,-,INT,2,0,78,0,100000.0025,254,0,31200000.0,0.0,0,0,0.01,0.0,0.0,0.0,0,0,0,0,0.0,0.0,0.0,39,0,0,0,2,2,2,2,2,2,0,0,0,2,2,0,DoS,1
0.280063,tcp,http,FIN,10,8,826,1356,60.700627,62,252,21252.36133,33906.65625,2,2,31.118111,37.941285,1570.305878,53.115145,255,2756759127,1702933173,255,0.059396,0.013806,0.04559,83,170,1,264,1,1,1,1,1,1,0,0,1,1,1,0,DoS,1
0.304757,tcp,ftp-data,FIN,8,18,364,16744,82.03257,254,252,8373.884766,415124.1875,1,7,43.536713,17.266589,2988.124098,1882.687887,255,2795323959,3101055644,255,0.036733,0.010584,0.026149,46,930,0,0,2,1,3,1,1,3,0,0,0,4,2,0,DoS,1
1.018619,tcp,-,FIN,12,8,3404,2246,18.652706,254,252,24511.61914,15440.51367,3,2,86.536362,133.663281,4925.62695,218.311422,255,817097223,588365037,255,0.129963,0.08297,0.046993,284,281,0,0,3,1,1,1,1,1,0,0,0,2,1,0,DoS,1
0.503726,tcp,http,FIN,10,10,796,1664,37.718918,62,252,11387.14258,23790.71094,2,2,55.969556,52.298109,3574.704497,108.85625,255,807491770,414035324,255,0.103542,0.032378,0.071164,80,166,1,366,2,1,1,1,1,1,0,0,1,1,1,0,DoS,1
0.2802,tcp,http,FIN,10,8,976,1838,60.670948,254,252,25096.35938,45938.61328,2,2,31.133333,38.842285,1523.450776,58.525602,255,1775326903,1242283586,255,0.053554,0.007218,0.046336,98,230,1,495,1,1,1,1,1,1,0,0,1,1,1,0,DoS,1
2.151601,tcp,smtp,FIN,34,22,19659,1822,25.562359,254,252,70946.23438,6469.600586,14,8,65.200033,98.209523,3909.979406,113.611836,255,3122508402,2798175723,255,0.162314,0.088492,0.073822,578,83,0,0,1,1,2,1,1,1,0,0,0,2,1,0,DoS,1
0.235621,tcp,http,FIN,10,6,942,268,63.661557,254,252,28792.0,7605.434082,2,1,23.032333,41.624602,1163.363501,57.427566,255,3230038054,4044695914,255,0.07508,0.02749,0.04759,94,45,1,0,1,1,1,1,1,1,0,0,1,1,1,0,DoS,1
1.369353,tcp,smtp,FIN,22,20,3567,1806,29.941146,254,252,19892.60547,10025.17188,8,8,65.149712,68.183523,3163.420616,77.04725,255,672553320,833927264,255,0.098886,0.073862,0.025024,162,90,0,0,1,1,1,1,1,1,0,0,0,2,1,0,DoS,1
0.72314,tcp,-,FIN,12,8,3932,354,26.274304,254,252,39881.62891,3429.488037,3,1,65.153912,97.95343,4503.62179,218.977188,255,1035453114,1760186730,255,0.058407,0.037453,0.020954,328,44,0,0,1,1,1,1,1,1,0,0,0,1,1,0,DoS,1
1.351734,tcp,-,FIN,16,12,2076,1810,19.974343,254,252,11522.97656,9824.417969,5,4,88.078264,114.45982,4554.857833,137.072141,255,3113246245,1284319451,255,0.131858,0.092671,0.039187,130,151,0,0,1,1,1,1,1,1,0,0,0,2,1,0,DoS,1
0.502752,tcp,http,FIN,12,8,1298,1018,37.791992,62,252,18935.77734,14177.96387,3,2,44.469547,59.453855,2322.636897,73.073047,255,3229719081,442430345,255,0.135926,0.086566,0.04936,108,127,1,109,1,1,1,1,1,1,0,0,1,1,1,0,DoS,1
0.48131,tcp,http,FIN,12,10,1312,4084,43.630923,62,252,19995.42969,61099.91406,3,3,43.755454,46.056223,2279.536762,64.068863,255,4203390970,204428972,255,0.113536,0.058796,0.05474,109,408,1,307,1,1,1,1,1,1,0,0,1,1,1,0,DoS,1
0.082033,udp,dns,CON,2,2,128,1042,36.570648,254,60,6241.390625,50808.82031,0,0,0.009,0.008,0.0,0.0,0,0,0,0,0.0,0.0,0.0,64,521,0,0,1,0,1,1,1,1,0,0,0,2,1,0,DoS,1
59.866955,tcp,-,CON,912,6088,39216,8144083,116.909237,62,252,5234.674316,1088112.25,0,3039,65.790469,9.866012,74.819797,1204.33752,255,1418089976,384556915,255,0.170558,0.09599,0.074568,43,1338,0,0,5,3,2,1,1,1,0,0,0,1,3,0,DoS,1
1.086972,tcp,http,FIN,10,8,484,354,15.639777,254,252,3208.914307,2281.567627,2,1,107.739778,144.459,7766.460266,180.842391,255,2321619615,3246710869,255,0.134024,0.075751,0.058273,48,44,0,0,1,1,1,1,1,3,0,0,0,1,1,0,DoS,1
0.255826,tcp,http,FIN,12,20,904,19142,121.176114,62,252,25923.87109,568667.75,2,8,23.256908,12.263526,1231.613184,1233.993288,255,323267789,2329904314,255,0.069773,0.022146,0.047627,75,957,1,8914,1,1,1,1,1,1,0,0,1,1,1,0,DoS,1
0.882379,tcp,http,FIN,10,12,820,8112,23.799297,62,252,6691.002441,67417.74219,2,4,98.025556,71.943725,4997.640183,0.0,255,647592290,2208360020,255,0.171812,0.090997,0.080815,82,676,0,0,1,1,1,1,1,2,0,0,0,1,1,0,DoS,1
1.140084,tcp,smtp,FIN,18,18,2432,1418,30.699492,254,252,16118.11035,9402.81543,6,7,67.063765,62.352707,3253.487994,74.793977,255,3593123395,3353343215,255,0.068533,0.03191,0.036623,135,79,0,0,1,1,1,1,1,1,0,0,0,2,1,0,DoS,1
0.907016,tcp,-,FIN,16,8,10876,354,25.357877,254,252,89938.875,2734.240723,5,1,54.958335,109.11543,4105.034699,164.801484,255,1978332345,1002118604,255,0.211591,0.1432,0.068391,680,44,0,0,4,1,1,1,1,1,0,0,0,1,1,0,DoS,1
0.211561,tcp,http,FIN,10,10,776,3588,89.808616,62,252,26432.09375,122139.7188,2,3,23.506778,22.295111,1223.44461,1824.007414,255,747434416,1454011397,255,0.052038,0.006648,0.04539,78,359,0,0,1,1,1,1,1,1,0,0,0,1,1,0,DoS,1
0.202058,tcp,http,FIN,10,14,822,9516,113.828701,62,252,29298.51758,349879.7188,2,5,22.450889,13.385999,1177.634582,1320.213783,255,2605122843,4288745808,255,0.068368,0.022523,0.045845,82,680,0,0,3,1,2,2,1,2,0,0,0,2,2,0,DoS,1
0.185716,tcp,http,FIN,10,6,812,268,80.768484,254,252,31488.93945,9649.141602,2,1,19.026111,35.654199,1017.226371,60.924043,255,323271830,138633837,255,0.053052,0.007436,0.045616,81,45,0,0,2,1,1,1,1,2,0,0,0,1,2,0,DoS,1
2.099134,tcp,-,FIN,18,18,1018,3230,16.673543,62,252,3666.273926,11627.65234,6,7,123.420529,117.923766,6223.839583,151.724109,255,169572176,392441115,255,0.190165,0.094422,0.095743,57,179,0,0,1,1,1,1,1,1,0,0,0,2,1,0,DoS,1
0.486627,tcp,http,FIN,10,12,796,8448,43.154201,62,252,11787.26172,127309.0,2,4,53.957222,38.676454,2846.961546,2745.010883,255,430627027,2979966446,255,0.105683,0.061181,0.044502,80,704,0,0,1,1,2,1,1,1,0,0,0,1,1,0,DoS,1
0.162414,tcp,http,FIN,18,6,13504,268,141.613408,254,252,628221.6875,11033.53125,6,1,8.513471,30.820801,648.118825,49.525496,255,1857164969,905430161,255,0.05634,0.0083,0.04804,750,45,1,0,1,1,1,1,1,1,0,0,1,1,2,0,DoS,1
0.250859,tcp,http,FIN,10,8,758,1252,67.767154,62,252,21781.16016,34951.90625,2,2,27.873222,32.348428,1485.255863,54.020285,255,3302316487,3066106436,255,0.05181,0.017661,0.034149,76,157,1,222,1,1,1,1,1,1,0,0,1,1,1,0,DoS,1
1.049154,tcp,smtp,FIN,56,26,52674,2068,77.205059,62,252,394481.625,15166.50488,25,8,19.075528,40.825238,1510.309963,56.638039,255,804023148,2422253493,255,0.053523,0.007361,0.046162,941,80,0,0,2,1,1,1,1,1,0,0,0,1,1,0,DoS,1
0.328361,tcp,-,FIN,12,8,716,468,57.863144,254,252,16006.77246,9989.005859,3,2,28.176455,44.35,1549.097212,62.050801,255,2743477304,1653317311,255,0.064384,0.017908,0.046476,60,59,0,0,1,1,1,1,1,1,0,0,0,1,1,0,DoS,1
1.297513,tcp,http,FIN,10,8,2782,354,13.101988,254,252,15438.7666,1911.348877,2,1,141.820222,177.361859,8849.686237,269.078844,255,664859364,3731316774,255,0.119834,0.055971,0.063863,278,44,0,0,2,1,1,1,1,1,0,0,0,1,1,0,DoS,1
5e-06,udp,dns,INT,2,0,136,0,200000.0051,254,0,108800000.0,0.0,0,0,0.005,0.0,0.0,0.0,0,0,0,0,0.0,0.0,0.0,68,0,0,0,1,2,2,1,1,3,0,0,0,2,1,0,DoS,1
0.540962,tcp,-,FIN,10,8,451,354,31.425499,254,252,6004.118652,4584.425781,2,1,54.710444,73.657289,3764.823732,125.306633,255,2150832236,3979595718,255,0.085628,0.025352,0.060276,45,44,0,0,1,1,1,1,1,1,0,0,0,1,1,0,DoS,1
0.243388,tcp,http,FIN,10,8,844,1040,69.847323,62,252,24980.68945,29911.08789,2,2,27.043111,29.228428,1412.669072,48.584012,255,2484876061,943204700,255,0.033702,0.016261,0.017441,84,130,1,98,1,1,1,1,1,1,0,0,1,1,1,0,DoS,1
0.125774,udp,-,CON,4,4,1938,2304,55.655384,254,60,92483.34375,109911.4297,0,0,41.924668,12.268333,59.277703,17.338023,0,0,0,0,0.0,0.0,0.0,485,576,0,0,1,0,1,1,1,1,0,0,0,1,1,0,DoS,1
0.256096,tcp,http,FIN,42,10,47310,440,199.144067,254,252,1442709.0,12370.36133,18,1,5.888805,27.388334,590.860723,46.567055,255,389529423,3351186905,255,0.057206,0.009595,0.047611,1126,44,1,0,1,1,1,1,1,2,0,0,1,1,1,0,DoS,1
1e-05,udp,-,INT,2,0,144,0,100000.0025,62,0,57600000.0,0.0,0,0,0.01,0.0,0.0,0.0,0,0,0,0,0.0,0.0,0.0,72,0,0,0,2,2,1,1,1,1,0,0,0,1,1,0,DoS,1
0.407645,tcp,-,FIN,10,6,2076,268,36.796724,254,252,36678.97266,4395.981934,2,1,41.796556,67.225,2203.028683,102.511617,255,1426108389,1581002686,255,0.123508,0.071517,0.051991,208,45,0,0,1,1,1,1,1,1,0,0,0,1,1,0,DoS,1
0.550358,tcp,-,FIN,14,8,5076,468,38.156982,254,252,68522.67188,5959.757324,4,2,40.045845,71.18,2263.319163,87.661695,255,1733396544,1058606984,255,0.108958,0.052089,0.056869,363,59,0,0,1,1,1,1,1,1,0,0,0,1,2,0,DoS,1
0.351051,tcp,http,FIN,10,8,942,1556,48.426012,254,252,19324.82813,31038.22461,2,2,39.005667,37.693145,1934.129596,59.142855,255,472231985,3992803703,255,0.093433,0.046375,0.047058,94,195,1,372,1,1,1,1,1,1,0,0,1,2,1,0,DoS,1
6e-06,udp,-,INT,2,0,696,0,166666.6608,254,0,463999968.0,0.0,0,0,0.006,0.0,0.0,0.0,0,0,0,0,0.0,0.0,0.0,348,0,0,0,6,2,1,2,1,1,0,0,0,3,1,0,DoS,1
0.964187,tcp,http,FIN,10,8,848,1240,17.631434,62,252,6339.019043,9002.402344,2,2,107.131889,124.580859,6115.892068,255.523391,255,3158648144,1592628864,255,0.115049,0.060312,0.054737,85,155,0,0,2,1,3,1,1,1,0,0,0,2,1,0,DoS,1
1.897633,tcp,pop3,FIN,52,226,2314,272054,145.971327,62,252,9569.817383,1141847.75,7,111,37.208491,8.421717,2038.275732,1030.20078,255,1442395855,1314453884,255,0.028352,0.014285,0.014067,45,1204,0,0,2,1,1,1,1,2,0,0,0,1,2,0,DoS,1
2.014369,tcp,smtp,FIN,218,48,262887,3064,131.554844,62,252,1039261.438,11918.37207,106,8,9.325783,41.658723,924.108434,47.358242,255,1078974504,259921348,255,0.082195,0.026971,0.055224,1206,64,0,0,1,1,1,1,1,1,0,0,0,1,1,0,DoS,1
0.156404,tcp,-,FIN,10,6,876,268,95.905473,254,252,40357.02344,11457.50684,2,1,17.378222,27.866801,1042.655217,52.763691,255,1798146262,2421164582,255,0.02162,0.009419,0.012201,88,45,0,0,1,1,1,1,1,2,0,0,0,1,1,0,DoS,1
0.186298,tcp,-,FIN,10,6,540,268,80.516163,254,252,20869.78906,9618.998047,2,1,18.785444,35.978602,1001.229205,60.007051,255,1930640961,2443570412,255,0.050751,0.006402,0.044349,54,45,0,0,1,1,1,1,1,1,0,0,0,1,1,0,DoS,1
0.684924,tcp,smtp,FIN,18,16,3664,1210,48.180528,254,252,40424.92188,13256.94531,6,6,39.467471,45.053734,1992.187941,52.850184,255,444696101,3275845455,255,0.062407,0.009114,0.053293,204,76,0,0,1,1,1,1,1,1,0,0,0,1,1,0,DoS,1
0.264671,tcp,http,FIN,10,8,826,1250,64.230687,62,252,22488.29688,33067.46875,2,2,29.407889,36.623285,1470.381201,54.351824,255,2956589838,4157713144,255,0.053094,0.007471,0.045623,83,156,1,209,1,1,1,1,1,1,0,0,1,1,1,0,DoS,1
1.365278,tcp,smtp,FIN,194,44,231903,2684,173.591019,254,252,1351859.5,15369.76367,94,8,7.110823,31.144674,754.827462,38.71152,255,49872999,1542407944,255,0.030737,0.017256,0.013481,1195,61,0,0,1,1,1,1,1,1,0,0,0,3,1,0,DoS,1
1e-05,ifmp,-,INT,2,0,200,0,100000.0025,254,0,80000000.0,0.0,0,0,0.01,0.0,0.0,0.0,0,0,0,0,0.0,0.0,0.0,100,0,0,0,6,2,5,4,4,8,0,0,0,5,6,0,DoS,1
0.486769,tcp,http,FIN,10,8,470,354,34.924164,254,252,6951.962891,5094.819336,2,1,54.085444,60.494285,3498.143824,121.900219,255,1432188961,2271381157,255,0.116835,0.047372,0.069463,47,44,1,0,2,1,1,1,1,1,0,0,1,1,1,0,DoS,1
0.564463,tcp,http,FIN,10,8,758,1132,30.117119,62,252,9679.996094,14045.20703,2,2,62.609333,71.056859,3392.058642,107.003641,255,967577716,279345915,255,0.138616,0.067049,0.071567,76,142,1,162,1,1,1,1,1,1,0,0,1,3,1,0,DoS,1
9e-06,pnni,-,INT,2,0,200,0,111111.1072,254,0,88888888.0,0.0,0,0,0.009,0.0,0.0,0.0,0,0,0,0,0.0,0.0,0.0,100,0,0,0,6,2,3,2,2,8,0,0,0,5,6,0,DoS,1
0.190878,tcp,http,FIN,10,6,518,268,78.584225,254,252,19572.71094,9388.195312,2,1,19.407778,36.313602,1024.54289,59.69643,255,3934325680,2069571023,255,0.059443,0.009305,0.050138,52,45,1,0,1,1,1,1,1,1,0,0,1,1,1,0,DoS,1
0.548066,tcp,-,FIN,10,6,3004,268,27.368966,254,252,39469.69922,3269.679199,2,1,60.867111,100.786203,3012.806004,168.428063,255,3360339025,2922162620,255,0.143926,0.044132,0.099794,300,45,0,0,4,1,1,1,1,1,0,0,0,20,1,0,DoS,1
0.243661,tcp,http,FIN,10,8,1160,1028,69.769064,62,252,34277.12891,29549.25,2,2,27.073444,32.106857,1394.52858,45.605371,255,1131665689,351823293,255,0.032969,0.018286,0.014683,116,129,1,109,1,1,1,1,1,1,0,0,1,1,1,0,DoS,1
0.282208,tcp,-,FIN,12,8,1204,2114,67.326229,254,252,31296.06641,52443.58984,3,2,24.467546,39.188715,1307.148717,57.185316,255,3812390580,3033006853,255,0.054007,0.007878,0.046129,100,264,0,0,1,1,1,1,1,1,0,0,0,1,1,0,DoS,1
9e-06,udp,-,INT,2,0,404,0,111111.1072,254,0,179555552.0,0.0,0,0,0.009,0.0,0.0,0.0,0,0,0,0,0.0,0.0,0.0,202,0,0,0,1,2,1,1,1,2,0,0,0,1,1,0,DoS,1
5e-06,srp,-,INT,2,0,200,0,200000.0051,254,0,160000000.0,0.0,0,0,0.005,0.0,0.0,0.0,0,0,0,0,0.0,0.0,0.0,100,0,0,0,8,2,5,3,3,10,0,0,0,5,8,0,DoS,1
0.436808,tcp,-,FIN,12,10,1500,530,48.076044,254,252,25182.68945,8736.103516,3,3,36.343454,41.791,1915.581354,49.327773,255,1923262272,3603805634,255,0.118263,0.060668,0.057595,125,53,0,0,1,1,3,1,1,1,0,0,0,1,10,0,DoS,1
0.327441,tcp,http,FIN,10,8,848,1252,51.917749,62,252,18665.95703,26777.3418,2,2,36.278,40.326,1748.69169,50.874207,255,1986054074,3283443044,255,0.06759,0.045154,0.022436,85,157,1,199,1,1,23,1,1,1,0,0,1,1,1,0,DoS,1
12.520954,tcp,http,FIN,216,1418,9288,1904838,130.421371,62,252,5906.897949,1216198.0,0,703,58.297496,8.93289,66.807336,1059.217199,255,3013804548,1209310706,255,0.10073,0.051184,0.049546,43,1343,1,5242880,1,1,21,1,1,36,0,0,2,21,1,0,DoS,1
1.019043,tcp,-,FIN,28,26,4192,3568,52.009583,254,252,31739.58398,26935.07617,11,11,37.742335,39.76568,1827.329234,47.68823,255,3981543319,1071755490,255,0.035503,0.015466,0.020037,150,137,0,0,1,1,1,1,1,1,0,0,0,1,1,0,DoS,1
0.236834,tcp,http,FIN,10,12,814,6660,88.669699,62,252,24759.95703,206220.3906,2,3,26.314889,20.779455,1251.572868,1616.880473,255,1699798444,2111748908,255,0.054871,0.007597,0.047274,81,555,1,2838,3,1,1,1,1,1,0,0,1,1,1,0,DoS,1
1.433023,tcp,-,FIN,28,24,3582,3178,35.589101,254,252,19287.89648,17004.61133,10,10,53.074928,61.818914,2669.517603,81.33693,255,2515126588,2215630421,255,0.056598,0.01049,0.046108,128,132,0,0,3,1,1,1,1,1,0,0,0,2,1,0,DoS,1
0.450387,tcp,-,FIN,10,6,516,268,33.304691,254,252,8259.563477,3978.800537,2,1,48.554333,87.273203,4123.431148,163.407125,255,3559839015,3736381335,255,0.026908,0.014013,0.012895,52,45,0,0,2,1,1,1,1,1,0,0,0,1,1,0,DoS,1
1.024249,tcp,-,FIN,26,24,3484,3148,47.839932,254,252,26165.51367,23564.58398,10,10,40.969959,43.228957,1998.928305,51.050746,255,3345185380,3087707191,255,0.05146,0.013671,0.037789,134,131,0,0,1,1,27,1,1,43,0,0,0,27,1,0,DoS,1
0.31563,tcp,-,FIN,10,6,636,268,47.524001,254,252,14523.33496,5677.53418,2,1,32.997444,41.966602,1783.29996,58.221516,255,4251365712,1780340713,255,0.128372,0.105789,0.022583,64,45,0,0,1,1,1,1,1,1,0,0,0,1,1,0,DoS,1
1.568462,tcp,smtp,FIN,22,20,2941,1710,26.140257,62,252,14322.31055,8288.374023,8,8,74.647283,80.501422,3697.20691,103.227281,255,3436570164,893561985,255,0.088643,0.038925,0.049718,134,86,0,0,1,1,1,1,1,1,0,0,0,1,1,0,DoS,1
0.015111,udp,-,CON,2,2,168,112,198.530868,254,60,44470.91406,29647.27539,0,0,0.008,0.009,0.0,0.0,0,0,0,0,0.0,0.0,0.0,84,56,0,0,2,0,1,1,1,2,0,0,0,1,3,0,DoS,1
0.904052,tcp,smtp,FIN,26,20,8773,1752,49.775897,254,252,74650.57031,14733.66504,10,8,36.16208,46.273211,1980.280059,55.318188,255,884181910,480606006,255,0.065782,0.0205,0.045282,337,88,0,0,1,1,1,1,1,1,0,0,0,1,2,0,DoS,1
0.575083,tcp,-,FIN,10,8,468,354,29.560949,254,252,5870.456543,4312.420898,2,1,60.515778,74.508711,4475.067144,120.074227,255,1381876797,961674153,255,0.113813,0.053513,0.0603,47,44,0,0,2,1,1,1,1,1,0,0,0,1,1,0,DoS,1
0.153241,tcp,http,FIN,12,6,4858,268,110.936373,254,252,232522.6406,11693.99902,3,1,12.828546,29.319801,831.50276,49.776457,255,335848804,2761195419,255,0.054729,0.006634,0.048095,405,45,1,0,1,1,1,1,1,1,0,0,1,1,1,0,DoS,1
3e-06,udp,-,INT,2,0,600,0,333333.3215,254,0,800000000.0,0.0,0,0,0.003,0.0,0.0,0.0,0,0,0,0,0.0,0.0,0.0,300,0,0,0,1,2,1,1,1,1,0,0,0,1,1,0,DoS,1
0.282079,tcp,http,FIN,10,8,774,958,60.266802,62,252,19767.51172,23794.75195,2,2,31.342111,36.56957,1527.323522,53.406219,255,339459645,2494614716,255,0.051696,0.00753,0.044166,77,120,0,0,2,1,1,1,1,1,0,0,0,1,2,0,DoS,1
1.085016,tcp,http,FIN,34,170,1822,217107,187.094013,62,252,13043.125,1591349.75,2,83,32.879273,6.306118,1729.542544,796.881402,255,2720449063,1163673752,255,0.067047,0.018275,0.048772,54,1277,1,104877,1,1,1,1,1,1,0,0,1,1,1,0,DoS,1
1.510325,tcp,ftp,FIN,22,24,1072,1794,29.794913,254,252,5423.998535,9110.62207,7,10,71.920235,65.277696,3776.499555,3878.049006,255,3921790773,926119857,255,0.053062,0.007598,0.045464,49,75,0,0,1,1,3,1,1,3,1,1,0,4,1,0,DoS,1
0.335882,tcp,http,FIN,10,8,804,1044,50.613012,62,252,17244.15039,21769.54883,2,2,37.320222,44.007855,1900.94225,54.233703,255,2411798003,1650175499,255,0.047679,0.027156,0.020523,80,131,1,95,1,1,1,1,1,1,0,0,1,1,1,0,DoS,1
0.693356,tcp,-,FIN,18,18,1040,2500,50.479121,62,252,11341.9375,27252.95703,6,7,40.785647,39.623293,2009.763849,48.303633,255,3363182467,1217558844,255,0.068133,0.015708,0.052425,58,139,0,0,1,1,1,1,1,1,0,0,0,1,1,0,DoS,1
0.541205,tcp,http,FIN,10,10,794,1006,35.106846,62,252,10569.00781,13392.33789,2,2,60.133889,53.887223,3824.939107,107.404539,255,3272381882,1777268801,255,0.111584,0.054961,0.056623,79,101,1,52,1,1,1,1,1,1,0,0,1,1,1,0,DoS,1
0.434135,tcp,http,FIN,10,10,774,2086,43.765189,62,252,12843.93164,34606.74609,2,2,48.237222,42.247,3433.496105,96.101203,255,4242254329,1477870306,255,0.099797,0.048862,0.050935,77,209,1,588,1,1,2,1,1,1,0,0,1,1,1,0,DoS,1
0.393399,tcp,http,FIN,10,8,1896,354,43.213125,254,252,34712.84766,6304.032227,2,1,42.324556,54.44943,2928.592239,121.010805,255,984888328,3414958277,255,0.067339,0.01225,0.055089,190,44,1,0,1,1,1,1,1,1,0,0,1,1,1,0,DoS,1
0.197517,tcp,http,FIN,10,8,914,3182,86.068544,62,252,33333.83984,112800.4219,2,2,21.852778,23.782428,1127.343704,37.219387,255,1241158984,2636135699,255,0.039049,0.031005,0.008044,91,398,1,1171,1,1,1,1,1,1,0,0,1,2,1,0,DoS,1
0.937849,tcp,smtp,FIN,20,20,1850,1378,41.58452,62,252,14996.01758,11174.50684,7,8,49.360473,46.135684,2369.470774,55.175688,255,2076142162,920364028,255,0.071568,0.023115,0.048453,93,69,0,0,1,1,1,1,1,1,0,0,0,2,1,0,DoS,1
0.289203,tcp,http,FIN,10,8,780,1050,58.782242,62,252,19418.88672,25421.58984,2,2,32.035556,34.21357,1680.298705,62.758508,255,2676945841,2352241329,255,0.070008,0.049705,0.020303,78,131,1,110,1,1,1,1,1,1,0,0,1,1,1,0,DoS,1
0.219618,tcp,http,FIN,10,8,782,916,77.407137,62,252,25644.5293,29214.36328,2,2,24.402,28.321428,1222.920625,52.324555,255,724351331,2885395448,255,0.049638,0.020638,0.029,78,115,1,56,1,1,1,1,1,1,0,0,1,1,2,0,DoS,1
0.187764,tcp,http,FIN,10,6,846,268,79.887517,254,252,32466.28711,9543.895508,2,1,17.566111,34.694,1041.207909,50.103789,255,1467394564,125326499,255,0.027907,0.014285,0.013622,85,45,1,0,2,1,2,2,2,2,0,0,6,3,2,0,DoS,1
0.703631,tcp,http,FIN,16,46,1020,50457,86.693169,62,252,10880.70313,561214.625,2,20,46.908733,14.316445,3072.099111,1816.870392,255,1034789513,3591413801,255,0.111117,0.053342,0.057775,64,1097,1,24064,1,1,1,1,1,1,0,0,1,1,1,0,DoS,1
0.85796,tcp,http,FIN,10,8,788,1190,19.814444,62,252,6620.355469,9716.071289,2,2,95.328889,114.589859,5157.13675,208.873063,255,4016213113,1688088227,255,0.173705,0.055235,0.11847,79,149,1,181,2,1,1,2,1,1,0,0,1,20,1,0,DoS,1
0.500938,tcp,http,FIN,10,8,800,934,33.936336,62,252,11498.42871,13063.49316,2,2,55.659778,61.827145,2987.319368,78.226352,255,4032734481,2371567218,255,0.130488,0.067391,0.063097,80,117,1,56,1,1,1,1,1,1,0,0,1,3,1,0,DoS,1
0.42893,tcp,http,FIN,10,6,2470,268,34.97074,62,252,41461.30859,4177.837891,2,1,47.55,77.575203,2537.279427,117.052797,255,1942970724,1802322158,255,0.08972,0.041051,0.048669,247,45,1,0,1,1,1,1,1,1,0,0,1,1,1,0,DoS,1
0.607908,tcp,http,FIN,10,10,784,1264,31.254729,62,252,9290.878906,14975.9502,2,2,67.545333,60.287445,4138.752438,105.307898,255,3715960440,2928746165,255,0.124062,0.064511,0.059551,78,126,1,179,1,1,1,1,1,1,0,0,1,1,1,0,DoS,1
1.290948,tcp,smtp,FIN,34,22,19841,1828,42.604349,254,252,119341.75,10813.75781,14,8,39.119637,60.982199,2388.924704,70.385422,255,3359021129,1516876331,255,0.12224,0.06078,0.06146,584,83,0,0,1,1,1,1,1,2,0,0,0,1,1,0,DoS,1
0.976671,tcp,http,FIN,10,10,808,1304,19.453839,62,252,5963.11377,9616.339844,2,2,108.505,98.651219,6386.472579,184.832375,255,195186944,1739382342,255,0.165532,0.0888,0.076732,81,130,1,202,1,1,1,1,1,1,0,0,1,2,1,0,DoS,1
0.474054,tcp,-,FIN,10,6,1348,268,31.641964,62,252,20487.11719,3780.159912,2,1,52.573889,75.252602,2643.661854,118.063109,255,2933691025,1384948490,255,0.150308,0.097782,0.052526,135,45,0,0,4,1,1,1,1,1,0,0,0,1,1,0,DoS,1
0.444137,tcp,-,FIN,20,8,17390,354,60.792052,254,252,297583.8438,5583.862793,7,1,18.58221,56.683855,1371.063292,75.520617,255,973346816,405192980,255,0.097069,0.047346,0.049723,870,44,0,0,2,1,1,1,1,2,0,0,0,1,2,0,DoS,1
0.223105,tcp,http,FIN,10,8,778,1062,76.197307,62,252,25136.14648,33347.52734,2,2,24.789444,30.251715,1345.751515,54.000465,255,4224756319,2624273838,255,0.051312,0.006859,0.044453,78,133,1,117,1,1,1,1,1,1,0,0,1,1,1,0,DoS,1
2.558663,tcp,smtp,FIN,36,22,19967,1752,22.277261,254,252,60697.32813,5230.856934,14,8,73.104659,118.545953,5079.886229,184.948219,255,663612562,804427922,255,0.141395,0.068517,0.072878,555,80,0,0,1,1,1,1,1,2,0,0,0,1,1,0,DoS,1
4.636294,tcp,-,FIN,32,14,25908,1510,9.706028,254,252,43308.73047,2420.89917,13,3,148.563326,352.127219,22668.62934,986.88025,255,4008395667,2799598387,255,0.118901,0.058637,0.060264,810,108,0,0,2,1,1,1,1,1,0,0,0,2,1,0,DoS,1
0.26959,tcp,http,FIN,10,8,846,2216,63.058721,62,252,22612.11523,57539.22656,2,2,29.954444,37.555285,1466.947973,55.067703,255,479267850,523240886,255,0.051611,0.005949,0.045662,85,277,1,680,1,1,1,1,1,1,0,0,1,1,1,0,DoS,1
9e-06,udp,dns,INT,2,0,116,0,111111.1072,254,0,51555552.0,0.0,0,0,0.009,0.0,0.0,0.0,0,0,0,0,0.0,0.0,0.0,58,0,0,0,1,2,1,1,1,1,0,0,0,1,1,0,DoS,1
2e-05,udp,-,INT,2,0,1448,0,50000.00126,254,0,289600000.0,0.0,0,0,0.02,0.0,0.0,0.0,0,0,0,0,0.0,0.0,0.0,724,0,0,0,1,2,2,1,1,1,0,0,0,1,3,0,DoS,1
0.23105,tcp,http,FIN,10,18,842,15818,116.857823,62,252,26245.40234,517290.625,2,7,25.672222,12.754118,1228.924123,1233.014375,255,819683349,2120990613,255,0.059705,0.013629,0.046076,84,879,1,7296,1,1,1,1,1,1,0,0,1,1,1,0,DoS,1
0.245739,tcp,http,FIN,10,8,846,1264,69.179089,62,252,24806.80664,36005.67969,2,2,27.304333,30.439857,1529.173518,53.814684,255,3357242168,1543627411,255,0.017586,0.011327,0.006259,85,158,1,206,2,1,1,1,1,1,0,0,1,1,1,0,DoS,1
0.287971,tcp,http,FIN,10,8,788,2886,59.033724,62,252,19724.20898,70173.73438,2,2,31.996778,39.954855,1576.827852,59.187523,255,3513749144,1243910627,255,0.056483,0.007544,0.048939,79,361,1,1045,1,1,1,1,1,1,0,0,1,1,1,0,DoS,1
8e-06,udp,-,INT,2,0,98,0,125000.0003,254,0,49000000.0,0.0,0,0,0.008,0.0,0.0,0.0,0,0,0,0,0.0,0.0,0.0,49,0,0,0,1,2,1,1,1,1,0,0,0,1,1,0,DoS,1
0.785005,tcp,http,FIN,62,12,71713,526,92.993041,254,252,719047.6875,4922.261719,28,1,11.940148,63.947637,1128.564479,74.115219,255,3461873730,3203830966,255,0.12125,0.081576,0.039674,1157,44,1,0,1,1,1,1,1,3,0,0,1,1,1,0,DoS,1
0.468087,tcp,http,FIN,10,8,780,834,36.318036,62,252,11997.76953,12476.31348,2,2,52.009667,52.760145,2728.144539,74.133445,255,2168657080,1470243070,255,0.114832,0.07031,0.044522,78,104,1,14,2,1,2,1,1,1,0,0,1,1,1,0,DoS,1
0.471456,tcp,http,FIN,10,8,842,2136,36.058509,62,252,12862.28223,31714.51953,2,2,52.367444,61.493145,2708.262916,99.378859,255,3301733489,2465092963,255,0.090223,0.040998,0.049225,84,267,1,656,1,1,1,1,1,1,0,0,1,1,1,0,DoS,1
1e-05,sctp,-,INT,2,0,152,0,100000.0025,254,0,60800000.0,0.0,0,0,0.01,0.0,0.0,0.0,0,0,0,0,0.0,0.0,0.0,76,0,0,0,1,2,1,1,1,1,0,0,0,1,1,0,DoS,1
1.12015,tcp,-,FIN,10,8,1424,354,15.176539,254,252,9155.916992,2213.989258,2,1,119.712889,147.193578,7478.682764,212.828688,255,4222342101,2555283199,255,0.155654,0.089786,0.065868,142,44,0,0,1,1,2,1,1,1,0,0,0,2,5,0,DoS,1
0.579309,tcp,http,FIN,10,12,790,7502,36.250085,62,252,9818.594727,94968.32031,2,4,64.367667,44.444363,3390.398433,0.0,255,3065920458,3749202422,255,0.170788,0.089004,0.081784,79,625,1,3244,1,1,1,1,1,1,0,0,1,2,1,0,DoS,1
2.096239,tcp,smtp,FIN,32,22,18373,1712,25.283375,62,252,67927.36719,6239.746094,13,8,67.620616,91.881234,4058.35356,109.607109,255,2750076580,1137729148,255,0.28163,0.165518,0.116112,574,78,0,0,1,1,1,1,1,1,0,0,0,2,1,0,DoS,1
18.074587,udp,-,INT,398,0,21094,0,21.964541,254,0,9312.964844,0.0,0,0,45.642898,0.0,265.269281,0.0,0,0,0,0,0.0,0.0,0.0,53,0,0,0,1,2,1,1,1,1,0,0,0,2,2,0,DoS,1
0.520368,tcp,http,FIN,10,8,810,968,32.669189,62,252,11207.4541,13021.55469,2,2,57.818667,67.532711,3146.110751,88.349789,255,3678817258,295082609,255,0.099813,0.046955,0.052858,81,121,1,68,1,1,1,1,1,1,0,0,1,1,1,0,DoS,1
1e-05,udp,-,INT,2,0,1242,0,100000.0025,254,0,496800000.0,0.0,0,0,0.01,0.0,0.0,0.0,0,0,0,0,0.0,0.0,0.0,621,0,0,0,5,2,1,1,1,1,0,0,0,1,2,0,DoS,1
0.855281,tcp,http,FIN,10,8,956,354,19.876509,254,252,8053.493652,2899.631836,2,1,95.031222,111.049859,5692.41913,176.024953,255,3080352498,2596228338,255,0.154057,0.077375,0.076682,96,44,1,0,3,1,2,2,2,2,0,0,4,3,2,0,DoS,1
9e-06,udp,-,INT,2,0,89,0,111111.1072,254,0,40000000.0,0.0,0,0,0.009,0.0,0.0,0.0,0,0,0,0,0.0,0.0,0.0,45,0,0,0,6,2,1,1,1,1,0,0,0,3,1,0,DoS,1
0.703361,tcp,ftp,FIN,14,12,1402,928,35.543627,254,252,14808.89648,9679.240234,4,4,54.104692,62.599547,3296.165069,103.564617,255,1417740893,2777903559,255,0.07185,0.014093,0.057757,100,77,0,0,1,1,1,1,1,1,0,0,0,1,1,0,DoS,1
2.676769,tcp,smtp,FIN,26,20,4385,1750,16.811312,254,252,12603.25391,4970.170898,9,8,107.070762,138.541156,5757.409202,178.548109,255,3047633794,3696353853,255,0.126293,0.043682,0.082611,169,88,0,0,1,1,1,1,1,2,0,0,0,2,1,0,DoS,1
0.77957,tcp,-,FIN,18,6,12598,268,29.503445,254,252,122108.3438,2298.703125,6,1,43.294881,144.023406,3285.57795,203.201109,255,1193744549,4245614293,255,0.095001,0.059449,0.035552,700,45,0,0,4,1,1,1,1,1,0,0,0,2,1,0,DoS,1
0.715819,tcp,http,FIN,10,8,910,2206,23.74902,62,252,9153.151367,21580.875,2,2,79.535444,83.807289,3961.178506,135.408547,255,2494228020,3374745006,255,0.161889,0.093127,0.068762,91,276,1,703,2,1,1,1,1,1,0,0,1,1,1,0,DoS,1
0.858036,tcp,smtp,FIN,34,22,19821,1938,64.099876,254,252,179377.0938,17248.69336,14,8,26.001091,39.199,1621.393042,47.32757,255,3841576977,789659395,255,0.051175,0.034062,0.017113,583,88,0,0,1,1,1,1,1,1,0,0,0,26,1,0,DoS,1
6e-06,udp,dns,INT,2,0,168,0,166666.6608,254,0,112000000.0,0.0,0,0,0.006,0.0,0.0,0.0,0,0,0,0,0.0,0.0,0.0,84,0,0,0,1,2,1,1,1,1,0,0,0,1,1,0,DoS,1
0.355526,tcp,http,FIN,16,6,11314,268,59.06741,254,252,238677.3438,5040.418945,5,1,23.677266,55.093602,1487.578651,75.394,255,3050132473,1382779166,255,0.119071,0.080057,0.039014,707,45,1,0,2,1,1,2,1,1,0,0,1,2,1,0,DoS,1
0.308058,tcp,http,FIN,10,8,828,1346,55.184414,62,252,19372.97656,30591.64258,2,2,34.228667,35.123145,1788.124715,55.395793,255,1700255244,3372185166,255,0.059455,0.047983,0.011472,83,168,1,262,2,1,1,1,1,1,0,0,1,1,1,0,DoS,1
0.50703,tcp,-,FIN,10,6,1252,268,29.584048,254,252,17781.98438,3534.307617,2,1,53.265778,85.836,2693.771557,126.669031,255,4292304117,332772259,255,0.14603,0.077847,0.068183,125,45,1,0,1,1,2,2,1,2,0,0,1,19,1,0,DoS,1
1.087429,tcp,http,FIN,10,10,814,1428,17.472404,62,252,5392.535645,9460.84668,2,2,120.811556,112.300445,6633.647128,215.096766,255,1280452730,1689506964,255,0.154118,0.076715,0.077403,81,143,1,264,1,1,18,1,1,1,0,0,1,2,1,0,DoS,1
0.61576,tcp,-,FIN,12,8,1292,412,30.856176,254,252,15395.6084,4690.138672,3,2,55.89,86.646141,3921.463702,182.906453,255,2417225837,3509568482,255,0.051666,0.009227,0.042439,108,52,0,0,1,1,1,1,1,1,0,0,0,1,1,0,DoS,1
21.283375,ospf,-,INT,28,0,12832,0,1.268596,254,0,4651.14209,0.0,0,0,788.273187,0.0,944.680562,0.0,0,0,0,0,0.0,0.0,0.0,458,0,0,0,1,2,1,1,1,1,0,0,0,1,1,0,DoS,1
0.526432,tcp,-,FIN,36,10,39290,440,85.481129,254,252,580496.625,6017.871582,15,1,13.556314,49.992777,1246.604071,60.450598,255,1537455039,3394498684,255,0.116203,0.076489,0.039714,1091,44,0,0,1,1,1,1,1,1,0,0,0,1,1,0,DoS,1
0.696723,tcp,http,FIN,10,8,932,914,24.399941,62,252,9633.670898,9185.860352,2,2,77.31,79.932711,3976.913114,139.263719,255,3034189469,4024248581,255,0.244661,0.137185,0.107476,93,114,1,30,1,1,1,1,1,1,0,0,1,1,1,0,DoS,1
1e-05,udp,-,INT,2,0,524,0,100000.0025,254,0,209600000.0,0.0,0,0,0.01,0.0,0.0,0.0,0,0,0,0,0.0,0.0,0.0,262,0,0,0,1,2,1,1,1,1,0,0,0,1,1,0,DoS,1
1.067401,tcp,http,FIN,10,10,794,3320,17.800245,62,252,5358.810547,22394.58203,2,2,118.600111,109.420555,6510.45577,217.630375,255,3312614744,3608078839,255,0.157315,0.081815,0.0755,79,332,1,1211,3,1,1,1,1,1,0,0,1,1,1,0,DoS,1
0.980844,tcp,http,FIN,10,8,874,946,17.332012,62,252,6418.961426,6753.367188,2,2,108.982667,126.184711,5877.586897,240.277969,255,4124060807,336048304,255,0.163272,0.096803,0.066469,87,118,1,61,3,1,1,2,1,2,0,0,1,2,1,0,DoS,1
2.231908,tcp,smtp,FIN,22,20,3465,1860,18.369932,254,252,11857.11914,6333.594238,8,8,106.281333,112.282422,5506.550854,150.983453,255,1423105684,2770600151,255,0.135274,0.079758,0.055516,158,93,0,0,1,1,1,1,1,1,0,0,0,1,1,0,DoS,1
3.181984,tcp,smtp,FIN,34,24,19733,2062,17.913352,254,252,48153.60547,4970.483887,14,8,96.421424,134.660094,6426.606224,191.803969,255,2232800940,3918006743,255,0.157771,0.084793,0.072978,580,86,0,0,1,1,1,1,1,1,0,0,0,3,1,0,DoS,1
0.862477,tcp,http,FIN,10,8,798,1232,19.71067,62,252,6669.163086,9999.107422,2,2,95.725556,114.68543,5209.991227,185.605,255,7737579,255752413,255,0.176001,0.059678,0.116323,80,154,1,197,1,1,2,1,1,1,0,0,1,1,1,0,DoS,1
0.627474,tcp,http,FIN,34,10,35594,440,68.528735,254,252,440470.8438,5048.814453,14,1,19.014363,54.595332,1665.308034,79.572391,255,3197746751,1393442472,255,0.10945,0.043778,0.065672,1047,44,1,0,1,1,1,1,1,1,0,0,1,1,1,0,DoS,1
12.558821,tcp,http,FIN,810,144,1085691,6202,75.882921,254,252,690734.25,3923.29834,402,1,15.60102,87.166836,1824.2635,101.791578,255,2655667054,3686077254,255,0.189073,0.093219,0.095854,1340,43,1,0,1,1,1,1,1,1,0,0,1,2,1,0,DoS,1
58.223106,udp,-,CON,300,300,187688,236626,10.288012,254,60,25702.92188,32404.72852,0,0,194.399859,194.367094,239.880531,242.059672,0,0,0,0,0.0,0.0,0.0,626,789,0,0,2,0,1,1,1,1,0,0,0,1,1,0,DoS,1
7e-06,ipv6,-,INT,2,0,86,0,142857.1409,254,0,49142856.0,0.0,0,0,0.007,0.0,0.0,0.0,0,0,0,0,0.0,0.0,0.0,43,0,0,0,1,2,1,1,1,1,0,0,0,2,1,0,DoS,1
1.087724,tcp,ftp,FIN,12,14,586,5094,22.983772,62,252,3956.88623,34795.59375,3,5,98.883997,78.640233,5482.563462,4741.3374,255,3505212877,3747629889,255,0.112657,0.065105,0.047552,49,364,0,0,1,1,1,1,1,1,0,0,0,1,1,0,DoS,1
2.454574,tcp,smtp,FIN,26,22,8595,1880,19.147925,254,252,26937.46289,5850.302246,10,8,98.182961,112.335234,6013.653935,168.686797,255,39353428,2878728480,255,0.155876,0.094777,0.061099,331,85,0,0,1,1,1,1,1,1,0,0,0,1,1,0,DoS,1
12.256339,ospf,-,INT,42,0,2184,0,3.345208,254,0,1391.606445,0.0,0,0,298.935094,0.0,335.061219,0.0,0,0,0,0,0.0,0.0,0.0,52,0,0,0,1,2,1,1,1,1,0,0,0,1,1,0,DoS,1
1.744373,tcp,pop3,FIN,22,40,1054,33322,34.969586,62,252,4618.27832,149000.25,7,18,83.065381,43.703128,5364.381092,3776.856742,255,3248401322,1963171313,255,0.05447,0.027302,0.027168,48,833,0,0,1,1,1,1,1,1,0,0,0,2,1,0,DoS,1
0.314778,tcp,http,FIN,10,8,824,954,54.006316,62,252,18857.73438,21221.30469,2,2,34.975333,42.81357,1766.408822,67.049773,255,1333224063,3818951083,255,0.050181,0.014426,0.035755,82,119,1,54,1,1,1,1,1,1,0,0,1,1,1,0,DoS,1
0.783591,tcp,-,FIN,10,8,2364,354,21.694992,254,252,21725.62109,3164.916504,2,1,84.464333,84.49643,4953.296852,154.110219,255,243910870,3020494237,255,0.293977,0.192113,0.101864,236,44,0,0,1,1,1,1,1,1,0,0,0,1,2,0,DoS,1
1.486599,tcp,smtp,FIN,22,20,4832,1866,27.579731,254,252,24824.44922,9541.241211,8,8,70.790427,71.746633,3493.738426,84.116375,255,1914503919,2231882064,255,0.130324,0.041321,0.089003,220,93,0,0,1,1,1,1,1,2,0,0,0,1,1,0,DoS,1
14.663962,ospf,-,INT,42,0,18480,0,2.79597,254,0,9841.814453,0.0,0,0,357.657625,0.0,422.279719,0.0,0,0,0,0,0.0,0.0,0.0,440,0,0,0,1,2,1,1,1,1,0,0,0,1,1,0,DoS,1
0.355468,tcp,http,FIN,10,8,788,1210,47.824276,62,252,15978.93457,23833.36914,2,2,39.392333,48.938715,2120.374233,90.275484,255,239849045,2466586786,255,0.064235,0.012888,0.051347,79,151,1,189,2,1,2,2,2,2,0,0,4,19,2,0,DoS,1
5.888148,tcp,http,FIN,112,698,5222,917534,137.394648,62,252,7032.432129,1244832.875,2,347,53.04638,8.346908,2565.660929,1005.241481,255,1387400789,26983506,255,0.086533,0.034946,0.051587,47,1315,1,444493,1,1,1,1,1,1,0,0,1,4,1,0,DoS,1
1.122287,tcp,http,FIN,10,8,932,354,15.14764,254,252,5980.644531,2209.773438,2,1,122.878667,147.482281,7169.015746,240.420594,255,1613961421,713518626,255,0.142888,0.08991,0.052978,93,44,1,0,4,1,3,2,1,2,0,0,1,2,2,0,DoS,1
1.7e-05,udp,-,INT,2,0,216,0,58823.52838,62,0,50823528.0,0.0,0,0,0.017,0.0,0.0,0.0,0,0,0,0,0.0,0.0,0.0,108,0,0,0,1,2,1,1,1,1,0,0,0,1,1,0,DoS,1
1.170357,tcp,smtp,FIN,34,22,19817,1862,46.994208,254,252,131481.25,12153.55664,14,8,35.436726,54.111383,2184.822193,61.208152,255,913257095,297691366,255,0.074185,0.034015,0.04017,583,85,0,0,1,1,1,1,1,1,0,0,0,1,1,0,DoS,1
3.231846,ospf,-,INT,82,0,5248,0,25.063075,254,0,12832.29395,0.0,0,0,39.899332,0.0,67.509523,0.0,0,0,0,0,0.0,0.0,0.0,64,0,0,0,1,2,1,1,1,1,0,0,0,24,1,0,DoS,1
0.398313,tcp,http,FIN,10,8,828,3200,42.680004,62,252,14983.19238,56237.18359,2,2,44.257,41.619855,2173.416561,62.122742,255,3923980168,814675283,255,0.11636,0.078425,0.037935,83,400,1,7838,3,1,1,1,1,1,0,0,4,1,1,0,DoS,1
0.710071,tcp,http,FIN,10,6,1576,268,21.124647,254,252,15987.13281,2523.691162,2,1,76.640889,127.89,4101.198172,211.469516,255,3894434615,3228096416,255,0.14356,0.070613,0.072947,158,45,1,0,1,1,1,1,1,1,0,0,1,1,1,0,DoS,1
0.291477,tcp,http,FIN,10,8,820,1204,58.323642,62,252,20255.45703,28928.52734,2,2,36.434626,38.577145,1817.439374,66.337703,255,1920491301,3317962271,255,0.08876,0.017662,0.071098,82,151,1,185,1,1,1,1,1,1,0,0,1,20,1,0,DoS,1
2.360228,tcp,smtp,FIN,20,20,3202,1834,16.523827,254,252,10310.86816,5907.903809,7,8,124.170211,120.496844,7052.447636,179.629547,255,593429774,2842279227,255,0.124882,0.070787,0.054095,160,92,0,0,2,1,1,1,1,2,0,0,0,1,1,0,DoS,1
2.107502,tcp,-,FIN,12,12,1152,1310,10.913394,254,252,4008.537109,4558.95166,3,3,191.591088,184.511453,12829.95124,275.941125,255,2567795003,2995868732,255,0.155526,0.077055,0.078471,96,109,0,0,2,1,1,1,1,1,0,0,0,2,1,0,DoS,1
0.657018,tcp,http,FIN,10,8,802,926,25.874481,62,252,8791.235352,9874.919922,2,2,73.002,76.615,3910.105979,143.556437,255,3539367400,1077096181,255,0.14653,0.091996,0.054534,80,116,1,50,1,1,1,1,1,1,0,0,1,1,1,0,DoS,1
1e-05,udp,-,INT,2,0,604,0,100000.0025,254,0,241600000.0,0.0,0,0,0.01,0.0,0.0,0.0,0,0,0,0,0.0,0.0,0.0,302,0,0,0,1,2,1,1,1,1,0,0,0,1,1,0,DoS,1
0.327081,tcp,-,FIN,14,6,7106,268,58.089587,254,252,161403.4531,5478.765137,4,1,24.712,63.497801,2199.157974,119.623305,255,2686062877,391119146,255,0.052655,0.009583,0.043072,508,45,0,0,1,1,1,1,1,1,0,0,0,13,1,0,DoS,1
0.204475,tcp,-,FIN,10,6,528,268,73.358601,254,252,18623.30273,8763.907227,2,1,20.959444,33.629602,1178.080906,49.328164,255,941363380,3533218407,255,0.097921,0.036318,0.061603,53,45,0,0,1,1,1,1,1,1,0,0,0,1,1,0,DoS,1
0.327369,tcp,http,FIN,12,24,960,24418,106.912993,254,252,21504.78516,571856.1875,2,10,29.760818,11.818087,1687.383245,1178.965538,255,3246540018,3788601271,255,0.104174,0.054739,0.049435,80,1017,1,0,1,1,1,1,1,1,0,0,1,1,1,0,DoS,1
0.209171,tcp,-,FIN,10,6,656,268,71.711663,254,252,22603.51563,8567.15332,2,1,21.655667,39.954801,1096.190438,63.002437,255,1186760632,4193970610,255,0.062263,0.009387,0.052876,66,45,0,0,1,1,1,1,1,1,0,0,0,1,1,0,DoS,1
4e-06,udp,-,INT,2,0,136,0,250000.0006,254,0,136000000.0,0.0,0,0,0.004,0.0,0.0,0.0,0,0,0,0,0.0,0.0,0.0,68,0,0,0,2,2,1,1,1,1,0,0,0,1,3,0,DoS,1
0.109167,sctp,-,CON,4,2,536,440,45.801386,254,60,29459.45117,16122.08789,0,0,36.389,0.009,51.44909,0.0,0,0,0,0,0.0,0.0,0.0,134,220,0,0,1,0,1,1,1,1,0,0,0,1,1,0,DoS,1
2.14606,tcp,dns,FIN,10,10,514,700,8.853434,62,252,1725.953613,2348.489746,2,2,238.451111,229.427,15097.64416,389.122313,255,2876063767,3163551892,255,0.146796,0.051842,0.094954,51,70,0,0,1,1,1,1,1,1,0,0,0,2,1,0,DoS,1
0.5946,tcp,http,FIN,10,8,788,1202,28.590648,62,252,9552.639648,14154.05273,2,2,65.951667,77.49943,3787.335126,112.081844,255,462713956,2119870775,255,0.15216,0.052099,0.100061,79,150,1,188,1,1,1,1,1,1,0,0,1,1,1,0,DoS,1
1.241743,tcp,smtp,FIN,20,16,4536,1196,28.186187,254,252,27767.42188,7228.549316,7,6,63.190579,79.971,3390.529343,90.734625,255,2529623613,2606015032,255,0.119162,0.042169,0.076993,227,75,0,0,1,1,1,1,1,1,0,0,0,1,1,0,DoS,1
0.579011,tcp,-,FIN,12,8,2692,466,32.814574,254,252,34099.52344,5637.198242,3,2,47.456455,69.703,2378.306076,83.123273,255,3385771493,1124737096,255,0.140657,0.091087,0.04957,224,58,0,0,1,1,1,1,1,1,0,0,0,1,1,0,DoS,1
1.94256,tcp,smtp,FIN,22,20,2837,1760,21.10617,62,252,11156.41211,6885.759277,8,8,92.502856,94.376367,4484.384293,122.355836,255,812327438,4013074753,255,0.130663,0.090797,0.039866,129,88,0,0,1,1,2,1,1,1,0,0,0,1,1,0,DoS,1
0.306308,tcp,http,FIN,10,8,846,1012,55.499693,62,252,19901.53711,23140.10742,2,2,34.034222,32.487857,1870.675069,50.942906,255,3961308941,3594105347,255,0.098644,0.050271,0.048373,85,127,1,96,1,1,1,1,1,1,0,0,1,1,1,0,DoS,1
0.547955,tcp,http,FIN,10,8,820,3200,31.024447,62,252,10774.60742,40879.26953,2,2,60.883889,67.019859,3009.221161,100.0065,255,1925123215,749281308,255,0.153541,0.078173,0.075368,82,400,1,1182,1,1,1,1,1,1,0,0,1,1,1,0,DoS,1
0.607377,tcp,http,FIN,10,8,842,938,27.989206,254,252,9983.915039,10813.71191,2,2,67.486333,77.980711,3429.878741,141.068859,255,2197066755,788825850,255,0.181949,0.060802,0.121147,84,117,1,25,1,1,1,1,1,2,0,0,1,1,1,0,DoS,1
1.806369,tcp,http,FIN,16,10,9582,1106,13.839919,62,252,39788.10547,4411.059082,5,2,120.424596,191.423438,8621.137119,417.510969,255,3376922923,725171671,255,0.300002,0.082781,0.217221,599,111,1,109,2,1,1,2,1,4,0,0,1,2,1,0,DoS,1
1.768339,tcp,-,FIN,10,8,1040,354,9.613541,254,252,4234.481934,1402.446045,2,1,196.482111,247.054578,12612.05673,371.046031,255,4074750773,70285433,255,0.125651,0.038294,0.087357,104,44,0,0,2,1,2,1,1,1,0,0,0,1,2,0,DoS,1
1.043088,tcp,http,FIN,10,14,818,11110,22.049914,62,252,5652.447754,79126.59375,2,5,115.833111,73.429925,6147.886019,6606.985651,255,1520277072,64275041,255,0.223883,0.088498,0.135385,82,794,1,5022,4,1,3,2,1,2,0,0,1,2,2,0,DoS,1
2.341165,tcp,smtp,FIN,82,28,80942,2214,46.558016,62,252,273214.4063,7295.512695,36,8,28.903272,85.197039,3184.893957,134.855578,255,2415123121,1624344416,255,0.052098,0.025448,0.02665,987,79,0,0,1,1,1,1,1,1,0,0,0,3,1,0,DoS,1
0.418675,tcp,http,FIN,16,50,1056,58445,155.251685,62,252,18916.82031,1094443.125,2,23,27.911667,8.393939,1364.757313,948.321953,255,1611063023,2853216442,255,0.051398,0.006703,0.044695,66,1169,1,27948,2,1,1,1,1,1,0,0,1,1,1,0,DoS,1
0.182406,tcp,http,FIN,20,6,15966,268,137.0569,254,252,665241.3125,9824.238281,7,1,8.586842,34.387199,682.668825,53.924023,255,2312951375,3453846942,255,0.05687,0.010465,0.046405,798,45,1,0,1,1,1,1,1,1,0,0,1,1,1,0,DoS,1
0.464777,tcp,ftp,FIN,14,12,1500,832,53.789237,254,252,23977.08984,13133.18066,4,4,34.799001,41.207273,1835.731444,50.880152,255,698154986,2989545999,255,0.057511,0.011488,0.046023,107,69,0,0,1,1,1,1,1,1,0,0,0,1,1,0,DoS,1
1.42841,tcp,-,FIN,20,16,2638,2112,24.502768,254,252,14040.78613,11089.25293,7,6,75.179472,90.50107,3702.338981,106.738117,255,3259756856,3074431177,255,0.109516,0.070258,0.039258,132,132,0,0,1,1,2,1,1,1,0,0,0,1,2,0,DoS,1
0.735879,tcp,http,FIN,10,8,862,1270,23.101624,62,252,8436.169922,12088.94434,2,2,81.260667,99.92057,4411.741394,170.423594,255,3851384266,452178586,255,0.087868,0.036432,0.051436,86,159,1,223,2,1,1,1,1,1,0,0,1,2,1,0,DoS,1
0.26721,tcp,http,FIN,10,8,792,1498,63.620372,62,252,21346.50586,39250.02734,2,2,29.69,35.106285,1536.88099,64.993305,255,1720374559,1874911035,255,0.065164,0.006751,0.058413,79,187,1,352,1,1,1,1,1,1,0,0,1,1,2,0,DoS,1
1.871009,tcp,-,FIN,10,8,3198,354,9.086007,254,252,12309.93555,1325.488037,2,1,207.889889,252.040578,12617.77598,444.138406,255,2659775175,1369281913,255,0.124238,0.07107,0.053168,320,44,0,0,5,1,1,1,1,1,0,0,0,2,1,0,DoS,1
0.624874,tcp,-,FIN,10,6,455,268,24.00484,254,252,5249.058105,2867.778076,2,1,66.612556,108.096398,3564.230952,176.465375,255,1438605011,4114686458,255,0.124443,0.084384,0.040059,46,45,0,0,4,1,2,1,1,1,0,0,0,1,2,0,DoS,1
1.638029,tcp,http,FIN,10,10,794,1274,11.599306,62,252,3492.001709,5601.854492,2,2,181.993222,174.972672,10329.91367,337.432906,255,990139849,3750083441,255,0.184495,0.063266,0.121229,79,127,1,172,3,1,1,2,1,1,0,0,1,2,1,0,DoS,1
0.28174,tcp,http,FIN,10,8,828,1678,60.339318,62,252,21182.65039,41712.21484,2,2,31.304444,33.112855,1726.311009,56.062777,255,3676433362,662596742,255,0.104511,0.042189,0.062322,83,210,1,418,2,1,2,2,1,2,0,0,1,2,2,0,DoS,1
0.272596,tcp,http,FIN,10,8,808,934,62.363351,62,252,21364.95117,24006.2207,2,2,30.288444,37.810285,1480.225856,53.755754,255,2801226965,2429232642,255,0.052124,0.007258,0.044866,81,117,1,52,1,1,1,1,1,1,0,0,1,1,1,0,DoS,1
0.237159,tcp,http,FIN,10,8,986,1680,71.681868,254,252,29954.58789,49586.98438,2,2,26.351,30.765572,1384.280124,54.980008,255,338686959,1703623443,255,0.055316,0.007205,0.048111,99,210,1,413,1,1,1,1,1,1,0,0,1,1,2,0,DoS,1
0.179212,tcp,http,FIN,12,6,4600,268,94.859717,62,252,188246.3125,9999.330078,3,1,16.292,33.386398,929.237147,58.825645,255,1957838374,4120003533,255,0.05613,0.010456,0.045674,383,45,1,0,2,1,1,1,1,1,0,0,1,1,1,0,DoS,1
1.161205,tcp,http,FIN,12,8,946,2514,16.362313,62,252,5979.994629,15156.66797,2,2,105.486544,156.27,5979.779008,261.845422,255,606108766,3328788383,255,0.129123,0.067307,0.061816,79,314,1,859,2,1,1,1,1,1,0,0,1,4,1,0,DoS,1
0.328681,tcp,http,FIN,10,8,836,1992,51.721884,62,252,18327.80078,42424.11328,2,2,36.520111,45.170715,1815.659886,60.165129,255,1733442728,361797696,255,0.061791,0.011787,0.050004,84,249,1,590,2,1,1,1,1,1,0,0,1,1,2,0,DoS,1
3.111707,tcp,smtp,FIN,368,72,459515,3996,141.080122,62,252,1178175.25,10132.05957,181,8,8.478765,43.403508,969.045726,50.77016,255,760373090,2084362012,255,0.098179,0.014993,0.083186,1249,56,0,0,1,1,1,1,1,1,0,0,0,20,1,0,DoS,1
0.287992,tcp,http,FIN,10,8,822,2472,59.029417,62,252,20556.12695,60085.00391,2,2,31.999111,37.68557,1600.813139,61.902434,255,2556454493,1815219344,255,0.073909,0.023483,0.050426,82,309,1,814,1,1,1,1,1,1,0,0,1,1,1,0,DoS,1
0.536274,tcp,http,FIN,10,8,806,1580,31.700212,254,252,10830.28418,20631.24414,2,2,59.478667,66.493289,2955.235322,103.365703,255,1034959541,997934876,255,0.106878,0.070813,0.036065,81,198,1,369,1,1,2,1,1,2,0,0,1,2,1,0,DoS,1
0.519156,udp,-,INT,4,0,5476,0,5.77861,254,0,63287.33984,0.0,0,0,173.052,0.0,244.726828,0.0,0,0,0,0,0.0,0.0,0.0,1369,0,0,0,1,2,3,3,3,3,0,0,0,3,1,0,DoS,1
8e-06,udp,dns,INT,2,0,126,0,125000.0003,254,0,63000000.0,0.0,0,0,0.008,0.0,0.0,0.0,0,0,0,0,0.0,0.0,0.0,63,0,0,0,1,2,1,1,1,1,0,0,0,1,1,0,DoS,1
0.614248,tcp,-,FIN,10,8,616,354,27.676119,254,252,7228.351074,4037.457275,2,1,68.249778,78.96043,3767.676614,175.609016,255,1872978176,211932238,255,0.090955,0.053058,0.037897,62,44,0,0,1,1,1,1,1,1,0,0,0,1,1,0,DoS,1
0.428854,tcp,http,FIN,10,10,806,3450,44.304123,62,252,13543.07129,57921.8125,2,3,47.650444,38.118,2336.459398,2540.190536,255,1121689927,568012041,255,0.141547,0.085216,0.056331,81,345,1,1285,2,1,1,2,1,1,0,0,1,2,1,0,DoS,1
0.4524,tcp,ftp,FIN,10,6,2402,268,33.156499,254,252,38231.65234,3961.096436,2,1,48.517444,87.54,2932.732852,154.571313,255,2064281429,3545658335,255,0.059145,0.014692,0.044453,240,45,0,0,1,1,1,1,1,1,0,0,0,1,1,0,DoS,1
2.917988,tcp,http,FIN,26,124,1444,156121,51.06258,62,252,3808.103271,424572.0,2,59,116.719517,23.242528,11690.97836,4614.230368,255,355089894,367926329,255,0.120587,0.058459,0.062128,56,1259,1,75323,1,1,1,1,1,1,0,0,1,1,1,0,DoS,1
0.814601,tcp,-,FIN,20,18,2556,2288,45.42101,254,252,23854.62305,21222.66016,7,7,42.873735,47.24459,2043.510487,55.137512,255,2024729180,583831957,255,0.057801,0.010753,0.047048,128,127,0,0,1,1,1,1,1,1,0,0,0,1,1,0,DoS,1
0.358294,tcp,http,FIN,10,8,790,926,47.447067,62,252,15875.23047,18108.0332,2,2,39.810444,39.901715,2111.058679,58.661594,255,437105878,621225024,255,0.085212,0.054347,0.030865,79,116,1,44,2,1,2,2,1,2,0,0,1,2,2,0,DoS,1
0.174168,udp,-,CON,8,4,362,178,63.157409,254,60,14560.65332,6154.976562,0,0,24.881143,27.738666,36.994285,39.214258,0,0,0,0,0.0,0.0,0.0,45,45,0,0,1,0,1,1,1,1,0,0,0,1,1,0,DoS,1
0.94467,tcp,-,FIN,12,10,1058,802,22.229985,254,252,8214.508789,6114.304199,3,2,82.166182,97.242219,4805.073475,159.492391,255,3130880439,2569193578,255,0.144176,0.069487,0.074689,88,80,0,0,3,1,1,1,1,2,0,0,0,15,2,0,DoS,1
0.64425,tcp,http,FIN,10,8,1290,1066,26.387273,254,252,14416.76465,11585.56543,2,2,71.583333,72.017,3637.71095,127.922711,255,402806721,1308038528,255,0.126079,0.045653,0.080426,129,133,1,98,1,1,1,1,1,1,0,0,1,2,1,0,DoS,1
0.50543,tcp,http,FIN,10,8,768,998,33.634728,62,252,10953.04981,13833.76563,2,2,56.158889,62.749285,3048.800449,101.54768,255,4012164948,2538358864,255,0.089834,0.042545,0.047289,77,125,1,90,1,1,1,1,1,1,0,0,1,2,1,0,DoS,1
1.049063,tcp,ftp,FIN,12,8,5848,444,18.111401,254,252,40882.19922,2966.456787,3,2,95.287636,137.884,7103.504915,238.854906,255,559331862,2800912130,255,0.174253,0.083874,0.090379,487,56,0,0,1,1,1,1,1,1,0,0,0,1,1,0,DoS,1
0.993531,tcp,smtp,FIN,34,22,19881,1980,55.358112,254,252,155381.1563,15218.44824,14,8,31.047844,46.63343,1898.68289,52.266148,255,3417989803,1639351870,255,0.046905,0.013454,0.033451,585,90,0,0,1,1,1,1,1,1,0,0,0,1,1,0,DoS,1
0.492847,tcp,-,FIN,10,6,2888,268,30.435409,254,252,42203.76563,3636.016846,2,1,53.939333,87.409,3884.370387,165.824391,255,3052268908,2922817852,255,0.110745,0.055798,0.054947,289,45,0,0,1,1,1,1,1,1,0,0,0,1,1,0,DoS,1
27.230862,sctp,-,CON,250,24,248562,1652,10.02539,254,60,72731.59375,465.35434,0,0,109.360898,395.649969,161.546219,453.78075,0,0,0,0,0.0,0.0,0.0,994,69,0,0,1,0,1,1,1,1,0,0,0,1,1,0,DoS,1
0.338194,tcp,http,FIN,10,6,996,268,44.353239,254,252,21218.58984,5298.733887,2,1,37.577111,60.477602,1812.287395,89.637641,255,3513853574,2922099458,255,0.101079,0.03508,0.065999,100,45,1,0,2,1,1,2,1,1,0,0,1,2,1,0,DoS,1
0.314988,tcp,http,FIN,10,8,856,1178,53.970312,62,252,19581.69922,26185.125,2,2,34.998667,34.701855,1755.263533,55.012246,255,1331786992,3534498133,255,0.069017,0.044697,0.02432,86,147,1,157,1,1,1,1,1,1,0,0,1,1,1,0,DoS,1
0.206717,tcp,http,FIN,10,8,842,1268,82.238036,62,252,29334.79102,42957.28125,2,2,22.968556,26.746428,1182.19599,44.484793,255,1206029973,1398015533,255,0.057682,0.011976,0.045706,84,159,1,212,1,1,1,1,1,1,0,0,1,1,1,0,DoS,1
0.523278,tcp,http,FIN,10,8,1008,1388,32.487512,254,252,13881.72266,18575.21289,2,2,58.142,64.839,2781.743337,98.507594,255,252046496,3671957917,255,0.130817,0.0687,0.062117,101,174,1,273,1,1,1,1,1,1,0,0,1,1,1,0,DoS,1
0.427162,tcp,http,FIN,10,8,760,1252,39.797548,62,252,12810.12891,20526.16992,2,2,47.462444,51.68543,2520.101728,63.530551,255,3363916355,1084967385,255,0.081318,0.064665,0.016653,76,157,1,229,1,1,1,1,1,1,0,0,1,1,1,0,DoS,1
1.793168,tcp,-,FIN,18,20,1018,5098,20.633873,62,252,4291.845703,21610.91406,6,8,105.480471,90.303264,6206.165696,5699.254993,255,3389623204,1477983093,255,0.127994,0.076159,0.051835,57,255,0,0,5,1,1,1,1,1,0,0,0,2,2,0,DoS,1
0.465417,tcp,-,FIN,12,8,940,436,40.823606,254,252,14816.82031,6566.154785,3,2,39.421001,61.534715,2061.221652,80.067578,255,2033786504,2357067522,255,0.097724,0.034666,0.063058,78,55,0,0,2,1,1,1,1,2,0,0,0,33,2,0,DoS,1
0.180091,tcp,http,FIN,10,6,1266,268,83.291228,254,252,50641.06641,9950.525391,2,1,19.369,34.687398,1014.616232,61.666855,255,1611472313,2838296218,255,0.055935,0.006645,0.04929,127,45,1,0,4,1,2,2,1,2,0,0,1,2,2,0,DoS,1
4.975931,tcp,http,FIN,12,10,924,1048,4.220316,62,252,1361.755127,1517.705933,2,2,452.357364,550.978,36671.36097,1044.294187,255,4239603213,1421281312,255,0.052756,0.007898,0.044858,77,105,1,78,2,1,1,1,1,1,0,0,1,1,1,0,DoS,1
0.471222,tcp,-,FIN,10,6,842,268,31.832129,254,252,12868.66895,3802.878418,2,1,51.295667,84.698602,3249.363426,152.481016,255,858889335,4176503231,255,0.08308,0.04772,0.03536,84,45,0,0,1,1,1,1,1,1,0,0,0,1,1,0,DoS,1
0.388233,tcp,-,FIN,10,8,1596,354,43.788137,254,252,29611.08398,6387.916504,2,1,41.744444,52.79157,2892.810433,115.549578,255,3556717040,3907548027,255,0.065162,0.018689,0.046473,160,44,0,0,2,1,1,1,1,2,0,0,0,1,2,0,DoS,1
0.212485,tcp,http,FIN,10,8,794,994,80.005647,62,252,26919.54688,32755.25391,2,2,23.609444,24.173143,1188.242462,38.843445,255,2078686418,1599431721,255,0.047539,0.02952,0.018019,79,124,1,75,1,1,1,1,1,1,0,0,1,1,1,0,DoS,1
0.217862,tcp,http,FIN,10,8,1214,1032,78.031049,254,252,40135.5,33158.60547,2,2,24.067111,28.527428,1330.092385,50.226758,255,2518537856,3604112495,255,0.032805,0.018165,0.01464,121,129,1,98,1,1,1,1,1,1,0,0,1,1,2,0,DoS,1
0.736185,tcp,http,FIN,16,6,11224,268,28.525438,254,252,114351.6875,2434.170654,5,1,47.083268,137.301203,3340.064432,208.745891,255,982108003,3521701044,255,0.085245,0.049675,0.03557,702,45,1,0,3,1,1,1,1,2,0,0,1,1,2,0,DoS,1
0.401201,tcp,-,FIN,10,6,484,268,37.387742,254,252,8693.896484,4466.588867,2,1,40.872556,63.959,2254.101235,97.189031,255,737928727,1251611276,255,0.159728,0.081397,0.078331,48,45,0,0,1,1,2,1,1,2,0,0,0,2,1,0,DoS,1
3.527841,tcp,-,FIN,20,18,2544,2156,10.488001,254,252,5480.972656,4619.255859,7,6,185.667584,198.922359,10663.82233,365.466906,255,2256047838,1684091664,255,0.270113,0.146156,0.123957,127,120,0,0,4,1,1,1,1,1,0,0,0,2,1,0,DoS,1
0.623767,tcp,http,FIN,10,8,854,1266,27.253765,62,252,9862.657227,14210.43359,2,2,69.307444,83.785141,4337.471368,173.086469,255,1365716157,1021666664,255,0.044872,0.021933,0.022939,85,158,1,208,1,1,1,1,1,1,0,0,1,1,1,0,DoS,1
0.735599,tcp,smtp,FIN,26,20,9835,1744,61.174636,254,252,102849.5156,18020.6875,10,8,29.42396,37.276738,1618.8548,51.064375,255,1468605166,1306680547,255,0.034198,0.026708,0.00749,378,87,0,0,1,1,1,1,1,1,0,0,0,1,1,0,DoS,1
3e-06,udp,-,INT,2,0,75,0,333333.3215,254,0,101333328.0,0.0,0,0,0.003,0.0,0.0,0.0,0,0,0,0,0.0,0.0,0.0,38,0,0,0,1,2,1,1,1,1,0,0,0,23,1,0,DoS,1
3.379153,tcp,http,FIN,10,8,812,354,5.030846,62,252,1730.611206,733.911743,2,1,368.134,471.854438,28294.63267,809.131375,255,2083555819,2930978834,255,0.17763,0.076169,0.101461,81,44,0,0,1,1,2,1,1,2,0,0,0,1,1,0,DoS,1
0.31537,tcp,http,FIN,10,8,764,1068,53.904938,62,252,17452.51563,23718.17188,2,2,35.041111,35.694285,1800.800375,58.126836,255,3025519479,1351995710,255,0.098153,0.043432,0.054721,76,134,1,127,1,1,2,1,1,3,0,0,1,2,1,0,DoS,1
0.675077,tcp,http,FIN,12,20,928,18394,45.920686,62,252,10084.77539,207087.4844,2,8,61.370634,30.157685,3327.609327,3087.976565,255,798630320,599215897,255,0.15505,0.101336,0.053714,77,920,1,8528,1,1,1,1,1,1,0,0,1,1,1,0,DoS,1
6.616735,tcp,-,FIN,414,72,559418,3106,73.298991,254,252,674734.0,3703.337158,204,1,15.908403,90.848406,1758.467803,101.772906,255,2869359031,2489098364,255,0.251686,0.166497,0.085189,1351,43,0,0,5,1,1,1,1,1,0,0,0,3,1,0,DoS,1
4e-06,udp,dns,INT,2,0,126,0,250000.0006,254,0,126000000.0,0.0,0,0,0.004,0.0,0.0,0.0,0,0,0,0,0.0,0.0,0.0,63,0,0,0,1,2,1,1,1,3,0,0,0,2,1,0,DoS,1
0.704965,tcp,http,FIN,10,14,842,12242,32.625733,62,252,8601.845703,129004.9844,2,5,78.329444,44.852924,3892.722412,3805.631379,255,174742315,1885599326,255,0.188375,0.077318,0.111057,84,874,0,0,1,1,1,1,1,1,0,0,0,1,1,0,DoS,1
0.959592,tcp,-,FIN,10,8,806,354,17.715863,254,252,6052.572266,2584.431641,2,1,100.987444,127.013859,7311.486517,167.522469,255,3935392440,269318422,255,0.127924,0.07049,0.057434,81,44,0,0,2,1,1,1,1,1,0,0,0,2,1,0,DoS,1
1.439095,tcp,smtp,FIN,24,20,4993,1762,29.879889,62,252,26600.05078,9305.848633,9,8,62.569348,73.573266,3171.307223,89.115797,255,1946434612,3031797170,255,0.082486,0.040616,0.04187,208,88,0,0,1,1,1,1,1,1,0,0,0,1,1,0,DoS,1
1.1e-05,sctp,-,INT,2,0,640,0,90909.0902,254,0,232727264.0,0.0,0,0,0.011,0.0,0.0,0.0,0,0,0,0,0.0,0.0,0.0,320,0,0,0,1,2,1,1,1,1,0,0,0,20,1,0,DoS,1
9e-06,udp,dhcp,INT,2,0,1152,0,111111.1072,62,0,511999968.0,0.0,0,0,0.009,0.0,0.0,0.0,0,0,0,0,0.0,0.0,0.0,576,0,0,0,1,2,1,1,1,1,0,0,0,1,1,0,DoS,1
0.921203,tcp,http,FIN,12,8,4428,354,20.625204,254,252,35249.55859,2692.131836,3,1,81.339999,121.611289,5860.592254,177.787453,255,1287840256,1579960681,255,0.128081,0.069915,0.058166,369,44,1,0,1,1,1,1,1,1,0,0,1,1,1,0,DoS,1
0.285847,tcp,-,FIN,10,6,3354,268,52.475624,254,252,84492.75,6269.087891,2,1,30.156111,52.113398,1922.687645,91.280875,255,1932783651,940476587,255,0.076408,0.025278,0.05113,335,45,0,0,1,1,1,1,1,1,0,0,0,1,1,0,DoS,1
0.836808,tcp,ftp,FIN,12,12,688,728,27.485396,254,252,6032.446777,6386.171875,3,3,76.061634,72.086547,4708.726845,98.984141,255,429061300,218951937,255,0.096276,0.043851,0.052425,57,61,0,0,1,1,1,1,1,1,0,0,0,10,1,0,DoS,1
9e-06,udp,dns,INT,2,0,110,0,111111.1072,62,0,48888888.0,0.0,0,0,0.009,0.0,0.0,0.0,0,0,0,0,0.0,0.0,0.0,55,0,0,0,36,2,1,33,1,1,0,0,0,33,1,0,DoS,1
0.544833,tcp,http,FIN,16,6,11798,268,38.54392,254,252,162413.0625,3289.081299,5,1,36.322201,100.973203,3484.233989,193.542078,255,2499061423,2941086784,255,0.044549,0.025783,0.018766,737,45,1,0,1,1,1,1,1,1,0,0,1,1,1,0,DoS,1
0.515986,tcp,http,FIN,10,8,770,1054,32.946629,62,252,10744.47656,14310.46484,2,2,57.178111,60.60543,2778.177121,92.111,255,181788541,3958134592,255,0.125861,0.091741,0.03412,77,132,1,117,1,1,2,1,1,1,0,0,1,23,1,0,DoS,1
0.90049,tcp,-,FIN,10,8,670,354,18.878611,254,252,5357.083496,2754.056152,2,1,100.054444,115.377711,5866.97096,196.927562,255,3575541204,3821281819,255,0.114666,0.063783,0.050883,67,44,0,0,2,1,3,1,1,2,0,0,0,18,5,0,DoS,1
55.074406,tcp,smtp,FIN,7684,1174,10187247,51218,160.818803,62,252,1479587.0,7433.580078,3838,8,7.186118,46.884844,1133.322402,76.426594,255,2239807063,216586960,255,0.11461,0.060989,0.053621,1326,44,0,0,1,1,1,1,1,1,0,0,0,1,1,0,DoS,1
0.315423,tcp,-,FIN,12,10,1176,1794,66.57726,62,252,27341.0625,40960.86719,3,3,28.674819,33.547777,1413.781188,44.496012,255,3923156889,2911520259,255,0.047391,0.012798,0.034593,98,179,1,215,1,1,1,1,1,1,0,0,1,1,1,0,DoS,1
0.321426,tcp,http,FIN,10,8,886,1360,52.889311,254,252,19861.49219,29618.01367,2,2,35.714,41.520855,1707.951456,58.612844,255,776736523,2023665492,255,0.080643,0.02999,0.050653,89,170,1,254,1,1,1,1,1,1,0,0,1,1,1,0,DoS,1
1.5e-05,udp,-,INT,2,0,86,0,66666.66835,254,0,22933334.0,0.0,0,0,0.015,0.0,0.0,0.0,0,0,0,0,0.0,0.0,0.0,43,0,0,0,1,2,1,1,1,1,0,0,0,2,1,0,DoS,1
3.394166,tcp,-,FIN,18,16,1254,698,9.722565,254,252,2793.027832,1543.825439,6,1,199.656824,222.424469,11274.07085,319.606781,255,3039967581,3889240287,255,0.104945,0.057149,0.047796,70,44,0,0,1,1,18,1,1,1,0,0,0,1,1,0,DoS,1
0.708521,tcp,http,FIN,10,10,942,1476,26.816424,62,252,9574.875,15005.90625,2,2,78.713,74.917445,4975.675012,126.185898,255,2766809953,2309983270,255,0.044082,0.034255,0.009827,94,148,1,278,1,1,2,1,1,1,0,0,1,1,1,0,DoS,1
0.62389,tcp,http,FIN,10,8,800,1272,27.248394,62,252,9232.397461,14271.74707,2,2,69.321111,84.424859,4236.670746,175.134703,255,1125320704,1658463817,255,0.047086,0.022079,0.025007,80,159,1,232,1,1,1,1,1,1,0,0,1,1,1,0,DoS,1
0.60739,tcp,http,FIN,10,10,856,1354,31.281385,62,252,10154.92578,16055.58203,2,2,67.487778,64.172223,4451.147073,108.135961,255,2379444549,1625770879,255,0.119772,0.029139,0.090633,86,135,1,206,1,1,1,1,1,1,0,0,1,1,1,0,DoS,1
1.167777,tcp,http,FIN,20,80,1196,99976,84.776464,62,252,7789.158691,676341.5,2,38,61.461946,13.711329,2921.580485,1634.019362,255,4251176711,2410617090,255,0.145203,0.083865,0.061338,60,1250,1,48128,1,1,1,1,1,1,0,0,1,2,1,0,DoS,1
0.314765,tcp,-,FIN,10,6,936,268,47.654599,254,252,21425.50781,5693.13623,2,1,29.001,51.302199,1474.58173,63.600828,255,2789417306,204964189,255,0.084594,0.058246,0.026348,94,45,0,0,1,1,1,1,1,1,0,0,0,1,1,0,DoS,1
0.462034,tcp,http,FIN,24,8,21808,354,67.094631,254,252,361878.125,5367.570312,9,1,19.470522,58.101855,1733.330813,95.58518,255,1428136761,1170065815,255,0.103629,0.055318,0.048311,909,44,1,0,1,1,1,1,1,1,0,0,1,1,1,0,DoS,1
0.646201,tcp,http,FIN,10,8,818,908,26.307603,62,252,9124.095703,9842.138672,2,2,71.800111,77.548,4023.467776,130.771469,255,2826680179,1962559949,255,0.181027,0.102606,0.078421,82,114,1,34,1,1,2,1,1,1,0,0,1,2,2,0,DoS,1
1.651365,tcp,smtp,FIN,18,20,2408,1380,22.405706,62,252,11021.18555,6351.109375,6,6,97.139118,84.449687,5294.598054,128.071492,255,3378511894,3897353072,255,0.059799,0.021593,0.038206,134,69,0,0,1,1,1,1,1,1,0,0,0,18,1,0,DoS,1
5.237003,tcp,http,FIN,92,550,4358,724580,122.398253,62,252,6585.446289,1104850.25,2,273,57.549485,9.381808,2853.166725,1260.0292,255,707547179,1393928389,255,0.126343,0.075851,0.050492,47,1317,1,351016,1,1,1,1,1,1,0,0,1,1,1,0,DoS,1
1.184855,tcp,http,FIN,10,8,1268,354,14.347747,62,252,7710.648438,2093.083252,2,1,128.675222,161.405422,7627.278615,253.287438,255,3084528244,203195669,255,0.147529,0.055014,0.092515,127,44,1,0,3,1,1,1,1,1,0,0,1,3,1,0,DoS,1
0.398313,tcp,http,FIN,10,8,828,3200,42.680004,62,252,14983.19238,56237.18359,2,2,44.257,41.619855,2173.416561,62.122742,255,3923980168,814675283,255,0.11636,0.078425,0.037935,83,400,1,7838,2,1,1,1,1,1,0,0,4,1,1,0,DoS,1
3.7e-05,udp,-,INT,2,0,106,0,27027.02585,254,0,11459459.0,0.0,0,0,0.037,0.0,0.0,0.0,0,0,0,0,0.0,0.0,0.0,53,0,0,0,1,2,1,1,1,1,0,0,0,1,1,0,DoS,1
0.417482,tcp,http,FIN,10,8,856,1312,40.72032,62,252,14774.29004,21998.55469,2,2,46.386889,56.372285,2744.746617,81.690141,255,2978967720,2226667127,255,0.051417,0.021934,0.029483,86,164,1,755,2,1,2,2,2,2,0,0,4,19,2,0,DoS,1
7.768967,ospf,-,REQ,20,0,5440,0,2.445628,254,0,5321.685547,0.0,0,0,465.277062,0.0,492.987781,0.0,0,0,0,0,0.0,0.0,0.0,272,0,0,0,1,6,1,1,1,4,0,0,0,1,1,0,DoS,1
1.278484,tcp,http,FIN,10,10,802,1098,14.861352,62,252,4517.851074,6188.57959,2,2,142.053778,134.641781,9765.987927,215.217516,255,1367864423,1861192807,255,0.140817,0.065962,0.074855,80,110,1,99,1,1,1,1,1,1,0,0,1,2,1,0,DoS,1
5e-06,udp,-,INT,2,0,1714,0,200000.0051,254,0,1371200000.0,0.0,0,0,0.005,0.0,0.0,0.0,0,0,0,0,0.0,0.0,0.0,857,0,0,0,3,2,1,1,1,1,0,0,0,2,1,0,DoS,1
0.194955,udp,-,CON,8,4,362,178,56.423275,254,60,13008.12988,5498.70459,0,0,27.850715,38.498668,44.586293,54.437559,0,0,0,0,0.0,0.0,0.0,45,45,0,0,1,0,1,1,1,1,0,0,0,1,1,0,DoS,1
2.866831,tcp,smtp,FIN,24,22,2519,1718,15.696774,62,252,6739.148438,4576.481934,8,8,124.601693,131.917578,6651.365307,196.247953,255,2624029201,295844243,255,0.168139,0.096561,0.071578,105,78,0,0,1,1,3,1,1,2,0,0,0,2,1,0,DoS,1
0.391453,tcp,http,FIN,10,8,814,948,43.427947,62,252,14980.08691,16962.44531,2,2,43.494778,40.875715,2158.320446,62.045996,255,594611015,3218590324,255,0.098482,0.046221,0.052261,81,119,1,56,1,1,1,1,1,1,0,0,1,1,1,0,DoS,1
2.219851,tcp,http,FIN,10,10,878,1212,8.559133,62,252,2850.641846,3931.79541,2,2,246.650111,239.798328,16637.39268,536.4325,255,3621137419,50361805,255,0.099867,0.061044,0.038823,88,121,1,135,1,1,1,1,1,1,0,0,1,1,1,0,DoS,1
0.347385,tcp,-,FIN,12,8,1120,694,54.694361,254,252,23650.99219,14001.75684,3,2,29.657363,45.363145,1590.291113,70.021203,255,4117082752,2048193730,255,0.072283,0.029834,0.042449,93,87,0,0,1,1,1,1,1,1,0,0,0,1,1,0,DoS,1
0.491636,tcp,http,FIN,10,10,836,4160,38.646478,62,252,12252.96777,60923.12109,2,3,54.626222,47.949778,2819.249945,3590.779306,255,2612795710,3757248124,255,0.126637,0.059329,0.067308,84,416,1,1616,1,1,1,1,1,1,0,0,1,2,1,0,DoS,1
0.671133,tcp,http,FIN,10,10,818,5822,28.310336,62,252,8785.144531,62461.53906,2,3,74.570333,63.159778,3867.414035,4912.088175,255,66169409,1576202448,255,0.171053,0.079914,0.091139,82,582,1,2470,1,1,1,1,1,1,0,0,1,1,1,0,DoS,1
59.760056,ospf,-,INT,180,0,48960,0,2.995312,254,0,6517.79834,0.0,0,0,333.854969,0.0,403.300313,0.0,0,0,0,0,0.0,0.0,0.0,272,0,0,0,1,2,2,1,1,4,0,0,0,24,1,0,DoS,1
0.336225,tcp,-,FIN,10,6,1596,268,44.612982,254,252,34191.39063,5329.76416,2,1,35.549111,53.421,1867.454588,83.633781,255,3509470601,848391315,255,0.118856,0.069111,0.049745,160,45,0,0,1,1,1,1,1,1,0,0,0,1,1,0,DoS,1
0.226563,tcp,http,FIN,12,6,3886,268,75.034315,254,252,125810.4766,7909.499512,3,1,18.973364,36.500602,1107.29145,59.989051,255,1284553157,571335915,255,0.076173,0.044057,0.032116,324,45,1,0,2,1,1,1,1,1,0,0,1,3,1,0,DoS,1
1.1e-05,udp,-,INT,2,0,2914,0,90909.0902,254,0,1059636352.0,0.0,0,0,0.011,0.0,0.0,0.0,0,0,0,0,0.0,0.0,0.0,1457,0,0,0,2,2,1,1,1,1,0,0,0,1,1,0,DoS,1
0.619454,tcp,http,FIN,10,12,772,8098,33.900821,62,252,8975.645508,95877.97656,2,4,68.814444,50.122817,3586.32299,3266.681929,255,3605094725,2244921856,255,0.143606,0.068093,0.075513,77,675,1,3551,1,1,1,1,1,1,0,0,1,1,1,0,DoS,1
0.288049,tcp,http,FIN,10,8,882,2148,59.017734,62,252,22051.80273,52213.33594,2,2,31.898667,33.29157,1611.379328,53.451488,255,658675441,1777285460,255,0.073584,0.055003,0.018581,88,269,1,647,1,1,1,1,1,1,0,0,1,1,1,0,DoS,1
36.595112,tcp,-,CON,514,3350,22574,4501158,105.560546,62,252,4925.466797,983697.5,2,1674,71.335472,10.890711,3519.362873,1337.642817,255,2015405970,1577326507,255,0.15936,0.070448,0.088912,44,1344,1,2183173,1,3,6,2,2,2,0,0,2,3,6,0,DoS,1
7.505508,tcp,smtp,FIN,564,100,719717,5306,88.335127,62,252,765774.6875,5599.087891,279,8,13.402692,74.78232,1528.293847,86.538859,255,861716708,2601061668,255,0.222051,0.076432,0.145619,1276,53,0,0,1,1,1,1,1,1,0,0,0,1,1,0,DoS,1
2e-05,udp,-,INT,2,0,1618,0,50000.00126,254,0,323600000.0,0.0,0,0,0.02,0.0,0.0,0.0,0,0,0,0,0.0,0.0,0.0,809,0,0,0,1,2,1,1,1,1,0,0,0,1,1,0,DoS,1
1.494859,tcp,-,FIN,26,68,1348,69806,62.213226,62,252,6941.123047,368088.2188,6,32,59.794359,21.381164,2911.169016,1806.40752,255,3146218828,795882453,255,0.077496,0.020426,0.05707,52,1027,0,0,1,1,1,1,1,1,0,0,0,1,1,0,DoS,1
0.437998,tcp,http,FIN,20,6,17090,268,57.077887,254,252,296549.3125,4091.343018,7,1,23.052527,74.988398,1632.66691,118.937398,255,3722315234,855010882,255,0.111251,0.062404,0.048847,855,45,1,0,1,1,2,2,1,2,0,0,1,19,1,0,DoS,1
0.553072,tcp,http,FIN,10,6,932,268,27.121244,254,252,12135.85254,3240.084717,2,1,58.075,103.026,3314.429963,177.426953,255,65828410,2238433674,255,0.100438,0.037934,0.062504,93,45,1,0,1,1,1,1,1,10,0,0,1,4,1,0,DoS,1
59.49836,ospf,-,REQ,74,0,20128,0,1.226925,254,0,2669.787842,0.0,0,0,828.756313,0.0,998.777438,0.0,0,0,0,0,0.0,0.0,0.0,272,0,0,0,1,6,1,1,1,1,0,0,0,1,1,0,DoS,1
0.728605,tcp,smtp,FIN,44,20,38402,1324,86.466607,62,252,412075.1563,13812.69727,19,6,16.74907,35.630684,1288.452518,47.525488,255,1781427594,1928730927,255,0.07967,0.051619,0.028051,873,66,0,0,1,1,1,1,1,1,0,0,0,1,1,0,DoS,1
0.756677,udp,dns,CON,2,2,122,318,3.964704,62,252,644.92511,1681.034424,0,0,0.008,0.008,0.0,0.0,0,0,0,0,0.0,0.0,0.0,61,159,0,0,1,3,1,1,1,1,0,0,0,1,1,0,DoS,1
3.910883,tcp,-,FIN,16,8,10986,354,5.881025,254,252,21069.41016,634.12793,5,1,256.882065,537.841,22124.62273,810.117062,255,1714962033,934203799,255,0.269616,0.145991,0.123625,687,44,0,0,1,1,1,1,1,1,0,0,0,1,1,0,DoS,1
1.715834,tcp,smtp,FIN,20,20,3056,1650,22.729471,254,252,13539.77148,7310.730469,7,8,90.307052,83.889898,4703.916879,112.401531,255,1142282659,4183286236,255,0.134417,0.071414,0.063003,153,83,0,0,1,1,1,1,1,1,0,0,0,2,1,0,DoS,1
1.650063,tcp,http,FIN,10,10,790,1280,11.514712,62,252,3447.141113,5585.241211,2,2,183.313,177.034891,10790.73854,269.201969,255,3632970120,1120648498,255,0.114726,0.05674,0.057986,79,128,1,183,1,1,1,1,1,1,0,0,1,2,1,0,DoS,1
0.583733,tcp,-,FIN,10,10,504,522,32.549127,254,252,6222.022461,6441.300781,2,2,64.859222,55.657445,4135.005487,118.796336,255,4027223805,2291017177,255,0.136478,0.066293,0.070185,50,52,0,0,3,1,1,1,1,3,0,0,0,1,2,0,DoS,1
19.888327,ospf,-,INT,20,0,900,0,0.955334,254,0,343.920349,0.0,0,0,1046.753875,0.0,1227.6275,0.0,0,0,0,0,0.0,0.0,0.0,45,0,0,0,1,2,1,1,1,1,0,0,0,1,1,0,DoS,1
0.299681,tcp,http,FIN,10,6,652,268,50.053222,254,252,15669.99512,5979.691406,2,1,29.732222,52.783,1438.686883,68.172383,255,1308621296,2932446067,255,0.053533,0.035761,0.017772,65,45,1,0,1,1,1,1,1,2,0,0,1,1,1,0,DoS,1
0.580351,tcp,http,FIN,10,8,790,964,29.292618,62,252,9800.96582,11634.33887,2,2,64.383111,71.06257,3448.024458,84.353352,255,4207259800,1632242433,255,0.142558,0.082904,0.059654,79,121,1,76,1,1,3,1,1,1,0,0,1,1,1,0,DoS,1
58.705761,ospf,-,REQ,60,0,16320,0,1.005012,254,0,2186.90625,0.0,0,0,1022.608875,0.0,1273.60675,0.0,0,0,0,0,0.0,0.0,0.0,272,0,0,0,1,6,2,1,1,1,0,0,0,2,1,0,DoS,1
0.35486,tcp,-,FIN,10,6,2392,268,42.27019,254,252,48537.44922,5049.878906,2,1,36.433889,50.771398,1942.722871,75.698734,255,3859518099,50386669,255,0.13819,0.101,0.03719,239,45,0,0,3,1,2,1,1,2,0,0,0,3,1,0,DoS,1
5e-06,udp,-,INT,2,0,216,0,200000.0051,62,0,172800000.0,0.0,0,0,0.005,0.0,0.0,0.0,0,0,0,0,0.0,0.0,0.0,108,0,0,0,1,2,2,1,1,1,0,0,0,1,1,0,DoS,1
10.500966,tcp,ftp,FIN,36,40,1836,2132,7.1422,254,252,1359.874878,1583.854248,11,15,300.027593,266.4834,17727.44139,18640.3074,255,2109276066,3160546588,255,0.268392,0.105106,0.163286,51,53,0,0,1,1,1,1,1,1,1,1,0,1,1,0,DoS,1
0.512371,tcp,http,FIN,10,6,792,268,29.275661,254,252,11132.55859,3497.465576,2,1,53.030444,93.078203,2850.615293,138.396547,255,3173573025,1925695504,255,0.069538,0.046976,0.022562,79,45,1,0,4,1,1,1,1,1,0,0,1,1,1,0,DoS,1
0.845817,tcp,pop3,FIN,20,20,968,2708,46.109263,62,252,8701.645508,24336.23242,7,8,44.470002,40.839684,2150.744093,47.586312,255,1677864635,598753763,255,0.093176,0.069842,0.023334,48,135,0,0,1,1,2,1,1,1,0,0,0,1,2,0,DoS,1
0.487175,tcp,http,FIN,10,8,824,1226,34.895059,62,252,12184.5332,17619.95313,2,2,54.130556,63.038285,3056.529057,87.824227,255,3952702657,1258947228,255,0.102307,0.045181,0.057126,82,153,1,199,1,1,1,1,1,1,0,0,1,1,1,0,DoS,1
8e-06,udp,-,INT,2,0,1242,0,125000.0003,254,0,621000000.0,0.0,0,0,0.008,0.0,0.0,0.0,0,0,0,0,0.0,0.0,0.0,621,0,0,0,4,2,1,1,1,1,0,0,0,2,1,0,DoS,1
0.844782,tcp,-,FIN,14,12,1438,2358,29.593434,254,252,12651.78516,20473.92188,4,3,63.217849,73.536,3877.01997,117.734922,255,454896922,1942110574,255,0.089245,0.035878,0.053367,103,197,0,0,3,1,1,1,1,1,0,0,0,2,1,0,DoS,1
2.071955,tcp,smtp,FIN,226,50,271922,3024,132.724892,62,252,1045269.813,11444.26465,110,8,9.208689,41.935898,990.370905,51.461664,255,1898679406,4261929613,255,0.032946,0.016311,0.016635,1203,60,0,0,1,1,1,1,1,1,0,0,0,1,1,0,DoS,1
0.520064,tcp,-,FIN,10,8,718,358,32.688285,62,252,9952.621094,4830.174805,2,2,57.784889,67.17443,3306.532957,110.560305,255,4256568944,1906158068,255,0.251866,0.048323,0.203543,72,45,0,0,1,1,1,1,1,1,0,0,0,2,1,0,DoS,1
0.081419,udp,dns,INT,3,0,158,0,24.564291,254,0,10415.25977,0.0,0,0,0.003,0.0,0.0,0.0,0,0,0,0,0.0,0.0,0.0,53,0,0,0,1,2,1,1,1,1,0,0,0,1,1,0,DoS,1
0.56028,tcp,http,FIN,10,10,816,1034,33.911614,62,252,10494.75195,13293.35254,2,2,62.253333,54.444109,3980.091387,111.728258,255,2592957845,1488322847,255,0.094405,0.029048,0.065357,82,103,1,55,2,1,1,1,1,1,0,0,1,1,1,0,DoS,1
0.292284,tcp,http,FIN,10,8,858,1274,58.162607,254,252,21157.50391,30518.26172,2,2,32.476,36.69,1577.186874,50.737422,255,508482113,1447533536,255,0.092716,0.0347,0.058016,86,159,1,210,1,1,1,1,1,1,0,0,1,1,1,0,DoS,1
0.566744,tcp,-,FIN,22,10,18453,440,54.698415,254,252,248648.4063,5589.825195,8,1,28.3372,59.068777,2605.627713,73.972242,255,1756015979,3891336888,255,0.096029,0.034478,0.061551,839,44,0,0,2,1,1,1,1,1,0,0,0,2,1,0,DoS,1
1.1e-05,udp,-,INT,2,0,1980,0,90909.0902,254,0,720000000.0,0.0,0,0,0.011,0.0,0.0,0.0,0,0,0,0,0.0,0.0,0.0,990,0,0,0,1,2,1,1,1,1,0,0,0,1,1,0,DoS,1
1.899846,tcp,http,FIN,10,8,1330,354,8.948094,254,252,5040.408691,1305.369019,2,1,204.379111,258.015422,13615.9896,529.683875,255,473828032,3856038359,255,0.172713,0.093731,0.078982,133,44,1,0,1,1,1,1,1,1,0,0,1,1,1,0,DoS,1
0.615819,tcp,http,FIN,10,10,954,1334,30.853223,62,252,11159.12305,15601.98731,2,2,68.424333,57.317891,4287.301087,113.456734,255,2183988215,225286235,255,0.094157,0.033714,0.060443,95,133,1,201,1,1,1,1,1,1,0,0,1,2,1,0,DoS,1
2.796457,tcp,-,FIN,256,42,330633,1816,106.205815,62,252,942169.3125,5072.132324,125,1,10.865117,66.546172,1244.638518,77.151641,255,676064944,2608792649,255,0.166494,0.068061,0.098433,1292,43,1,0,2,1,1,1,1,1,0,0,1,1,1,0,DoS,1
0.468131,tcp,http,FIN,10,8,878,1512,36.314621,62,252,13517.58398,22609.05664,2,2,52.014556,61.613855,2780.019625,116.580062,255,3943122205,399538538,255,0.079463,0.017237,0.062226,88,189,1,54,3,1,1,1,1,1,0,0,4,1,1,0,DoS,1
0.697162,tcp,http,FIN,10,10,800,1398,27.253351,62,252,8262.068359,14447.14453,2,2,77.462444,72.246,5368.936499,111.057102,255,919106110,3576474020,255,0.113397,0.046251,0.067146,80,140,1,249,2,1,1,1,1,1,0,0,1,1,1,0,DoS,1
1.03853,tcp,http,FIN,10,8,1234,354,16.369291,62,252,8558.250977,2387.990723,2,1,112.751444,133.084422,6252.354696,245.674391,255,1253545237,1570896566,255,0.179562,0.10693,0.072632,123,44,1,0,1,1,1,1,1,1,0,0,1,1,1,0,DoS,1
4e-06,sctp,-,INT,2,0,104,0,250000.0006,254,0,104000000.0,0.0,0,0,0.004,0.0,0.0,0.0,0,0,0,0,0.0,0.0,0.0,52,0,0,0,1,2,1,1,1,1,0,0,0,2,1,0,DoS,1
3.54658,tcp,smtp,FIN,68,28,69642,2166,26.786368,254,252,154781.2188,4712.14502,31,8,52.919401,128.620961,4213.436342,151.392469,255,4186975798,3585436417,255,0.171949,0.073811,0.098138,1024,77,0,0,1,1,1,1,1,1,0,0,0,1,1,0,DoS,1
1.831741,tcp,http,FIN,38,206,1990,264888,132.660678,62,252,8464.079102,1151267.625,2,101,49.481866,8.89698,2771.49147,1371.417324,255,110983305,551947674,255,0.072179,0.01675,0.055429,52,1286,1,0,2,1,2,2,2,2,0,0,4,2,2,0,DoS,1
2.329077,tcp,smtp,FIN,24,20,3313,1842,18.462249,62,252,10905.60742,6010.964844,8,8,101.264216,117.835945,5385.140851,146.195594,255,3362995397,2240123708,255,0.165109,0.074849,0.09026,138,92,0,0,1,1,2,1,1,2,0,0,0,2,1,0,DoS,1
57.977638,ospf,-,INT,72,0,19584,0,1.22461,254,0,2664.751465,0.0,0,0,816.5865,0.0,1094.07825,0.0,0,0,0,0,0.0,0.0,0.0,272,0,0,0,1,2,1,1,1,1,0,0,0,1,1,0,DoS,1
2.49404,tcp,http,FIN,14,6,994,268,7.618162,62,252,2960.658203,718.512939,6,1,191.849236,483.371594,19092.72594,960.689125,255,3475933781,1831029240,255,0.122482,0.06677,0.055712,71,45,1,0,1,1,18,1,1,26,0,0,1,18,1,0,DoS,1
0.46561,sctp,-,CON,4,2,568,432,10.738601,254,60,7319.430664,3711.260498,0,0,155.203328,0.009,219.482875,0.0,0,0,0,0,0.0,0.0,0.0,142,216,0,0,1,0,1,1,1,1,0,0,0,1,1,0,DoS,1
0.523821,tcp,http,FIN,14,8,7548,3100,40.090031,254,252,107044.2031,41434.0,4,2,40.293922,59.690145,2510.954816,87.765219,255,3190455350,4054346304,255,0.091586,0.055427,0.036159,539,388,1,1239,1,1,1,1,1,1,0,0,1,1,1,0,DoS,1
13.753861,ospf,-,INT,20,0,1280,0,1.38143,254,0,707.292297,0.0,0,0,723.887438,0.0,830.381062,0.0,0,0,0,0,0.0,0.0,0.0,64,0,0,0,1,2,2,1,1,1,0,0,0,2,1,0,DoS,1
9e-06,gre,-,INT,2,0,156,0,111111.1072,254,0,69333328.0,0.0,0,0,0.009,0.0,0.0,0.0,0,0,0,0,0.0,0.0,0.0,78,0,0,0,1,2,1,1,1,1,0,0,0,1,1,0,DoS,1
0.352176,tcp,http,FIN,10,8,764,1544,48.271317,62,252,15628.54883,30689.19922,2,2,39.130667,48.426,2098.610208,65.45698,255,1621009509,1631675710,255,0.052161,0.01243,0.039731,76,193,1,364,1,1,29,1,1,1,0,0,1,1,1,0,DoS,1
0.208117,tcp,-,FIN,14,6,7008,268,91.294803,254,252,250166.9844,8610.541016,4,1,14.458077,39.521801,1038.079755,62.584484,255,515869787,3682704709,255,0.04931,0.010499,0.038811,501,45,0,0,1,1,1,1,1,1,0,0,0,1,1,0,DoS,1
0.91151,tcp,smtp,FIN,26,20,9849,1840,49.368631,254,252,83123.60938,15341.57617,10,8,36.4604,45.774422,1950.505566,55.183004,255,2288484942,3142738170,255,0.05864,0.011204,0.047436,379,92,0,0,1,1,1,1,1,2,0,0,0,1,1,0,DoS,1
0.295844,tcp,http,FIN,10,6,3234,268,50.702399,254,252,78717.16406,6057.246582,2,1,28.821778,53.109801,1484.145121,76.118117,255,3299138930,3312430651,255,0.052645,0.030287,0.022358,323,45,1,0,1,1,1,1,1,2,0,0,1,2,1,0,DoS,1
0.313469,tcp,http,FIN,10,8,774,1156,54.231839,62,252,17788.04297,25827.11523,2,2,34.829889,33.45743,1699.12559,61.900848,255,3455365036,3329592028,255,0.088644,0.046179,0.042465,77,145,1,166,1,1,1,1,1,1,0,0,1,1,1,0,DoS,1
2.123904,tcp,http,FIN,10,8,814,1196,8.004128,62,252,2760.953369,3943.681152,2,2,235.989333,285.239,16991.89969,642.663812,255,3497113426,1639987539,255,0.176494,0.114899,0.061595,81,150,1,196,1,1,1,1,1,1,0,0,1,1,1,0,DoS,1
7e-06,udp,-,INT,2,0,336,0,142857.1409,254,0,192000000.0,0.0,0,0,0.007,0.0,0.0,0.0,0,0,0,0,0.0,0.0,0.0,168,0,0,0,1,2,1,1,1,1,0,0,0,1,1,0,DoS,1
1.307596,tcp,-,FIN,32,120,1610,137138,115.479096,62,252,9544.232422,832036.8125,6,58,42.180515,10.782075,2012.665871,1030.363301,255,2058843720,4050559061,255,0.073347,0.023804,0.049543,50,1143,0,0,1,1,1,1,1,1,0,0,0,1,1,0,DoS,1
0.634085,tcp,-,FIN,10,6,1754,268,23.656134,62,252,19921.61914,2826.119629,2,1,63.674556,115.345797,3522.103619,179.906297,255,485447921,4059195632,255,0.145449,0.057352,0.088097,175,45,0,0,1,1,1,1,1,1,0,0,0,1,1,0,DoS,1
0.854442,tcp,-,FIN,16,6,11614,268,24.577444,254,252,101951.9141,2097.275146,5,1,54.810331,158.439594,4247.05759,278.395188,255,3477864392,3238335562,255,0.111526,0.062236,0.04929,726,45,0,0,1,1,1,1,1,1,0,0,0,1,1,0,DoS,1
1.092821,tcp,-,FIN,18,18,998,2576,32.027203,62,252,6903.234863,17810.78516,6,7,64.283588,56.175531,2979.064899,62.791383,255,121769016,904919271,255,0.126983,0.085095,0.041888,55,143,0,0,1,1,1,1,1,1,0,0,0,1,1,0,DoS,1
0.169502,udp,dns,CON,2,2,110,234,17.698906,254,60,2595.8396,5522.058594,0,0,0.009,0.005,0.0,0.0,0,0,0,0,0.0,0.0,0.0,55,117,0,0,1,0,1,1,1,1,0,0,0,1,1,0,DoS,1
7e-06,udp,-,INT,2,0,422,0,142857.1409,254,0,241142848.0,0.0,0,0,0.007,0.0,0.0,0.0,0,0,0,0,0.0,0.0,0.0,211,0,0,0,1,2,1,1,1,1,0,0,0,1,1,0,DoS,1
0.806072,tcp,http,FIN,10,10,794,4130,23.571095,62,252,7096.140137,36890.00391,2,3,89.563556,79.021889,5042.931821,5933.747608,255,3238699851,649679415,255,0.10674,0.060243,0.046497,79,413,1,1623,1,1,1,1,1,1,0,0,1,1,1,0,DoS,1
0.531851,tcp,-,FIN,12,8,5060,354,35.724292,254,252,69778.94531,4662.959961,3,1,45.054183,68.69957,3109.189112,118.152672,255,2849573703,1758162007,255,0.127138,0.05095,0.076188,422,44,0,0,1,1,1,1,1,1,0,0,0,1,1,0,DoS,1
1.419038,tcp,smtp,FIN,32,22,18535,1882,37.349245,62,252,101229.1406,10130.80664,13,8,45.775421,65.88543,2782.160372,78.436813,255,1896627166,798202003,255,0.090065,0.025004,0.065061,579,86,0,0,1,1,1,1,1,1,0,0,0,1,1,0,DoS,1
1e-06,udp,-,INT,2,0,754,0,1000000.003,254,0,3016000000.0,0.0,0,0,0.001,0.0,0.0,0.0,0,0,0,0,0.0,0.0,0.0,377,0,0,0,1,2,1,1,1,1,0,0,0,2,1,0,DoS,1
0.370355,tcp,http,FIN,14,8,7650,1066,56.702352,62,252,153452.7656,20153.63672,4,2,28.488845,45.517715,1619.442025,64.864828,255,2482200902,1683021520,255,0.08852,0.050986,0.037534,546,133,1,109,3,1,1,1,1,1,0,0,1,2,1,0,DoS,1
0.916925,tcp,smtp,FIN,26,20,9837,1712,49.077078,254,252,82528.01563,14195.27246,10,8,36.677,47.017895,2043.5949,61.831109,255,1503468176,2591371713,255,0.062842,0.017879,0.044963,378,86,0,0,1,1,1,1,1,1,0,0,0,17,1,0,DoS,1
1.081601,tcp,smtp,FIN,18,18,2710,1234,32.359437,254,252,18934.89258,8624.251953,6,7,63.623588,59.903176,3562.878069,99.151023,255,1451360386,1041271479,255,0.115379,0.05938,0.055999,151,69,0,0,1,1,1,1,1,1,0,0,0,1,1,0,DoS,1
0.85365,tcp,http,FIN,10,8,834,2234,19.914485,254,252,7038.013672,18321.32617,2,2,94.85,112.423859,5145.544396,209.445609,255,106357866,3708520719,255,0.125977,0.065841,0.060136,83,279,1,706,1,1,2,1,1,1,0,0,1,1,1,0,DoS,1
0.700194,tcp,http,FIN,10,8,824,1522,24.278985,62,252,8477.650391,15218.63965,2,2,77.789222,87.128,4104.324139,122.418344,255,1890424504,2103709216,255,0.140475,0.090297,0.050178,82,190,1,345,1,1,1,1,1,1,0,0,1,1,1,0,DoS,1
6.781447,tcp,-,FIN,10,8,466,354,2.50684,254,252,495.469482,365.703674,2,1,753.494111,942.095312,48121.39052,1464.212125,255,58585873,1826279588,255,0.199605,0.143774,0.055831,47,44,0,0,1,1,1,1,1,1,0,0,0,1,1,0,DoS,1
0.473454,tcp,-,FIN,8,16,364,13440,48.579165,254,252,5390.175293,212903.4688,1,6,67.440429,29.298867,4012.301053,2275.983175,255,905383232,1108677387,255,0.06063,0.033962,0.026668,46,840,0,0,1,1,2,1,1,2,0,0,0,2,1,0,DoS,1
0.567441,tcp,http,FIN,10,8,788,1360,29.959063,62,252,10009.85156,16777.07422,2,2,63.049,64.790715,3142.485208,99.475578,255,1798886249,1611595504,255,0.214208,0.112881,0.101327,79,170,1,274,1,1,1,1,1,1,0,0,1,1,1,0,DoS,1
0.70555,tcp,http,FIN,10,8,844,1252,24.094677,62,252,8617.390625,12427.18457,2,2,78.299111,89.90643,4052.317064,138.429375,255,641931411,232257137,255,0.164758,0.076204,0.088554,84,157,1,202,1,1,1,1,1,1,0,0,1,2,1,0,DoS,1
0.49456,tcp,http,FIN,10,8,802,1216,34.373989,62,252,11679.06836,17211.25781,2,2,54.933,65.05557,2787.367296,92.096461,255,2246807003,2051912877,255,0.081849,0.039169,0.04268,80,152,1,204,6,1,1,4,1,1,0,0,1,4,1,0,DoS,1
1.369859,tcp,http,FIN,16,50,1008,60523,47.45014,62,252,5518.816406,346388.9375,2,23,91.257398,26.480042,5774.52869,4215.788768,255,196302017,3476922607,255,0.169713,0.072335,0.097378,63,1210,1,29015,2,1,1,2,1,1,0,0,1,2,1,0,DoS,1
0.939261,tcp,dns,FIN,10,8,518,354,18.099335,254,252,3977.594971,2640.373535,2,1,101.653889,123.022859,5497.27877,214.726156,255,3307600874,444951665,255,0.16983,0.078098,0.091732,52,44,0,0,1,1,1,1,1,1,0,0,0,1,1,0,DoS,1
42.289818,tcp,http,FIN,704,4548,31016,6183627,124.167005,62,252,5858.999023,1169504.75,3,2272,60.327839,9.288363,2856.604424,1110.780004,255,1733190871,2721512566,255,0.094748,0.05663,0.038118,44,1360,1,257,1,1,2,1,1,1,0,0,1,1,1,0,DoS,1
0.985896,tcp,http,FIN,10,6,888,268,15.214587,254,252,6491.557129,1817.635986,2,1,109.544,172.002594,5638.01129,295.329063,255,1516578019,3891538419,255,0.209423,0.124794,0.084629,89,45,1,0,1,1,1,1,1,1,0,0,1,1,1,0,DoS,1
1.166475,tcp,-,FIN,10,6,1184,268,12.859255,62,252,7310.915039,1536.252319,2,1,129.501222,208.466,7345.566457,358.196406,255,249349179,1526859064,255,0.259453,0.124135,0.135318,118,45,0,0,1,1,1,1,1,1,0,0,0,1,1,0,DoS,1
0.772994,tcp,-,FIN,12,8,932,726,24.579752,254,252,8848.710938,6582.19873,3,2,70.272179,92.63543,3831.429072,130.288984,255,3863321971,4184994146,255,0.102481,0.05953,0.042951,78,91,0,0,4,1,2,1,1,3,0,0,0,2,3,0,DoS,1
0.414285,tcp,http,FIN,10,8,772,994,41.034553,62,252,13420.71289,16800.0293,2,2,46.031667,49.792285,2276.986585,78.805375,255,511306190,3448653797,255,0.107423,0.037291,0.070132,77,124,1,87,2,1,2,2,1,2,0,0,1,3,2,0,DoS,1
1.134194,tcp,http,FIN,10,10,786,1364,16.751984,62,252,4993.854492,8661.657227,2,2,126.021556,119.356336,6754.624126,208.7415,255,3068957929,3273286509,255,0.172004,0.059299,0.112705,79,136,1,234,1,1,1,1,1,1,0,0,1,1,1,0,DoS,1
0.37714,tcp,http,FIN,34,8,34330,354,108.712949,254,252,706814.5,6575.807617,14,1,11.428485,52.845145,1206.913301,71.96757,255,1914122933,772614733,255,0.052081,0.006054,0.046027,1010,44,1,0,1,1,1,1,1,1,0,0,1,1,1,0,DoS,1
0.317155,tcp,-,FIN,22,8,20964,354,91.437939,254,252,504787.875,7819.520508,8,1,11.959571,38.425285,949.287219,54.02366,255,3386720152,2046449846,255,0.068613,0.048175,0.020438,953,44,0,0,1,1,1,1,1,1,0,0,0,1,2,0,DoS,1
36.595112,tcp,http,CON,514,3350,22574,4501158,105.560546,62,252,4925.466797,983697.5,2,1674,71.335472,10.890711,3519.362873,1337.642817,255,2015405970,1577326507,255,0.15936,0.070448,0.088912,44,1344,1,2183173,1,3,6,2,2,2,0,0,2,3,1,0,DoS,1
0.657134,tcp,smtp,FIN,22,20,4087,1742,62.392146,62,252,47503.25,20148.09766,8,8,31.292094,33.334738,1595.553461,41.911914,255,546737478,2323219176,255,0.03782,0.020105,0.017715,186,87,0,0,1,1,1,1,1,1,0,0,0,1,1,0,DoS,1
1.629613,tcp,pop3,FIN,20,20,984,2972,23.932062,62,252,4590.046875,13863.41406,7,8,85.769105,78.250945,4114.951924,92.602875,255,4189967416,3556490459,255,0.147665,0.079577,0.068088,49,149,0,0,1,1,1,1,1,1,0,0,0,1,1,0,DoS,1
0.888601,tcp,smtp,FIN,22,20,3967,1776,46.139943,62,252,34094.04297,15196.92188,8,8,42.314334,46.315,2005.869916,52.328914,255,2384700110,2606162389,255,0.054005,0.007517,0.046488,180,89,0,0,2,1,1,1,1,1,0,0,0,2,1,0,DoS,1
0.47259,tcp,http,FIN,10,10,916,1068,40.203982,62,252,13965.59375,16284.72852,2,2,52.51,48.709,3336.516057,100.887687,255,3358698922,881658357,255,0.095986,0.024678,0.071308,92,107,1,73,1,1,1,1,1,1,0,0,1,23,1,0,DoS,1
1.182682,tcp,smtp,FIN,22,20,2851,1908,34.666968,62,252,18412.38672,12263.65137,8,8,56.318189,57.680949,3167.001345,97.587055,255,1560799975,654745563,255,0.131563,0.06416,0.067403,130,95,0,0,1,1,1,1,1,1,0,0,0,2,1,0,DoS,1
0.430465,tcp,http,FIN,12,10,1280,2268,48.784453,254,252,21818.26563,37949.65625,3,3,39.133183,43.363777,2044.138152,63.271133,255,1257519672,2822860856,255,0.077234,0.023831,0.053403,107,227,1,410,1,1,1,1,1,1,0,0,1,1,1,0,DoS,1
0.199119,tcp,http,FIN,10,12,838,8554,105.464571,62,252,30333.61914,315067.875,2,4,22.124333,15.984908,1135.965149,1471.568962,255,1228546674,3944172338,255,0.062398,0.016782,0.045616,84,713,1,3774,1,1,1,1,1,1,0,0,1,1,1,0,DoS,1
1.849917,tcp,-,FIN,10,8,1484,354,9.189601,254,252,5777.556152,1340.600708,2,1,202.680333,261.977281,12576.63148,414.199094,255,3340540541,2593534380,255,0.077895,0.016068,0.061827,148,44,0,0,2,1,1,1,1,1,0,0,0,2,2,0,DoS,1
1.863225,tcp,smtp,FIN,192,44,229813,2878,126.125402,254,252,981597.0,12077.9834,93,8,9.805831,42.691836,1199.492138,68.090539,255,792190519,906590133,255,0.042597,0.027475,0.015122,1197,65,0,0,1,1,1,1,1,1,0,0,0,1,1,0,DoS,1
0.911485,tcp,smtp,FIN,20,20,2082,1402,42.787319,62,252,17360.67969,11690.8125,7,8,47.972894,45.438156,2289.046326,51.400367,255,1670161008,2750197537,255,0.072771,0.047364,0.025407,104,70,0,0,1,1,1,1,1,1,0,0,0,1,1,0,DoS,1
1.161468,tcp,http,FIN,10,8,822,1762,14.636649,62,252,5096.998047,10621.04102,2,2,128.951778,160.161859,9348.848652,356.158937,255,468659272,1710494581,255,0.10787,0.040326,0.067544,82,220,1,466,2,1,1,1,1,1,0,0,1,1,1,0,DoS,1
0.096924,udp,-,CON,8,4,362,178,113.490983,254,60,26164.83008,11060.21191,0,0,13.846286,15.698,20.924734,22.193254,0,0,0,0,0.0,0.0,0.0,45,45,0,0,2,0,1,1,1,1,0,0,0,1,1,0,DoS,1
0.461702,tcp,http,FIN,10,8,830,876,36.820288,62,252,12943.41406,13289.95801,2,2,51.234556,56.239145,2689.620618,65.940086,255,3575199891,2131359332,255,0.114568,0.068023,0.046545,83,110,1,14,1,1,1,1,1,1,0,0,1,1,1,0,DoS,1
0.498971,tcp,-,FIN,10,6,586,268,30.061868,254,252,8465.421875,3591.391113,2,1,50.369111,94.497,3105.291612,149.402062,255,3310095224,1089650837,255,0.083896,0.026483,0.057413,59,45,0,0,1,1,30,1,1,1,0,0,0,1,1,0,DoS,1
3.19554,tcp,-,FIN,256,42,330633,1816,92.942039,62,252,824504.1875,4438.686523,125,1,12.322228,75.97032,1481.279171,83.971461,255,2094282606,577497591,255,0.184036,0.08075,0.103286,1292,43,1,0,1,1,1,1,1,1,0,0,1,1,1,0,DoS,1
6e-06,sctp,-,INT,2,0,78,0,166666.6608,254,0,52000000.0,0.0,0,0,0.006,0.0,0.0,0.0,0,0,0,0,0.0,0.0,0.0,39,0,0,0,1,2,1,1,1,1,0,0,0,2,1,0,DoS,1
2.015395,tcp,pop3,FIN,22,20,1042,2686,20.343407,62,252,3949.598145,10130.02441,7,8,95.97119,102.045523,4804.771097,143.856375,255,539069320,524307943,255,0.183284,0.076037,0.107247,47,134,0,0,1,1,1,1,1,1,0,0,0,1,1,0,DoS,1
3.229048,tcp,-,FIN,248,42,330293,1816,89.500063,62,252,815006.75,4392.625977,121,1,13.001765,78.164703,1458.720473,89.048844,255,2907392558,1850869684,255,0.21644,0.102454,0.113986,1332,43,1,0,1,1,1,1,1,1,0,0,1,1,1,0,DoS,1
3.484914,tcp,-,FIN,252,42,330468,1816,84.076679,62,252,755615.75,4070.114746,123,1,13.766777,81.728242,1632.123148,106.927406,255,3787860098,2157554384,255,0.234574,0.134046,0.100528,1311,43,1,0,2,1,1,1,1,1,0,0,1,1,1,0,DoS,1
1e-06,ggp,-,INT,2,0,180,0,1000000.003,254,0,720000000.0,0.0,0,0,0.001,0.0,0.0,0.0,0,0,0,0,0.0,0.0,0.0,90,0,0,0,4,2,3,4,3,3,0,0,0,4,3,0,DoS,1
4e-06,ipnip,-,INT,2,0,180,0,250000.0006,254,0,180000000.0,0.0,0,0,0.004,0.0,0.0,0.0,0,0,0,0,0.0,0.0,0.0,90,0,0,0,4,2,3,4,3,3,0,0,0,4,3,0,DoS,1
0.36256,tcp,http,FIN,10,8,904,1216,46.88879,62,252,17961.16406,23477.49219,2,2,40.284444,37.76743,1983.303611,51.843129,255,775202578,720288379,255,0.085762,0.056916,0.028846,90,152,1,210,2,1,1,1,1,1,0,0,1,1,1,0,DoS,1
13.914257,tcp,http,FIN,610,108,824715,4654,51.52988,254,252,473393.0,2651.09375,302,1,22.847522,128.887477,4425.710134,313.997594,255,484800992,3046328940,255,0.251911,0.123288,0.128623,1352,43,1,0,2,1,1,1,1,2,0,0,1,1,2,0,DoS,1
1.008568,st2,-,INT,4,0,360,0,2.974514,254,0,2141.650146,0.0,0,0,336.189344,0.0,475.433625,0.0,0,0,0,0,0.0,0.0,0.0,90,0,0,0,1,2,1,1,1,1,0,0,0,2,1,0,DoS,1
1.519138,cbt,-,INT,4,0,360,0,1.974804,254,0,1421.859009,0.0,0,0,506.379344,0.0,716.122875,0.0,0,0,0,0,0.0,0.0,0.0,90,0,0,0,7,2,7,7,7,7,0,0,0,7,7,0,DoS,1
2.4e-05,argus,-,INT,2,0,180,0,41666.66519,254,0,29999998.0,0.0,0,0,0.024,0.0,0.0,0.0,0,0,0,0,0.0,0.0,0.0,90,0,0,0,7,2,7,7,7,7,0,0,0,7,7,0,DoS,1
4e-06,bbn-rcc,-,INT,2,0,180,0,250000.0006,254,0,180000000.0,0.0,0,0,0.004,0.0,0.0,0.0,0,0,0,0,0.0,0.0,0.0,90,0,0,0,7,2,7,7,7,7,0,0,0,7,7,0,DoS,1
3.467566,tcp,http,FIN,162,30,208211,1300,55.081864,254,252,477397.6875,2900.016846,78,1,21.354487,115.841586,2748.136376,211.198047,255,2954187945,3103134718,255,0.196394,0.108153,0.088241,1285,43,1,0,2,1,1,1,1,2,0,0,1,1,2,0,DoS,1
4e-06,emcon,-,INT,2,0,180,0,250000.0006,254,0,180000000.0,0.0,0,0,0.004,0.0,0.0,0.0,0,0,0,0,0.0,0.0,0.0,90,0,0,0,3,2,2,2,2,3,0,0,0,4,3,0,DoS,1
4e-06,igp,-,INT,2,0,180,0,250000.0006,254,0,180000000.0,0.0,0,0,0.004,0.0,0.0,0.0,0,0,0,0,0.0,0.0,0.0,90,0,0,0,7,2,7,7,7,7,0,0,0,7,7,0,DoS,1
4e-06,nvp,-,INT,2,0,180,0,250000.0006,254,0,180000000.0,0.0,0,0,0.004,0.0,0.0,0.0,0,0,0,0,0.0,0.0,0.0,90,0,0,0,7,2,7,7,7,7,0,0,0,7,7,0,DoS,1
8e-06,chaos,-,INT,2,0,200,0,125000.0003,254,0,100000000.0,0.0,0,0,0.008,0.0,0.0,0.0,0,0,0,0,0.0,0.0,0.0,100,0,0,0,3,2,1,1,1,3,0,0,0,1,3,0,DoS,1
1.317599,mux,-,INT,4,0,400,0,2.276869,254,0,1821.494873,0.0,0,0,439.199656,0.0,621.105125,0.0,0,0,0,0,0.0,0.0,0.0,100,0,0,0,5,2,1,1,1,5,0,0,0,1,5,0,DoS,1
1e-05,dcn,-,INT,2,0,200,0,100000.0025,254,0,80000000.0,0.0,0,0,0.01,0.0,0.0,0.0,0,0,0,0,0.0,0.0,0.0,100,0,0,0,5,2,1,1,1,5,0,0,0,1,5,0,DoS,1
2e-06,prm,-,INT,2,0,200,0,500000.0013,254,0,400000000.0,0.0,0,0,0.002,0.0,0.0,0.0,0,0,0,0,0.0,0.0,0.0,100,0,0,0,5,2,2,2,2,5,0,0,0,2,5,0,DoS,1
9e-06,xns-idp,-,INT,2,0,200,0,111111.1072,254,0,88888888.0,0.0,0,0,0.009,0.0,0.0,0.0,0,0,0,0,0.0,0.0,0.0,100,0,0,0,5,2,2,2,2,5,0,0,0,2,5,0,DoS,1
3e-06,trunk-2,-,INT,2,0,200,0,333333.3215,254,0,266666656.0,0.0,0,0,0.003,0.0,0.0,0.0,0,0,0,0,0.0,0.0,0.0,100,0,0,0,4,2,2,1,1,6,0,0,0,2,4,0,DoS,1
1e-06,leaf-2,-,INT,2,0,200,0,1000000.003,254,0,800000000.0,0.0,0,0,0.001,0.0,0.0,0.0,0,0,0,0,0.0,0.0,0.0,100,0,0,0,4,2,3,2,2,6,0,0,0,3,4,0,DoS,1
2.196851,tcp,-,FIN,10,6,1638,268,6.827955,254,252,5371.324707,815.713013,2,1,240.051111,430.036406,19276.61586,806.408812,255,1396139416,1759492342,255,0.113804,0.04666,0.067144,164,45,0,0,1,1,1,1,1,1,0,0,0,2,1,0,DoS,1
6e-06,irtp,-,INT,2,0,200,0,166666.6608,254,0,133333328.0,0.0,0,0,0.006,0.0,0.0,0.0,0,0,0,0,0.0,0.0,0.0,100,0,0,0,4,2,2,2,2,4,0,0,0,2,4,0,DoS,1
4e-06,rdp,-,INT,2,0,200,0,250000.0006,254,0,200000000.0,0.0,0,0,0.004,0.0,0.0,0.0,0,0,0,0,0.0,0.0,0.0,100,0,0,0,4,2,2,2,2,4,0,0,0,2,4,0,DoS,1
1e-05,iso-tp4,-,INT,2,0,200,0,100000.0025,254,0,80000000.0,0.0,0,0,0.01,0.0,0.0,0.0,0,0,0,0,0.0,0.0,0.0,100,0,0,0,4,2,1,1,1,4,0,0,0,1,4,0,DoS,1
1e-06,netblt,-,INT,2,0,200,0,1000000.003,254,0,800000000.0,0.0,0,0,0.001,0.0,0.0,0.0,0,0,0,0,0.0,0.0,0.0,100,0,0,0,4,2,1,1,1,4,0,0,0,1,4,0,DoS,1
5e-06,merit-inp,-,INT,2,0,200,0,200000.0051,254,0,160000000.0,0.0,0,0,0.005,0.0,0.0,0.0,0,0,0,0,0.0,0.0,0.0,100,0,0,0,6,2,1,1,1,6,0,0,0,1,6,0,DoS,1
9e-06,sep,-,INT,2,0,200,0,111111.1072,254,0,88888888.0,0.0,0,0,0.009,0.0,0.0,0.0,0,0,0,0,0.0,0.0,0.0,100,0,0,0,6,2,1,1,1,6,0,0,0,1,6,0,DoS,1
4e-06,idpr,-,INT,2,0,200,0,250000.0006,254,0,200000000.0,0.0,0,0,0.004,0.0,0.0,0.0,0,0,0,0,0.0,0.0,0.0,100,0,0,0,6,2,2,2,2,6,0,0,0,2,6,0,DoS,1
2e-06,xtp,-,INT,2,0,200,0,500000.0013,254,0,400000000.0,0.0,0,0,0.002,0.0,0.0,0.0,0,0,0,0,0.0,0.0,0.0,100,0,0,0,6,2,1,1,1,6,0,0,0,1,6,0,DoS,1
8e-06,ddp,-,INT,2,0,200,0,125000.0003,254,0,100000000.0,0.0,0,0,0.008,0.0,0.0,0.0,0,0,0,0,0.0,0.0,0.0,100,0,0,0,4,2,2,2,2,5,0,0,0,2,4,0,DoS,1
1e-05,idpr-cmtp,-,INT,2,0,200,0,100000.0025,254,0,80000000.0,0.0,0,0,0.01,0.0,0.0,0.0,0,0,0,0,0.0,0.0,0.0,100,0,0,0,4,2,2,2,2,5,0,0,0,2,4,0,DoS,1
1e-05,ipv6,-,INT,2,0,200,0,100000.0025,254,0,80000000.0,0.0,0,0,0.01,0.0,0.0,0.0,0,0,0,0,0.0,0.0,0.0,100,0,0,0,6,2,2,2,2,6,0,0,0,2,6,0,DoS,1
1e-06,ipv6-route,-,INT,2,0,200,0,1000000.003,254,0,800000000.0,0.0,0,0,0.001,0.0,0.0,0.0,0,0,0,0,0.0,0.0,0.0,100,0,0,0,6,2,1,1,1,6,0,0,0,1,6,0,DoS,1
4e-06,idrp,-,INT,2,0,200,0,250000.0006,254,0,200000000.0,0.0,0,0,0.004,0.0,0.0,0.0,0,0,0,0,0.0,0.0,0.0,100,0,0,0,6,2,2,2,2,6,0,0,0,2,6,0,DoS,1
5e-06,gre,-,INT,2,0,200,0,200000.0051,254,0,160000000.0,0.0,0,0,0.005,0.0,0.0,0.0,0,0,0,0,0.0,0.0,0.0,100,0,0,0,2,2,1,1,1,2,0,0,0,1,2,0,DoS,1
8e-06,mhrp,-,INT,2,0,200,0,125000.0003,254,0,100000000.0,0.0,0,0,0.008,0.0,0.0,0.0,0,0,0,0,0.0,0.0,0.0,100,0,0,0,2,2,1,1,1,2,0,0,0,1,2,0,DoS,1
1e-05,i-nlsp,-,INT,2,0,200,0,100000.0025,254,0,80000000.0,0.0,0,0,0.01,0.0,0.0,0.0,0,0,0,0,0.0,0.0,0.0,100,0,0,0,3,2,2,2,2,3,0,0,0,2,3,0,DoS,1
1e-05,swipe,-,INT,2,0,200,0,100000.0025,254,0,80000000.0,0.0,0,0,0.01,0.0,0.0,0.0,0,0,0,0,0.0,0.0,0.0,100,0,0,0,3,2,2,2,2,3,0,0,0,2,3,0,DoS,1
4e-06,mobile,-,INT,2,0,200,0,250000.0006,254,0,200000000.0,0.0,0,0,0.004,0.0,0.0,0.0,0,0,0,0,0.0,0.0,0.0,100,0,0,0,6,2,3,3,3,6,0,0,0,3,6,0,DoS,1
3e-06,skip,-,INT,2,0,200,0,333333.3215,254,0,266666656.0,0.0,0,0,0.003,0.0,0.0,0.0,0,0,0,0,0.0,0.0,0.0,100,0,0,0,6,2,3,3,3,6,0,0,0,3,6,0,DoS,1
9e-06,ipv6-opts,-,INT,2,0,200,0,111111.1072,254,0,88888888.0,0.0,0,0,0.009,0.0,0.0,0.0,0,0,0,0,0.0,0.0,0.0,100,0,0,0,6,2,2,2,2,6,0,0,0,2,6,0,DoS,1
9e-06,any,-,INT,2,0,200,0,111111.1072,254,0,88888888.0,0.0,0,0,0.009,0.0,0.0,0.0,0,0,0,0,0.0,0.0,0.0,100,0,0,0,4,2,3,3,3,4,0,0,0,4,4,0,DoS,1
0.562426,tcp,-,FIN,12,10,816,562,37.338247,254,252,10639.62207,7197.391602,3,3,51.049638,57.092891,2927.837094,78.306953,255,2055319470,1055934287,255,0.066727,0.04858,0.018147,68,56,0,0,1,1,1,1,1,1,0,0,0,1,1,0,DoS,1
5e-06,kryptolan,-,INT,2,0,200,0,200000.0051,254,0,160000000.0,0.0,0,0,0.005,0.0,0.0,0.0,0,0,0,0,0.0,0.0,0.0,100,0,0,0,5,2,3,1,1,5,0,0,0,1,5,0,DoS,1
0.294632,tcp,dns,FIN,10,12,502,7912,71.275357,62,252,12272.9375,196937.2031,2,4,32.736889,24.991,1593.885067,1850.089829,255,2166934349,2942178074,255,0.065993,0.01112,0.054873,50,659,0,0,24,1,1,17,1,1,0,0,0,17,1,0,DoS,1
9e-06,any,-,INT,2,0,200,0,111111.1072,254,0,88888888.0,0.0,0,0,0.009,0.0,0.0,0.0,0,0,0,0,0.0,0.0,0.0,100,0,0,0,5,2,2,2,2,5,0,0,0,2,5,0,DoS,1
1e-06,visa,-,INT,2,0,200,0,1000000.003,254,0,800000000.0,0.0,0,0,0.001,0.0,0.0,0.0,0,0,0,0,0.0,0.0,0.0,100,0,0,0,1,2,1,1,1,1,0,0,0,1,1,0,DoS,1
9e-06,pvp,-,INT,2,0,200,0,111111.1072,254,0,88888888.0,0.0,0,0,0.009,0.0,0.0,0.0,0,0,0,0,0.0,0.0,0.0,100,0,0,0,4,2,1,1,1,4,0,0,0,1,4,0,DoS,1
1e-05,wsn,-,INT,2,0,200,0,100000.0025,254,0,80000000.0,0.0,0,0,0.01,0.0,0.0,0.0,0,0,0,0,0.0,0.0,0.0,100,0,0,0,4,2,1,1,1,4,0,0,0,1,4,0,DoS,1
8e-06,br-sat-mon,-,INT,2,0,200,0,125000.0003,254,0,100000000.0,0.0,0,0,0.008,0.0,0.0,0.0,0,0,0,0,0.0,0.0,0.0,100,0,0,0,4,2,3,3,3,4,0,0,0,3,4,0,DoS,1
6e-06,sun-nd,-,INT,2,0,200,0,166666.6608,254,0,133333328.0,0.0,0,0,0.006,0.0,0.0,0.0,0,0,0,0,0.0,0.0,0.0,100,0,0,0,4,2,3,3,3,4,0,0,0,3,4,0,DoS,1
0.372357,tcp,http,FIN,10,6,1650,268,40.28392,62,252,31904.86523,4812.585449,2,1,38.851111,57.646199,2219.354522,91.486172,255,685710671,3809168234,255,0.15839,0.084121,0.074269,165,45,1,0,1,1,1,1,1,1,0,0,1,23,1,0,DoS,1
3e-06,wb-mon,-,INT,2,0,200,0,333333.3215,254,0,266666656.0,0.0,0,0,0.003,0.0,0.0,0.0,0,0,0,0,0.0,0.0,0.0,100,0,0,0,4,2,3,3,3,4,0,0,0,3,4,0,DoS,1
1.769389,tcp,http,FIN,10,10,770,984,10.73817,62,252,3133.284912,4005.902588,2,2,196.598778,186.507891,11432.92228,294.457031,255,2353011386,3173913716,255,0.14097,0.090141,0.050829,77,98,1,52,1,1,1,1,1,1,0,0,1,1,1,0,DoS,1
0.24452,tcp,http,FIN,10,8,848,1266,69.523967,62,252,24995.91016,36250.61328,2,2,27.168889,31.024428,1448.267627,53.577746,255,4249199619,3769124777,255,0.062552,0.014714,0.047838,85,158,1,207,1,1,1,1,1,1,0,0,1,33,1,0,DoS,1
2e-06,wb-expak,-,INT,2,0,200,0,500000.0013,254,0,400000000.0,0.0,0,0,0.002,0.0,0.0,0.0,0,0,0,0,0.0,0.0,0.0,100,0,0,0,5,2,2,2,2,5,0,0,0,2,5,0,DoS,1
9e-06,secure-vmtp,-,INT,2,0,200,0,111111.1072,254,0,88888888.0,0.0,0,0,0.009,0.0,0.0,0.0,0,0,0,0,0.0,0.0,0.0,100,0,0,0,5,2,3,3,3,5,0,0,0,3,5,0,DoS,1
3e-06,nsfnet-igp,-,INT,2,0,200,0,333333.3215,254,0,266666656.0,0.0,0,0,0.003,0.0,0.0,0.0,0,0,0,0,0.0,0.0,0.0,100,0,0,0,3,2,3,3,3,3,0,0,0,3,3,0,DoS,1
6e-06,ttp,-,INT,2,0,200,0,166666.6608,254,0,133333328.0,0.0,0,0,0.006,0.0,0.0,0.0,0,0,0,0,0.0,0.0,0.0,100,0,0,0,3,2,3,3,3,3,0,0,0,3,3,0,DoS,1
9e-06,ospf,-,INT,2,0,200,0,111111.1072,254,0,88888888.0,0.0,0,0,0.009,0.0,0.0,0.0,0,0,0,0,0.0,0.0,0.0,100,0,0,0,4,2,2,2,2,4,0,0,0,2,4,0,DoS,1
9e-06,sprite-rpc,-,INT,2,0,200,0,111111.1072,254,0,88888888.0,0.0,0,0,0.009,0.0,0.0,0.0,0,0,0,0,0.0,0.0,0.0,100,0,0,0,4,2,2,2,2,4,0,0,0,2,4,0,DoS,1
1.140959,tcp,http,FIN,10,8,838,1234,14.899746,62,252,5293.791992,7572.577148,2,2,126.771667,149.600578,6938.150006,279.867156,255,4013196040,1057931300,255,0.197332,0.093752,0.10358,84,154,1,197,1,1,1,1,1,1,0,0,1,1,1,0,DoS,1
0.418145,ospf,-,INT,20,0,1040,0,45.438783,254,0,18902.5332,0.0,0,0,22.007631,0.0,23.64459,0.0,0,0,0,0,0.0,0.0,0.0,52,0,0,0,1,2,1,1,1,1,0,0,0,1,1,0,DoS,1
59.972408,tcp,pop3,CON,1422,9346,61248,12422665,179.53256,62,252,8164.421387,1656940.125,6,4672,42.154547,6.426947,3907.51689,1560.381564,255,3059920046,3379073639,255,0.062165,0.008981,0.053184,43,1329,0,0,1,3,1,1,1,1,0,0,0,2,1,0,DoS,1
0.499068,tcp,http,FIN,10,8,746,1016,34.063495,62,252,10772.0791,14250.56348,2,2,55.452,63.46157,2951.529046,114.256703,255,574273728,180374294,255,0.116555,0.054171,0.062384,75,127,1,110,1,1,1,1,1,1,0,0,1,2,1,0,DoS,1
0.236639,tcp,http,FIN,10,8,752,950,71.839386,62,252,22887.18359,28127.23242,2,2,26.293222,29.418,1464.120385,59.830566,255,548081602,3899274779,255,0.035128,0.02557,0.009558,75,119,1,75,1,1,1,1,1,3,0,0,1,1,1,0,DoS,1
1.740058,ospf,-,INT,28,0,3024,0,15.516725,254,0,13406.4502,0.0,0,0,64.446594,0.0,97.693797,0.0,0,0,0,0,0.0,0.0,0.0,108,0,0,0,1,2,1,1,1,1,0,0,0,1,1,0,DoS,1
0.924007,tcp,http,FIN,10,8,856,1630,18.398129,254,252,6675.273926,12354.88477,2,2,102.667444,104.95943,5222.39456,209.849328,255,489541879,4255833405,255,0.262791,0.142775,0.120016,86,204,1,417,2,1,1,1,1,2,0,0,1,3,2,0,DoS,1
0.608795,tcp,http,FIN,10,6,484,268,24.638836,254,252,5729.350586,2943.519531,2,1,67.540444,99.034,3708.64058,147.080828,255,2987777392,293425634,255,0.163631,0.113617,0.050014,48,45,1,0,1,1,1,1,1,1,0,0,1,1,1,0,DoS,1
1.227161,tcp,http,FIN,10,8,830,962,13.853112,62,252,4869.776367,5489.092285,2,2,136.256778,165.222719,7735.704778,319.002219,255,2160242976,3885976763,255,0.183747,0.070594,0.113153,83,120,1,55,3,1,1,2,1,2,0,0,1,2,2,0,DoS,1
2.092907,tcp,irc,FIN,16,14,998,936,13.856326,62,252,3577.798828,3325.518066,4,4,139.527133,146.222922,7558.20272,233.278063,255,2504626041,2829771911,255,0.277272,0.149928,0.127344,62,67,0,0,1,1,1,1,1,4,0,0,0,4,1,0,DoS,1
1e-06,udp,-,INT,2,0,688,0,1000000.003,254,0,2752000000.0,0.0,0,0,0.001,0.0,0.0,0.0,0,0,0,0,0.0,0.0,0.0,344,0,0,0,1,2,1,1,1,1,0,0,0,2,1,0,DoS,1
2.829374,tcp,smtp,FIN,32,20,17747,1670,18.025188,62,252,48612.87109,4487.211426,13,8,91.270127,140.924844,6111.665474,201.188891,255,584286348,682953341,255,0.141037,0.075897,0.06514,555,84,0,0,1,1,1,1,1,1,0,0,0,1,1,0,DoS,1
38.744999,ospf,-,INT,20,0,1280,0,0.490386,254,0,251.07756,0.0,0,0,2039.2105,0.0,2647.10975,0.0,0,0,0,0,0.0,0.0,0.0,64,0,0,0,1,2,1,1,1,1,0,0,0,1,1,0,DoS,1
0.444998,tcp,-,FIN,18,8,14218,354,56.180028,254,252,241421.3125,5573.058594,6,1,25.133,59.284,2262.701119,102.199586,255,2971582768,884543406,255,0.085257,0.030002,0.055255,790,44,0,0,1,1,1,1,1,1,0,0,0,1,1,0,DoS,1
9e-06,unas,-,INT,2,0,200,0,111111.1072,254,0,88888888.0,0.0,0,0,0.009,0.0,0.0,0.0,0,0,0,0,0.0,0.0,0.0,100,0,0,0,2,2,2,2,2,2,0,0,0,2,2,0,DoS,1
0.38215,tcp,http,FIN,10,8,820,1400,44.48515,254,252,15449.43066,25644.38086,2,2,42.461111,42.779855,2063.723349,64.884848,255,2169837280,308855064,255,0.070058,0.013818,0.05624,82,175,1,275,1,1,1,1,1,1,0,0,1,2,1,0,DoS,1
1e-06,unas,-,INT,2,0,200,0,1000000.003,254,0,800000000.0,0.0,0,0,0.001,0.0,0.0,0.0,0,0,0,0,0.0,0.0,0.0,100,0,0,0,3,2,3,3,3,3,0,0,0,3,3,0,DoS,1
9e-06,unas,-,INT,2,0,200,0,111111.1072,254,0,88888888.0,0.0,0,0,0.009,0.0,0.0,0.0,0,0,0,0,0.0,0.0,0.0,100,0,0,0,3,2,3,3,3,3,0,0,0,3,3,0,DoS,1
1.134982,tcp,http,FIN,10,10,946,2810,16.740354,62,252,6005.381836,17825.83398,2,2,126.101333,120.755781,7054.175027,229.018141,255,3462428319,2661132736,255,0.139765,0.048171,0.091594,95,281,1,939,1,1,1,1,1,1,0,0,1,3,1,0,DoS,1
4e-06,unas,-,INT,2,0,200,0,250000.0006,254,0,200000000.0,0.0,0,0,0.004,0.0,0.0,0.0,0,0,0,0,0.0,0.0,0.0,100,0,0,0,1,2,1,1,1,1,0,0,0,1,1,0,DoS,1
0.508383,tcp,-,FIN,10,8,544,354,33.439357,254,252,7710.722168,4878.211914,2,1,52.750111,63.699855,3525.094395,106.758305,255,3558839037,901607627,255,0.115707,0.062474,0.053233,54,44,0,0,1,1,1,1,1,1,0,0,0,1,1,0,DoS,1
25.080828,tcp,smtp,FIN,28,34,3239,2294,2.432137,254,252,996.458313,710.343384,8,8,928.919583,755.46825,117271.5076,3244.75925,255,2915063903,3537359630,255,0.294285,0.125276,0.169009,116,67,0,0,1,1,1,1,1,1,0,0,0,1,1,0,DoS,1
1.239785,tcp,-,FIN,24,70,1276,72610,75.013009,62,252,7891.691406,461841.375,6,33,53.903694,16.778609,2679.683116,1435.060831,255,3254726179,2701501569,255,0.066081,0.048349,0.017732,53,1037,0,0,1,1,1,1,1,1,0,0,0,1,1,0,DoS,1
59.818859,tcp,-,CON,464,308,224576,13244,12.888912,254,252,29969.41211,1765.463257,232,0,129.491638,194.660281,6292.537195,213.017297,255,3414293174,3330702795,255,0.20193,0.147412,0.054518,484,43,0,0,1,0,3,1,1,1,0,0,0,1,2,0,DoS,1
0.617762,tcp,-,FIN,10,8,856,354,27.518687,62,252,9984.426758,4014.490723,2,1,64.386667,83.23743,4173.58641,119.622164,255,3245425369,2897847671,255,0.093831,0.035094,0.058737,86,44,0,0,2,1,1,1,1,1,0,0,0,1,1,0,DoS,1
59.809933,tcp,-,CON,484,340,234256,14620,13.760256,254,252,31268.65234,1949.776489,241,0,124.302772,176.216922,5854.160558,189.855437,255,3414396182,3330702795,255,0.20193,0.147412,0.054518,484,43,0,0,1,0,1,1,1,1,0,0,0,1,1,0,DoS,1
1e-05,unas,-,INT,2,0,200,0,100000.0025,254,0,80000000.0,0.0,0,0,0.01,0.0,0.0,0.0,0,0,0,0,0.0,0.0,0.0,100,0,0,0,1,2,1,1,1,1,0,0,0,1,1,0,DoS,1
10.809476,sctp,-,CON,12,2,1400,512,1.202649,254,60,950.277344,189.463394,0,0,982.679625,0.001,1550.941375,0.0,0,0,0,0,0.0,0.0,0.0,117,256,0,0,1,0,1,1,1,2,0,0,0,1,1,0,DoS,1
3.004673,tcp,-,FIN,22,22,2962,2648,14.311041,254,252,7529.604492,6730.849121,8,8,143.07967,137.018469,6908.789188,186.743375,255,3882304748,2347538365,255,0.163543,0.089974,0.073569,135,120,0,0,3,1,1,1,1,1,0,0,0,1,1,0,DoS,1
1.352088,tcp,dns,FIN,10,8,660,354,12.573146,254,252,3514.564209,1834.200195,2,1,146.607556,181.398,9522.985356,259.900469,255,2831954869,1067424053,255,0.184632,0.082293,0.102339,66,44,0,0,1,1,1,1,1,1,0,0,0,2,1,0,DoS,1
0.642646,tcp,http,FIN,10,10,752,1036,29.565265,62,252,8427.65625,11614.48145,2,2,71.405111,65.760555,4554.185973,118.799375,255,3212921581,4074557820,255,0.112777,0.05005,0.062727,75,104,1,75,1,1,1,1,1,1,0,0,1,1,1,0,DoS,1
1.089956,tcp,-,FIN,18,6,13226,268,21.101768,254,252,91688.10156,1644.103027,6,1,59.909353,194.2,4728.029953,300.045687,255,643999629,1099433674,255,0.207999,0.118949,0.08905,735,45,0,0,3,1,1,1,1,1,0,0,0,2,1,0,DoS,1
3.373236,tcp,-,FIN,254,46,330548,1988,88.638923,62,252,780845.5,4612.78125,124,1,13.385858,73.358797,1608.627354,86.003039,255,2477294075,1927001713,255,0.121411,0.071311,0.0501,1301,43,1,0,2,1,1,1,1,1,0,0,1,2,1,0,DoS,1
1.33652,tcp,http,FIN,22,10,19178,440,23.194566,254,252,109580.1094,2370.334961,8,1,63.599523,140.455891,5284.154208,230.246984,255,568296613,3166167456,255,0.214885,0.072415,0.14247,872,44,1,0,1,1,1,1,1,1,0,0,1,1,1,0,DoS,1
59.898796,tcp,-,CON,632,344,304144,14802,16.277456,254,252,40556.80859,1971.191528,315,1,94.925333,174.202219,4759.766309,187.242375,255,3414021889,3330702795,255,0.20193,0.147412,0.054518,481,43,0,0,2,0,1,1,1,1,0,0,0,1,1,0,DoS,1
2.045272,tcp,http,FIN,10,14,800,8094,11.245447,62,252,2816.251221,29398.5332,2,3,227.252444,149.532072,13894.93779,11468.68288,255,2877351263,1436019340,255,0.162252,0.100564,0.061688,80,578,1,3516,2,1,1,1,1,1,0,0,1,1,1,0,DoS,1
53.082527,ospf,-,REQ,20,0,2160,0,0.357933,254,0,309.254303,0.0,0,0,2975.1625,0.0,3178.281,0.0,0,0,0,0,0.0,0.0,0.0,108,0,0,0,1,6,1,1,1,3,0,0,0,1,1,0,DoS,1
2.005045,tcp,smtp,FIN,22,24,3399,2052,22.443387,62,252,12947.34082,7848.203125,8,8,95.478334,85.648477,6867.018864,134.197563,255,3463055418,3173516089,255,0.041748,0.026591,0.015157,155,86,0,0,1,1,1,1,1,1,0,0,0,1,1,0,DoS,1
2.261728,tcp,http,FIN,10,10,956,1278,8.400656,254,252,3045.458984,4071.223389,2,2,251.303111,238.604672,15877.30128,356.001719,255,3610947045,199360455,255,0.208342,0.113497,0.094845,96,128,1,187,2,1,2,1,1,1,0,0,1,1,1,0,DoS,1
3.3e-05,unas,-,INT,2,0,200,0,30303.03007,254,0,24242424.0,0.0,0,0,0.033,0.0,0.0,0.0,0,0,0,0,0.0,0.0,0.0,100,0,0,0,3,2,2,2,2,3,0,0,0,2,3,0,DoS,1
58.583889,ospf,-,INT,14,0,1512,0,0.221904,254,0,191.725067,0.0,0,0,4506.453,0.0,4979.54,0.0,0,0,0,0,0.0,0.0,0.0,108,0,0,0,1,2,1,1,1,2,0,0,0,10,1,0,DoS,1
2.871243,tcp,http,FIN,10,8,974,354,5.920781,254,252,2443.541016,863.737427,2,1,308.663778,392.381844,18826.86765,651.152187,255,4273301822,3501386510,255,0.22224,0.124566,0.097674,97,44,1,0,1,1,1,1,1,1,0,0,1,1,1,0,DoS,1
9e-06,unas,-,INT,2,0,200,0,111111.1072,254,0,88888888.0,0.0,0,0,0.009,0.0,0.0,0.0,0,0,0,0,0.0,0.0,0.0,100,0,0,0,1,2,1,1,1,1,0,0,0,1,1,0,DoS,1
0.279303,tcp,http,FIN,10,12,834,7670,75.187158,62,252,21510.6875,201387.0156,2,4,31.033667,21.731727,1551.370505,1778.914863,255,817266527,773570018,255,0.064533,0.028346,0.036187,83,639,1,3332,1,1,1,1,1,1,0,0,1,3,2,0,DoS,1
1.499928,tcp,http,FIN,10,10,878,1314,12.667275,62,252,4218.869141,6309.63623,2,2,166.565222,158.568109,9344.657102,332.763094,255,2760229890,1365841468,255,0.183216,0.072808,0.110408,88,131,1,211,1,1,1,2,1,1,0,0,1,2,1,0,DoS,1
59.733181,tcp,-,CON,590,336,285560,14448,15.485531,254,252,38179.91797,1929.245972,295,0,101.515368,178.754719,5013.985038,192.770797,255,3414751826,3330702795,255,0.20193,0.147412,0.054518,484,43,0,0,2,0,2,1,1,2,0,0,0,4,2,0,DoS,1
7.181731,tcp,-,FIN,52,216,2466,271874,37.177665,62,252,2694.61499,301449.3125,6,106,140.798093,32.987767,9269.76119,4306.748185,255,3759287493,2195609573,255,0.20626,0.089352,0.116908,47,1259,0,0,3,1,1,1,1,2,0,0,0,1,3,0,DoS,1
1.905063,tcp,http,FIN,10,10,1006,1836,9.973423,254,252,3804.598633,6941.502441,2,2,211.640556,203.019,12573.86466,411.886937,255,582013430,2433871774,255,0.156828,0.077889,0.078939,101,184,1,458,2,1,2,2,1,1,0,0,1,2,1,0,DoS,1
58.059071,ospf,-,REQ,32,0,3456,0,0.533939,254,0,461.323273,0.0,0,0,2054.30375,0.0,2364.663,0.0,0,0,0,0,0.0,0.0,0.0,108,0,0,0,1,6,1,1,1,3,0,0,0,1,1,0,DoS,1
55.8241,ospf,-,REQ,26,0,2808,0,0.447835,254,0,386.929657,0.0,0,0,2338.3325,0.0,2599.63525,0.0,0,0,0,0,0.0,0.0,0.0,108,0,0,0,1,6,1,1,1,2,0,0,0,1,1,0,DoS,1
1.292724,tcp,http,FIN,10,10,842,1574,14.697646,62,252,4690.869629,8769.080078,2,2,143.531,133.274891,8291.645446,208.797313,255,698155653,1128593207,255,0.172302,0.093241,0.079061,84,157,1,323,2,1,1,2,1,1,0,0,1,2,1,0,DoS,1
2e-06,sep,-,INT,2,0,104,0,500000.0013,254,0,208000000.0,0.0,0,0,0.002,0.0,0.0,0.0,0,0,0,0,0.0,0.0,0.0,52,0,0,0,1,2,1,1,1,1,0,0,0,2,1,0,DoS,1
1e-06,unas,-,INT,2,0,200,0,1000000.003,254,0,800000000.0,0.0,0,0,0.001,0.0,0.0,0.0,0,0,0,0,0.0,0.0,0.0,100,0,0,0,1,2,2,1,1,2,0,0,0,2,1,0,DoS,1
58.809574,ospf,-,REQ,30,0,3240,0,0.493117,254,0,426.05307,0.0,0,0,2044.502875,0.0,2252.91125,0.0,0,0,0,0,0.0,0.0,0.0,108,0,0,0,1,6,2,1,1,3,0,0,0,3,1,0,DoS,1
6e-06,unas,-,INT,2,0,200,0,166666.6608,254,0,133333328.0,0.0,0,0,0.006,0.0,0.0,0.0,0,0,0,0,0.0,0.0,0.0,100,0,0,0,1,2,1,1,1,1,0,0,0,2,1,0,DoS,1
5.005442,tcp,http,FIN,10,12,826,3822,4.195434,62,252,1189.105713,5600.304688,2,3,556.062111,446.632812,36984.158,34727.0296,255,3289911705,3128147832,255,0.173186,0.092473,0.080713,83,319,1,1410,1,1,1,1,1,1,0,0,1,1,1,0,DoS,1
0.531209,tcp,-,FIN,12,10,672,462,39.532463,254,252,9276.951172,6264.954102,3,2,48.291727,52.766445,2906.395461,100.12857,255,1247200161,2651401461,255,0.109923,0.052329,0.057594,56,46,0,0,1,1,1,1,1,1,0,0,0,1,1,0,DoS,1
1.474828,tcp,smtp,FIN,16,14,870,1000,19.66331,254,252,4426.278809,5039.231445,5,5,97.195198,111.142078,5911.701388,154.192141,255,683688948,1225763210,255,0.074186,0.029973,0.044213,54,71,0,0,1,1,1,1,1,1,0,0,0,1,1,0,DoS,1
59.99622,tcp,-,CON,612,3696,26568,5039523,71.787856,62,252,3536.889404,671797.0,6,1848,98.193474,16.206068,6820.653455,2831.331136,255,3781256084,433824955,255,0.258332,0.10332,0.155012,43,1364,0,0,7,3,1,1,1,2,0,0,0,5,2,0,DoS,1
1.5e-05,mobile,-,INT,1,0,60,0,0.0,0,0,0.0,0.0,0,0,0.0,0.0,0.0,0.0,0,0,0,0,0.0,0.0,0.0,60,0,0,0,2,2,2,2,2,2,0,0,0,2,2,0,DoS,1
3.2e-05,swipe,-,INT,1,0,60,0,0.0,0,0,0.0,0.0,0,0,0.0,0.0,0.0,0.0,0,0,0,0,0.0,0.0,0.0,60,0,0,0,2,2,2,2,2,2,0,0,0,2,2,0,DoS,1
1e-05,sun-nd,-,INT,1,0,60,0,0.0,0,0,0.0,0.0,0,0,0.0,0.0,0.0,0.0,0,0,0,0,0.0,0.0,0.0,60,0,0,0,2,2,1,1,1,2,0,0,0,1,2,0,DoS,1
1.325143,pim,-,INT,8,0,480,0,5.282449,254,0,2535.575439,0.0,0,0,189.306141,0.0,422.259813,0.0,0,0,0,0,0.0,0.0,0.0,60,0,0,0,2,2,1,1,1,2,0,0,0,1,2,0,DoS,1
0.382265,tcp,-,FIN,10,6,3202,268,39.239794,254,252,60314.17969,4687.847656,2,1,36.034444,68.021797,1927.111301,89.487555,255,4082188310,3801552945,255,0.122781,0.042155,0.080626,320,45,0,0,2,1,1,1,1,1,0,0,0,4,1,0,DoS,1
1.784914,tcp,-,FIN,28,16,21218,770,24.090796,254,252,91706.375,3236.010254,11,5,66.107519,113.484336,4378.049866,140.198828,255,1396930156,3255295356,255,0.159154,0.082641,0.076513,758,48,0,0,2,1,1,1,1,1,0,0,0,2,1,0,DoS,1
1.165769,tcp,http,FIN,10,10,836,1324,16.298255,62,252,5167.404785,8180.008301,2,2,129.420111,120.397891,6896.910139,257.373516,255,675880641,3361078260,255,0.221873,0.082185,0.139688,84,132,1,194,2,1,2,1,1,1,0,0,1,1,1,0,DoS,1
0.528122,tcp,-,FIN,10,6,596,268,28.402528,254,252,8134.483887,3393.155273,2,1,58.569333,86.104602,2971.31174,107.223164,255,3504150308,489193031,255,0.177807,0.097594,0.080213,60,45,0,0,2,1,1,1,1,3,0,0,0,1,3,0,DoS,1
1e-06,udp,dns,INT,2,0,192,0,1000000.003,62,0,768000000.0,0.0,0,0,0.001,0.0,0.0,0.0,0,0,0,0,0.0,0.0,0.0,96,0,0,0,2,2,3,3,3,3,0,0,0,3,2,0,DoS,1
1e-06,unas,-,INT,2,0,200,0,1000000.003,254,0,800000000.0,0.0,0,0,0.001,0.0,0.0,0.0,0,0,0,0,0.0,0.0,0.0,100,0,0,0,3,2,2,2,2,3,0,0,0,2,3,0,DoS,1
1.384232,tcp,-,FIN,14,10,5076,554,16.615711,254,252,27243.98633,2883.909424,4,2,104.094766,144.157781,6541.212064,275.228063,255,4007501743,4137716558,255,0.182919,0.086811,0.096108,363,55,0,0,13,1,1,1,1,7,0,0,0,1,7,0,DoS,1
1.47991,tcp,-,FIN,28,28,4124,3644,37.164422,254,252,21498.60352,18995.75,11,11,54.811481,53.996629,3276.190466,74.575633,255,1563877888,1234355294,255,0.053803,0.021305,0.032498,147,130,0,0,1,1,1,1,1,1,0,0,0,1,1,0,DoS,1
9e-06,unas,-,INT,2,0,200,0,111111.1072,254,0,88888888.0,0.0,0,0,0.009,0.0,0.0,0.0,0,0,0,0,0.0,0.0,0.0,100,0,0,0,8,2,2,2,2,8,0,0,0,2,8,0,DoS,1
1.398715,tcp,http,FIN,32,30,7058,9826,43.611457,254,252,39110.18359,54329.86719,13,13,45.119838,47.574551,2161.334373,56.216523,255,344430424,1982150237,255,0.058303,0.009852,0.048451,221,328,1,98,2,1,1,1,1,1,0,0,1,1,1,0,DoS,1
1.586461,ospf,-,INT,18,0,2858,0,10.715675,254,0,13615.21094,0.0,0,0,93.321234,0.0,171.851906,0.0,0,0,0,0,0.0,0.0,0.0,159,0,0,0,1,2,1,1,1,1,0,0,0,1,1,0,DoS,1
5e-06,unas,-,INT,2,0,200,0,200000.0051,254,0,160000000.0,0.0,0,0,0.005,0.0,0.0,0.0,0,0,0,0,0.0,0.0,0.0,100,0,0,0,8,2,2,2,2,8,0,0,0,2,8,0,DoS,1
0.473782,tcp,ftp,FIN,14,12,1234,794,52.766884,254,252,19350.67188,12292.57324,4,4,35.263538,42.392453,1876.783912,52.292621,255,1281923032,1898389504,255,0.055508,0.007457,0.048051,88,66,0,0,1,1,1,1,1,1,0,0,0,1,1,0,DoS,1
1e-05,unas,-,INT,2,0,200,0,100000.0025,254,0,80000000.0,0.0,0,0,0.01,0.0,0.0,0.0,0,0,0,0,0.0,0.0,0.0,100,0,0,0,8,2,6,6,6,8,0,0,0,7,8,0,DoS,1
9e-06,unas,-,INT,2,0,200,0,111111.1072,254,0,88888888.0,0.0,0,0,0.009,0.0,0.0,0.0,0,0,0,0,0.0,0.0,0.0,100,0,0,0,8,2,6,6,6,8,0,0,0,7,8,0,DoS,1
0.544179,tcp,http,FIN,16,44,1038,50373,108.420203,62,252,14318.81738,723717.6875,2,20,36.278599,12.315558,2084.988198,1395.835313,255,3962643233,3753042697,255,0.035604,0.014026,0.021578,65,1145,1,24064,1,1,1,1,1,1,0,0,1,1,1,0,DoS,1
0.230041,tcp,http,FIN,10,8,838,1510,73.899871,62,252,26256.18945,45974.41406,2,2,25.560111,31.043572,1377.03211,55.153184,255,993800626,657501480,255,0.055938,0.007729,0.048209,84,189,1,332,1,1,1,1,1,1,0,0,1,1,1,0,DoS,1
6e-06,unas,-,INT,2,0,200,0,166666.6608,254,0,133333328.0,0.0,0,0,0.006,0.0,0.0,0.0,0,0,0,0,0.0,0.0,0.0,100,0,0,0,8,2,6,6,6,8,0,0,0,7,8,0,DoS,1
0.258883,tcp,http,FIN,10,8,838,2404,65.66673,62,252,23331.00195,65017.78906,2,2,28.764778,33.726145,1529.70783,62.127727,255,1554193257,3227236606,255,0.06656,0.015303,0.051257,84,301,1,779,3,1,1,1,1,1,0,0,1,1,1,0,DoS,1
0.185076,tcp,-,FIN,8,6,364,268,70.241415,254,252,13788.92969,9682.508789,1,1,26.439429,19.2006,1313.923086,30.914332,255,3720952088,3897875061,255,0.082698,0.05769,0.025008,46,45,0,0,1,1,1,1,1,1,0,0,0,1,1,0,DoS,1
0.267238,tcp,http,FIN,10,8,806,930,63.61371,62,252,21733.4375,24367.79297,2,2,29.693111,37.188855,1470.487173,54.089797,255,2077633326,4145962919,255,0.052226,0.00626,0.045966,81,116,1,51,1,1,1,1,1,1,0,0,1,1,1,0,DoS,1
1.058822,tcp,smtp,FIN,46,24,36051,1848,65.166759,62,252,266469.7188,13380.9082,20,8,23.529378,45.686914,1645.522452,54.148809,255,1947097025,330001905,255,0.053003,0.007351,0.045652,784,77,0,0,1,1,1,1,1,1,0,0,0,1,1,0,DoS,1
0.736067,tcp,http,FIN,10,8,834,1090,23.095724,62,252,8162.300293,10368.62109,2,2,81.682889,95.945289,4326.374543,163.086797,255,3818126089,838578800,255,0.1576,0.064443,0.093157,83,136,1,124,1,1,1,1,1,1,0,0,1,1,1,0,DoS,1
0.185814,tcp,http,FIN,18,6,12778,268,123.779698,254,252,519616.4063,9644.052734,6,1,10.930235,33.619398,749.87442,46.680848,255,2775204214,1079748401,255,0.063632,0.017037,0.046595,710,45,1,0,3,1,1,1,1,1,0,0,1,1,1,0,DoS,1
9e-06,sctp,-,INT,2,0,440,0,111111.1072,254,0,195555552.0,0.0,0,0,0.009,0.0,0.0,0.0,0,0,0,0,0.0,0.0,0.0,220,0,0,0,1,2,1,1,1,2,0,0,0,1,1,0,DoS,1
9e-06,stp,-,INT,2,0,200,0,111111.1072,254,0,88888888.0,0.0,0,0,0.009,0.0,0.0,0.0,0,0,0,0,0.0,0.0,0.0,100,0,0,0,3,2,2,2,2,3,0,0,0,2,3,0,DoS,1
0.188015,tcp,http,FIN,12,6,3984,268,90.418318,62,252,155391.8594,9531.154297,3,1,15.859091,34.034398,937.140729,57.552238,255,2902454117,1827705632,255,0.064161,0.01784,0.046321,332,45,1,0,1,1,1,1,1,1,0,0,1,2,1,0,DoS,1
9e-06,unas,-,INT,2,0,200,0,111111.1072,254,0,88888888.0,0.0,0,0,0.009,0.0,0.0,0.0,0,0,0,0,0.0,0.0,0.0,100,0,0,0,5,2,5,5,5,5,0,0,0,6,5,0,DoS,1
9e-06,tcf,-,INT,2,0,200,0,111111.1072,254,0,88888888.0,0.0,0,0,0.009,0.0,0.0,0.0,0,0,0,0,0.0,0.0,0.0,100,0,0,0,2,2,1,1,1,2,0,0,0,2,2,0,DoS,1
9e-06,uti,-,INT,2,0,200,0,111111.1072,254,0,88888888.0,0.0,0,0,0.009,0.0,0.0,0.0,0,0,0,0,0.0,0.0,0.0,100,0,0,0,2,2,2,2,2,2,0,0,0,3,2,0,DoS,1
3e-06,sm,-,INT,2,0,200,0,333333.3215,254,0,266666656.0,0.0,0,0,0.003,0.0,0.0,0.0,0,0,0,0,0.0,0.0,0.0,100,0,0,0,2,2,2,2,2,2,0,0,0,2,2,0,DoS,1
6e-06,smp,-,INT,2,0,200,0,166666.6608,254,0,133333328.0,0.0,0,0,0.006,0.0,0.0,0.0,0,0,0,0,0.0,0.0,0.0,100,0,0,0,2,2,2,2,2,2,0,0,0,2,2,0,DoS,1
0.276385,tcp,http,FIN,10,6,1974,268,54.272119,254,252,51435.49609,6483.708984,2,1,27.955556,44.786,1405.528519,57.666121,255,2102580978,3417967997,255,0.100368,0.052446,0.047922,197,45,1,0,1,1,1,1,1,1,0,0,1,1,1,0,DoS,1
0.566545,tcp,http,FIN,10,10,858,1882,33.536612,62,252,10915.28418,23920.42969,2,2,62.849111,56.194555,4246.749596,100.560719,255,687188877,3566195051,255,0.110373,0.060785,0.049588,86,188,1,475,1,1,1,1,1,2,0,0,1,1,1,0,DoS,1
9.836302,ospf,-,INT,40,0,10880,0,3.964905,254,0,8627.632812,0.0,0,0,252.212875,0.0,327.406094,0.0,0,0,0,0,0.0,0.0,0.0,272,0,0,0,1,2,1,1,1,2,0,0,0,1,1,0,DoS,1
9e-06,fire,-,INT,2,0,200,0,111111.1072,254,0,88888888.0,0.0,0,0,0.009,0.0,0.0,0.0,0,0,0,0,0.0,0.0,0.0,100,0,0,0,6,2,3,3,3,6,0,0,0,3,6,0,DoS,1
9e-06,isis,-,INT,2,0,200,0,111111.1072,254,0,88888888.0,0.0,0,0,0.009,0.0,0.0,0.0,0,0,0,0,0.0,0.0,0.0,100,0,0,0,6,2,3,3,3,6,0,0,0,3,6,0,DoS,1
0.009408,udp,dns,CON,2,2,128,236,318.877554,62,252,54421.76953,100340.1406,0,0,0.009,0.003,0.0,0.0,0,0,0,0,0.0,0.0,0.0,64,118,0,0,1,3,1,1,1,1,0,0,0,1,1,0,DoS,1
5e-06,udp,dns,INT,2,0,174,0,200000.0051,254,0,139200000.0,0.0,0,0,0.005,0.0,0.0,0.0,0,0,0,0,0.0,0.0,0.0,87,0,0,0,1,2,1,1,1,1,0,0,0,1,1,0,DoS,1
0.277626,tcp,-,FIN,12,8,1204,2000,68.437392,254,252,31812.58203,50427.55078,3,2,24.174636,38.66643,1294.923479,56.940168,255,231450810,2521080091,255,0.052192,0.006957,0.045235,100,250,0,0,1,1,1,1,1,1,0,0,0,1,2,0,DoS,1
0.396456,tcp,http,FIN,10,8,1292,354,42.879916,254,252,23467.92578,6255.422852,2,1,42.233333,49.474715,2989.340327,105.45482,255,231628510,3616525722,255,0.097636,0.050128,0.047508,129,44,1,0,2,1,2,2,1,2,0,0,1,2,3,0,DoS,1
8e-06,larp,-,INT,2,0,200,0,125000.0003,254,0,100000000.0,0.0,0,0,0.008,0.0,0.0,0.0,0,0,0,0,0.0,0.0,0.0,100,0,0,0,4,2,2,2,2,4,0,0,0,2,4,0,DoS,1
0.290495,tcp,http,FIN,10,8,864,988,58.520799,62,252,21425.49805,23821.4082,2,2,32.277222,39.034145,1614.827251,53.393348,255,3652846624,165553469,255,0.065961,0.016543,0.049418,86,124,1,78,1,1,1,1,1,1,0,0,1,1,1,0,DoS,1
0.38606,tcp,http,FIN,12,10,1324,2338,54.39569,62,252,25156.71094,43620.16406,3,3,35.096365,41.88,1700.95221,56.092535,255,1345137157,869225031,255,0.054897,0.008411,0.046486,110,234,1,113,1,1,1,1,1,1,0,0,1,1,1,0,DoS,1
4e-06,ax.25,-,INT,2,0,200,0,250000.0006,254,0,200000000.0,0.0,0,0,0.004,0.0,0.0,0.0,0,0,0,0,0.0,0.0,0.0,100,0,0,0,3,2,2,2,2,3,0,0,0,2,3,0,DoS,1
0.269582,tcp,http,FIN,10,8,850,1378,63.060589,62,252,22701.8125,35788.73828,2,2,29.953556,37.36957,1474.592563,54.450105,255,1216291350,3674517619,255,0.054719,0.007382,0.047337,85,172,1,263,1,1,1,1,1,1,0,0,1,1,1,0,DoS,1
1.373104,tcp,ftp,FIN,22,24,1072,1838,32.772464,254,252,5966.044922,10265.79199,7,10,65.385908,59.370306,3424.327415,3666.212343,255,2694960659,2129703494,255,0.052242,0.006828,0.045414,49,77,0,0,1,1,1,1,1,1,1,1,0,1,1,0,DoS,1
9e-06,aes-sp3-d,-,INT,2,0,200,0,111111.1072,254,0,88888888.0,0.0,0,0,0.009,0.0,0.0,0.0,0,0,0,0,0.0,0.0,0.0,100,0,0,0,5,2,1,1,1,5,0,0,0,1,5,0,DoS,1
2e-06,micp,-,INT,2,0,200,0,500000.0013,254,0,400000000.0,0.0,0,0,0.002,0.0,0.0,0.0,0,0,0,0,0.0,0.0,0.0,100,0,0,0,3,2,1,1,1,3,0,0,0,2,3,0,DoS,1
9e-06,encap,-,INT,2,0,200,0,111111.1072,254,0,88888888.0,0.0,0,0,0.009,0.0,0.0,0.0,0,0,0,0,0.0,0.0,0.0,100,0,0,0,5,2,3,3,3,5,0,0,0,3,5,0,DoS,1
11.603344,tcp,pop3,FIN,256,1632,11014,2233154,162.625533,62,252,7564.026367,1538719.25,1,814,45.731313,7.129878,54.234145,891.392547,255,3059920103,3385097608,255,0.062165,0.008981,0.053184,43,1368,0,0,1,1,1,1,1,1,0,0,0,3,1,0,DoS,1
3e-06,ifmp,-,INT,2,0,200,0,333333.3215,254,0,266666656.0,0.0,0,0,0.003,0.0,0.0,0.0,0,0,0,0,0.0,0.0,0.0,100,0,0,0,4,2,2,2,2,5,0,0,0,2,4,0,DoS,1
5e-06,pnni,-,INT,2,0,200,0,200000.0051,254,0,160000000.0,0.0,0,0,0.005,0.0,0.0,0.0,0,0,0,0,0.0,0.0,0.0,100,0,0,0,4,2,2,2,2,5,0,0,0,2,4,0,DoS,1
0.440264,tcp,-,FIN,10,6,484,268,34.070468,254,252,7922.519531,4070.285156,2,1,45.614,80.331398,2542.40999,128.645,255,1936531663,2582682781,255,0.111019,0.038601,0.072418,48,45,0,0,1,1,1,1,1,1,0,0,0,1,1,0,DoS,1
1e-06,ipcomp,-,INT,2,0,200,0,1000000.003,254,0,800000000.0,0.0,0,0,0.001,0.0,0.0,0.0,0,0,0,0,0.0,0.0,0.0,100,0,0,0,4,2,2,2,2,4,0,0,0,2,4,0,DoS,1
0.216047,tcp,http,FIN,10,8,786,1254,78.686581,62,252,26216.51758,40657.82031,2,2,23.902778,29.046572,1308.817727,46.048926,255,2695382113,2942649071,255,0.031043,0.012717,0.018326,79,157,1,215,1,1,1,1,1,1,0,0,1,1,1,0,DoS,1
9e-06,ipx-n-ip,-,INT,2,0,200,0,111111.1072,254,0,88888888.0,0.0,0,0,0.009,0.0,0.0,0.0,0,0,0,0,0.0,0.0,0.0,100,0,0,0,4,2,3,3,3,4,0,0,0,3,4,0,DoS,1
9e-06,vrrp,-,INT,2,0,200,0,111111.1072,254,0,88888888.0,0.0,0,0,0.009,0.0,0.0,0.0,0,0,0,0,0.0,0.0,0.0,100,0,0,0,4,2,1,1,1,4,0,0,0,1,4,0,DoS,1
25.642588,ospf,-,INT,42,0,2688,0,1.598903,254,0,818.638123,0.0,0,0,625.429,0.0,708.988875,0.0,0,0,0,0,0.0,0.0,0.0,64,0,0,0,1,2,23,1,1,23,0,0,0,23,1,0,DoS,1
4e-06,pgm,-,INT,2,0,200,0,250000.0006,254,0,200000000.0,0.0,0,0,0.004,0.0,0.0,0.0,0,0,0,0,0.0,0.0,0.0,100,0,0,0,3,2,2,2,2,3,0,0,0,3,3,0,DoS,1
0.525431,tcp,http,FIN,10,8,890,354,32.354392,254,252,12195.70313,4719.935059,2,1,56.090444,68.154711,3634.479209,118.164242,255,3177885001,2414480739,255,0.112048,0.04834,0.063708,89,44,1,0,1,1,2,1,1,1,0,0,1,1,1,0,DoS,1
5e-06,zero,-,INT,2,0,200,0,200000.0051,254,0,160000000.0,0.0,0,0,0.005,0.0,0.0,0.0,0,0,0,0,0.0,0.0,0.0,100,0,0,0,3,2,2,2,2,3,0,0,0,3,3,0,DoS,1
1.1e-05,udp,-,INT,2,0,604,0,90909.0902,254,0,219636368.0,0.0,0,0,0.011,0.0,0.0,0.0,0,0,0,0,0.0,0.0,0.0,302,0,0,0,1,2,1,1,1,1,0,0,0,1,1,0,DoS,1
7e-06,l2tp,-,INT,2,0,200,0,142857.1409,254,0,114285712.0,0.0,0,0,0.007,0.0,0.0,0.0,0,0,0,0,0.0,0.0,0.0,100,0,0,0,3,2,1,1,1,3,0,0,0,1,3,0,DoS,1
5.017773,tcp,-,FIN,32,14,26220,1510,8.968122,254,252,40497.64453,2236.848877,13,3,161.044803,382.529219,23144.37233,1007.021938,255,2943826723,2507510387,255,0.071711,0.044889,0.026822,819,108,0,0,2,1,1,1,1,2,0,0,0,1,1,0,DoS,1
1.417744,tcp,http,FIN,10,10,920,2188,13.401573,62,252,4672.211426,11116.25195,2,2,157.527111,148.455891,9963.608739,232.228062,255,93054589,27186175,255,0.159414,0.080917,0.078497,92,219,1,624,1,1,1,1,1,1,0,0,1,1,1,0,DoS,1
0.18047,tcp,http,FIN,10,6,980,268,83.116305,254,252,39097.91016,9929.62793,2,1,18.762444,34.427,1003.79159,59.784344,255,3436706738,3794753179,255,0.054166,0.008326,0.04584,98,45,1,0,1,1,1,1,1,1,0,0,1,1,1,0,DoS,1
5.830482,tcp,http,FIN,68,358,3368,488520,72.892773,62,252,4553.997559,668426.375,2,176,87.022122,16.016734,4513.229145,2105.510704,255,2206300351,4010100370,255,0.181243,0.111367,0.069876,50,1365,1,236845,1,1,1,1,1,1,0,0,1,1,1,0,DoS,1
5e-06,mtp,-,INT,2,0,200,0,200000.0051,254,0,160000000.0,0.0,0,0,0.005,0.0,0.0,0.0,0,0,0,0,0.0,0.0,0.0,100,0,0,0,4,2,2,2,2,4,0,0,0,2,4,0,DoS,1
9e-06,ipip,-,INT,2,0,200,0,111111.1072,254,0,88888888.0,0.0,0,0,0.009,0.0,0.0,0.0,0,0,0,0,0.0,0.0,0.0,100,0,0,0,3,2,2,2,2,3,0,0,0,2,3,0,DoS,1
1.074764,tcp,http,FIN,34,170,1834,217119,188.878672,62,252,13256.86328,1606618.75,2,83,32.568606,6.231982,1707.62929,802.639983,255,1845063683,2030193974,255,0.051702,0.006203,0.045499,54,1277,1,104877,1,1,1,1,1,1,0,0,1,1,1,0,DoS,1
1.697183,tcp,smtp,FIN,122,34,136950,2348,91.327805,62,252,640251.5,10742.50684,58,8,14.026305,49.689184,1260.947546,56.003129,255,138406598,2710560034,255,0.067296,0.023557,0.043739,1123,69,0,0,1,1,18,1,1,1,0,0,0,1,1,0,DoS,1
3e-06,etherip,-,INT,2,0,200,0,333333.3215,254,0,266666656.0,0.0,0,0,0.003,0.0,0.0,0.0,0,0,0,0,0.0,0.0,0.0,100,0,0,0,5,2,3,3,3,5,0,0,0,3,5,0,DoS,1
3.452927,tcp,-,FIN,250,42,330378,1816,84.276323,62,252,762383.875,4107.819336,122,1,13.753366,81.718563,1658.670413,116.01343,255,3412572585,853727803,255,0.181803,0.102459,0.079344,1322,43,1,0,1,1,1,1,1,1,0,0,1,1,1,0,DoS,1
0.318848,tcp,http,FIN,10,8,770,904,53.316939,62,252,17387.59375,19846.44727,2,2,35.427556,37.29757,1750.957821,45.202211,255,838914325,3733833815,255,0.085994,0.057106,0.028888,77,113,1,55,1,1,1,1,1,1,0,0,1,2,1,0,DoS,1
7e-06,pri-enc,-,INT,2,0,200,0,142857.1409,254,0,114285712.0,0.0,0,0,0.007,0.0,0.0,0.0,0,0,0,0,0.0,0.0,0.0,100,0,0,0,5,2,3,3,3,5,0,0,0,3,5,0,DoS,1
1.959922,tcp,http,FIN,10,10,864,1754,9.694264,254,252,3175.636719,6445.154785,2,2,217.769111,206.419219,12001.22141,392.087219,255,2981879522,886452321,255,0.247665,0.101484,0.146181,86,175,1,407,2,1,1,1,1,2,0,0,1,1,1,0,DoS,1
4e-06,aris,-,INT,2,0,200,0,250000.0006,254,0,200000000.0,0.0,0,0,0.004,0.0,0.0,0.0,0,0,0,0,0.0,0.0,0.0,100,0,0,0,4,2,3,2,2,5,0,0,0,3,4,0,DoS,1
9e-06,pim,-,INT,2,0,200,0,111111.1072,254,0,88888888.0,0.0,0,0,0.009,0.0,0.0,0.0,0,0,0,0,0.0,0.0,0.0,100,0,0,0,4,2,3,2,2,5,0,0,0,3,4,0,DoS,1
0.484741,tcp,http,FIN,10,8,812,1336,35.070274,62,252,12064.17481,19292.77734,2,2,53.860111,57.26643,2574.34715,81.757195,255,3682443550,2772223804,255,0.097674,0.052719,0.044955,81,167,1,262,1,1,1,1,1,1,0,0,1,1,1,0,DoS,1
0.278498,tcp,http,FIN,10,8,798,1310,61.041732,62,252,20653.65039,32948.17188,2,2,30.944222,36.283285,1572.500136,60.916762,255,2535013216,474278087,255,0.049476,0.023925,0.025551,80,164,1,256,1,1,1,1,1,1,0,0,1,1,1,0,DoS,1
9e-06,scps,-,INT,2,0,200,0,111111.1072,254,0,88888888.0,0.0,0,0,0.009,0.0,0.0,0.0,0,0,0,0,0.0,0.0,0.0,100,0,0,0,4,2,2,2,2,4,0,0,0,3,4,0,DoS,1
5.526602,tcp,http,FIN,10,10,816,1026,3.437917,62,252,1063.944946,1337.530762,2,2,614.066889,597.21,48974.91795,1558.30375,255,3858692026,1170060142,255,0.22107,0.102905,0.118165,82,103,1,51,3,1,1,2,1,1,0,0,1,2,1,0,DoS,1
0.226265,tcp,http,FIN,10,8,870,1822,75.133141,254,252,27684.35352,56394.05078,2,2,25.140556,30.514572,1328.68165,55.116633,255,538793008,604459368,255,0.067521,0.008645,0.058876,87,228,1,513,1,1,1,1,1,1,0,0,1,1,1,0,DoS,1
4e-06,compaq-peer,-,INT,2,0,200,0,250000.0006,254,0,200000000.0,0.0,0,0,0.004,0.0,0.0,0.0,0,0,0,0,0.0,0.0,0.0,100,0,0,0,4,2,3,3,3,4,0,0,0,3,4,0,DoS,1
1.885501,tcp,-,FIN,28,26,3574,3184,28.10924,254,252,14625.29004,12991.77246,10,10,69.833369,71.459523,3777.676183,116.790297,255,3096431863,2667193878,255,0.128377,0.069262,0.059115,128,122,0,0,1,1,1,1,1,1,0,0,0,1,1,0,DoS,1
0.442782,tcp,http,FIN,10,8,836,1714,38.39361,254,252,13604.88867,27101.37109,2,2,49.198,52.61457,2466.469166,66.165969,255,103830415,3839987530,255,0.111256,0.073802,0.037454,84,214,1,432,2,1,1,1,1,1,0,0,1,1,1,0,DoS,1
0.659044,tcp,http,FIN,10,8,796,2086,25.794938,62,252,8703.515625,22165.43945,2,2,73.139778,87.533141,4265.082352,146.930328,255,703148414,1264937752,255,0.110198,0.046304,0.063894,80,261,1,629,1,1,1,1,1,1,0,0,1,1,1,0,DoS,1
0.191914,sctp,-,CON,2,2,152,82,15.632001,254,60,3168.085693,1709.098755,0,0,0.009,0.01,0.0,0.0,0,0,0,0,0.0,0.0,0.0,76,41,0,0,1,0,1,1,1,1,0,0,0,1,1,0,DoS,1
9e-06,crtp,-,INT,2,0,200,0,111111.1072,254,0,88888888.0,0.0,0,0,0.009,0.0,0.0,0.0,0,0,0,0,0.0,0.0,0.0,100,0,0,0,6,2,3,3,3,6,0,0,0,4,6,0,DoS,1
9e-06,ddx,-,INT,2,0,200,0,111111.1072,254,0,88888888.0,0.0,0,0,0.009,0.0,0.0,0.0,0,0,0,0,0.0,0.0,0.0,100,0,0,0,3,2,3,1,1,3,0,0,0,1,3,0,DoS,1
43.637218,tcp,smtp,FIN,4806,724,6365750,31360,126.703768,254,252,1166788.625,5741.337402,2401,2,9.117024,60.716348,1132.072354,69.061086,255,3584667493,843846735,255,0.094097,0.044689,0.049408,1325,43,0,0,1,1,1,1,1,1,0,0,0,1,1,0,DoS,1
9e-06,crudp,-,INT,2,0,200,0,111111.1072,254,0,88888888.0,0.0,0,0,0.009,0.0,0.0,0.0,0,0,0,0,0.0,0.0,0.0,100,0,0,0,6,2,3,3,3,6,0,0,0,4,6,0,DoS,1
9e-06,srp,-,INT,2,0,200,0,111111.1072,254,0,88888888.0,0.0,0,0,0.009,0.0,0.0,0.0,0,0,0,0,0.0,0.0,0.0,100,0,0,0,2,2,2,2,2,2,0,0,0,3,2,0,DoS,1
7e-06,sccopmce,-,INT,2,0,200,0,142857.1409,254,0,114285712.0,0.0,0,0,0.007,0.0,0.0,0.0,0,0,0,0,0.0,0.0,0.0,100,0,0,0,6,2,3,3,3,6,0,0,0,4,6,0,DoS,1
1e-06,iplt,-,INT,2,0,200,0,1000000.003,254,0,800000000.0,0.0,0,0,0.001,0.0,0.0,0.0,0,0,0,0,0.0,0.0,0.0,100,0,0,0,3,2,3,2,2,4,0,0,0,3,3,0,DoS,1
0.326743,tcp,http,FIN,10,8,828,1258,52.028658,62,252,18265.11914,26956.96484,2,2,36.304778,42.829,1838.405147,64.73825,255,2007911220,2875555256,255,0.058407,0.026163,0.032244,83,157,1,210,1,1,1,1,1,1,0,0,1,20,1,0,DoS,1
1e-05,sctp,-,INT,2,0,200,0,100000.0025,254,0,80000000.0,0.0,0,0,0.01,0.0,0.0,0.0,0,0,0,0,0.0,0.0,0.0,100,0,0,0,1,2,1,1,1,1,0,0,0,1,1,0,DoS,1
0.837668,tcp,pop3,FIN,20,20,970,3128,46.557825,62,252,8805.397461,28383.56055,7,8,44.08779,43.648633,2079.363425,48.027645,255,217643774,1744816001,255,0.053933,0.00757,0.046363,49,156,0,0,1,1,1,1,1,1,0,0,0,1,1,0,DoS,1
9e-06,fc,-,INT,2,0,200,0,111111.1072,254,0,88888888.0,0.0,0,0,0.009,0.0,0.0,0.0,0,0,0,0,0.0,0.0,0.0,100,0,0,0,4,2,2,2,2,4,0,0,0,2,4,0,DoS,1
9e-06,sps,-,INT,2,0,200,0,111111.1072,254,0,88888888.0,0.0,0,0,0.009,0.0,0.0,0.0,0,0,0,0,0.0,0.0,0.0,100,0,0,0,3,2,3,2,2,4,0,0,0,3,3,0,DoS,1
5e-06,egp,-,INT,2,0,180,0,200000.0051,254,0,144000000.0,0.0,0,0,0.005,0.0,0.0,0.0,0,0,0,0,0.0,0.0,0.0,90,0,0,0,7,2,7,7,7,7,0,0,0,7,7,0,DoS,1
9e-06,pipe,-,INT,2,0,200,0,111111.1072,254,0,88888888.0,0.0,0,0,0.009,0.0,0.0,0.0,0,0,0,0,0.0,0.0,0.0,100,0,0,0,3,2,1,1,1,4,0,0,0,1,3,0,DoS,1
5e-06,unas,-,INT,2,0,200,0,200000.0051,254,0,160000000.0,0.0,0,0,0.005,0.0,0.0,0.0,0,0,0,0,0.0,0.0,0.0,100,0,0,0,4,2,3,3,3,4,0,0,0,3,4,0,DoS,1
4e-06,unas,-,INT,2,0,200,0,250000.0006,254,0,200000000.0,0.0,0,0,0.004,0.0,0.0,0.0,0,0,0,0,0.0,0.0,0.0,100,0,0,0,5,2,5,5,5,5,0,0,0,6,5,0,DoS,1
59.931961,tcp,-,CON,542,326,262328,14018,14.466405,254,252,34952.16797,1865.44873,270,0,110.811928,185.235547,5297.476869,198.973906,255,3414503630,3330702795,255,0.20193,0.147412,0.054518,484,43,0,0,2,0,1,1,1,2,0,0,0,2,3,0,DoS,1
9e-06,pup,-,INT,2,0,180,0,111111.1072,254,0,80000000.0,0.0,0,0,0.009,0.0,0.0,0.0,0,0,0,0,0.0,0.0,0.0,90,0,0,0,7,2,7,7,7,7,0,0,0,7,7,0,DoS,1
7e-06,rsvp,-,INT,2,0,200,0,142857.1409,254,0,114285712.0,0.0,0,0,0.007,0.0,0.0,0.0,0,0,0,0,0.0,0.0,0.0,100,0,0,0,4,2,2,2,2,4,0,0,0,2,4,0,DoS,1
3e-06,unas,-,INT,2,0,200,0,333333.3215,254,0,266666656.0,0.0,0,0,0.003,0.0,0.0,0.0,0,0,0,0,0.0,0.0,0.0,100,0,0,0,5,2,5,5,5,5,0,0,0,6,5,0,DoS,1
1.725872,tcp,http,FIN,10,10,798,1730,11.008927,62,252,3332.807861,7217.221191,2,2,191.755222,178.087328,11186.21162,297.156469,255,3941478131,3241465011,255,0.209789,0.12308,0.086709,80,173,1,416,2,1,1,1,1,1,0,0,1,1,1,0,DoS,1
9e-06,unas,-,INT,2,0,200,0,111111.1072,254,0,88888888.0,0.0,0,0,0.009,0.0,0.0,0.0,0,0,0,0,0.0,0.0,0.0,100,0,0,0,5,2,4,4,4,5,0,0,0,6,5,0,DoS,1
3e-06,unas,-,INT,2,0,200,0,333333.3215,254,0,266666656.0,0.0,0,0,0.003,0.0,0.0,0.0,0,0,0,0,0.0,0.0,0.0,100,0,0,0,5,2,4,4,4,5,0,0,0,6,5,0,DoS,1
9e-06,unas,-,INT,2,0,200,0,111111.1072,254,0,88888888.0,0.0,0,0,0.009,0.0,0.0,0.0,0,0,0,0,0.0,0.0,0.0,100,0,0,0,4,2,4,4,4,4,0,0,0,5,4,0,DoS,1
6e-06,unas,-,INT,2,0,200,0,166666.6608,254,0,133333328.0,0.0,0,0,0.006,0.0,0.0,0.0,0,0,0,0,0.0,0.0,0.0,100,0,0,0,4,2,4,4,4,4,0,0,0,5,4,0,DoS,1
9e-06,unas,-,INT,2,0,200,0,111111.1072,254,0,88888888.0,0.0,0,0,0.009,0.0,0.0,0.0,0,0,0,0,0.0,0.0,0.0,100,0,0,0,2,2,2,2,2,2,0,0,0,3,2,0,DoS,1
6e-06,unas,-,INT,2,0,200,0,166666.6608,254,0,133333328.0,0.0,0,0,0.006,0.0,0.0,0.0,0,0,0,0,0.0,0.0,0.0,100,0,0,0,2,2,2,2,2,2,0,0,0,3,2,0,DoS,1
9e-06,unas,-,INT,2,0,200,0,111111.1072,254,0,88888888.0,0.0,0,0,0.009,0.0,0.0,0.0,0,0,0,0,0.0,0.0,0.0,100,0,0,0,4,2,2,2,2,4,0,0,0,5,4,0,DoS,1
7e-06,unas,-,INT,2,0,200,0,142857.1409,254,0,114285712.0,0.0,0,0,0.007,0.0,0.0,0.0,0,0,0,0,0.0,0.0,0.0,100,0,0,0,6,2,3,3,3,6,0,0,0,3,6,0,DoS,1
3e-06,unas,-,INT,2,0,200,0,333333.3215,254,0,266666656.0,0.0,0,0,0.003,0.0,0.0,0.0,0,0,0,0,0.0,0.0,0.0,100,0,0,0,1,2,2,1,1,2,0,0,0,3,1,0,DoS,1
9e-06,unas,-,INT,2,0,200,0,111111.1072,254,0,88888888.0,0.0,0,0,0.009,0.0,0.0,0.0,0,0,0,0,0.0,0.0,0.0,100,0,0,0,4,2,2,2,2,4,0,0,0,3,4,0,DoS,1
5e-06,unas,-,INT,2,0,200,0,200000.0051,254,0,160000000.0,0.0,0,0,0.005,0.0,0.0,0.0,0,0,0,0,0.0,0.0,0.0,100,0,0,0,4,2,2,2,2,4,0,0,0,3,4,0,DoS,1
59.936058,tcp,-,CON,644,358,311696,15394,16.701132,254,252,41539.20313,2048.983643,322,0,93.334354,168.632766,4606.930807,180.836422,255,3415145210,3330702795,255,0.20193,0.147412,0.054518,484,43,0,0,2,0,1,1,1,2,0,0,0,1,2,0,DoS,1
5e-06,unas,-,INT,2,0,200,0,200000.0051,254,0,160000000.0,0.0,0,0,0.005,0.0,0.0,0.0,0,0,0,0,0.0,0.0,0.0,100,0,0,0,2,2,2,2,2,2,0,0,0,2,2,0,DoS,1
37.771709,ospf,-,REQ,20,0,2160,0,0.503022,254,0,434.610992,0.0,0,0,2059.899,0.0,2209.84275,0.0,0,0,0,0,0.0,0.0,0.0,108,0,0,0,1,6,1,1,1,2,0,0,0,3,1,0,DoS,1
3e-06,unas,-,INT,2,0,200,0,333333.3215,254,0,266666656.0,0.0,0,0,0.003,0.0,0.0,0.0,0,0,0,0,0.0,0.0,0.0,100,0,0,0,2,2,2,2,2,2,0,0,0,2,2,0,DoS,1
35.292042,tcp,-,FIN,424,2636,18232,3573488,86.676765,62,252,4123.08252,809731.125,0,1316,83.569773,13.429602,93.248477,1565.49349,255,3781256216,439198990,255,0.258332,0.10332,0.155012,43,1356,0,0,7,1,2,1,1,4,0,0,0,2,4,0,DoS,1
0.872541,tcp,http,FIN,10,8,502,566,19.483325,254,252,4144.217773,4547.637207,2,2,96.949,112.29843,5859.693099,221.140766,255,1373360317,3285193205,255,0.166394,0.085516,0.080878,50,71,1,21,1,1,2,1,1,1,0,0,1,1,1,0,DoS,1
1e-05,unas,-,INT,2,0,200,0,100000.0025,254,0,80000000.0,0.0,0,0,0.01,0.0,0.0,0.0,0,0,0,0,0.0,0.0,0.0,100,0,0,0,5,2,3,3,3,5,0,0,0,3,5,0,DoS,1
0.898617,tcp,http,FIN,10,8,842,1242,18.917959,62,252,6748.146973,9677.092773,2,2,99.832889,119.36757,5169.099995,198.205953,255,2436983279,1041114046,255,0.146394,0.063035,0.083359,84,155,1,201,1,1,1,1,1,1,0,0,1,1,1,0,DoS,1
0.900535,tcp,pop3,FIN,20,22,956,4818,45.528492,62,252,8075.199707,40855.71484,7,9,47.396579,42.519238,2245.798626,2120.617081,255,2927957582,4176834879,255,0.052712,0.006667,0.046045,48,219,0,0,1,1,1,1,1,1,0,0,0,1,1,0,DoS,1
0.273847,tcp,ftp-data,FIN,8,18,364,16744,91.291848,254,252,9319.072266,461980.5625,1,7,45.641166,15.303294,3009.9314,1452.435996,255,221257102,1235759777,255,0.023015,0.012938,0.010077,46,930,0,0,2,1,1,1,1,2,0,0,0,1,2,0,DoS,1
1e-05,unas,-,INT,2,0,200,0,100000.0025,254,0,80000000.0,0.0,0,0,0.01,0.0,0.0,0.0,0,0,0,0,0.0,0.0,0.0,100,0,0,0,5,2,1,1,1,5,0,0,0,1,5,0,DoS,1
9e-06,unas,-,INT,2,0,200,0,111111.1072,254,0,88888888.0,0.0,0,0,0.009,0.0,0.0,0.0,0,0,0,0,0.0,0.0,0.0,100,0,0,0,5,2,4,4,4,5,0,0,0,4,5,0,DoS,1
0.636158,tcp,http,FIN,10,10,842,1336,29.866795,62,252,9532.223633,15128.31738,2,2,70.684222,65.558445,4541.804271,124.517352,255,2073344137,2333787794,255,0.095756,0.045336,0.05042,84,134,1,200,1,1,1,1,1,1,0,0,1,1,1,0,DoS,1
0.205686,tcp,-,FIN,10,6,468,268,72.926693,254,252,16413.36719,8712.308594,2,1,22.854,38.231602,1086.673673,56.202836,255,771321526,1930704687,255,0.057896,0.01388,0.044016,47,45,0,0,1,1,1,1,1,1,0,0,0,1,1,0,DoS,1
1e-05,unas,-,INT,2,0,200,0,100000.0025,254,0,80000000.0,0.0,0,0,0.01,0.0,0.0,0.0,0,0,0,0,0.0,0.0,0.0,100,0,0,0,3,2,3,3,3,3,0,0,0,3,3,0,DoS,1
0.411027,tcp,-,FIN,10,8,1596,354,41.359812,254,252,27968.96484,6033.666504,2,1,43.883667,51.905715,3079.172145,105.462563,255,3648163465,1955873965,255,0.093633,0.047682,0.045951,160,44,0,0,2,1,1,1,1,1,0,0,0,1,1,0,DoS,1
0.298467,tcp,http,FIN,10,8,828,1858,56.957719,62,252,19995.50977,43582.70703,2,2,33.163,40.535,1621.007202,62.255289,255,608222871,265793347,255,0.062917,0.013939,0.048978,83,232,1,512,1,1,1,1,1,1,0,0,1,1,1,0,DoS,1
0.753639,tcp,http,FIN,20,72,1388,86958,120.747469,62,252,14001.39844,910260.75,2,34,39.665211,9.566732,2032.971524,1111.949399,255,3391178141,3731814268,255,0.090761,0.038213,0.052548,69,1208,1,41767,2,1,1,1,1,1,0,0,1,1,1,0,DoS,1
0.291747,tcp,http,FIN,10,8,882,3138,58.269664,62,252,21772.28906,75298.11719,2,2,32.416333,35.43143,1815.894247,54.105844,255,3094061139,2122694745,255,0.058032,0.042944,0.015088,88,392,1,1166,1,1,1,1,1,1,0,0,1,1,1,0,DoS,1
1.625177,tcp,smtp,FIN,22,20,3435,1630,25.228021,254,252,16141.01074,7625.015625,8,8,77.389378,83.558789,3747.114026,106.55518,255,594042765,1683574351,255,0.122428,0.036837,0.085591,156,82,0,0,1,1,1,1,1,1,0,0,0,1,1,0,DoS,1
7e-06,unas,-,INT,2,0,200,0,142857.1409,254,0,114285712.0,0.0,0,0,0.007,0.0,0.0,0.0,0,0,0,0,0.0,0.0,0.0,100,0,0,0,3,2,2,2,2,3,0,0,0,2,3,0,DoS,1
0.299081,tcp,http,FIN,10,8,806,928,56.840789,62,252,19419.48828,21719.86914,2,2,33.216,40.38457,1680.209464,56.885879,255,3249916498,2974793760,255,0.036858,0.016379,0.020479,81,116,1,50,1,1,1,1,1,1,0,0,1,1,1,0,DoS,1
0.736541,tcp,http,FIN,10,8,1030,354,23.080861,254,252,10068.68652,3367.090332,2,1,77.036667,88.935711,4614.181579,132.244016,255,3357544355,20942300,255,0.191171,0.113987,0.077184,103,44,1,0,1,1,1,1,1,1,0,0,1,1,1,0,DoS,1
4e-06,hmp,-,INT,2,0,200,0,250000.0006,254,0,200000000.0,0.0,0,0,0.004,0.0,0.0,0.0,0,0,0,0,0.0,0.0,0.0,100,0,0,0,5,2,1,1,1,5,0,0,0,1,5,0,DoS,1
1e-05,unas,-,INT,2,0,200,0,100000.0025,254,0,80000000.0,0.0,0,0,0.01,0.0,0.0,0.0,0,0,0,0,0.0,0.0,0.0,100,0,0,0,3,2,2,2,2,3,0,0,0,3,3,0,DoS,1
2.039836,tcp,-,FIN,16,14,2048,1978,14.21683,254,252,7530.017578,7204.500977,5,4,134.585271,151.070156,8048.843439,315.559062,255,237411921,1866231947,255,0.181997,0.07592,0.106077,128,141,0,0,1,1,1,1,1,1,0,0,0,1,1,0,DoS,1
0.336769,tcp,http,FIN,16,54,1060,67045,204.888208,62,252,23612.62305,1563184.25,2,25,22.451267,6.156377,1167.055283,851.106385,255,1063414794,4143684993,255,0.050054,0.005841,0.044213,66,1242,1,32166,1,1,1,1,1,1,0,0,1,1,1,0,DoS,1
0.157147,tcp,http,FIN,20,6,15880,268,159.08671,254,252,767994.25,11403.33496,7,1,7.562158,29.978,608.950794,49.283172,255,3446260647,513276937,255,0.05151,0.007248,0.044262,794,45,1,0,1,1,1,1,1,1,0,0,1,1,1,0,DoS,1
0.960151,tcp,ssl,FIN,12,12,1290,2148,23.954565,254,252,9856.783203,16405.75195,3,3,87.286457,79.691367,5097.459421,144.74875,255,3906896086,2855531211,255,0.098767,0.054657,0.04411,108,179,0,0,1,1,1,1,1,1,0,0,0,3,1,0,DoS,1
9e-06,unas,-,INT,2,0,200,0,111111.1072,254,0,88888888.0,0.0,0,0,0.009,0.0,0.0,0.0,0,0,0,0,0.0,0.0,0.0,100,0,0,0,5,2,3,2,2,5,0,0,0,2,5,0,DoS,1
4e-06,leaf-1,-,INT,2,0,200,0,250000.0006,254,0,200000000.0,0.0,0,0,0.004,0.0,0.0,0.0,0,0,0,0,0.0,0.0,0.0,100,0,0,0,4,2,3,2,2,6,0,0,0,3,4,0,DoS,1
7e-06,unas,-,INT,2,0,200,0,142857.1409,254,0,114285712.0,0.0,0,0,0.007,0.0,0.0,0.0,0,0,0,0,0.0,0.0,0.0,100,0,0,0,3,2,2,2,2,3,0,0,0,3,3,0,DoS,1
9e-06,unas,-,INT,2,0,200,0,111111.1072,254,0,88888888.0,0.0,0,0,0.009,0.0,0.0,0.0,0,0,0,0,0.0,0.0,0.0,100,0,0,0,2,2,3,2,2,3,0,0,0,3,2,0,DoS,1
0.406374,tcp,http,FIN,10,8,800,1196,41.833384,62,252,14174.13477,20611.55469,2,2,45.152667,54.384145,2266.989797,75.427156,255,2440814693,3363255462,255,0.086914,0.025047,0.061867,80,150,1,179,1,1,1,1,1,1,0,0,1,1,1,0,DoS,1
4e-06,mfe-nsp,-,INT,2,0,200,0,250000.0006,254,0,200000000.0,0.0,0,0,0.004,0.0,0.0,0.0,0,0,0,0,0.0,0.0,0.0,100,0,0,0,6,2,1,1,1,6,0,0,0,1,6,0,DoS,1
2.259704,tcp,pop3,FIN,28,82,1302,86062,48.236404,62,252,4446.600098,300970.375,7,38,83.692741,26.936061,5339.239463,2814.81932,255,3144974246,1019393477,255,0.111742,0.059362,0.05238,47,1050,0,0,1,1,1,1,1,1,0,0,0,24,1,0,DoS,1
9e-06,3pc,-,INT,2,0,200,0,111111.1072,254,0,88888888.0,0.0,0,0,0.009,0.0,0.0,0.0,0,0,0,0,0.0,0.0,0.0,100,0,0,0,6,2,2,2,2,6,0,0,0,2,6,0,DoS,1
1.1e-05,udp,-,INT,2,0,1270,0,90909.0902,254,0,461818176.0,0.0,0,0,0.011,0.0,0.0,0.0,0,0,0,0,0.0,0.0,0.0,635,0,0,0,1,2,1,1,1,1,0,0,0,1,1,0,DoS,1
0.268501,tcp,-,FIN,10,8,776,1186,63.314472,62,252,20826.73633,30927.25781,2,2,29.833444,37.071,1469.641655,53.480066,255,3465804045,929101053,255,0.054732,0.00838,0.046352,78,148,1,0,1,1,2,2,2,2,0,0,4,2,1,0,DoS,1
4.546167,tcp,-,FIN,250,48,334747,2074,65.329762,254,252,586707.875,3574.0,122,1,18.170318,93.965469,2035.259865,124.508258,255,2010164730,4158329190,255,0.2198,0.129782,0.090018,1339,43,0,0,3,1,1,1,1,1,0,0,0,1,2,0,DoS,1
0.849687,tcp,smtp,FIN,66,26,65016,1942,107.098263,62,252,602866.6875,17587.65234,30,8,13.072108,33.415359,1058.139961,42.831898,255,3952132542,2760625208,255,0.053318,0.007652,0.045666,985,75,0,0,1,1,1,1,1,1,0,0,0,1,1,0,DoS,1
4.173826,tcp,pop3,FIN,42,122,1926,137022,39.052896,62,252,3605.324951,260478.5,7,59,101.798607,33.859116,5261.016538,3392.037192,255,3749494037,636361678,255,0.168539,0.076872,0.091667,46,1123,0,0,1,1,1,1,1,1,0,0,0,1,1,0,DoS,1
7e-06,tp++,-,INT,2,0,200,0,142857.1409,254,0,114285712.0,0.0,0,0,0.007,0.0,0.0,0.0,0,0,0,0,0.0,0.0,0.0,100,0,0,0,4,2,2,1,1,5,0,0,0,3,4,0,DoS,1
1e-06,il,-,INT,2,0,200,0,1000000.003,254,0,800000000.0,0.0,0,0,0.001,0.0,0.0,0.0,0,0,0,0,0.0,0.0,0.0,100,0,0,0,4,2,1,1,1,5,0,0,0,1,4,0,DoS,1
1.631622,tcp,http,FIN,18,46,1610,54778,38.611885,62,252,7457.609863,262747.125,3,21,95.918647,34.307111,4951.74118,3244.956061,255,1934193230,4201157015,255,0.152823,0.087793,0.06503,89,1191,1,324,2,1,1,1,1,1,0,0,1,1,1,0,DoS,1
1e-05,udp,dhcp,INT,2,0,1152,0,100000.0025,254,0,460800000.0,0.0,0,0,0.01,0.0,0.0,0.0,0,0,0,0,0.0,0.0,0.0,576,0,0,0,1,2,1,1,1,1,0,0,0,1,1,0,DoS,1
1e-05,sdrp,-,INT,2,0,200,0,100000.0025,254,0,80000000.0,0.0,0,0,0.01,0.0,0.0,0.0,0,0,0,0,0.0,0.0,0.0,100,0,0,0,6,2,2,2,2,6,0,0,0,2,6,0,DoS,1
1.160337,tcp,http,FIN,10,10,766,1448,16.374554,62,252,4757.23877,8990.492188,2,2,128.926333,121.083445,9311.585889,183.578141,255,678639458,2210872396,255,0.151021,0.069873,0.081148,77,145,1,284,1,1,1,1,1,1,0,0,1,1,1,0,DoS,1
1.035766,tcp,http,FIN,10,6,580,268,14.482035,254,252,4031.798584,1730.120483,2,1,115.085111,181.189203,6155.316101,313.05725,255,2952076777,3168036799,255,0.253382,0.129174,0.124208,58,45,1,0,1,1,2,1,1,4,0,0,1,2,1,0,DoS,1
0.847803,tcp,http,FIN,10,8,780,974,20.051828,62,252,6624.180176,8049.039551,2,2,94.053889,101.387141,4961.540236,155.261266,255,2774194242,232464285,255,0.280139,0.138091,0.142048,78,122,1,68,1,1,1,1,1,1,0,0,1,1,1,0,DoS,1
6e-06,ipv6-frag,-,INT,2,0,200,0,166666.6608,254,0,133333328.0,0.0,0,0,0.006,0.0,0.0,0.0,0,0,0,0,0.0,0.0,0.0,100,0,0,0,6,2,1,1,1,6,0,0,0,1,6,0,DoS,1
9.194897,udp,-,CON,18,20,3292,4638,4.023971,254,60,2705.848877,3834.300781,0,0,540.876313,311.516219,1002.588938,685.151875,0,0,0,0,0.0,0.0,0.0,183,232,0,0,2,0,2,1,1,1,0,0,0,3,2,0,DoS,1
1e-05,rsvp,-,INT,2,0,200,0,100000.0025,254,0,80000000.0,0.0,0,0,0.01,0.0,0.0,0.0,0,0,0,0,0.0,0.0,0.0,100,0,0,0,6,2,2,2,2,6,0,0,0,2,6,0,DoS,1
14.932931,tcp,http,FIN,10,8,1052,354,1.138424,254,252,507.335114,166.075897,2,1,1659.214556,2122.84625,109010.3994,3328.584,255,319005151,3689633044,255,0.196757,0.072155,0.124602,105,44,1,0,1,1,1,1,1,1,0,0,1,2,1,0,DoS,1
2e-06,bna,-,INT,2,0,200,0,500000.0013,254,0,400000000.0,0.0,0,0,0.002,0.0,0.0,0.0,0,0,0,0,0.0,0.0,0.0,100,0,0,0,3,2,1,1,1,3,0,0,0,2,3,0,DoS,1
10.038711,rvd,-,INT,4,0,400,0,0.298843,254,0,239.074524,0.0,0,0,3346.237,0.0,4732.2805,0.0,0,0,0,0,0.0,0.0,0.0,100,0,0,0,5,2,2,2,2,5,0,0,0,2,5,0,DoS,1
0.249358,tcp,-,FIN,12,6,548,268,68.175074,254,252,16137.44141,7186.455078,3,1,21.576545,48.301398,1069.866504,82.625328,255,100387221,563109727,255,0.053685,0.007846,0.045839,46,45,0,0,1,1,1,1,1,1,0,0,0,1,1,0,DoS,1
4e-06,unas,-,INT,2,0,200,0,250000.0006,254,0,200000000.0,0.0,0,0,0.004,0.0,0.0,0.0,0,0,0,0,0.0,0.0,0.0,100,0,0,0,2,2,2,2,2,2,0,0,0,5,2,0,DoS,1
1e-05,narp,-,INT,2,0,200,0,100000.0025,254,0,80000000.0,0.0,0,0,0.01,0.0,0.0,0.0,0,0,0,0,0.0,0.0,0.0,100,0,0,0,6,2,1,1,1,6,0,0,0,2,6,0,DoS,1
1e-05,unas,-,INT,2,0,200,0,100000.0025,254,0,80000000.0,0.0,0,0,0.01,0.0,0.0,0.0,0,0,0,0,0.0,0.0,0.0,100,0,0,0,3,2,3,3,3,3,0,0,0,4,3,0,DoS,1
3e-06,ipv6-no,-,INT,2,0,200,0,333333.3215,254,0,266666656.0,0.0,0,0,0.003,0.0,0.0,0.0,0,0,0,0,0.0,0.0,0.0,100,0,0,0,6,2,2,2,2,6,0,0,0,2,6,0,DoS,1
1.281636,tcp,-,FIN,8,8,364,664,11.703791,62,252,1991.204956,3626.614746,1,2,182.941576,168.172859,11810.2398,246.803422,255,1420807702,207709479,255,0.204413,0.104425,0.099988,46,83,0,0,3,1,1,1,1,1,0,0,0,2,1,0,DoS,1
6e-06,any,-,INT,2,0,200,0,166666.6608,254,0,133333328.0,0.0,0,0,0.006,0.0,0.0,0.0,0,0,0,0,0.0,0.0,0.0,100,0,0,0,4,2,1,1,1,4,0,0,0,1,4,0,DoS,1
9e-06,unas,-,INT,2,0,200,0,111111.1072,254,0,88888888.0,0.0,0,0,0.009,0.0,0.0,0.0,0,0,0,0,0.0,0.0,0.0,100,0,0,0,3,2,3,3,3,3,0,0,0,4,3,0,DoS,1
9e-06,sat-expak,-,INT,2,0,200,0,111111.1072,254,0,88888888.0,0.0,0,0,0.009,0.0,0.0,0.0,0,0,0,0,0.0,0.0,0.0,100,0,0,0,4,2,3,3,3,4,0,0,0,4,4,0,DoS,1
2.995948,tcp,-,FIN,122,26,158521,1128,49.066271,254,252,419825.6875,2897.246582,58,1,24.359032,119.467539,2713.828226,161.408859,255,1153392173,636653603,255,0.212035,0.128722,0.083313,1299,43,0,0,2,1,1,1,1,1,0,0,0,1,1,0,DoS,1
2.09725,tcp,http,FIN,10,10,762,982,9.059483,62,252,2616.76001,3372.034912,2,2,233.001,222.830437,13791.61514,379.850062,255,3203588201,2912989239,255,0.183415,0.091767,0.091648,76,98,1,43,2,1,1,1,1,1,0,0,1,1,1,0,DoS,1
3e-06,sat-mon,-,INT,2,0,200,0,333333.3215,254,0,266666656.0,0.0,0,0,0.003,0.0,0.0,0.0,0,0,0,0,0.0,0.0,0.0,100,0,0,0,5,2,2,2,2,5,0,0,0,2,5,0,DoS,1
1.199036,tcp,-,FIN,10,8,704,354,14.178056,254,252,4230.064941,2068.328125,2,1,133.118111,159.008,8633.417639,225.491641,255,2849641840,4275667675,255,0.150377,0.085979,0.064398,70,44,0,0,5,1,1,1,1,2,0,0,0,2,6,0,DoS,1
9e-06,cphb,-,INT,2,0,200,0,111111.1072,254,0,88888888.0,0.0,0,0,0.009,0.0,0.0,0.0,0,0,0,0,0.0,0.0,0.0,100,0,0,0,4,2,3,3,3,4,0,0,0,3,4,0,DoS,1
0.246047,tcp,http,FIN,10,18,842,15814,109.73513,62,252,24645.69727,485630.7813,2,7,27.338556,14.075411,1301.960437,1334.692512,255,3733367638,2636836904,255,0.059019,0.006086,0.052933,84,879,1,7296,1,1,1,1,1,1,0,0,1,1,1,0,DoS,1
9e-06,cpnx,-,INT,2,0,200,0,111111.1072,254,0,88888888.0,0.0,0,0,0.009,0.0,0.0,0.0,0,0,0,0,0.0,0.0,0.0,100,0,0,0,4,2,3,3,3,4,0,0,0,3,4,0,DoS,1
58.79575,ospf,-,REQ,26,0,2808,0,0.425201,254,0,367.373505,0.0,0,0,2462.9945,0.0,2571.657,0.0,0,0,0,0,0.0,0.0,0.0,108,0,0,0,1,6,1,1,1,2,0,0,0,1,1,0,DoS,1
4e-06,udp,-,INT,2,0,788,0,250000.0006,254,0,788000000.0,0.0,0,0,0.004,0.0,0.0,0.0,0,0,0,0,0.0,0.0,0.0,394,0,0,0,5,2,2,1,1,1,0,0,0,3,4,0,DoS,1
1.144049,ospf,-,INT,42,0,1890,0,35.837624,254,0,12901.54492,0.0,0,0,27.903635,0.0,29.83157,0.0,0,0,0,0,0.0,0.0,0.0,45,0,0,0,1,2,1,1,1,1,0,0,0,1,1,0,DoS,1
1e-05,unas,-,INT,2,0,200,0,100000.0025,254,0,80000000.0,0.0,0,0,0.01,0.0,0.0,0.0,0,0,0,0,0.0,0.0,0.0,100,0,0,0,1,2,1,1,1,1,0,0,0,2,1,0,DoS,1
9e-06,unas,-,INT,2,0,200,0,111111.1072,254,0,88888888.0,0.0,0,0,0.009,0.0,0.0,0.0,0,0,0,0,0.0,0.0,0.0,100,0,0,0,3,2,2,2,2,3,0,0,0,3,3,0,DoS,1
1e-06,udp,-,INT,2,0,192,0,1000000.003,62,0,768000000.0,0.0,0,0,0.001,0.0,0.0,0.0,0,0,0,0,0.0,0.0,0.0,96,0,0,0,3,2,3,3,3,3,0,0,0,3,5,0,DoS,1
0.507289,tcp,http,FIN,10,6,862,268,29.568944,254,252,12237.60059,3532.503174,2,1,56.258,94.373797,2779.506587,134.681578,255,218015608,1846537417,255,0.074706,0.035419,0.039287,86,45,1,0,1,1,1,1,1,1,0,0,1,1,1,0,DoS,1
59.997837,tcp,smtp,CON,6262,946,8294226,41232,120.120997,254,252,1105760.125,5492.064453,3129,6,9.598137,63.371707,1419.719292,91.59325,255,3580646051,843846447,255,0.094097,0.044689,0.049408,1325,44,0,0,1,0,1,1,1,1,0,0,0,1,1,0,DoS,1
6e-06,unas,-,INT,2,0,200,0,166666.6608,254,0,133333328.0,0.0,0,0,0.006,0.0,0.0,0.0,0,0,0,0,0.0,0.0,0.0,100,0,0,0,5,2,4,4,4,5,0,0,0,4,5,0,DoS,1
35.219231,tcp,-,FIN,442,226,212164,9718,18.938517,254,252,48083.73047,2197.663086,218,0,80.243223,157.451984,3882.487134,166.737078,255,3415433810,3330702795,255,0.20193,0.147412,0.054518,480,43,0,0,3,1,1,1,1,3,0,0,0,1,3,0,DoS,1
1.158388,tcp,http,FIN,10,10,964,2324,16.402103,62,252,5994.537109,14447.66309,2,2,128.709778,117.662891,7350.006495,203.810828,255,1245825386,3254319916,255,0.186327,0.098786,0.087541,96,232,1,692,1,1,1,1,1,2,0,0,1,1,1,0,DoS,1
1.189606,tcp,-,FIN,10,8,740,354,14.290446,254,252,4478.793945,2084.723877,2,1,124.552111,151.774141,6791.852708,279.983125,255,1199672992,1608953325,255,0.212011,0.127186,0.084825,74,44,0,0,1,1,1,1,1,1,0,0,0,2,1,0,DoS,1
3e-06,ip,-,INT,2,0,180,0,333333.3215,254,0,239999984.0,0.0,0,0,0.003,0.0,0.0,0.0,0,0,0,0,0.0,0.0,0.0,90,0,0,0,4,2,3,4,3,3,0,0,0,4,3,0,DoS,1
0.404559,tcp,-,FIN,10,6,2076,268,37.077411,254,252,36958.76563,4429.514648,2,1,40.352889,70.072602,1928.163069,87.626047,255,3862454455,3979205459,255,0.085587,0.05419,0.031397,208,45,0,0,1,1,1,1,1,1,0,0,0,1,1,0,DoS,1
0.36142,tcp,http,FIN,10,8,858,1380,47.036688,62,252,17110.28711,26738.97461,2,2,39.967222,43.64457,1909.019922,57.61773,255,4033671473,904251069,255,0.095441,0.0559,0.039541,86,173,1,263,3,1,1,1,1,1,0,0,1,1,1,0,DoS,1
3e-06,cftp,-,INT,2,0,200,0,333333.3215,254,0,266666656.0,0.0,0,0,0.003,0.0,0.0,0.0,0,0,0,0,0.0,0.0,0.0,100,0,0,0,4,2,3,3,3,4,0,0,0,4,4,0,DoS,1
0.571722,tcp,http,FIN,10,8,792,976,29.734733,62,252,9976.876953,11949.86426,2,2,63.524667,61.401145,3189.987723,104.374336,255,3500087403,457972644,255,0.201669,0.114225,0.087444,79,122,1,68,1,1,1,1,1,1,0,0,1,2,1,0,DoS,1
1.101219,tcp,http,FIN,10,10,754,1216,17.253606,62,252,4932.715332,7954.820312,2,2,122.266667,115.582336,8078.236126,171.006094,255,1460275727,1529384350,255,0.091506,0.060969,0.030537,75,122,1,162,1,1,3,2,2,2,0,0,4,2,1,0,DoS,1
0.591368,tcp,-,FIN,10,8,540,354,28.746905,254,252,6574.585938,4193.666016,2,1,65.707556,65.206,4047.474844,114.123648,255,2297842926,365676657,255,0.137442,0.111407,0.026035,54,44,0,0,2,1,1,1,1,1,0,0,0,1,1,0,DoS,1
0.964416,tcp,-,FIN,18,18,996,2534,36.291392,62,252,7805.759766,19858.65039,6,7,56.730353,54.41841,2739.220238,63.674152,255,3727972030,1414145434,255,0.084166,0.038553,0.045613,55,141,0,0,3,1,1,1,1,1,0,0,0,1,1,0,DoS,1
4e-06,xnet,-,INT,2,0,180,0,250000.0006,254,0,180000000.0,0.0,0,0,0.004,0.0,0.0,0.0,0,0,0,0,0.0,0.0,0.0,90,0,0,0,3,2,2,2,2,3,0,0,0,4,3,0,DoS,1
1.679772,tcp,smtp,FIN,34,22,19695,1722,32.742538,254,252,91040.92969,7829.633789,14,8,50.902182,76.539094,3461.848729,115.029703,255,2481630748,236490859,255,0.14148,0.045505,0.095975,579,78,0,0,1,1,1,1,1,1,0,0,0,1,1,0,DoS,1
1e-05,ipcv,-,INT,2,0,200,0,100000.0025,254,0,80000000.0,0.0,0,0,0.01,0.0,0.0,0.0,0,0,0,0,0.0,0.0,0.0,100,0,0,0,4,2,3,3,3,4,0,0,0,3,4,0,DoS,1
1e-05,trunk-1,-,INT,2,0,200,0,100000.0025,254,0,80000000.0,0.0,0,0,0.01,0.0,0.0,0.0,0,0,0,0,0.0,0.0,0.0,100,0,0,0,4,2,1,1,1,6,0,0,0,1,4,0,DoS,1
0.195657,tcp,http,FIN,10,6,1916,268,76.664776,254,252,70531.59375,9158.884766,2,1,19.803889,37.635398,1050.087836,62.334449,255,3973766097,890077083,255,0.053579,0.007471,0.046108,192,45,1,0,2,1,1,1,1,1,0,0,1,1,1,0,DoS,1
0.2737,tcp,http,FIN,10,8,1022,1638,62.111802,254,252,26890.75586,41914.50391,2,2,30.411111,37.98243,1479.726421,53.751602,255,2249318936,2246964806,255,0.052475,0.007142,0.045333,102,205,1,408,2,1,1,2,1,1,0,0,1,2,1,0,DoS,1
5e-06,unas,-,INT,2,0,200,0,200000.0051,254,0,160000000.0,0.0,0,0,0.005,0.0,0.0,0.0,0,0,0,0,0.0,0.0,0.0,100,0,0,0,2,2,3,2,2,3,0,0,0,3,2,0,DoS,1
0.195708,tcp,-,FIN,10,6,1908,268,76.644795,254,252,70227.07031,9156.498047,2,1,20.056333,37.490602,1076.601496,64.62693,255,4269979708,4160819181,255,0.055916,0.008246,0.04767,191,45,0,0,2,1,1,1,1,1,0,0,0,1,1,0,DoS,1
0.22475,tcp,-,FIN,10,8,1076,550,75.6396,62,252,34491.65625,17156.8418,2,2,24.972222,30.345285,1361.625636,54.657059,255,2686425279,1601293069,255,0.054573,0.008341,0.046232,108,69,0,0,2,1,1,1,1,1,0,0,0,1,1,0,DoS,1
3e-06,unas,-,INT,2,0,200,0,333333.3215,254,0,266666656.0,0.0,0,0,0.003,0.0,0.0,0.0,0,0,0,0,0.0,0.0,0.0,100,0,0,0,3,2,3,3,3,3,0,0,0,3,3,0,DoS,1
1.701652,tcp,http,FIN,10,14,822,7626,13.516277,62,252,3478.972168,33294.70313,2,4,186.730778,122.75577,10771.3353,0.0,255,2640244286,2364527973,255,0.173274,0.105819,0.067455,82,545,1,3246,1,1,2,1,1,2,0,0,1,4,1,0,DoS,1
59.934292,tcp,-,CON,590,332,285560,14276,15.366829,254,252,38051.80469,1899.813843,294,0,101.909648,179.037578,4993.940981,189.462594,255,3414882806,3330702795,255,0.20193,0.147412,0.054518,484,43,0,0,4,0,1,1,1,2,0,0,0,1,3,0,DoS,1
1.868049,tcp,http,FIN,10,8,2760,354,9.100404,254,252,10637.83691,1327.588257,2,1,207.552889,256.927141,11942.2058,425.383875,255,1384013508,3165719340,255,0.176798,0.069556,0.107242,276,44,1,0,1,1,1,1,1,1,0,0,1,1,1,0,DoS,1
2.293522,tcp,http,FIN,34,172,1824,217197,89.382186,62,252,6177.398926,753199.6875,2,83,69.500667,12.631912,3601.926209,1577.224278,255,589382110,3685592005,255,0.119798,0.052809,0.066989,54,1263,1,104877,2,1,1,2,1,1,0,0,1,2,1,0,DoS,1
3e-06,udp,dns,INT,2,0,112,0,333333.3215,254,0,149333328.0,0.0,0,0,0.003,0.0,0.0,0.0,0,0,0,0,0.0,0.0,0.0,56,0,0,0,1,2,1,1,1,1,0,0,0,3,1,0,DoS,1
59.830025,tcp,-,CON,704,4476,30272,6036055,86.56189,62,252,4041.983887,806913.5,0,2234,85.217383,13.475131,96.718156,1666.590075,255,3781256216,436270680,255,0.258332,0.10332,0.155012,43,1349,0,0,6,3,2,1,1,3,0,0,0,3,3,0,DoS,1
2.18307,tcp,ftp,FIN,14,14,684,794,12.367904,254,252,2330.662842,2704.448486,4,4,165.697385,163.678766,10340.14454,251.830234,255,3683431816,90803330,255,0.137807,0.05524,0.082567,49,57,0,0,1,1,1,1,1,2,1,1,0,1,1,0,DoS,1
0.351275,tcp,-,FIN,10,6,854,268,42.701587,254,252,17513.34375,5101.416504,2,1,34.504111,56.197,1789.059604,77.402445,255,1604566265,3362312753,255,0.098042,0.070286,0.027756,85,45,0,0,1,1,1,1,1,1,0,0,0,1,1,0,DoS,1
5e-06,udp,dns,INT,2,0,118,0,200000.0051,62,0,94400000.0,0.0,0,0,0.005,0.0,0.0,0.0,0,0,0,0,0.0,0.0,0.0,59,0,0,0,1,2,2,1,1,2,0,0,0,4,1,0,DoS,1
0.346887,tcp,-,FIN,10,6,516,268,43.241748,254,252,10723.95313,5165.947754,2,1,36.965556,66.779203,3026.162998,122.574797,255,1600342244,3205468482,255,0.027295,0.012982,0.014313,52,45,0,0,2,1,1,1,1,1,0,0,0,2,1,0,DoS,1
1.411604,tcp,-,FIN,18,20,1028,4778,26.211316,62,252,5502.959473,25729.59375,6,8,82.975941,71.776634,3978.56261,3584.162701,255,391465144,2801548977,255,0.095905,0.047826,0.048079,57,239,0,0,2,1,1,1,1,1,0,0,0,1,1,0,DoS,1
5e-06,ippc,-,INT,2,0,200,0,200000.0051,254,0,160000000.0,0.0,0,0,0.005,0.0,0.0,0.0,0,0,0,0,0.0,0.0,0.0,100,0,0,0,5,2,2,2,2,5,0,0,0,2,5,0,DoS,1
0.252411,tcp,-,FIN,10,6,496,268,59.426885,254,252,14167.36914,7099.531738,2,1,25.504111,42.307398,1286.836823,60.437266,255,3766936551,2425911388,255,0.077114,0.040868,0.036246,50,45,0,0,1,1,1,1,1,1,0,0,0,1,1,0,DoS,1
0.699222,tcp,http,FIN,10,8,794,1376,24.312735,62,252,8180.520508,13775.30957,2,2,77.675444,83.109711,3853.01036,137.050906,255,4072247403,451941379,255,0.229503,0.117445,0.112058,79,172,1,288,1,1,1,1,1,1,0,0,1,1,1,0,DoS,1
0.204555,tcp,http,FIN,10,16,812,13416,122.216516,62,252,28588.88672,491916.5938,2,6,22.728333,12.850066,1161.312396,1353.852693,255,1693172152,1739770041,255,0.051787,0.006957,0.04483,81,839,1,6133,2,1,1,1,1,1,0,0,1,1,1,0,DoS,1
0.704503,tcp,http,FIN,12,10,1504,2256,29.808248,254,252,15659.2666,23063.06641,3,3,64.045727,68.353219,3141.817094,101.536852,255,4145177186,2181853789,255,0.168577,0.088606,0.079971,125,226,1,268,1,1,1,1,1,1,0,0,1,1,1,0,DoS,1
0.248584,tcp,http,FIN,10,8,808,2976,68.387345,62,252,23428.69922,83802.65625,2,2,27.620444,33.737,1321.62947,56.942453,255,2555431853,424976186,255,0.063112,0.011741,0.051371,81,372,1,1079,1,1,1,1,1,1,0,0,1,1,1,0,DoS,1
0.56085,tcp,http,FIN,10,8,470,354,30.311134,254,252,6033.69873,4421.859375,2,1,60.132556,73.18743,4061.672196,123.386531,255,3220939448,1755683888,255,0.101927,0.048537,0.05339,47,44,1,0,1,1,1,1,1,1,0,0,1,1,1,0,DoS,1
0.303043,tcp,-,FIN,8,6,364,268,42.898201,254,252,8421.24707,5913.352051,1,1,43.291857,48.015,2205.160083,72.98093,255,3895165317,3710725126,255,0.120907,0.062348,0.058559,46,45,0,0,3,1,2,2,1,3,0,0,0,2,3,0,DoS,1
0.795917,tcp,-,FIN,20,18,2556,2338,46.487261,254,252,24414.60742,22203.32031,7,7,41.890369,46.094883,2058.149605,56.431004,255,2112938006,1309919974,255,0.052043,0.006673,0.04537,128,130,0,0,1,1,2,1,1,2,0,0,0,2,1,0,DoS,1
0.198278,tcp,http,FIN,10,6,790,268,75.65136,254,252,28686.99609,9037.81543,2,1,20.461889,37.883801,1095.122916,64.70993,255,2703804318,600079426,255,0.054833,0.00885,0.045983,79,45,1,0,2,1,1,1,1,1,0,0,1,1,1,0,DoS,1
9e-06,udp,-,INT,2,0,144,0,111111.1072,254,0,63999996.0,0.0,0,0,0.009,0.0,0.0,0.0,0,0,0,0,0.0,0.0,0.0,72,0,0,0,1,2,2,2,2,2,0,0,0,2,1,0,DoS,1
9e-06,udp,dhcp,INT,2,0,144,0,111111.1072,254,0,63999996.0,0.0,0,0,0.009,0.0,0.0,0.0,0,0,0,0,0.0,0.0,0.0,72,0,0,0,1,2,2,2,2,2,0,0,0,2,1,0,DoS,1
9e-06,vines,-,INT,2,0,200,0,111111.1072,254,0,88888888.0,0.0,0,0,0.009,0.0,0.0,0.0,0,0,0,0,0.0,0.0,0.0,100,0,0,0,5,2,3,3,3,5,0,0,0,3,5,0,DoS,1
0.312475,tcp,http,FIN,10,8,784,1566,54.404353,62,252,18075.04688,35100.41016,2,2,34.719444,42.87657,1704.034295,62.939391,255,3776835607,2446820744,255,0.076421,0.011624,0.064797,78,196,1,366,1,1,1,1,1,1,0,0,1,1,1,0,DoS,1
6e-06,dgp,-,INT,2,0,200,0,166666.6608,254,0,133333328.0,0.0,0,0,0.006,0.0,0.0,0.0,0,0,0,0,0.0,0.0,0.0,100,0,0,0,3,2,3,3,3,3,0,0,0,3,3,0,DoS,1
1.17928,tcp,smtp,FIN,22,20,4153,1756,34.766975,254,252,26897.76758,11322.16211,8,8,56.156191,57.999473,3153.247597,88.778133,255,723435256,3334272908,255,0.114843,0.058065,0.056778,189,88,0,0,1,1,1,1,1,1,0,0,0,3,1,0,DoS,1
9e-06,eigrp,-,INT,2,0,200,0,111111.1072,254,0,88888888.0,0.0,0,0,0.009,0.0,0.0,0.0,0,0,0,0,0.0,0.0,0.0,100,0,0,0,2,2,1,1,1,2,0,0,0,1,2,0,DoS,1
1.572936,tcp,pop3,FIN,26,64,1236,63004,56.582084,62,252,6047.289551,315435.5938,7,30,62.895719,24.834791,3019.207657,1907.563111,255,2572551208,748558874,255,0.093248,0.033175,0.060073,48,984,0,0,1,1,1,1,1,1,0,0,0,1,1,0,DoS,1
0.535873,tcp,-,FIN,10,6,1916,268,27.991707,254,252,25752.37109,3344.075928,2,1,54.472,90.36,2836.31886,141.297578,255,3887706265,4134614402,255,0.156187,0.08407,0.072117,192,45,0,0,1,1,1,1,1,1,0,0,0,1,1,0,DoS,1
0.272709,tcp,http,FIN,10,8,932,1022,62.337507,62,252,24612.31445,26255.0918,2,2,30.301,37.475145,1525.306962,54.885195,255,4200561532,2441563309,255,0.05647,0.009739,0.046731,93,128,1,99,1,1,1,1,1,1,0,0,1,1,1,0,DoS,1
0.535911,tcp,ftp,FIN,14,14,698,914,50.381498,62,252,9688.175781,12673.74609,4,5,41.223923,38.825617,2057.341041,50.107098,255,1122473181,2036752299,255,0.063677,0.016208,0.047469,50,65,0,0,1,1,1,1,1,1,0,0,0,1,1,0,DoS,1
0.815864,tcp,smtp,FIN,20,20,2500,1824,47.802083,254,252,23288.19336,16993.02734,7,8,42.940209,44.635723,2128.251624,51.80625,255,3457196375,3535791863,255,0.054129,0.008551,0.045578,125,91,0,0,2,1,2,2,1,2,0,0,0,2,2,0,DoS,1
0.193096,tcp,http,FIN,10,6,558,268,77.681569,254,252,20839.375,9280.358398,2,1,19.431778,36.968199,1027.601226,60.645777,255,3491564037,3880923678,255,0.054701,0.008248,0.046453,56,45,1,0,1,1,1,1,1,1,0,0,1,1,1,0,DoS,1
0.268501,tcp,http,FIN,10,8,776,1186,63.314472,62,252,20826.73633,30927.25781,2,2,29.833444,37.071,1469.641655,53.480066,255,3465804045,929101053,255,0.054732,0.00838,0.046352,78,148,1,0,3,1,2,2,2,2,0,0,4,2,1,0,DoS,1
0.258124,tcp,http,FIN,10,8,1302,1012,65.859821,62,252,36323.62891,27459.67188,2,2,28.652,33.433715,1396.395557,46.743992,255,3920605266,1205692944,255,0.040555,0.024082,0.016473,130,127,1,109,1,1,1,1,1,1,0,0,1,2,1,0,DoS,1
0.52125,tcp,-,FIN,12,10,1812,530,40.287769,254,252,25492.56641,7320.863281,3,3,43.778183,53.738109,2355.066767,63.048109,255,2129479386,1538780993,255,0.08136,0.037598,0.043762,151,53,0,0,1,1,1,1,1,1,0,0,0,1,1,0,DoS,1
1.494048,tcp,-,FIN,26,24,3484,3088,32.796804,254,252,17937.84375,15849.55762,10,10,59.761919,63.242957,2822.30241,70.079906,255,325927449,696895274,255,0.060149,0.038622,0.021527,134,129,0,0,1,1,1,1,1,1,0,0,0,1,1,0,DoS,1
4e-06,iso-ip,-,INT,2,0,200,0,250000.0006,254,0,200000000.0,0.0,0,0,0.004,0.0,0.0,0.0,0,0,0,0,0.0,0.0,0.0,100,0,0,0,5,2,2,2,2,5,0,0,0,2,5,0,DoS,1
0.472551,tcp,http,FIN,10,8,790,1550,35.974954,254,252,12036.7959,22973.18164,2,2,52.505667,58.37043,2497.276623,80.121984,255,2662726381,870196366,255,0.108858,0.063179,0.045679,79,194,1,371,1,1,1,1,1,1,0,0,1,2,1,0,DoS,1
7e-06,vmtp,-,INT,2,0,200,0,142857.1409,254,0,114285712.0,0.0,0,0,0.007,0.0,0.0,0.0,0,0,0,0,0.0,0.0,0.0,100,0,0,0,5,2,3,3,3,5,0,0,0,3,5,0,DoS,1
5e-06,gmtp,-,INT,2,0,200,0,200000.0051,254,0,160000000.0,0.0,0,0,0.005,0.0,0.0,0.0,0,0,0,0,0.0,0.0,0.0,100,0,0,0,5,2,1,1,1,5,0,0,0,1,5,0,DoS,1
0.135153,udp,-,CON,4,4,1930,2190,51.793155,254,60,85710.27344,97252.75,0,0,45.051,13.420333,63.701836,18.965783,0,0,0,0,0.0,0.0,0.0,483,548,0,0,1,0,1,1,1,1,0,0,0,1,1,0,DoS,1
9e-06,qnx,-,INT,2,0,200,0,111111.1072,254,0,88888888.0,0.0,0,0,0.009,0.0,0.0,0.0,0,0,0,0,0.0,0.0,0.0,100,0,0,0,4,2,2,2,2,4,0,0,0,3,4,0,DoS,1
2.077638,tcp,http,FIN,10,10,910,1656,9.145001,62,252,3153.581299,5741.135254,2,2,230.848667,216.959219,14334.23128,489.327719,255,17819022,2414151809,255,0.201958,0.124376,0.077582,91,166,1,371,5,1,1,1,1,4,0,0,1,1,4,0,DoS,1
4e-06,a/n,-,INT,2,0,200,0,250000.0006,254,0,200000000.0,0.0,0,0,0.004,0.0,0.0,0.0,0,0,0,0,0.0,0.0,0.0,100,0,0,0,4,2,2,2,2,4,0,0,0,2,4,0,DoS,1
0.535812,tcp,-,FIN,10,8,540,354,31.727545,254,252,7256.276367,4628.48877,2,1,55.008444,70.092289,3524.214318,132.728406,255,4076740145,1651632879,255,0.110703,0.045163,0.06554,54,44,0,0,1,1,1,1,1,1,0,0,0,1,1,0,DoS,1
2.667254,tcp,smtp,FIN,122,34,138616,2374,58.112201,62,252,412349.1875,6913.477539,58,8,22.227116,78.399148,2035.625886,93.302883,255,643678044,989932717,255,0.180226,0.079396,0.10083,1136,70,0,0,1,1,1,1,1,1,0,0,0,1,1,0,DoS,1
9e-06,snp,-,INT,2,0,200,0,111111.1072,254,0,88888888.0,0.0,0,0,0.009,0.0,0.0,0.0,0,0,0,0,0.0,0.0,0.0,100,0,0,0,4,2,3,3,3,4,0,0,0,3,4,0,DoS,1
1.455027,tcp,http,FIN,10,10,890,956,13.058177,62,252,4404.041992,4733.932617,2,2,161.669667,153.434781,11683.85832,248.226344,255,3224299367,1056462368,255,0.120969,0.072119,0.04885,89,96,1,30,1,1,1,1,1,1,0,0,1,2,1,0,DoS,1
9e-06,iatp,-,INT,2,0,200,0,111111.1072,254,0,88888888.0,0.0,0,0,0.009,0.0,0.0,0.0,0,0,0,0,0.0,0.0,0.0,100,0,0,0,3,2,2,2,2,3,0,0,0,2,3,0,DoS,1
59.976418,tcp,-,CON,576,336,278784,14448,15.189303,254,252,37121.25781,1921.421875,288,0,104.671427,178.373328,5378.228373,199.252422,255,3414623954,3330702795,255,0.20193,0.147412,0.054518,484,43,0,0,2,0,1,1,1,1,0,0,0,2,2,0,DoS,1
0.985501,tcp,smtp,FIN,36,22,19823,1814,57.838602,254,252,156452.4063,14059.85352,14,8,28.157171,45.971047,2087.50897,98.469383,255,2769927079,3907403392,255,0.035912,0.019461,0.016451,551,82,0,0,1,1,2,1,1,1,0,0,0,1,1,0,DoS,1
0.66414,tcp,http,FIN,10,10,752,1100,28.608427,62,252,8154.907227,11925.19629,2,2,73.684,77.46875,4231.833131,152.444094,255,1838111341,1284528821,255,0.086707,0.044389,0.042318,75,110,1,105,1,1,1,1,1,1,0,0,1,1,1,0,DoS,1
0.565175,tcp,http,FIN,12,10,1296,4056,37.156633,62,252,16816.03125,51679.57031,3,3,51.379544,59.569,2454.173315,79.041289,255,369800165,2346364689,255,0.07251,0.029009,0.043501,108,406,1,299,2,1,1,1,1,1,0,0,1,2,1,0,DoS,1
0.179563,tcp,http,FIN,10,6,1896,268,83.53614,254,252,76051.30469,9979.78418,2,1,18.614889,34.601398,999.968277,60.486832,255,2280607118,2437470303,255,0.052119,0.006553,0.045566,190,45,1,0,1,1,1,1,1,1,0,0,1,1,1,0,DoS,1
5.049616,tcp,ftp,FIN,28,30,1381,21748,11.287987,62,252,2110.259521,33307.87891,11,12,186.988189,169.600234,12153.7761,316.726344,255,2750607052,3829495547,255,0.213769,0.131201,0.082568,49,725,0,0,1,1,1,1,1,1,1,1,0,1,1,0,DoS,1
0.233248,tcp,http,FIN,10,6,1108,268,64.309234,254,252,34229.66016,7682.810059,2,1,23.555667,41.353602,1287.707835,59.79823,255,1279274424,1315226069,255,0.052782,0.026472,0.02631,111,45,1,0,1,1,1,1,1,1,0,0,1,1,1,0,DoS,1
0.387251,tcp,http,FIN,10,8,746,976,43.899178,62,252,13882.46973,17642.30469,2,2,42.966444,46.504285,2338.450505,67.372273,255,2613780411,335491298,255,0.127296,0.061718,0.065578,75,122,1,90,2,1,1,1,1,1,0,0,1,2,1,0,DoS,1
7e-06,udp,-,INT,2,0,264,0,142857.1409,254,0,150857136.0,0.0,0,0,0.007,0.0,0.0,0.0,0,0,0,0,0.0,0.0,0.0,132,0,0,0,2,2,1,1,1,1,0,0,0,1,1,0,DoS,1
1e-06,udp,dns,INT,2,0,126,0,1000000.003,62,0,504000000.0,0.0,0,0,0.001,0.0,0.0,0.0,0,0,0,0,0.0,0.0,0.0,63,0,0,0,1,2,1,1,1,1,0,0,0,1,1,0,DoS,1
4e-06,unas,-,INT,2,0,200,0,250000.0006,254,0,200000000.0,0.0,0,0,0.004,0.0,0.0,0.0,0,0,0,0,0.0,0.0,0.0,100,0,0,0,4,2,4,4,4,4,0,0,0,5,4,0,DoS,1
9e-06,ptp,-,INT,2,0,200,0,111111.1072,254,0,88888888.0,0.0,0,0,0.009,0.0,0.0,0.0,0,0,0,0,0.0,0.0,0.0,100,0,0,0,6,2,3,3,3,6,0,0,0,3,6,0,DoS,1
59.972729,tcp,-,CON,656,356,317504,15308,16.857662,254,252,42288.55469,2036.258911,327,0,91.516038,168.749859,4764.62451,184.000625,255,3415288178,3330702795,255,0.20193,0.147412,0.054518,484,43,0,0,2,0,1,1,1,2,0,0,0,1,2,0,DoS,1
0.5649,tcp,http,FIN,10,8,782,1066,30.093823,62,252,9969.90625,13212.95801,2,2,62.766667,70.554141,3158.176238,116.970961,255,823157212,2266520084,255,0.1248,0.070306,0.054494,78,133,1,117,1,1,1,1,1,1,0,0,1,1,1,0,DoS,1
6e-06,unas,-,INT,2,0,200,0,166666.6608,254,0,133333328.0,0.0,0,0,0.006,0.0,0.0,0.0,0,0,0,0,0.0,0.0,0.0,100,0,0,0,4,2,2,2,2,4,0,0,0,5,4,0,DoS,1
1.54745,tcp,-,FIN,26,68,1354,69720,60.098874,62,252,6731.07373,355139.125,6,32,61.897999,22.749955,3004.628798,1891.068784,255,178406946,2473117770,255,0.076969,0.022495,0.054474,52,1025,0,0,1,1,1,1,1,1,0,0,0,1,1,0,DoS,1
4e-06,unas,-,INT,2,0,200,0,250000.0006,254,0,200000000.0,0.0,0,0,0.004,0.0,0.0,0.0,0,0,0,0,0.0,0.0,0.0,100,0,0,0,4,2,2,2,2,4,0,0,0,3,4,0,DoS,1
3e-06,unas,-,INT,2,0,200,0,333333.3215,254,0,266666656.0,0.0,0,0,0.003,0.0,0.0,0.0,0,0,0,0,0.0,0.0,0.0,100,0,0,0,2,2,2,2,2,2,0,0,0,5,2,0,DoS,1
5e-06,unas,-,INT,2,0,200,0,200000.0051,254,0,160000000.0,0.0,0,0,0.005,0.0,0.0,0.0,0,0,0,0,0.0,0.0,0.0,100,0,0,0,2,2,1,1,1,2,0,0,0,1,2,0,DoS,1
2.541552,tcp,smtp,FIN,22,22,3131,1924,16.918796,62,252,9408.423828,5782.293457,8,8,121.026288,117.778383,6218.342211,149.431766,255,2168527349,3512203413,255,0.152981,0.067124,0.085857,142,87,0,0,1,1,1,1,1,1,0,0,0,1,1,0,DoS,1
0.539893,tcp,-,FIN,10,6,504,268,27.783284,254,252,6727.259277,3319.17627,2,1,56.808444,89.270398,2843.621442,131.067742,255,1731088344,4275124404,255,0.176303,0.093528,0.082775,50,45,0,0,13,1,1,1,1,1,0,0,0,1,1,0,DoS,1
3e-06,ib,-,INT,2,0,200,0,333333.3215,254,0,266666656.0,0.0,0,0,0.003,0.0,0.0,0.0,0,0,0,0,0.0,0.0,0.0,100,0,0,0,3,2,3,3,3,3,0,0,0,4,3,0,DoS,1
4e-06,udp,dhcp,INT,2,0,656,0,250000.0006,254,0,656000000.0,0.0,0,0,0.004,0.0,0.0,0.0,0,0,0,0,0.0,0.0,0.0,328,0,0,0,1,2,1,1,1,1,0,0,0,3,1,0,DoS,1
0.440402,tcp,-,FIN,10,6,762,268,34.059791,254,252,12461.3418,4069.009766,2,1,44.660667,80.611797,2284.619569,122.236312,255,1711415682,746297085,255,0.092023,0.037328,0.054695,76,45,0,0,2,1,2,1,1,1,0,0,0,1,1,0,DoS,1
0.191809,tcp,-,FIN,8,6,364,268,67.775757,254,252,13304.90234,9342.626953,1,1,27.401285,35.643199,1331.955651,49.203773,255,2448967413,819689205,255,0.063869,0.012757,0.051112,46,45,0,0,3,1,1,1,1,3,0,0,0,1,3,0,DoS,1
0.720828,tcp,http,FIN,10,12,792,7506,29.133164,62,252,7913.12207,76367.73438,2,4,80.092,60.105088,4422.412165,0.0,255,197375272,438013655,255,0.114986,0.058998,0.055988,79,626,1,3244,2,1,1,1,1,1,0,0,1,1,1,0,DoS,1
0.472055,tcp,http,FIN,10,6,912,268,31.775959,254,252,13913.63281,3796.167969,2,1,52.34,86.901797,2552.323317,133.193625,255,1758262781,1658590784,255,0.09348,0.037538,0.055942,91,45,1,0,1,1,1,1,1,1,0,0,1,2,1,0,DoS,1
0.156,tcp,-,FIN,16,6,9822,268,134.615382,254,252,472256.4063,11487.17969,5,1,9.570267,29.8566,683.202319,50.720637,255,1163499841,4243054616,255,0.051913,0.006708,0.045205,614,45,0,0,1,1,1,1,1,1,0,0,0,1,1,0,DoS,1
0.314356,tcp,http,FIN,10,6,3208,268,47.716602,62,252,73496.28906,5700.543457,2,1,31.264444,51.729199,1583.593663,68.774312,255,4048152698,3438302975,255,0.078939,0.055703,0.023236,321,45,1,0,2,1,3,1,1,1,0,0,1,1,1,0,DoS,1
6e-06,unas,-,INT,2,0,200,0,166666.6608,254,0,133333328.0,0.0,0,0,0.006,0.0,0.0,0.0,0,0,0,0,0.0,0.0,0.0,100,0,0,0,1,2,1,1,1,1,0,0,0,1,1,0,DoS,1
0.609749,tcp,-,FIN,10,6,451,268,24.600286,254,252,5326.781738,2938.914062,2,1,64.716222,94.476602,3399.769545,145.741359,255,2947392999,30477344,255,0.216741,0.137361,0.07938,45,45,0,0,1,1,1,1,1,1,0,0,0,1,1,0,DoS,1
1.424994,tcp,http,FIN,10,8,820,354,11.929875,254,252,4143.175293,1740.358154,2,1,158.263556,196.102141,9986.742522,281.524969,255,667049125,1633783536,255,0.108072,0.052273,0.055799,82,44,1,0,1,1,1,1,1,1,0,0,1,1,1,0,DoS,1
1e-05,udp,-,INT,2,0,82,0,100000.0025,254,0,32800000.0,0.0,0,0,0.01,0.0,0.0,0.0,0,0,0,0,0.0,0.0,0.0,41,0,0,0,1,2,1,1,1,1,0,0,0,1,1,0,DoS,1
0.254536,tcp,http,FIN,18,8,10520,1510,98.217933,62,252,312285.875,41550.11328,6,2,13.934176,33.003145,903.424651,47.842105,255,224635939,2537189218,255,0.073074,0.023506,0.049568,584,189,1,347,1,1,3,1,1,9,0,0,1,3,1,0,DoS,1
9e-06,unas,-,INT,2,0,200,0,111111.1072,254,0,88888888.0,0.0,0,0,0.009,0.0,0.0,0.0,0,0,0,0,0.0,0.0,0.0,100,0,0,0,1,2,1,1,1,1,0,0,0,2,1,0,DoS,1
0.732099,tcp,http,FIN,46,12,51571,526,77.858323,254,252,551291.5625,5277.974609,20,1,16.268867,64.36891,1566.969161,78.073734,255,964952337,3719592523,255,0.090183,0.023243,0.06694,1121,44,1,0,1,1,1,1,1,1,0,0,1,1,1,0,DoS,1
0.207398,tcp,http,FIN,10,14,842,11350,110.897889,62,252,29238.46875,406561.3125,2,5,23.044222,14.582001,1179.546066,1441.325303,255,432822150,1004825042,255,0.056225,0.010048,0.046177,84,811,1,5126,2,1,1,1,1,1,0,0,1,1,1,0,DoS,1
2.625117,tcp,http,FIN,10,10,804,1166,7.237772,62,252,2206.377686,3199.857422,2,2,291.679667,283.437656,17833.40651,499.465937,255,3585555460,722791159,255,0.182222,0.073404,0.108818,80,117,1,113,1,1,1,1,1,1,0,0,1,4,1,0,DoS,1
0.448734,tcp,ftp-data,FIN,8,6,364,268,28.970393,254,252,5687.11084,3993.457275,1,1,63.920574,80.083398,4148.267259,149.957531,255,3370890113,3965731966,255,0.094236,0.048316,0.04592,46,45,0,0,2,1,1,1,1,2,0,0,0,1,2,0,DoS,1
0.23583,tcp,http,FIN,10,8,948,1376,72.085826,254,252,28970.02148,40842.98047,2,2,26.203333,31.266285,1422.77824,54.588195,255,2404849497,276054253,255,0.055994,0.010341,0.045653,95,172,1,289,2,1,1,2,1,1,0,0,1,2,1,0,DoS,1
0.16602,tcp,http,FIN,10,6,2046,268,90.350557,254,252,88760.39063,10793.87988,2,1,18.098,28.452,1043.952539,47.088824,255,2621518970,3319435841,255,0.035301,0.02375,0.011551,205,45,1,0,2,1,1,1,1,1,0,0,1,1,1,0,DoS,1
1.783467,tcp,pop3,FIN,50,226,2250,272136,154.194045,62,252,9890.84668,1215304.75,7,111,36.397286,7.834556,1911.878946,846.482699,255,2002324038,3830349293,255,0.045823,0.019896,0.025927,45,1204,0,0,1,1,1,1,1,2,0,0,0,1,1,0,DoS,1
0.275187,tcp,http,FIN,10,8,806,2110,61.776177,62,252,21105.64844,53694.39844,2,2,30.576333,38.10443,1509.348555,55.088672,255,76157577,214429835,255,0.05473,0.007725,0.047005,81,264,1,650,1,1,1,1,1,1,0,0,1,1,1,0,DoS,1
0.483477,tcp,http,FIN,12,8,858,1010,39.298664,62,252,13022.33594,14627.37598,2,2,43.952454,63.688285,2785.445708,106.970328,255,24951207,4129121988,255,0.046953,0.020273,0.02668,72,126,1,95,1,1,1,1,1,1,0,0,1,1,1,0,DoS,1
0.260825,tcp,http,FIN,10,8,830,1236,65.177799,62,252,22911.91406,33187.0,2,2,28.980556,35.005145,1423.067861,55.291758,255,1192942253,3744907943,255,0.053697,0.015061,0.038636,83,155,1,204,1,1,1,1,1,1,0,0,1,1,1,0,DoS,1
0.425655,tcp,-,FIN,10,6,455,268,35.239806,254,252,7705.770996,4209.982422,2,1,44.081778,72.518203,2334.158911,102.873914,255,1002465584,1591279829,255,0.134459,0.063055,0.071404,46,45,0,0,2,1,1,1,1,1,0,0,0,1,1,0,DoS,1
0.871816,tcp,smtp,FIN,20,16,5076,1208,40.146087,254,252,44257.04688,10396.68945,7,6,44.59058,56.731066,2405.049513,64.302535,255,2531965658,2972089527,255,0.076491,0.020842,0.055649,254,76,0,0,1,1,1,1,1,1,0,0,0,1,1,0,DoS,1
9e-06,udp,-,INT,2,0,78,0,111111.1072,254,0,34666664.0,0.0,0,0,0.009,0.0,0.0,0.0,0,0,0,0,0.0,0.0,0.0,39,0,0,0,1,2,1,1,1,1,0,0,0,1,1,0,DoS,1
2.503556,tcp,http,FIN,10,14,810,6806,9.186932,62,252,2329.486572,20195.27344,2,4,278.172889,176.938615,16922.71193,12886.30619,255,3621683856,350759326,255,0.139837,0.091216,0.048621,81,486,1,2869,1,1,1,1,1,1,0,0,1,1,1,0,DoS,1
6.757943,tcp,smtp,FIN,34,24,19739,1962,8.434519,254,252,22680.27344,2226.713135,14,8,204.786148,285.226812,21152.68994,773.319562,255,3757876307,4088641904,255,0.431802,0.160017,0.271785,581,82,0,0,1,1,1,1,1,1,0,0,0,1,1,0,DoS,1
1.227735,tcp,-,FIN,24,62,1248,64266,69.233179,62,252,7793.212402,412010.7188,6,29,53.379783,19.705639,2604.899716,1592.992712,255,3159647277,2493689209,255,0.0792,0.024907,0.054293,52,1037,0,0,1,1,1,1,1,1,0,0,0,1,1,0,DoS,1
5e-06,unas,-,INT,2,0,200,0,200000.0051,254,0,160000000.0,0.0,0,0,0.005,0.0,0.0,0.0,0,0,0,0,0.0,0.0,0.0,100,0,0,0,5,2,4,4,4,5,0,0,0,6,5,0,DoS,1
0.428075,tcp,http,FIN,10,8,1072,1044,39.712668,254,252,18034.22266,17081.11914,2,2,47.563889,53.032145,2351.217436,82.103867,255,3669215101,1298749870,255,0.078295,0.056131,0.022164,107,131,1,98,2,1,1,1,1,1,0,0,1,1,1,0,DoS,1
1.579481,tcp,smtp,FIN,34,22,19733,1772,34.821565,254,252,97009.07813,8569.90332,14,8,47.86306,72.652094,2978.112462,94.349281,255,2984484053,1810240770,255,0.165101,0.053116,0.111985,580,81,0,0,1,1,1,1,1,1,0,0,0,2,1,0,DoS,1
1.702233,tcp,http,FIN,70,18,80434,1636,51.109338,254,252,372616.4375,7265.750488,32,2,25.019192,95.564234,2611.557581,169.625016,255,1590274059,720707031,255,0.153704,0.077639,0.076065,1149,91,1,98,1,1,2,1,1,2,0,0,1,2,1,0,DoS,1
59.965031,tcp,-,CON,592,330,286528,14190,15.358952,254,252,38161.44141,1887.366699,295,0,101.668757,183.75975,5087.637022,200.2255,255,3415013786,3330702795,255,0.20193,0.147412,0.054518,484,43,0,0,3,0,1,1,1,2,0,0,0,1,3,0,DoS,1
8e-06,unas,-,INT,2,0,200,0,125000.0003,254,0,100000000.0,0.0,0,0,0.008,0.0,0.0,0.0,0,0,0,0,0.0,0.0,0.0,100,0,0,0,3,2,3,3,3,3,0,0,0,4,3,0,DoS,1
1.842385,tcp,smtp,FIN,30,20,15417,1668,26.59596,254,252,64716.11328,6882.383301,12,8,63.526034,94.360633,4535.503068,152.148937,255,302734427,4053250747,255,0.122319,0.049514,0.072805,514,83,0,0,1,1,1,1,1,1,0,0,0,1,1,0,DoS,1
1.501266,tcp,pop3,FIN,20,20,942,3178,25.978074,62,252,4769.308105,16093.08398,7,8,78.956419,77.141844,4255.547036,107.822477,255,2211163253,1037260929,255,0.117657,0.035566,0.082091,47,159,0,0,1,1,1,1,1,1,0,0,0,1,1,0,DoS,1
0.753653,tcp,-,FIN,10,6,528,268,19.903059,254,252,5052.723145,2377.752197,2,1,83.646667,138.516594,4635.386466,240.076328,255,2586887470,2545280143,255,0.128717,0.061061,0.067656,53,45,0,0,3,1,1,1,1,1,0,0,0,1,1,0,DoS,1
0.455776,tcp,-,FIN,8,6,364,268,28.522783,254,252,5599.241699,3931.755859,1,1,65.110855,77.449398,4040.556627,148.602109,255,4037160134,3640545846,255,0.108443,0.05398,0.054463,46,45,0,0,3,1,2,2,1,3,0,0,0,2,3,0,DoS,1
0.853209,tcp,smtp,FIN,20,20,3464,1814,45.709784,254,252,30857.62109,16164.85449,7,8,44.905737,43.845105,2210.001516,53.185965,255,4089226481,1954517630,255,0.059704,0.011447,0.048257,173,91,0,0,1,1,1,1,1,1,0,0,0,1,2,0,DoS,1
0.229785,tcp,http,FIN,10,8,796,1324,73.982202,62,252,24962.46484,40350.76172,2,2,25.531667,30.934428,1386.758336,55.166422,255,3731937318,1565339039,255,0.05303,0.008341,0.044689,80,166,1,263,1,1,1,1,1,1,0,0,1,1,1,0,DoS,1
0.990089,tcp,-,FIN,10,6,1272,268,15.150153,254,252,9251.693359,1809.938354,2,1,109.996222,183.618797,6943.05768,327.798906,255,242251955,2974591218,255,0.154286,0.07199,0.082296,127,45,0,0,2,1,1,1,1,1,0,0,0,1,1,0,DoS,1
0.508213,tcp,http,FIN,10,10,800,5028,37.3859,62,252,11333.83106,71245.71875,2,3,56.468111,51.258667,3482.197024,4526.328768,255,3896328025,3492279702,255,0.133113,0.036131,0.096982,80,503,1,2048,2,1,2,1,1,2,0,0,1,1,1,0,DoS,1
0.246171,tcp,http,FIN,10,8,798,1284,69.057688,62,252,23365.87109,36527.45313,2,2,27.352333,29.702857,1459.656899,49.89048,255,2020667925,1196007717,255,0.073755,0.024994,0.048761,80,161,1,218,1,1,1,1,1,1,0,0,1,1,1,0,DoS,1
1.101219,tcp,-,FIN,10,10,754,1216,17.253606,62,252,4932.715332,7954.820312,2,2,122.266667,115.582336,8078.236126,171.006094,255,1460275727,1529384350,255,0.091506,0.060969,0.030537,75,122,1,162,2,1,3,2,2,2,0,0,4,2,1,0,DoS,1
0.790615,tcp,smtp,FIN,26,20,8625,1660,56.917714,62,252,83924.53906,15957.19727,10,8,31.6246,40.994949,1749.864601,48.99684,255,161004762,2024267938,255,0.052338,0.007039,0.045299,332,83,0,0,1,1,1,1,1,1,0,0,0,1,1,0,DoS,1
0.305476,tcp,http,FIN,10,8,816,1012,55.650851,62,252,19248.64648,23203.13086,2,2,33.941778,42.443285,1720.686882,65.172687,255,1721150159,2222373142,255,0.05393,0.007616,0.046314,82,127,1,94,1,1,1,1,1,1,0,0,1,1,1,0,DoS,1
3e-06,unas,-,INT,2,0,200,0,333333.3215,254,0,266666656.0,0.0,0,0,0.003,0.0,0.0,0.0,0,0,0,0,0.0,0.0,0.0,100,0,0,0,5,2,4,4,4,5,0,0,0,4,5,0,DoS,1
2.808867,tcp,-,FIN,26,28,3474,3300,18.868818,254,252,9515.580078,9065.577148,10,10,112.35468,97.434555,5879.135377,130.447563,255,3993037752,3995814431,255,0.306059,0.148563,0.157496,134,118,0,0,1,1,16,1,1,1,0,0,0,1,1,0,DoS,1
0.605738,tcp,http,FIN,10,10,808,4730,31.366697,62,252,9614.717773,56222.32813,2,3,67.304222,48.423556,3418.29032,3107.935857,255,2985432515,1936417339,255,0.232272,0.169207,0.063065,81,473,1,1916,1,1,2,1,1,2,0,0,1,3,1,0,DoS,1
0.410945,tcp,http,FIN,10,8,764,1164,41.368066,62,252,13393.51953,19837.20508,2,2,45.660556,42.99443,2225.293255,64.416398,255,3370359855,2709281938,255,0.11103,0.069119,0.041911,76,146,1,181,1,1,1,1,1,1,0,0,1,17,1,0,DoS,1
7e-06,unas,-,INT,2,0,200,0,142857.1409,254,0,114285712.0,0.0,0,0,0.007,0.0,0.0,0.0,0,0,0,0,0.0,0.0,0.0,100,0,0,0,1,2,1,1,1,1,0,0,0,1,1,0,DoS,1
1.546544,tcp,smtp,FIN,74,28,75116,2202,65.306906,62,252,383311.4375,10987.07813,34,8,21.185534,52.657703,1753.711479,67.49625,255,2622908168,2524619776,255,0.12843,0.075406,0.053024,1015,79,0,0,1,1,1,1,1,1,0,0,0,1,1,0,DoS,1
4e-06,unas,-,INT,2,0,200,0,250000.0006,254,0,200000000.0,0.0,0,0,0.004,0.0,0.0,0.0,0,0,0,0,0.0,0.0,0.0,100,0,0,0,5,2,3,3,3,5,0,0,0,3,5,0,DoS,1
0.22576,udp,-,CON,4,2,2160,1530,22.147413,254,60,57406.09375,27108.43359,0,0,75.253336,0.011,106.412266,0.0,0,0,0,0,0.0,0.0,0.0,540,765,0,0,2,0,1,1,1,1,0,0,0,1,2,0,DoS,1
0.714229,tcp,-,FIN,12,10,1178,1752,29.402335,62,252,12096.96094,17663.80273,3,3,64.849185,72.520445,3392.491377,101.361797,255,3889334303,1397473352,255,0.135767,0.061536,0.074231,98,175,1,200,1,1,1,1,1,1,0,0,1,1,1,0,DoS,1
0.442649,tcp,http,FIN,10,8,820,948,38.405147,62,252,13337.88184,15000.59863,2,2,49.183222,55.164285,2595.734771,83.332758,255,2176882249,3189082,255,0.113822,0.055818,0.058004,82,119,1,53,1,1,2,1,1,1,0,0,1,1,1,0,DoS,1
1.085488,tcp,http,FIN,10,8,876,1150,15.661159,62,252,5814.896484,7421.546875,2,2,120.609778,139.878141,7444.492113,291.469281,255,4177991660,3583353428,255,0.161013,0.093924,0.067089,88,144,1,150,1,1,2,1,1,1,0,0,1,17,2,0,DoS,1
0.715864,tcp,-,FIN,12,10,1292,498,29.335181,254,252,13242.73926,5017.712891,3,2,62.52127,76.449219,4105.345087,119.204367,255,1762377778,3617156633,255,0.087317,0.027815,0.059502,108,50,0,0,1,1,1,1,1,1,0,0,0,1,1,0,DoS,1
1.1e-05,udp,-,INT,2,0,604,0,90909.0902,254,0,219636368.0,0.0,0,0,0.011,0.0,0.0,0.0,0,0,0,0,0.0,0.0,0.0,302,0,0,0,7,2,2,1,1,2,0,0,0,5,1,0,DoS,1
0.35678,tcp,http,FIN,10,8,796,970,47.648412,62,252,16077.13477,19036.94141,2,2,39.642222,40.781715,1994.552318,61.821113,255,3171633367,1680580667,255,0.103407,0.070625,0.032782,80,121,1,76,1,1,1,1,1,1,0,0,1,1,1,0,DoS,1
1.1e-05,udp,-,INT,2,0,1714,0,90909.0902,254,0,623272704.0,0.0,0,0,0.011,0.0,0.0,0.0,0,0,0,0,0.0,0.0,0.0,857,0,0,0,1,2,2,1,1,1,0,0,0,1,2,0,DoS,1
4.272623,udp,-,INT,208,0,11024,0,48.44799,254,0,20541.94727,0.0,0,0,20.640691,0.0,90.93757,0.0,0,0,0,0,0.0,0.0,0.0,53,0,0,0,4,2,1,1,1,1,0,0,0,2,1,0,DoS,1
2.277727,tcp,smtp,FIN,36,24,19887,1844,25.903018,254,252,67909.8125,6209.699707,14,8,65.049742,96.609742,4272.560853,154.425938,255,732075038,2474747082,255,0.104817,0.055694,0.049123,552,77,0,0,1,1,1,1,1,1,0,0,0,3,1,0,DoS,1
0.285455,tcp,http,FIN,10,8,836,1538,59.554048,62,252,21103.15234,37722.23438,2,2,31.717222,39.379,1559.47418,57.128996,255,3052964288,2629525557,255,0.059661,0.009038,0.050623,84,192,1,326,2,1,1,1,1,1,0,0,1,1,1,0,DoS,1
0.225593,tcp,http,FIN,10,8,804,1088,75.356948,62,252,25674.55469,33759.91406,2,2,25.065889,30.232,1351.361009,54.406891,255,1468212370,1077287143,255,0.063636,0.009033,0.054603,80,136,1,117,1,1,1,1,1,1,0,0,1,1,1,0,DoS,1
5e-06,udp,dns,INT,2,0,268,0,200000.0051,254,0,214400000.0,0.0,0,0,0.005,0.0,0.0,0.0,0,0,0,0,0.0,0.0,0.0,134,0,0,0,17,2,1,1,1,1,0,0,0,3,1,0,DoS,1
3.4e-05,unas,-,INT,2,0,200,0,29411.76419,254,0,23529412.0,0.0,0,0,0.034,0.0,0.0,0.0,0,0,0,0,0.0,0.0,0.0,100,0,0,0,8,2,6,6,6,8,0,0,0,7,8,0,DoS,1
0.585924,tcp,http,FIN,10,10,854,1622,32.427412,254,252,10499.6543,19934.32422,2,2,65.102667,58.916445,4023.551972,114.284922,255,2972014963,2269979394,255,0.106714,0.054639,0.052075,85,162,1,342,1,1,1,1,1,1,0,0,1,1,2,0,DoS,1
1.1e-05,udp,-,INT,2,0,702,0,90909.0902,254,0,255272720.0,0.0,0,0,0.011,0.0,0.0,0.0,0,0,0,0,0.0,0.0,0.0,351,0,0,0,5,2,1,1,1,1,0,0,0,1,1,0,DoS,1
0.262897,tcp,http,FIN,10,8,846,1368,64.664104,62,252,23187.78711,36424.91016,2,2,29.210778,36.60457,1435.919517,52.579637,255,3512355966,3622003596,255,0.051094,0.005968,0.045126,85,171,1,261,1,1,1,1,1,1,0,0,1,1,1,0,DoS,1
0.014363,udp,-,CON,2,2,168,112,208.870011,254,60,46786.88281,31191.25586,0,0,0.003,0.001,0.0,0.0,0,0,0,0,0.0,0.0,0.0,84,56,0,0,2,0,1,1,1,1,0,0,0,1,1,0,DoS,1
6e-06,udp,dns,INT,2,0,122,0,166666.6608,254,0,81333328.0,0.0,0,0,0.006,0.0,0.0,0.0,0,0,0,0,0.0,0.0,0.0,61,0,0,0,1,2,1,1,1,1,0,0,0,1,1,0,DoS,1
0.34381,tcp,http,FIN,10,8,836,2134,49.445916,62,252,17521.30664,43465.86719,2,2,38.201111,38.35043,1993.374371,67.599594,255,75286640,730935971,255,0.1184,0.068119,0.050281,84,267,1,645,1,1,1,1,1,1,0,0,1,1,1,0,DoS,1
9e-06,ipv6,-,INT,2,0,86,0,111111.1072,254,0,38222220.0,0.0,0,0,0.009,0.0,0.0,0.0,0,0,0,0,0.0,0.0,0.0,43,0,0,0,1,2,1,1,1,1,0,0,0,1,1,0,DoS,1
0.501878,tcp,-,FIN,20,8,18052,354,53.797932,254,252,273373.1875,4941.439941,7,1,24.394578,60.85757,1764.263303,90.945688,255,1799254580,512498436,255,0.119874,0.075869,0.044005,903,44,0,0,1,1,1,1,1,1,0,0,0,17,1,0,DoS,1
0.539012,tcp,ftp,FIN,12,8,5848,428,35.249678,254,252,79567.79688,5565.73877,3,2,46.440727,64.172855,2959.239959,85.184156,255,1869927690,3877606130,255,0.165874,0.089795,0.076079,487,54,0,0,1,1,1,1,1,1,0,0,0,2,1,0,DoS,1
1.000769,udp,dns,CON,2,2,134,360,2.997695,62,252,535.588135,1438.893433,0,0,0.01,0.008,0.0,0.0,0,0,0,0,0.0,0.0,0.0,67,180,0,0,32,3,1,19,1,2,0,0,0,21,1,0,DoS,1
2.028539,tcp,smtp,FIN,36,22,20071,1988,28.099042,254,252,76957.85156,7485.19043,14,8,57.958255,93.857289,3990.148502,147.982141,255,1369675191,2469196519,255,0.157431,0.056883,0.100548,558,90,0,0,1,1,3,1,1,1,0,0,0,1,1,0,DoS,1
0.058195,udp,dns,CON,2,2,140,950,51.550822,254,60,9622.820312,65297.70703,0,0,0.018,0.01,0.0,0.0,0,0,0,0,0.0,0.0,0.0,70,475,0,0,1,0,1,1,1,2,0,0,0,1,1,0,DoS,1
0.909727,tcp,http,FIN,10,10,990,1020,20.885387,62,252,7835.317871,8072.751465,2,2,101.080778,91.912891,6190.8477,142.805328,255,2116654015,3800110827,255,0.173609,0.081915,0.091694,99,102,1,61,1,1,1,1,1,1,0,0,1,2,1,0,DoS,1
2.168243,tcp,smtp,FIN,20,20,2672,1814,17.986914,254,252,9367.954102,6360.910645,7,8,114.118052,108.742266,5884.825532,137.445859,255,3227878896,938869737,255,0.131694,0.081606,0.050088,134,91,0,0,1,1,1,1,1,1,0,0,0,2,1,0,DoS,1
0.967517,tcp,-,FIN,10,8,1298,354,17.57075,254,252,9665.979492,2563.262451,2,1,104.471778,128.736,8098.244357,180.511609,255,1905988684,1227769826,255,0.093529,0.066361,0.027168,130,44,1,0,1,1,1,1,1,2,0,0,1,1,1,0,DoS,1
0.441294,tcp,http,FIN,14,6,8140,268,43.055195,254,252,137033.3594,4060.784668,4,1,27.420846,73.695398,1768.420374,95.179148,255,2789367999,2699797795,255,0.136886,0.072808,0.064078,581,45,1,0,1,1,1,1,1,2,0,0,1,1,1,0,DoS,1
7e-06,udp,-,INT,2,0,604,0,142857.1409,254,0,345142848.0,0.0,0,0,0.007,0.0,0.0,0.0,0,0,0,0,0.0,0.0,0.0,302,0,0,0,3,2,1,1,1,2,0,0,0,1,1,0,DoS,1
1.065205,tcp,-,FIN,18,8,14626,354,23.469661,254,252,103747.1719,2328.19043,6,1,59.409586,144.057422,6022.006584,178.415687,255,1680027256,3717073807,255,0.128228,0.056798,0.07143,813,44,0,0,3,1,1,1,1,1,0,0,0,3,1,0,DoS,1
1e-06,udp,-,INT,2,0,142,0,1000000.003,62,0,568000000.0,0.0,0,0,0.001,0.0,0.0,0.0,0,0,0,0,0.0,0.0,0.0,71,0,0,0,2,2,1,1,1,1,0,0,0,1,1,0,DoS,1
0.636813,tcp,http,FIN,10,10,726,690,29.836075,62,252,8215.913086,7801.348633,2,2,70.757,63.213777,4262.497541,111.247313,255,2577002618,4248031685,255,0.111026,0.066936,0.04409,73,69,1,38,3,1,1,2,1,1,0,0,1,2,1,0,DoS,1
2.498722,tcp,-,FIN,18,20,1018,3164,14.807569,62,252,3079.974365,9624.119141,6,7,146.983647,126.739156,7701.659785,177.102672,255,2455814911,585561486,255,0.167373,0.089915,0.077458,57,158,0,0,1,1,2,1,1,1,0,0,0,1,1,0,DoS,1
0.44187,tcp,http,FIN,10,8,820,2858,38.472854,62,252,13361.39551,45280.28516,2,2,49.096667,50.126285,2504.725356,87.393312,255,1572657791,3570604776,255,0.104686,0.039291,0.065395,82,357,1,1015,1,1,1,1,1,1,0,0,1,1,1,0,DoS,1
0.799116,tcp,-,FIN,10,8,2016,354,21.273507,254,252,18170.07813,3103.429199,2,1,87.343333,107.920289,4916.976125,229.726031,255,4190207527,144190206,255,0.105682,0.043638,0.062044,202,44,0,0,4,1,1,1,1,1,0,0,0,18,1,0,DoS,1
2.86844,tcp,-,FIN,20,18,2566,2216,12.898998,254,252,6799.515137,5837.319336,7,6,150.922477,160.597,7837.06853,202.269859,255,1001517340,1115553268,255,0.222148,0.138286,0.083862,128,123,0,0,4,1,1,1,1,1,0,0,0,1,1,0,DoS,1
1.064232,tcp,dns,FIN,10,10,526,742,17.85325,62,252,3563.132812,5021.461426,2,2,118.248,108.801336,8168.950369,151.116641,255,1716749052,1680493013,255,0.144902,0.08424,0.060662,53,74,0,0,4,1,1,1,1,1,0,0,0,2,1,0,DoS,1
0.478281,tcp,http,FIN,10,8,894,1282,35.543959,62,252,13464.8877,18767.21094,2,2,53.032222,58.479855,2623.847486,92.431477,255,1956118156,545839459,255,0.128864,0.068912,0.059952,89,160,1,214,1,1,1,1,1,1,0,0,1,1,1,0,DoS,1
2.561839,tcp,smtp,FIN,34,22,19923,1946,21.468952,254,252,60387.86719,5802.081543,14,8,77.627577,119.278766,4850.999064,157.846031,255,1794156270,887991188,255,0.262623,0.056977,0.205646,586,88,0,0,1,1,1,1,1,1,0,0,0,1,1,0,DoS,1
0.793231,tcp,dns,FIN,10,8,518,354,21.431336,254,252,4709.851074,3126.453613,2,1,88.136778,99.201141,4766.523715,184.439625,255,4277446941,3038863807,255,0.163898,0.072815,0.091083,52,44,0,0,1,1,1,1,1,1,0,0,0,1,1,0,DoS,1
1.719161,tcp,smtp,FIN,36,22,19931,1992,33.155707,254,252,90174.21875,8850.829102,14,8,49.118887,79.359906,3030.604332,111.042984,255,2386088564,2055836216,255,0.100433,0.031746,0.068687,554,91,0,0,1,1,1,1,1,1,0,0,0,2,1,0,DoS,1
6e-06,udp,dns,INT,2,0,126,0,166666.6608,254,0,84000000.0,0.0,0,0,0.006,0.0,0.0,0.0,0,0,0,0,0.0,0.0,0.0,63,0,0,0,1,2,1,1,1,1,0,0,0,1,1,0,DoS,1
2.491821,tcp,-,FIN,24,22,3432,2986,18.059082,254,252,10559.3457,9153.145508,9,9,108.312562,115.316187,5275.378734,137.996891,255,1099467761,136390325,255,0.14627,0.070171,0.076099,143,136,0,0,2,1,2,1,1,1,0,0,0,2,2,0,DoS,1
9e-06,sctp,-,INT,2,0,152,0,111111.1072,254,0,67555552.0,0.0,0,0,0.009,0.0,0.0,0.0,0,0,0,0,0.0,0.0,0.0,76,0,0,0,1,2,1,1,1,1,0,0,0,1,1,0,DoS,1
0.686557,tcp,http,FIN,10,10,840,1128,27.674323,62,252,8809.173828,11838.78418,2,2,76.284111,69.873891,4943.613487,134.224891,255,1398597642,1141436791,255,0.118011,0.028341,0.08967,84,113,1,98,1,1,2,1,1,1,0,0,1,17,1,0,DoS,1
0.731318,tcp,http,FIN,10,8,936,354,23.245702,254,252,9221.707031,3391.137695,2,1,78.36,96.720711,4617.491381,189.5785,255,3203245416,2672429186,255,0.077133,0.054268,0.022865,94,44,1,0,1,1,1,1,1,1,0,0,1,1,1,0,DoS,1
0.633298,tcp,http,FIN,10,8,778,864,26.843604,62,252,8855.231445,9550.006836,2,2,70.267444,79.512,3785.022406,121.325133,255,1322313736,2718562422,255,0.175085,0.076706,0.098379,78,108,1,34,1,1,1,1,1,2,0,0,1,2,1,0,DoS,1
0.218309,tcp,http,FIN,10,6,1276,268,68.709948,254,252,42105.45703,8208.548828,2,1,22.393111,39.732602,1160.296546,61.48134,255,2300069252,4078984421,255,0.065347,0.019636,0.045711,128,45,1,0,2,1,2,2,1,2,0,0,1,2,3,0,DoS,1
0.271683,tcp,http,FIN,10,8,866,2182,62.572923,62,252,22967.94336,56242.01563,2,2,30.187,37.749285,1479.806691,54.819656,255,992021711,457087821,255,0.052364,0.006824,0.04554,87,273,1,670,1,1,1,1,1,2,0,0,1,1,1,0,DoS,1
1.232548,tcp,http,FIN,40,220,2236,282285,210.133804,62,252,14156.04102,1823877.0,2,108,31.603794,5.599335,1640.792524,725.127976,255,4134083983,2542365033,255,0.053554,0.007313,0.046241,56,1283,1,136455,1,1,1,1,1,1,0,0,1,1,1,0,DoS,1
1.218623,tcp,smtp,FIN,84,30,87684,2122,92.727608,62,252,568779.6875,13470.94141,39,8,14.682205,41.773172,1260.147716,52.520414,255,1309726579,2605405968,255,0.051364,0.006515,0.044849,1044,71,0,0,1,1,1,1,1,1,0,0,0,1,1,0,DoS,1
1.77568,tcp,http,FIN,10,8,1264,354,9.573797,62,252,5127.050293,1396.648071,2,1,197.297778,241.607859,11687.50266,409.350531,255,1069178705,3912997614,255,0.15948,0.083709,0.075771,126,44,1,0,2,1,1,1,1,1,0,0,1,1,1,0,DoS,1
1.339922,tcp,http,FIN,10,10,788,2544,14.17993,62,252,4239.052734,13672.43848,2,2,148.880222,134.944328,8851.832259,231.370344,255,2954328199,3042366648,255,0.202891,0.124744,0.078147,79,254,1,828,1,1,2,1,1,1,0,0,1,1,1,0,DoS,1
2.002341,tcp,-,FIN,20,16,2460,1938,17.47954,254,252,9337.071289,7259.502441,6,5,105.351786,130.164664,6695.447598,237.0235,255,1587578002,4087783729,255,0.079064,0.049863,0.029201,123,121,0,0,2,1,1,1,1,1,0,0,0,1,1,0,DoS,1
1.26413,tcp,-,FIN,12,10,1132,522,16.612216,254,252,6568.944824,2974.377686,3,2,111.453092,133.344562,8093.3571,191.898562,255,3105356965,2435967683,255,0.137364,0.064021,0.073343,94,52,0,0,2,1,1,1,1,1,0,0,0,1,1,0,DoS,1
0.658783,tcp,http,FIN,12,20,1046,20896,47.056465,62,252,11645.71582,241074.8281,2,8,59.889365,33.322631,3765.088162,3719.254253,255,1819034164,478248051,255,0.094856,0.024893,0.069963,87,1045,1,9802,1,1,1,1,1,1,0,0,1,1,1,0,DoS,1
1.051693,tcp,smtp,FIN,54,24,48913,1886,73.215285,254,252,365186.4375,13753.06348,24,8,19.843264,44.114781,1460.302675,52.57009,255,30498812,993879089,255,0.061753,0.011256,0.050497,906,79,0,0,1,1,1,1,1,1,0,0,0,1,1,0,DoS,1
13.790198,ospf,-,INT,28,0,12832,0,1.957912,254,0,7178.432129,0.0,0,0,510.748063,0.0,549.45875,0.0,0,0,0,0,0.0,0.0,0.0,458,0,0,0,1,2,1,1,1,1,0,0,0,1,1,0,DoS,1
1.524505,tcp,http,FIN,10,12,818,3774,13.774963,62,252,3867.484863,18156.71289,2,3,169.389444,131.095634,11889.24737,7548.759823,255,3708852367,2418168798,255,0.159811,0.081692,0.078119,82,315,1,1387,1,1,1,1,1,1,0,0,1,1,1,0,DoS,1
0.813988,tcp,ftp,FIN,12,16,582,7064,33.170023,62,252,5248.234863,65091.87109,3,6,73.998908,51.296199,3718.316206,3211.084819,255,186228344,743692028,255,0.109266,0.04385,0.065416,49,442,0,0,1,1,17,1,1,1,0,0,0,2,1,0,DoS,1
1.227763,tcp,http,FIN,10,8,786,354,13.84632,62,252,4613.268066,2019.933716,2,1,136.418111,156.848859,7465.048424,254.380766,255,2739126874,1627826622,255,0.260135,0.1291,0.131035,79,44,1,0,1,1,1,1,1,1,0,0,1,1,2,0,DoS,1
1.272491,tcp,http,FIN,10,10,812,1300,14.931344,62,252,4595.710449,7355.651367,2,2,141.387889,128.327781,8067.59776,207.769859,255,615256953,3441769360,255,0.256998,0.116764,0.140234,81,130,1,181,1,1,1,1,1,1,0,0,1,2,1,0,DoS,1
1.616898,tcp,http,FIN,10,10,822,1386,11.750896,62,252,3661.331787,6174.786621,2,2,179.543778,170.848328,10115.27204,282.287594,255,13817085,2102658665,255,0.149414,0.079259,0.070155,82,139,1,239,1,1,2,1,1,1,0,0,1,2,1,0,DoS,1
8e-06,udp,-,INT,2,0,170,0,125000.0003,254,0,85000000.0,0.0,0,0,0.008,0.0,0.0,0.0,0,0,0,0,0.0,0.0,0.0,85,0,0,0,2,2,1,1,1,1,0,0,0,1,1,0,DoS,1
9e-06,udp,-,INT,2,0,89,0,111111.1072,254,0,40000000.0,0.0,0,0,0.009,0.0,0.0,0.0,0,0,0,0,0.0,0.0,0.0,45,0,0,0,1,2,1,1,1,1,0,0,0,1,1,0,DoS,1
0.750378,tcp,-,FIN,12,10,1152,1364,27.985895,254,252,11258.3252,13092.06836,3,3,68.21618,73.966336,3487.744015,100.900063,255,523217703,25514780,255,0.142366,0.084037,0.058329,96,136,0,0,7,1,1,1,1,1,0,0,0,2,1,0,DoS,1
0.539936,tcp,http,FIN,10,8,778,1196,31.485213,62,252,10386.41602,15512.94922,2,2,59.992889,66.42657,2941.061133,110.173047,255,4262155204,2754470960,255,0.152286,0.074137,0.078149,78,150,1,188,1,1,1,1,1,13,0,0,1,2,1,0,DoS,1
1.198765,tcp,http,FIN,10,8,832,2036,14.181261,62,252,4998.477539,11892.23828,2,2,133.103333,152.278859,7065.200706,251.701547,255,1095662350,3300420019,255,0.229316,0.132804,0.096512,83,255,1,617,1,1,1,1,1,1,0,0,1,1,1,0,DoS,1
6e-06,udp,-,INT,2,0,582,0,166666.6608,254,0,388000000.0,0.0,0,0,0.006,0.0,0.0,0.0,0,0,0,0,0.0,0.0,0.0,291,0,0,0,4,2,1,1,1,2,0,0,0,2,2,0,DoS,1
12.853813,ospf,-,INT,42,0,2184,0,3.189715,254,0,1326.921387,0.0,0,0,313.507625,0.0,340.910781,0.0,0,0,0,0,0.0,0.0,0.0,52,0,0,0,1,2,1,1,1,1,0,0,0,4,1,0,DoS,1
1.468261,tcp,smtp,FIN,18,18,2384,1418,23.837724,254,252,12270.29785,7301.154297,6,7,86.361882,83.634,4175.879453,100.789906,255,645748303,304949356,255,0.159206,0.04648,0.112726,132,79,0,0,1,1,1,1,1,1,0,0,0,1,1,0,DoS,1
1.998075,tcp,-,FIN,10,8,492,354,8.508189,254,252,1773.707153,1241.194702,2,1,221.924,272.087844,13795.60621,571.58225,255,807781392,438432223,255,0.271112,0.093459,0.177653,49,44,0,0,3,1,2,1,1,1,0,0,0,2,1,0,DoS,1
2.311322,tcp,-,FIN,20,18,3532,2098,16.008155,254,252,11615.86328,6860.143555,7,6,120.223103,130.573297,6170.446857,189.981437,255,1487708341,537269894,255,0.215425,0.091567,0.123858,177,117,0,0,5,1,1,1,1,1,0,0,0,1,1,0,DoS,1
2.067676,tcp,-,FIN,10,8,740,354,8.221791,254,252,2576.805908,1199.414185,2,1,229.741778,282.602156,13598.86863,415.823,255,3188857345,3100465619,255,0.284281,0.089404,0.194877,74,44,0,0,3,1,1,1,1,1,0,0,0,1,1,0,DoS,1
2.841819,tcp,http,FIN,20,10,5576,440,10.204731,254,252,14914.39063,1114.778931,7,1,147.814005,311.133438,13134.88294,606.293812,255,3517671267,2450491734,255,0.095914,0.041609,0.054305,279,44,4,0,4,1,1,2,1,1,0,0,1,2,1,0,DoS,1
1.37464,tcp,http,FIN,10,10,990,992,13.821801,254,252,5185.35791,5196.99707,2,2,152.737778,140.934672,8485.852899,294.566062,255,1971788583,1271319836,255,0.206962,0.079868,0.127094,99,99,1,11,2,1,1,2,1,1,0,0,1,2,1,0,DoS,1
30.322762,ospf,-,INT,42,0,18480,0,1.35212,254,0,4759.460938,0.0,0,0,739.579562,0.0,857.77025,0.0,0,0,0,0,0.0,0.0,0.0,440,0,0,0,1,2,1,1,1,1,0,0,0,2,1,0,DoS,1
59.865528,tcp,-,CON,594,334,287496,14362,15.484704,254,252,38354.22656,1913.488525,296,0,100.923757,180.115688,4949.007874,193.799281,255,3414161306,3330702795,255,0.20193,0.147412,0.054518,484,43,0,0,2,0,1,1,1,1,0,0,0,2,1,0,DoS,1
0.579429,tcp,-,FIN,12,8,1142,698,32.790904,254,252,14455.61133,8435.891602,3,2,52.675365,87.898664,3204.758157,109.151313,255,684556452,82614978,255,0.120623,0.051246,0.069377,95,87,0,0,1,1,1,1,1,1,0,0,0,2,1,0,DoS,1
0.72041,tcp,http,FIN,10,10,774,1260,26.373871,62,252,7740.037109,12592.8291,2,2,79.935444,67.745445,4838.56127,116.743062,255,3579463654,928616726,255,0.177043,0.110692,0.066351,77,126,1,185,2,1,1,1,1,2,0,0,1,1,2,0,DoS,1
6.971418,tcp,http,FIN,110,686,5082,916969,114.03706,62,252,5779.025391,1050728.0,2,341,63.957962,10.01718,2979.610696,1185.529952,255,3871228484,1151407884,255,0.189644,0.118944,0.0707,46,1337,1,444493,1,1,2,1,1,1,0,0,1,1,2,0,DoS,1
3.301513,tcp,-,FIN,12,10,3404,2332,6.36072,254,252,7562.593262,5086.152832,3,2,296.945102,351.609,19409.00989,614.384875,255,2135744252,2103979246,255,0.239731,0.137029,0.102702,284,233,0,0,2,1,1,1,1,2,0,0,0,1,3,0,DoS,1
1.295506,tcp,http,FIN,10,8,822,1654,13.122286,62,252,4569.643066,8941.679688,2,2,143.945111,169.208,7892.399201,300.891406,255,1557174957,1074468925,255,0.19349,0.110428,0.083062,82,207,1,410,2,1,1,1,1,2,0,0,1,1,1,0,DoS,1
2.151374,tcp,http,FIN,14,18,1540,10422,14.409395,62,252,5317.531738,36601.72266,4,6,165.418534,120.528003,9322.636156,8969.763323,255,3529596926,3420146974,255,0.14925,0.102397,0.046853,110,579,1,0,2,1,2,3,1,2,0,0,1,5,1,0,DoS,1
1.604445,tcp,smtp,FIN,22,20,4784,1850,25.554008,254,252,22771.73828,8765.648438,8,8,76.402142,80.325945,3852.84201,94.467305,255,2730740381,1463593795,255,0.111085,0.049548,0.061537,217,93,0,0,2,1,10,2,2,10,0,0,0,10,2,0,DoS,1
1.732217,tcp,smtp,FIN,24,20,5217,1896,24.82368,62,252,23091.79492,8322.283203,9,8,75.313784,86.758898,4053.691799,107.35532,255,1340508133,1464980102,255,0.128138,0.068683,0.059455,217,95,0,0,1,1,1,1,1,1,0,0,0,1,1,0,DoS,1
0.63467,tcp,http,FIN,10,8,648,354,26.785573,62,252,7361.305664,3907.54248,2,1,65.374444,77.508859,4131.510239,132.019906,255,70889884,3409988690,255,0.175861,0.092103,0.083758,65,44,1,0,1,1,1,1,1,1,0,0,1,1,1,0,DoS,1
0.23472,sctp,-,CON,4,2,536,440,21.301976,254,60,13701.43066,7498.29541,0,0,78.24,0.004,110.638172,0.0,0,0,0,0,0.0,0.0,0.0,134,220,0,0,1,0,1,1,1,1,0,0,0,2,1,0,DoS,1
9.455081,ospf,-,INT,82,0,5248,0,8.566822,254,0,4386.212891,0.0,0,0,116.729398,0.0,160.583438,0.0,0,0,0,0,0.0,0.0,0.0,64,0,0,0,1,2,1,1,1,1,0,0,0,1,1,0,DoS,1
1e-06,udp,-,INT,2,0,136,0,1000000.003,254,0,544000000.0,0.0,0,0,0.001,0.0,0.0,0.0,0,0,0,0,0.0,0.0,0.0,68,0,0,0,2,2,1,1,1,1,0,0,0,1,1,0,DoS,1
28.024761,tcp,http,FIN,2228,346,2965030,14888,91.811665,254,252,846023.25,4237.681152,1111,1,12.600927,81.056508,1470.495735,89.704141,255,2039475922,898247598,255,0.140075,0.060252,0.079823,1331,43,1,0,2,1,1,1,1,1,0,0,1,3,1,0,DoS,1
0.859906,tcp,http,FIN,10,14,830,11294,26.747109,62,252,6949.59668,97573.45313,2,5,95.545111,56.733768,4929.050187,4794.775354,255,3953134736,818836148,255,0.257312,0.122085,0.135227,83,807,1,5105,1,1,1,1,1,1,0,0,1,2,1,0,DoS,1
0.704905,tcp,http,FIN,10,12,822,3744,29.79125,62,252,8398.294922,38949.92969,2,3,78.322778,59.050092,5163.503499,3604.589559,255,951654656,1578212396,255,0.115602,0.05461,0.060992,82,312,1,1379,1,1,1,1,1,1,0,0,1,1,1,0,DoS,1
1.233046,tcp,http,FIN,10,10,784,1132,15.408995,62,252,4580.526367,6611.269531,2,2,137.005111,126.795445,7483.969394,237.108844,255,376384550,2090137690,255,0.208391,0.091003,0.117388,78,113,1,106,1,1,1,1,1,1,0,0,1,3,2,0,DoS,1
0.729452,tcp,http,FIN,10,10,810,1296,26.04695,62,252,7995.04248,12798.64844,2,2,80.955444,75.464336,5318.215459,113.998141,255,3491446308,1741961698,255,0.119946,0.05027,0.069676,81,130,1,197,1,1,3,1,1,3,0,0,1,3,1,0,DoS,1
1.376563,tcp,-,FIN,12,8,2692,466,13.802493,254,252,14342.96875,2371.123047,3,2,125.050455,186.401719,7975.668027,340.044656,255,1125573206,3508059030,255,0.138535,0.071736,0.066799,224,58,0,0,2,1,1,1,1,1,0,0,0,2,1,0,DoS,1
0.425407,tcp,http,FIN,10,6,1996,268,35.260351,254,252,33793.51953,4212.436523,2,1,46.51,70.203797,2523.338135,125.634563,255,3707084750,1817155373,255,0.131352,0.074385,0.056967,200,45,1,0,1,1,17,1,1,28,0,0,1,17,1,0,DoS,1
1.283239,tcp,http,FIN,20,82,1222,100078,78.707084,62,252,7237.93457,616302.9375,2,38,67.538896,14.374543,4053.214585,1698.344677,255,515802303,1102943070,255,0.153623,0.097747,0.055876,61,1220,1,48128,1,1,1,1,1,1,0,0,1,2,1,0,DoS,1
0.327505,tcp,http,FIN,10,6,1548,268,45.800829,254,252,34051.39063,5471.672363,2,1,30.433444,57.151,1517.783077,75.576063,255,2519800777,559936486,255,0.090846,0.04173,0.049116,155,45,1,0,1,1,1,1,1,1,0,0,1,1,1,0,DoS,1
1e-05,udp,dhcp,INT,2,0,1152,0,100000.0025,62,0,460800000.0,0.0,0,0,0.01,0.0,0.0,0.0,0,0,0,0,0.0,0.0,0.0,576,0,0,0,1,2,1,1,1,1,0,0,0,2,1,0,DoS,1
2.360831,tcp,http,FIN,26,124,1444,156119,63.113369,62,252,4706.817383,524764.375,2,59,94.433243,18.008456,5086.277412,2496.883907,255,920092106,3490295836,255,0.22733,0.145118,0.082212,56,1259,1,75323,1,1,2,1,1,1,0,0,1,1,1,0,DoS,1
3.388479,tcp,smtp,FIN,206,48,254903,3066,74.664769,62,252,598890.5625,7089.906738,100,8,16.529166,72.749891,1657.190603,79.321516,255,1916347915,2762593665,255,0.092915,0.04099,0.051925,1237,64,0,0,1,1,1,1,1,1,0,0,0,1,1,0,DoS,1
0.717566,tcp,http,FIN,10,8,792,930,23.6912,62,252,7949.094238,9075.123047,2,2,79.729556,90.804859,4080.627731,114.774922,255,1755620411,4111956960,255,0.169224,0.081146,0.088078,79,116,1,44,2,1,2,1,1,2,0,0,1,1,2,0,DoS,1
0.399093,tcp,http,FIN,16,6,11282,268,52.619314,254,252,212020.75,4490.181641,5,1,23.894201,69.476398,1607.932101,102.789148,255,1222342618,90267629,255,0.12208,0.051708,0.070372,705,45,1,0,1,1,3,1,1,1,0,0,1,1,1,0,DoS,1
1.011562,tcp,-,FIN,10,8,1060,354,16.805693,254,252,7544.767578,2451.654053,2,1,107.630556,130.074,5823.313954,259.904281,255,877816699,780408355,255,0.18426,0.101041,0.083219,106,44,0,0,1,1,1,1,1,1,0,0,0,1,3,0,DoS,1
2.938566,tcp,http,FIN,10,10,868,1200,6.465739,62,252,2128.929688,2940.209717,2,2,326.507333,314.001,22755.68241,742.763125,255,4126689862,1218241297,255,0.171503,0.081832,0.089671,87,120,1,135,1,1,2,1,1,1,0,0,1,1,2,0,DoS,1
0.369408,tcp,http,FIN,12,6,6064,268,46.019576,254,252,120387.2109,4851.004883,3,1,30.883544,61.702398,1772.812652,91.145961,255,2950285634,2970974519,255,0.130236,0.060887,0.069349,505,45,1,0,2,1,1,2,1,1,0,0,1,2,1,0,DoS,1
8.512332,udp,-,CON,4,6,1444,2832,1.05729,254,60,1017.817444,2217.958496,0,0,2837.444,760.997187,4012.73975,950.87325,0,0,0,0,0.0,0.0,0.0,361,472,0,0,5,0,2,2,2,2,0,0,0,4,2,0,DoS,1
1.772276,tcp,http,FIN,10,10,842,2072,10.720678,62,252,3421.588867,8418.552734,2,2,196.919556,189.233672,12186.46658,405.034531,255,2768785536,608780628,255,0.132216,0.068544,0.063672,84,207,1,586,1,1,1,1,1,1,0,0,1,2,1,0,DoS,1
0.250987,tcp,http,FIN,10,10,794,3634,75.701134,62,252,22790.02539,104260.3828,2,3,27.887444,25.918111,1502.833102,1883.496806,255,4079764896,3563363975,255,0.056784,0.010701,0.046083,79,363,1,1354,1,1,1,1,1,1,0,0,1,1,1,0,DoS,1
0.202832,tcp,http,FIN,10,6,874,268,73.952829,254,252,31040.4668,8834.897461,2,1,20.609444,33.16,1118.428044,49.503172,255,249958186,1954270289,255,0.08465,0.037026,0.047624,87,45,1,0,1,1,1,1,1,1,0,0,1,1,1,0,DoS,1
0.24506,tcp,http,FIN,10,10,810,3882,77.532034,62,252,23798.25391,114061.8672,2,3,27.228889,17.518222,1455.62267,1369.386552,255,1783893040,2600802403,255,0.101262,0.05524,0.046022,81,388,1,1490,1,1,1,1,1,1,0,0,1,1,1,0,DoS,1
0.203832,tcp,-,FIN,10,6,1918,268,73.590015,254,252,67781.3125,8791.553711,2,1,21.047444,38.868,1121.881686,66.591766,255,3457339907,4091805089,255,0.057015,0.009489,0.047526,192,45,1,0,1,1,1,1,1,1,0,0,1,1,1,0,DoS,1
0.058969,udp,-,CON,4,2,188,89,84.790316,254,60,19128.69531,6104.902832,0,0,19.656334,0.002,27.785525,0.0,0,0,0,0,0.0,0.0,0.0,47,45,0,0,1,0,1,1,1,1,0,0,0,1,1,0,DoS,1
0.258227,tcp,http,FIN,10,10,800,6180,73.578676,62,252,22305.95703,172313.5156,2,3,28.691889,27.623889,1369.697445,1977.653258,255,3036559335,1890527593,255,0.056704,0.008909,0.047795,80,618,1,2643,2,1,1,1,1,1,0,0,1,1,1,0,DoS,1
0.286052,tcp,http,FIN,10,8,938,1208,59.429756,62,252,23632.06836,29561.06055,2,2,31.783556,39.655855,1613.229759,54.754016,255,3032297621,1255319313,255,0.053594,0.007522,0.046072,94,151,1,189,2,1,1,1,1,1,0,0,1,1,1,0,DoS,1
0.49476,tcp,-,FIN,12,10,716,554,42.444821,254,252,10623.33203,8068.558594,3,2,43.843455,53.057109,3126.766955,106.342195,255,2481977793,3515107764,255,0.078043,0.017231,0.060812,60,55,0,0,1,1,1,1,1,1,0,0,0,1,1,0,DoS,1
0.319757,tcp,http,FIN,10,8,826,1984,53.16537,62,252,18614.13477,43432.98047,2,2,35.528556,43.881145,1749.726147,61.659871,255,1631360169,2090973534,255,0.062549,0.011918,0.050631,83,248,1,592,1,1,1,1,1,1,0,0,1,1,1,0,DoS,1
7e-06,udp,-,INT,2,0,520,0,142857.1409,254,0,297142848.0,0.0,0,0,0.007,0.0,0.0,0.0,0,0,0,0,0.0,0.0,0.0,260,0,0,0,1,2,1,1,1,1,0,0,0,1,1,0,DoS,1
0.196966,tcp,http,FIN,14,6,6676,268,96.463345,254,252,251820.1094,9098.016602,4,1,14.918078,32.624801,914.387547,49.988211,255,610965218,1678248969,255,0.052992,0.033833,0.019159,477,45,1,0,1,1,1,1,1,1,0,0,1,1,1,0,DoS,1
3.24763,tcp,smtp,FIN,360,70,459267,4038,132.096334,62,252,1128187.625,9806.536133,177,8,9.071592,46.631871,1065.618544,65.425742,255,4270996510,3778269356,255,0.078034,0.021368,0.056666,1276,58,0,0,1,1,1,1,1,1,0,0,0,3,1,0,DoS,1
2.567916,tcp,http,FIN,78,474,3796,620637,214.570889,62,252,11676.39453,1929433.875,2,235,33.349557,5.427493,1720.671823,699.172437,255,1087531788,1635642248,255,0.052264,0.006817,0.045447,49,1309,1,300541,1,1,1,1,1,1,0,0,1,1,1,0,DoS,1
0.23161,tcp,http,FIN,20,6,16542,268,107.940072,254,252,542809.0625,7737.144531,7,1,10.198316,37.290801,809.079603,48.159395,255,429808513,4132404974,255,0.095682,0.045147,0.050535,827,45,1,0,5,1,1,1,1,1,0,0,1,6,1,0,DoS,1
0.186279,tcp,-,FIN,10,6,468,268,80.524375,254,252,18123.35352,9619.978516,2,1,19.142222,35.806199,1025.435044,61.716918,255,1607562208,3995471389,255,0.05411,0.007239,0.046871,47,45,0,0,1,1,1,1,1,1,0,0,0,1,1,0,DoS,1
5.966193,tcp,-,FIN,788,122,1041267,5256,152.358459,254,252,1394451.625,6990.051758,391,1,7.553017,49.13734,987.006633,59.142535,255,3619403608,1732811372,255,0.070921,0.020565,0.050356,1321,43,0,0,1,1,1,1,1,1,0,0,0,2,1,0,DoS,1
8e-06,udp,dns,INT,2,0,126,0,125000.0003,254,0,63000000.0,0.0,0,0,0.008,0.0,0.0,0.0,0,0,0,0,0.0,0.0,0.0,63,0,0,0,1,2,1,1,1,3,0,0,0,1,1,0,DoS,1
0.402976,tcp,-,FIN,10,8,1580,354,42.186134,254,252,28229.96875,6154.212402,2,1,43.040667,50.650145,3012.961648,109.251641,255,1033300765,2302182925,255,0.095263,0.048416,0.046847,158,44,0,0,1,1,1,1,1,1,0,0,0,1,1,0,DoS,1
0.172933,tcp,http,FIN,12,6,4940,268,98.303969,254,252,209514.6719,10362.39453,3,1,15.721181,33.196602,893.795226,46.882852,255,1952998926,4074041412,255,0.049561,0.006135,0.043426,412,45,1,0,1,1,1,1,1,1,0,0,1,1,1,0,DoS,1
0.587041,udp,dhcp,CON,4,2,1330,704,8.517292,254,60,13600.41211,4796.938965,0,0,195.680328,0.002,276.728125,0.0,0,0,0,0,0.0,0.0,0.0,333,352,0,0,2,0,3,3,3,3,0,0,0,3,2,0,DoS,1
0.50606,tcp,-,FIN,12,12,555,594,45.449156,62,252,8046.476562,8615.579102,3,4,46.005455,41.423,2283.946162,51.719809,255,94090005,2630174926,255,0.057924,0.049593,0.008331,46,50,0,0,1,1,1,1,1,1,0,0,0,1,1,0,DoS,1
1.390128,tcp,pop3,FIN,28,70,1286,69698,69.777746,62,252,7141.788086,395376.5313,7,33,51.486224,19.542588,2703.423471,1747.699628,255,3640801450,43186949,255,0.114511,0.060515,0.053996,46,996,0,0,1,1,1,1,1,1,0,0,0,1,1,0,DoS,1
20.029831,udp,-,INT,21,0,2352,0,0.998511,255,0,894.665588,0.0,0,0,1001.4905,0.0,12.696174,0.0,0,0,0,0,0.0,0.0,0.0,112,0,0,0,8,0,9,1,1,1,0,0,0,4,1,0,DoS,1
0.207734,tcp,http,FIN,10,10,846,4078,91.463119,62,252,29345.2207,141373.0938,2,3,23.081556,21.423556,1199.941767,1807.265087,255,4059617306,922156037,255,0.055866,0.009124,0.046742,85,408,1,1570,1,1,1,1,1,1,0,0,1,1,2,0,DoS,1
2.212859,tcp,pop3,FIN,24,48,1130,43566,32.085191,62,252,3915.297119,154222.2188,7,22,96.211264,43.159064,4731.215559,3202.415153,255,4048609652,4163861695,255,0.186,0.122334,0.063666,47,908,0,0,1,1,2,1,1,1,0,0,0,2,1,0,DoS,1
1.50287,tcp,-,FIN,18,20,1032,3284,24.619562,62,252,5190.069824,16608.22266,6,7,88.404118,75.536156,4859.148395,96.859,255,533941496,2761511846,255,0.064295,0.030875,0.03342,57,164,0,0,4,1,1,1,1,1,0,0,0,2,1,0,DoS,1
1.432369,tcp,smtp,FIN,32,20,16815,1722,35.60535,62,252,90982.14063,9137.310547,13,8,46.205452,73.410266,2760.015948,86.396406,255,2416022581,2879450027,255,0.087237,0.036858,0.050379,525,86,0,0,1,1,1,1,1,1,0,0,0,2,1,0,DoS,1
0.660736,tcp,-,FIN,10,8,1358,354,25.728883,62,252,14807.72949,3753.390137,2,1,73.343444,88.975859,5124.048633,135.270641,255,103006454,210340732,255,0.107653,0.037898,0.069755,136,44,0,0,2,1,1,1,1,1,0,0,0,2,1,0,DoS,1
0.251539,tcp,http,FIN,10,10,836,5950,75.535009,62,252,23948.57422,170311.5625,2,3,27.948778,25.434,1509.212451,1818.435145,255,3894285474,3463290301,255,0.05907,0.010323,0.048747,84,595,1,2509,1,1,1,1,1,1,0,0,1,1,2,0,DoS,1
0.536827,tcp,http,FIN,10,16,888,12586,46.569935,254,252,11921.90332,175848.0781,2,6,59.640444,32.409201,3025.47288,2360.021734,255,3424513028,3546724548,255,0.08398,0.05068,0.0333,89,787,1,0,2,1,1,1,1,1,0,0,1,1,1,0,DoS,1
2.884655,tcp,smtp,FIN,22,20,2921,1812,14.213138,62,252,7734.720215,4775.614258,8,8,137.364524,146.305797,8022.293704,218.504344,255,1651464720,3408993771,255,0.182471,0.10403,0.078441,133,91,0,0,1,1,1,1,1,1,0,0,0,1,1,0,DoS,1
0.916325,tcp,-,FIN,10,6,1828,268,16.369738,254,252,14370.44727,1955.638062,2,1,101.813889,145.659,5050.825509,261.283766,255,2832899977,2298968931,255,0.250061,0.141888,0.108173,183,45,0,0,2,1,2,1,1,2,0,0,0,1,3,0,DoS,1
7e-06,udp,-,INT,2,0,602,0,142857.1409,254,0,344000000.0,0.0,0,0,0.007,0.0,0.0,0.0,0,0,0,0,0.0,0.0,0.0,301,0,0,0,1,2,1,1,1,1,0,0,0,1,1,0,DoS,1
1.392363,tcp,smtp,FIN,122,34,136984,2222,111.321549,62,252,780612.5625,12393.32031,58,8,11.507132,40.981789,1071.416201,46.970141,255,1708345413,4173541416,255,0.056424,0.009478,0.046946,1123,65,0,0,1,1,1,1,1,1,0,0,0,1,1,0,DoS,1
1.357829,tcp,smtp,FIN,20,20,3172,1886,28.722321,254,252,17757.75977,10558.03027,7,8,71.464686,67.946687,3423.232965,80.107133,255,871662898,3195636452,255,0.100442,0.041368,0.059074,159,94,0,0,1,1,1,1,1,1,0,0,0,1,1,0,DoS,1
1.059689,tcp,http,FIN,10,8,790,914,16.042442,62,252,5367.612305,6039.507324,2,2,117.743222,141.304422,6859.566046,294.826031,255,1978413040,2099858334,255,0.133928,0.069922,0.064006,79,114,1,51,1,1,2,1,1,1,0,0,1,1,1,0,DoS,1
0.392728,tcp,http,FIN,10,8,1136,354,43.286957,254,252,20838.84961,6314.803223,2,1,42.000444,49.36743,2949.098351,105.716156,255,3822845791,2011144310,255,0.090686,0.047147,0.043539,114,44,1,0,4,1,2,2,1,2,0,0,1,2,2,0,DoS,1
1.905524,tcp,http,FIN,12,12,1422,2886,12.070171,254,252,5474.609375,11108.75488,3,3,173.229455,160.074453,8952.480817,246.610234,255,2766408517,1724581704,255,0.14466,0.078222,0.066438,119,241,1,412,1,1,2,1,1,3,0,0,1,2,1,0,DoS,1
9e-06,udp,dns,INT,2,0,178,0,111111.1072,254,0,79111112.0,0.0,0,0,0.009,0.0,0.0,0.0,0,0,0,0,0.0,0.0,0.0,89,0,0,0,1,2,1,1,1,1,0,0,0,1,1,0,DoS,1
0.244568,tcp,http,FIN,10,8,896,1372,69.510319,254,252,26397.56641,39285.59766,2,2,27.174222,33.32343,1447.169343,57.02827,255,1828722376,1967189713,255,0.052912,0.006706,0.046206,90,172,1,283,1,1,1,1,1,1,0,0,1,1,1,0,DoS,1
0.996001,tcp,ssl,FIN,12,12,1316,2174,23.092346,254,252,9694.769531,16008.01563,3,3,90.545547,85.427,5939.475793,123.915414,255,3667251238,360419505,255,0.114984,0.055598,0.059386,110,181,0,0,1,1,2,1,1,2,0,0,0,2,1,0,DoS,1
0.525781,tcp,http,FIN,12,6,4710,268,32.332855,254,252,65700.35938,3408.263184,3,1,44.217817,87.479398,2472.599535,127.361836,255,3780351578,3488926627,255,0.144106,0.08838,0.055726,393,45,1,0,1,1,1,1,1,16,0,0,1,1,1,0,DoS,1
2.716037,tcp,smtp,FIN,34,22,19831,1846,20.250092,254,252,56694.36719,5192.859863,14,8,82.30415,124.606664,5060.314414,139.514672,255,2565306278,595782678,255,0.152952,0.098514,0.054438,583,84,0,0,1,1,1,1,1,1,0,0,0,1,1,0,DoS,1
0.732222,tcp,http,FIN,36,10,38428,440,61.45677,254,252,408193.125,4326.556641,15,1,19.591085,75.615219,1820.409545,121.039719,255,3586184142,796874196,255,0.123986,0.051677,0.072309,1067,44,1,0,1,1,1,1,1,2,0,0,1,1,1,0,DoS,1
0.708317,tcp,http,FIN,10,10,806,1374,26.824149,62,252,8199.71875,13971.14648,2,2,78.701889,73.056109,4760.038234,147.594344,255,2639355092,14758267,255,0.06687,0.037812,0.029058,81,137,1,229,1,1,1,1,1,1,0,0,1,16,1,0,DoS,1
0.732523,tcp,-,FIN,10,6,740,268,20.477172,254,252,7273.491699,2446.3396,2,1,81.375111,124.944398,4075.799345,194.834344,255,1704874205,920177725,255,0.172607,0.107799,0.064808,74,45,0,0,2,1,1,1,1,1,0,0,0,3,1,0,DoS,1
0.706013,tcp,dns,FIN,10,6,660,268,21.246067,254,252,6730.753906,2538.196777,2,1,73.067778,121.698,3669.16063,167.140547,255,2161201822,3160862503,255,0.208889,0.097516,0.111373,66,45,0,0,1,1,1,1,1,3,0,0,0,2,1,0,DoS,1
20.685938,tcp,http,FIN,1500,248,1997891,10674,84.453507,254,252,772141.9375,4111.39209,747,1,13.785892,83.080297,1736.433953,107.230781,255,2688362576,3860746104,255,0.237429,0.165095,0.072334,1332,43,1,0,1,1,2,1,1,1,0,0,1,1,1,0,DoS,1
0.405835,tcp,http,FIN,10,6,1046,268,36.960834,254,252,18569.12305,4415.587402,2,1,42.727,70.980203,2361.723823,108.400797,255,243582444,458556453,255,0.121644,0.050933,0.070711,105,45,0,0,2,1,1,1,1,1,0,0,0,1,1,0,DoS,1
0.221481,tcp,http,FIN,10,8,856,1024,76.756021,254,252,27848.89063,32363.95117,2,2,24.609,29.771,1338.190065,53.510641,255,3487452676,121663979,255,0.052825,0.008429,0.044396,86,128,1,90,1,1,1,1,1,1,0,0,1,1,1,0,DoS,1
59.717522,tcp,-,CON,668,356,300600,15308,17.130651,254,252,40209.30469,2044.960938,334,0,90.297905,170.412187,4609.897588,185.850797,255,2741287421,4185545031,255,0.134298,0.083012,0.051286,450,43,0,0,2,0,1,1,1,1,0,0,0,2,1,0,DoS,1
1.628523,tcp,-,FIN,18,18,1024,3262,21.491867,62,252,4755.229004,15135.18652,6,7,95.795471,93.510531,4898.347087,114.539187,255,2636935522,2985941727,255,0.150355,0.037755,0.1126,57,181,0,0,9,1,1,1,1,1,0,0,0,3,1,0,DoS,1
2.230316,tcp,http,FIN,10,10,818,1750,8.518972,62,252,2643.571777,5649.423828,2,2,247.795444,237.723328,14386.32244,386.610437,255,631380428,3626751568,255,0.196783,0.090802,0.105981,82,175,0,0,1,1,1,1,1,1,0,0,0,2,1,0,DoS,1
5.09009,tcp,-,FIN,48,220,2286,271932,52.45487,62,252,3518.994873,425447.9063,6,108,108.299787,22.754191,7772.107102,3631.323434,255,1085318117,24023745,255,0.238279,0.105705,0.132574,48,1236,0,0,2,1,1,1,1,1,0,0,0,1,1,0,DoS,1
0.587041,udp,-,CON,4,2,1330,704,8.517292,254,60,13600.41211,4796.938965,0,0,195.680328,0.002,276.728125,0.0,0,0,0,0,0.0,0.0,0.0,333,352,0,0,1,0,3,3,3,3,0,0,0,3,4,0,DoS,1
1.328648,tcp,http,FIN,14,16,1498,10300,21.826699,62,252,8375.431641,58146.32813,4,6,102.203695,83.675802,5216.658458,5253.957442,255,2779006685,2879498684,255,0.110806,0.072838,0.037968,107,644,0,0,2,1,1,1,1,2,0,0,0,4,2,0,DoS,1
0.710673,tcp,http,FIN,10,12,808,7526,29.549456,62,252,8195.048828,77661.60156,2,4,78.963667,54.032092,4007.442976,4381.427845,255,44767434,2995597351,255,0.201693,0.115667,0.086026,81,627,0,0,1,1,1,1,1,2,0,0,0,2,1,0,DoS,1
1e-06,udp,-,INT,2,0,776,0,1000000.003,254,0,3104000000.0,0.0,0,0,0.001,0.0,0.0,0.0,0,0,0,0,0.0,0.0,0.0,388,0,0,0,1,2,1,1,1,2,0,0,0,1,1,0,DoS,1
1.147188,tcp,-,FIN,10,6,2002,268,13.075451,254,252,12566.37988,1562.080566,2,1,124.965778,212.337203,8352.778637,372.763531,255,3199146468,3359936988,255,0.138619,0.085493,0.053126,200,45,0,0,1,1,1,1,1,1,0,0,0,1,1,0,DoS,1
41.757748,tcp,-,FIN,620,270,277372,11610,21.289462,254,252,53053.62891,2216.02002,307,0,67.539757,155.478141,3378.440229,165.233125,255,2742209921,4185545031,255,0.134298,0.083012,0.051286,447,43,0,0,3,1,2,1,1,2,0,0,0,2,7,0,DoS,1
1.09612,tcp,-,FIN,16,10,6760,564,22.807722,254,252,46257.71094,3707.623291,5,3,68.919265,114.239219,4198.204921,136.1615,255,2901597265,135574142,255,0.162777,0.067966,0.094811,423,56,0,0,4,1,1,1,1,1,0,0,0,3,1,0,DoS,1
0.617674,tcp,http,FIN,10,8,776,1038,27.522609,62,252,9053.319336,11773.20117,2,2,68.468,80.932289,3574.52231,146.731703,255,3758929051,2048186813,255,0.132841,0.051145,0.081696,78,130,0,0,2,1,1,1,1,1,0,0,0,1,1,0,DoS,1
3.956091,tcp,smtp,FIN,22,26,2698,2094,11.880414,254,252,5209.182617,4072.707275,7,8,188.385286,153.548641,9706.617344,242.706437,255,1898421772,507859971,255,0.16107,0.081968,0.079102,123,81,0,0,1,1,1,1,1,1,0,0,0,1,1,0,DoS,1
1.218581,tcp,-,FIN,28,16,21218,764,35.286946,254,252,134326.7344,4707.114258,11,5,45.08963,77.243531,3126.867392,102.92975,255,3338140426,271140432,255,0.117925,0.059919,0.058006,758,48,0,0,5,1,1,1,1,1,0,0,0,4,5,0,DoS,1
0.944295,tcp,-,FIN,24,10,22662,440,34.946707,254,252,183993.3594,3354.883789,9,1,37.649912,96.802,3326.318053,150.461125,255,366643308,3178950769,255,0.189981,0.073069,0.116912,944,44,0,0,2,1,1,1,1,1,0,0,0,1,1,0,DoS,1
0.403204,tcp,-,FIN,8,6,364,268,32.241744,254,252,6329.302246,4444.400391,1,1,57.600569,68.481,3550.196116,130.494461,255,1748724680,3679603798,255,0.096488,0.047858,0.04863,46,45,0,0,3,1,3,3,1,3,0,0,0,3,3,0,DoS,1
0.795741,tcp,smtp,FIN,20,20,3446,1880,49.010921,254,252,32915.23047,17955.58984,7,8,41.881104,41.242051,2053.655271,49.755664,255,2535624814,2619745284,255,0.054857,0.007895,0.046962,172,94,0,0,1,1,1,1,1,1,0,0,0,1,1,0,DoS,1
0.921943,tcp,smtp,FIN,50,24,43411,1934,79.180599,62,252,369159.4688,16087.7627,22,8,18.815163,38.960219,1339.054443,45.863543,255,1865628920,82047606,255,0.054061,0.008985,0.045076,868,81,0,0,1,1,1,1,1,1,0,0,0,1,1,0,DoS,1
0.693791,tcp,ftp,FIN,12,10,720,642,30.268483,254,252,7610.361328,6664.831543,3,3,69.379102,74.788336,4045.33436,112.055781,255,601157837,2790941972,255,0.052265,0.020012,0.032253,60,64,0,0,1,1,1,1,1,27,0,0,0,1,1,0,DoS,1
2.349902,tcp,http,FIN,10,10,778,4034,8.085444,62,252,2386.482666,12361.36719,2,3,261.078667,256.183778,19999.34359,22878.00045,255,772436376,3944838374,255,0.121929,0.044245,0.077684,78,403,1,1569,1,1,1,1,1,1,0,0,1,3,1,0,DoS,1
0.229561,tcp,http,FIN,10,8,946,1024,74.05439,62,252,29691.45508,31224.81641,2,2,25.506778,30.892143,1380.672867,55.193652,255,2863404200,1172373279,255,0.064962,0.007572,0.05739,95,128,1,92,3,1,1,1,1,2,0,0,1,1,1,0,DoS,1
5.760576,ospf,-,REQ,8,0,2176,0,1.215156,254,0,2644.180176,0.0,0,0,983.923875,0.0,1016.10575,0.0,0,0,0,0,0.0,0.0,0.0,272,0,0,0,1,6,1,1,1,23,0,0,0,2,1,0,DoS,1
0.008474,udp,dns,CON,2,2,118,236,354.024082,62,252,55699.78906,111399.5781,0,0,0.004,0.002,0.0,0.0,0,0,0,0,0.0,0.0,0.0,59,118,0,0,1,3,1,1,1,1,0,0,0,1,1,0,DoS,1
0.093632,udp,-,CON,4,2,188,89,53.400548,254,60,12047.16406,3844.839355,0,0,31.210666,0.006,44.125113,0.0,0,0,0,0,0.0,0.0,0.0,47,45,0,0,2,0,1,1,1,1,0,0,0,1,1,0,DoS,1
1.193886,tcp,http,FIN,10,16,810,9854,20.940022,62,252,4884.888184,61908.75781,2,5,132.583111,69.860465,7042.580696,5912.745173,255,3793154406,58659128,255,0.237092,0.145976,0.091116,81,616,1,4352,2,1,1,1,1,2,0,0,1,1,2,0,DoS,1
0.42329,tcp,http,FIN,18,8,10560,1536,59.061162,62,252,188504.3281,25401.02539,6,2,24.899411,57.13543,1898.921731,85.480969,255,1113396719,2438671885,255,0.073719,0.022737,0.050982,587,192,1,347,1,1,1,1,1,1,0,0,1,1,1,0,DoS,1
0.837131,tcp,http,FIN,10,10,792,1312,22.696567,62,252,6813.748047,11286.16602,2,2,92.932,84.252109,5035.773366,167.9325,255,206609921,379306757,255,0.129226,0.078853,0.050373,79,131,1,197,1,1,2,1,1,1,0,0,1,2,2,0,DoS,1
0.665142,tcp,-,FIN,10,6,524,268,22.551575,254,252,5676.983398,2694.161621,2,1,68.244222,117.608602,3637.008491,175.269641,255,795715363,382593979,255,0.148653,0.077096,0.071557,52,45,0,0,1,1,1,1,1,1,0,0,0,1,1,0,DoS,1
0.797847,tcp,ftp,FIN,14,12,1704,898,31.33433,254,252,15872.71777,8262.236328,4,4,61.372846,68.11318,3646.972677,106.716773,255,1985145439,2132150329,255,0.114112,0.047929,0.066183,122,75,0,0,1,1,1,1,1,1,0,0,0,2,1,0,DoS,1
0.23754,tcp,-,FIN,10,6,468,268,63.147258,254,252,14212.34277,7543.992188,2,1,22.314111,44.721398,1185.703996,65.440527,255,790506498,4147382548,255,0.060349,0.013924,0.046425,47,45,0,0,3,1,1,1,1,2,0,0,0,1,2,0,DoS,1
0.499088,tcp,-,FIN,14,8,640,354,42.076749,254,252,9537.396484,4969.063477,4,1,37.556617,65.892289,2535.796763,114.350453,255,3813048259,1786686239,255,0.082119,0.037834,0.044285,46,44,0,0,1,1,1,1,1,1,0,0,0,1,1,0,DoS,1
0.29118,tcp,http,FIN,10,6,800,268,51.514525,254,252,19781.57813,6154.268555,2,1,29.567889,48.421801,1565.311087,75.465539,255,3689842646,2330178703,255,0.073067,0.049066,0.024001,80,45,1,0,1,1,1,1,1,1,0,0,1,2,1,0,DoS,1
0.718947,tcp,smtp,FIN,24,20,4263,1686,59.809694,62,252,45466.49609,17826.07031,9,8,31.21713,37.361105,1646.738618,43.634039,255,2591719850,1468251696,255,0.032142,0.009077,0.023065,178,84,0,0,1,1,1,1,1,1,0,0,0,1,1,0,DoS,1
0.191714,tcp,http,FIN,10,6,854,268,78.241546,254,252,32089.4668,9347.256836,2,1,19.829778,36.665398,1030.222341,61.156133,255,2772195084,2501520539,255,0.05439,0.008379,0.046011,85,45,1,0,1,1,1,1,1,1,0,0,1,1,1,0,DoS,1
0.95216,tcp,smtp,FIN,22,20,3817,1710,43.05999,62,252,30616.70313,13653.16797,8,8,45.340951,49.647051,2156.79954,56.465977,255,773865802,2536630553,255,0.053753,0.008137,0.045616,174,86,0,0,1,1,1,1,1,1,0,0,0,1,1,0,DoS,1
1.391402,tcp,smtp,FIN,20,16,4640,1122,25.154484,254,252,25344.2207,6048.575195,7,6,72.122002,89.982867,4754.040492,143.371469,255,2187711889,1158676806,255,0.107381,0.041655,0.065726,232,70,0,0,1,1,1,1,1,1,0,0,0,1,1,0,DoS,1
52.657944,udp,-,CON,300,300,166664,230020,11.375302,254,60,25235.92578,34829.16016,0,0,175.843859,175.116172,230.195906,226.062703,0,0,0,0,0.0,0.0,0.0,556,767,0,0,2,0,1,1,1,1,0,0,0,1,1,0,DoS,1
0.840057,tcp,smtp,FIN,34,22,19723,1786,65.471747,254,252,182301.9063,16236.99316,14,8,25.456272,39.334855,1601.932181,46.89977,255,928049199,1495003705,255,0.055123,0.008784,0.046339,580,81,0,0,2,1,1,1,1,1,0,0,0,1,1,0,DoS,1
0.680413,tcp,-,FIN,10,8,704,354,24.984825,254,252,7454.295898,3644.844971,2,1,68.510111,83.321141,4173.958461,126.80657,255,3508048230,1910216287,255,0.166018,0.097161,0.068857,70,44,0,0,2,1,1,1,1,1,0,0,0,1,1,0,DoS,1
0.245193,tcp,http,FIN,10,10,806,3914,77.489976,62,252,23687.46289,114946.1797,2,3,27.243667,26.316556,1310.892084,1839.43317,255,2878480882,3714749186,255,0.053414,0.007705,0.045709,81,391,1,1507,2,1,1,1,1,1,0,0,1,1,1,0,DoS,1
9e-06,udp,-,INT,2,0,136,0,111111.1072,254,0,60444444.0,0.0,0,0,0.009,0.0,0.0,0.0,0,0,0,0,0.0,0.0,0.0,68,0,0,0,2,2,1,1,1,1,0,0,0,2,1,0,DoS,1
0.577376,tcp,http,FIN,10,10,914,1796,32.907498,254,252,11403.31445,22404.81055,2,2,64.152889,51.209109,3866.723957,104.147688,255,1884087071,1119764652,255,0.129614,0.090461,0.039153,91,180,1,442,1,1,1,1,1,1,0,0,1,1,1,0,DoS,1
2.275319,tcp,pop3,FIN,26,62,1220,61626,38.236395,62,252,4127.772461,213185.0469,7,29,91.012762,36.172933,4517.257653,2905.610545,255,1169919461,1231365883,255,0.155763,0.084373,0.07139,47,994,0,0,1,1,1,1,1,1,0,0,0,1,1,0,DoS,1
2.531785,tcp,pop3,FIN,20,20,942,2504,15.404152,62,252,2828.044189,7517.226074,7,8,133.251262,126.517156,6878.237044,187.882031,255,3652733777,4197533536,255,0.201553,0.12795,0.073603,47,125,0,0,1,1,1,1,1,2,0,0,0,1,1,0,DoS,1
0.450038,tcp,http,FIN,10,8,796,1056,37.774589,62,252,12745.59082,16425.2793,2,2,50.004222,57.75,2455.028747,71.698641,255,4127437765,1405530204,255,0.104642,0.044919,0.059723,80,132,1,105,1,1,1,1,1,1,0,0,1,2,1,0,DoS,1
1.001388,tcp,-,FIN,10,8,1524,354,16.976437,254,252,10960.78711,2476.562744,2,1,106.892,131.461422,7425.20386,168.472766,255,970290225,2846539710,255,0.173861,0.081153,0.092708,152,44,0,0,2,1,1,1,1,1,0,0,0,1,1,0,DoS,1
0.833473,tcp,http,FIN,10,10,818,1320,22.796179,62,252,7074.01416,11402.88867,2,2,92.608111,82.609664,6316.160791,127.733437,255,4173362245,1335481993,255,0.118151,0.089271,0.02888,82,132,1,203,3,1,1,1,1,1,0,0,1,1,1,0,DoS,1
0.471226,tcp,http,FIN,10,8,812,1142,36.076107,62,252,12410.18066,16976.99219,2,2,52.257,48.138145,2878.978034,72.780641,255,1127681058,3428951534,255,0.223014,0.134251,0.088763,81,143,1,161,1,1,1,1,1,1,0,0,1,3,1,0,DoS,1
2.073959,tcp,smtp,FIN,34,22,19711,1688,26.519327,254,252,73798.94531,6218.059082,14,8,62.847241,96.511234,5161.817678,172.556359,255,1433018844,706020332,255,0.091832,0.046435,0.045397,580,77,0,0,1,1,1,1,1,1,0,0,0,1,1,0,DoS,1
0.549145,tcp,http,FIN,10,10,788,2518,34.599242,62,252,10343.35254,33025.88672,2,2,61.016111,52.067777,4078.89228,95.424508,255,1075343130,2056668505,255,0.08742,0.048307,0.039113,79,252,1,814,5,1,1,3,1,1,0,0,1,6,1,0,DoS,1
1.288303,tcp,smtp,FIN,26,22,9685,1890,36.4821,254,252,57831.11328,11208.54297,10,8,51.49128,60.472715,3485.709386,93.899711,255,1767556930,2807321740,255,0.034629,0.01836,0.016269,373,86,0,0,1,1,1,1,1,1,0,0,0,1,1,0,DoS,1
0.544914,tcp,-,FIN,10,6,616,268,27.527279,254,252,8148.074707,3288.592285,2,1,56.639111,102.847203,3464.357669,162.599156,255,597646604,3302551847,255,0.088337,0.030668,0.057669,62,45,0,0,1,1,1,1,1,1,0,0,0,1,1,0,DoS,1
0.311589,tcp,-,FIN,10,6,938,268,48.140338,254,252,21695.24609,5751.165527,2,1,33.288222,52.242398,2123.979856,88.563664,255,934972635,1180199035,255,0.065927,0.050373,0.015554,94,45,0,0,1,1,1,1,1,1,0,0,0,1,1,0,DoS,1
1.711036,tcp,smtp,FIN,34,22,19765,1928,32.144269,254,252,89695.36719,8607.650391,14,8,51.849576,77.070383,3283.414883,105.261781,255,3500281827,1344737332,255,0.152764,0.063322,0.089442,581,88,0,0,1,1,1,1,1,1,0,0,0,2,1,0,DoS,1
0.902098,tcp,-,FIN,10,6,2052,268,16.627905,254,252,16379.59473,1986.480347,2,1,95.338444,166.403406,5200.877433,278.728156,255,692650904,324289827,255,0.17808,0.070072,0.108008,205,45,0,0,1,1,1,1,1,1,0,0,0,1,1,0,DoS,1
0.506068,tcp,http,FIN,10,8,834,2594,33.592324,62,252,11871.92285,35884.50781,2,2,56.229778,54.226855,2869.326511,86.397766,255,2071211711,434923988,255,0.194485,0.125859,0.068626,83,324,1,874,1,1,1,1,1,2,0,0,1,1,1,0,DoS,1
1.196685,tcp,smtp,FIN,18,16,2514,1186,27.57618,62,252,15877.19434,7433.869629,6,6,67.457412,76.638867,3257.84825,88.430297,255,1455816135,1332268904,255,0.087451,0.0471,0.040351,140,74,0,0,1,1,35,1,1,1,0,0,0,1,1,0,DoS,1
8e-06,sctp,-,INT,2,0,640,0,125000.0003,254,0,320000000.0,0.0,0,0,0.008,0.0,0.0,0.0,0,0,0,0,0.0,0.0,0.0,320,0,0,0,1,2,1,1,1,1,0,0,0,1,1,0,DoS,1
2.472044,tcp,http,FIN,10,10,858,1368,7.685947,62,252,2501.573486,3986.984131,2,2,274.671556,266.235563,17911.07126,419.030062,255,3684755177,3044391875,255,0.157386,0.075193,0.082193,86,137,1,220,1,1,1,1,1,1,0,0,1,1,1,0,DoS,1
57.889004,ospf,-,REQ,60,0,16320,0,1.019192,254,0,2217.761475,0.0,0,0,1010.394563,0.0,1226.7735,0.0,0,0,0,0,0.0,0.0,0.0,272,0,0,0,1,6,1,1,1,1,0,0,0,2,1,0,DoS,1
2.033955,tcp,-,FIN,10,8,1218,354,8.3581,62,252,4314.746094,1219.299316,2,1,216.876889,274.173156,14076.88333,373.058906,255,2084696512,3794095407,255,0.237557,0.114734,0.122823,122,44,0,0,1,1,1,1,1,4,0,0,0,1,1,0,DoS,1
0.563475,tcp,http,FIN,10,10,780,1646,33.71933,62,252,9966.723633,21040.86133,2,2,62.608333,57.035332,4018.119373,107.045273,255,1882649159,239906548,255,0.098885,0.049422,0.049463,78,165,1,364,1,1,1,1,1,1,0,0,1,21,1,0,DoS,1
3e-06,sctp,-,INT,2,0,104,0,333333.3215,254,0,138666656.0,0.0,0,0,0.003,0.0,0.0,0.0,0,0,0,0,0.0,0.0,0.0,52,0,0,0,1,2,1,1,1,1,0,0,0,2,1,0,DoS,1
11.352599,tcp,smtp,FIN,38,32,20409,2296,6.077903,62,252,14003.48926,1567.922852,14,8,306.826999,362.152406,31083.90961,990.821312,255,3272181168,318769761,255,0.20743,0.125214,0.082216,537,72,0,0,1,1,1,1,1,1,0,0,0,1,1,0,DoS,1
1.111335,tcp,dns,FIN,10,8,518,354,15.296917,254,252,3361.722412,2231.550293,2,1,123.481667,141.575141,6430.752406,282.808844,255,604455615,3769270850,255,0.210029,0.119624,0.090405,52,44,0,0,21,1,1,1,1,1,0,0,0,2,1,0,DoS,1
4.865422,tcp,http,FIN,86,520,4152,676140,124.346876,62,252,6748.027344,1109609.875,2,257,57.240261,9.24752,3255.15165,1171.568493,255,1300784674,4056521283,255,0.102235,0.055548,0.046687,48,1300,1,327362,2,1,1,2,1,1,0,0,1,2,1,0,DoS,1
8e-06,gre,-,INT,2,0,156,0,125000.0003,254,0,78000000.0,0.0,0,0,0.008,0.0,0.0,0.0,0,0,0,0,0.0,0.0,0.0,78,0,0,0,1,2,2,1,1,1,0,0,0,1,1,0,DoS,1
0.767021,tcp,smtp,FIN,30,20,14349,1576,63.883518,254,252,144674.0,15624.08301,12,8,26.449,39.837738,1609.969006,48.02609,255,910845435,780683375,255,0.039096,0.009432,0.029664,478,79,0,0,1,1,1,1,1,1,0,0,0,1,1,0,DoS,1
1.261395,tcp,http,FIN,16,10,10802,1112,19.819327,62,252,64227.30469,6348.526855,5,2,84.093002,132.391109,6381.801369,211.755797,255,2873225626,3377661861,255,0.191196,0.069154,0.122042,675,111,1,109,1,1,1,1,1,2,0,0,1,1,1,0,DoS,1
0.922931,tcp,http,FIN,10,10,798,1308,20.586587,62,252,6232.318359,10210.94727,2,2,102.446556,93.744219,6580.934543,157.325547,255,2851435216,116624122,255,0.184942,0.07923,0.105712,80,131,1,186,1,1,1,1,1,2,0,0,1,1,2,0,DoS,1
2.876716,tcp,smtp,FIN,28,20,8775,1860,16.338075,254,252,23532.39063,4913.936523,10,8,106.545035,147.724,6692.476789,226.306344,255,3429177858,1973478074,255,0.155192,0.06928,0.085912,313,93,0,0,1,1,1,1,1,1,0,0,0,2,1,0,DoS,1
0.243129,tcp,http,FIN,10,8,828,1240,69.921729,62,252,24546.64063,35701.21094,2,2,27.014333,25.307572,1369.563155,36.859266,255,1524342215,1483167335,255,0.093676,0.040739,0.052937,83,155,1,202,1,1,1,1,1,1,0,0,1,1,1,0,DoS,1
2.65821,tcp,smtp,FIN,26,22,9743,1742,17.681071,254,252,28196.41797,5004.871582,10,8,105.339362,121.396812,6248.896851,143.455125,255,3805387777,3799726325,255,0.232693,0.108874,0.123819,375,79,0,0,1,1,1,1,1,1,0,0,0,2,1,0,DoS,1
9.463359,tcp,ftp,FIN,38,40,1918,2180,8.136646,254,252,1579.143311,1797.247681,11,15,255.76647,239.551127,16425.5721,17631.9937,255,3890684864,4236549877,255,0.157399,0.083955,0.073444,50,55,0,0,1,1,1,1,1,1,1,1,0,1,1,0,DoS,1
4e-06,udp,-,INT,2,0,2474,0,250000.0006,254,0,2474000128.0,0.0,0,0,0.004,0.0,0.0,0.0,0,0,0,0,0.0,0.0,0.0,1237,0,0,0,2,2,1,1,1,1,0,0,0,1,1,0,DoS,1
0.297724,tcp,-,FIN,14,6,7236,268,63.817494,254,252,180569.9219,6018.99707,4,1,22.443308,57.968199,2001.31395,108.301812,255,1896492232,4107012213,255,0.043109,0.00788,0.035229,517,45,0,0,1,1,1,1,1,1,0,0,0,1,1,0,DoS,1
23.564014,ospf,-,INT,20,0,1280,0,0.806314,254,0,412.832886,0.0,0,0,1240.211125,0.0,1424.303875,0.0,0,0,0,0,0.0,0.0,0.0,64,0,0,0,1,2,1,1,1,1,0,0,0,1,1,0,DoS,1
0.51839,tcp,-,FIN,10,6,1872,268,28.935743,62,252,26003.58789,3456.856689,2,1,51.684,91.448203,2685.018486,136.097953,255,3811481985,3186573206,255,0.124897,0.061141,0.063756,187,45,0,0,1,1,1,1,1,1,0,0,0,2,1,0,DoS,1
3.920525,tcp,smtp,FIN,70,28,69802,2166,24.741584,254,252,140399.5625,4262.694336,32,8,56.819201,142.025109,6603.686495,293.194437,255,3263775962,151260577,255,0.181212,0.08515,0.096062,997,77,0,0,1,1,1,1,1,1,0,0,0,2,1,0,DoS,1
0.842208,tcp,-,FIN,10,8,504,436,20.185037,254,252,4312.473633,3628.557129,2,2,93.475222,110.578289,5050.9627,199.921188,255,147178924,3544218589,255,0.147154,0.068151,0.079003,50,55,0,0,2,1,1,1,1,1,0,0,0,1,1,0,DoS,1
0.214939,tcp,-,FIN,10,6,548,268,69.787243,254,252,18386.61133,8337.249023,2,1,21.233333,40.572602,1124.269682,64.640605,255,447461613,3109856872,255,0.066565,0.012067,0.054498,55,45,0,0,1,1,1,1,1,1,0,0,0,1,1,0,DoS,1
1.464325,tcp,smtp,FIN,22,20,2935,1690,27.99925,62,252,15308.07715,8774.008789,8,8,69.72976,75.361633,3376.771435,88.331023,255,1265627165,1858276845,255,0.088552,0.031676,0.056876,133,85,0,0,1,1,1,1,1,1,0,0,0,1,1,0,DoS,1
0.080453,udp,dns,CON,2,2,118,258,37.288851,254,60,5866.779297,12827.36523,0,0,0.009,0.004,0.0,0.0,0,0,0,0,0.0,0.0,0.0,59,129,0,0,1,0,1,1,1,1,0,0,0,1,1,0,DoS,1
1e-05,ospf,-,REQ,2,0,544,0,100000.0025,254,0,217600000.0,0.0,0,0,1118.1925,0.0,1118.1825,0.0,0,0,0,0,0.0,0.0,0.0,272,0,0,0,1,6,1,1,1,1,0,0,0,1,1,0,DoS,1
3e-06,udp,-,INT,2,0,75,0,333333.3215,254,0,101333328.0,0.0,0,0,0.003,0.0,0.0,0.0,0,0,0,0,0.0,0.0,0.0,38,0,0,0,1,2,15,1,1,1,0,0,0,1,1,0,DoS,1
0.188225,tcp,http,FIN,12,6,3826,268,90.317439,254,252,149098.1563,9520.520508,3,1,15.643273,34.848602,948.958529,51.669059,255,3709289869,3394228079,255,0.042375,0.013981,0.028394,319,45,1,0,2,1,1,1,1,1,0,0,1,1,1,0,DoS,1
0.589121,tcp,ftp,FIN,10,6,1694,268,25.461663,254,252,20708.81836,3041.820068,2,1,64.127111,106.765203,3849.237465,189.356969,255,2766596614,490367334,255,0.076105,0.055286,0.020819,169,45,0,0,1,1,1,1,1,2,0,0,0,6,1,0,DoS,1
0.664022,tcp,-,FIN,10,6,778,268,22.589612,254,252,8445.50293,2698.705566,2,1,65.778778,115.002203,3328.016602,146.671969,255,4293538600,1641772762,255,0.148683,0.089002,0.059681,78,45,0,0,2,1,1,1,1,1,0,0,0,1,1,0,DoS,1
2.158435,tcp,-,FIN,18,18,1010,2800,16.215452,62,252,3535.89502,9803.398438,6,7,126.966765,122.63682,6700.816543,152.116172,255,2874842509,1600136722,255,0.13154,0.072806,0.058734,56,156,0,0,1,1,1,1,1,1,0,0,0,1,1,0,DoS,1
2.006193,tcp,smtp,FIN,26,20,4511,1782,22.430545,254,252,17298.43555,6751.095703,9,8,80.209839,101.111789,4443.280366,170.731469,255,972542255,3504936422,255,0.178074,0.08506,0.093014,174,89,0,0,1,1,1,1,1,2,0,0,0,3,1,0,DoS,1
58.411156,ospf,-,REQ,50,0,13600,0,0.838881,254,0,1825.404785,0.0,0,0,1242.1865,0.0,1452.22875,0.0,0,0,0,0,0.0,0.0,0.0,272,0,0,0,1,6,1,1,1,1,0,0,0,2,1,0,DoS,1
0.672188,tcp,http,FIN,10,10,828,1320,28.265902,62,252,8878.46875,14138.90234,2,2,74.687556,64.859,5446.396037,114.953539,255,3498544106,879161527,255,0.115407,0.074775,0.040632,83,132,1,206,1,1,1,1,1,1,0,0,1,1,1,0,DoS,1
0.433344,tcp,http,FIN,10,6,3358,268,34.614532,254,252,55807.85547,4135.282715,2,1,39.821111,70.853398,2315.907613,87.586187,255,2979166914,1971315882,255,0.125906,0.079068,0.046838,336,45,1,0,1,1,1,1,1,1,0,0,1,1,1,0,DoS,1
57.426395,ospf,-,INT,36,0,9792,0,0.609476,254,0,1326.21936,0.0,0,0,1640.75425,0.0,1931.30275,0.0,0,0,0,0,0.0,0.0,0.0,272,0,0,0,1,2,1,1,1,1,0,0,0,1,1,0,DoS,1
0.294646,tcp,http,FIN,10,8,814,1226,57.696355,62,252,19901.84961,29133.26563,2,2,32.738444,31.137857,1631.128256,43.316641,255,183311720,83690586,255,0.092919,0.066961,0.025958,81,153,1,207,1,1,1,1,1,1,0,0,1,1,1,0,DoS,1
58.11919,ospf,-,REQ,64,0,17408,0,1.083979,254,0,2358.739014,0.0,0,0,921.043312,0.0,1042.675,0.0,0,0,0,0,0.0,0.0,0.0,272,0,0,0,1,6,19,1,1,21,0,0,0,20,1,0,DoS,1
9e-06,udp,-,INT,2,0,774,0,111111.1072,254,0,344000000.0,0.0,0,0,0.009,0.0,0.0,0.0,0,0,0,0,0.0,0.0,0.0,387,0,0,0,1,2,1,1,1,1,0,0,0,19,1,0,DoS,1
2.669314,tcp,-,FIN,258,42,330718,1816,112.013802,62,252,987330.875,5313.725098,126,1,10.280977,63.593219,1184.093342,72.061211,255,736503030,427137574,255,0.121315,0.06199,0.059325,1282,43,1,0,1,1,1,1,1,1,0,0,1,1,1,0,DoS,1
0.48163,tcp,http,FIN,10,8,828,1372,35.296805,254,252,12391.25488,19948.92383,2,2,53.408667,60.18957,2558.02983,85.580664,255,1504953524,3909385439,255,0.106204,0.060294,0.04591,83,172,1,254,1,1,1,1,1,1,0,0,1,1,1,0,DoS,1
59.879597,ospf,-,INT,128,0,34816,0,2.120923,254,0,4615.12793,0.0,0,0,471.492656,0.0,562.680187,0.0,0,0,0,0,0.0,0.0,0.0,272,0,0,0,1,2,1,1,1,28,0,0,0,1,1,0,DoS,1
0.308052,tcp,-,FIN,10,6,3354,268,48.693077,254,252,78402.34375,5817.199707,2,1,32.324,51.518199,1869.179608,85.034,255,4196834465,741165457,255,0.060185,0.050451,0.009734,335,45,0,0,1,1,1,1,1,1,0,0,0,1,1,0,DoS,1
0.564296,tcp,http,FIN,10,8,830,1680,30.126033,62,252,10590.18652,20840.12695,2,2,62.699556,72.04443,3827.525224,122.187187,255,2676890990,4059946268,255,0.086988,0.059561,0.027427,83,210,1,418,2,1,2,1,1,2,0,0,1,1,2,0,DoS,1
0.837841,tcp,http,FIN,10,8,750,1056,20.290247,62,252,6445.137207,8822.676758,2,2,93.093444,116.171859,5502.409899,215.254422,255,3800420334,2981933793,255,0.079483,0.02394,0.055543,75,132,1,127,1,1,1,1,1,1,0,0,1,1,1,0,DoS,1
0.5258,tcp,http,FIN,10,8,932,1236,32.331686,62,252,12765.31055,16462.5332,2,2,58.422222,65.043285,2867.952777,108.342164,255,2607453037,170278863,255,0.152702,0.069768,0.082934,93,155,1,205,5,1,1,2,1,1,0,0,1,3,1,0,DoS,1
1.114724,tcp,-,FIN,8,16,364,13518,20.632909,254,252,2289.355957,90957.03906,1,6,159.24629,68.667534,10995.26552,7425.838575,255,404342588,196655200,255,0.1395,0.083639,0.055861,46,845,0,0,2,1,1,1,1,1,0,0,0,1,1,0,DoS,1
7e-06,udp,dhcp,INT,2,0,1152,0,142857.1409,254,0,658285696.0,0.0,0,0,0.007,0.0,0.0,0.0,0,0,0,0,0.0,0.0,0.0,576,0,0,0,2,2,2,2,2,2,0,0,0,2,2,0,DoS,1
0.58268,tcp,-,FIN,16,6,10812,268,36.040366,254,252,139177.5938,3075.44458,5,1,33.718067,95.775398,2275.546111,135.410625,255,3952549063,772979767,255,0.193155,0.103799,0.089356,676,45,0,0,1,1,1,1,1,1,0,0,0,1,1,0,DoS,1
1.011189,tcp,http,FIN,10,6,590,268,14.834022,254,252,4200.995117,1772.171265,2,1,106.503667,173.450406,5775.950133,293.659875,255,3158674368,2413930619,255,0.279512,0.143927,0.135585,59,45,1,0,3,1,2,1,1,1,0,0,1,1,2,0,DoS,1
27.99671,ospf,-,INT,20,0,900,0,0.678651,254,0,244.314423,0.0,0,0,1473.511,0.0,1697.5375,0.0,0,0,0,0,0.0,0.0,0.0,45,0,0,0,1,2,1,1,1,1,0,0,0,1,1,0,DoS,1
3.372139,tcp,smtp,FIN,22,24,2663,2048,13.344646,62,252,6030.59375,4656.984863,8,8,160.531661,140.956219,8813.457847,172.608109,255,3594156944,327520181,255,0.251816,0.130145,0.121671,121,85,0,0,1,1,1,1,1,1,0,0,0,2,1,0,DoS,1
1.569291,tcp,http,FIN,32,32,7018,10010,40.145518,254,252,34660.23828,49438.88672,13,13,50.622289,49.370289,2685.528229,66.705797,255,1439579229,2686162201,255,0.083901,0.038152,0.045749,219,313,1,98,2,1,1,1,1,1,0,0,1,2,1,0,DoS,1
0.295378,tcp,-,FIN,22,8,20964,354,98.179282,254,252,542003.8125,8396.021484,8,1,13.330667,33.771,1072.16108,63.188059,255,2914001345,3494127494,255,0.110125,0.058965,0.05116,953,44,0,0,3,1,1,1,1,1,0,0,0,18,1,0,DoS,1
9.517505,ospf,-,INT,40,0,10880,0,4.097713,254,0,8916.623047,0.0,0,0,244.038594,0.0,304.207719,0.0,0,0,0,0,0.0,0.0,0.0,272,0,0,0,1,2,1,1,1,1,0,0,0,1,1,0,DoS,1
0.364359,tcp,http,FIN,10,8,754,1152,46.657281,62,252,14908.37402,22132.01953,2,2,40.484333,48.820285,2055.720801,64.774992,255,1297589153,3903529187,255,0.080806,0.021853,0.058953,75,144,1,179,1,1,1,1,1,1,0,0,1,1,1,0,DoS,1
0.016623,udp,dns,CON,2,2,120,242,180.472842,62,252,28875.6543,58232.57031,0,0,0.032,0.008,0.0,0.0,0,0,0,0,0.0,0.0,0.0,60,121,0,0,1,3,1,1,1,1,0,0,0,1,1,0,DoS,1
1.132121,tcp,smtp,FIN,20,20,2484,1674,34.448616,254,252,16676.66406,11242.61523,7,8,59.585317,57.081949,3240.226048,80.960078,255,1838755028,636077236,255,0.09321,0.046774,0.046436,124,84,0,0,1,1,1,1,1,1,0,0,0,1,1,0,DoS,1
0.590088,tcp,-,FIN,10,8,1596,354,28.809262,254,252,19481.83984,4202.762695,2,1,65.565333,74.945859,3820.66504,125.619875,255,3265840347,3321189946,255,0.124296,0.064589,0.059707,160,44,0,0,2,1,1,1,1,1,0,0,0,2,1,0,DoS,1
0.884094,tcp,http,FIN,10,8,828,1238,19.228725,62,252,6750.413574,9808.912109,2,2,98.232667,110.985711,5069.118529,197.132688,255,2438636801,3484117464,255,0.182386,0.106263,0.076123,83,155,1,203,1,1,1,1,1,1,0,0,1,1,1,0,DoS,1
1.1e-05,udp,-,INT,2,0,1508,0,90909.0902,254,0,548363648.0,0.0,0,0,0.011,0.0,0.0,0.0,0,0,0,0,0.0,0.0,0.0,754,0,0,0,1,2,12,1,1,1,0,0,0,1,1,0,DoS,1
0.265033,tcp,http,FIN,16,6,11312,268,79.235414,254,252,320111.0625,6761.421875,5,1,17.668866,40.230199,1141.715613,74.896516,255,2714977862,275403323,255,0.069213,0.03634,0.032873,707,45,1,0,1,1,1,1,1,1,0,0,1,1,1,0,DoS,1
1.048721,tcp,-,FIN,10,8,634,354,16.210222,254,252,4355.782227,2364.7854,2,1,113.516444,141.541578,6553.874695,282.441438,255,178596298,3884486522,255,0.147817,0.057927,0.08989,63,44,0,0,3,1,3,1,1,3,0,0,0,4,3,0,DoS,1
0.765438,tcp,http,FIN,10,8,802,1204,22.209506,62,252,7546.006348,11015.91504,2,2,85.048667,85.207289,4167.551718,120.33982,255,2615289797,3624385488,255,0.24803,0.168288,0.079742,80,151,1,199,3,1,1,1,1,1,0,0,1,1,1,0,DoS,1
0.207365,tcp,-,FIN,10,6,586,268,72.336217,254,252,20369.87891,8641.766602,2,1,20.527667,35.272,1062.580242,49.576137,255,505911905,1939037446,255,0.055177,0.030997,0.02418,59,45,0,0,1,1,1,1,1,1,0,0,0,2,1,0,DoS,1
0.449971,tcp,http,FIN,10,6,914,268,33.335482,254,252,14632.05469,3982.479004,2,1,49.996778,78.612797,2842.131456,134.166703,255,2956896188,1408178592,255,0.12995,0.056079,0.073871,91,45,1,0,3,1,2,2,1,3,0,0,1,2,3,0,DoS,1
16.871128,tcp,http,FIN,248,1622,10664,2166417,110.780974,62,252,5036.296387,1026644.813,0,805,68.858648,10.600343,77.686984,1245.446261,255,1368258215,3078968409,255,0.109793,0.040654,0.069139,43,1336,1,5242880,2,1,1,1,1,1,0,0,2,1,1,0,DoS,1
0.630155,tcp,http,FIN,10,10,836,3994,30.151311,62,252,9559.552734,45639.5625,2,3,70.017222,64.832444,3687.497848,4873.868325,255,3007592206,1931159746,255,0.142684,0.046059,0.096625,84,399,1,1535,2,1,1,1,1,1,0,0,1,2,1,0,DoS,1
0.200206,udp,-,CON,8,4,362,178,54.943409,254,60,12666.95313,5354.484863,0,0,28.600857,31.724666,44.404449,44.854141,0,0,0,0,0.0,0.0,0.0,45,45,0,0,1,0,24,1,1,1,0,0,0,1,1,0,DoS,1
0.330925,tcp,-,FIN,10,6,2076,268,45.327493,254,252,45182.44531,5415.124512,2,1,36.769444,55.517801,1770.101461,82.839477,255,615141388,1678937545,255,0.101902,0.052567,0.049335,208,45,0,0,1,1,1,1,1,1,0,0,0,1,1,0,DoS,1
8e-06,stp,-,INT,2,0,200,0,125000.0003,254,0,100000000.0,0.0,0,0,0.008,0.0,0.0,0.0,0,0,0,0,0.0,0.0,0.0,100,0,0,0,6,2,3,3,3,6,0,0,0,4,6,0,DoS,1
9e-06,sm,-,INT,2,0,200,0,111111.1072,254,0,88888888.0,0.0,0,0,0.009,0.0,0.0,0.0,0,0,0,0,0.0,0.0,0.0,100,0,0,0,6,2,2,2,2,6,0,0,0,4,6,0,DoS,1
9e-06,isis,-,INT,2,0,200,0,111111.1072,254,0,88888888.0,0.0,0,0,0.009,0.0,0.0,0.0,0,0,0,0,0.0,0.0,0.0,100,0,0,0,6,2,2,2,2,6,0,0,0,3,6,0,DoS,1
7.043047,tcp,smtp,FIN,620,110,799121,5732,103.506338,62,252,906236.1875,6451.75293,307,8,11.378105,63.79823,1259.021765,72.623367,255,4059444974,1912659601,255,0.161571,0.088235,0.073336,1289,52,0,0,1,1,1,1,1,1,0,0,0,1,1,0,DoS,1
8e-06,ptp,-,INT,2,0,200,0,125000.0003,254,0,100000000.0,0.0,0,0,0.008,0.0,0.0,0.0,0,0,0,0,0.0,0.0,0.0,100,0,0,0,6,2,2,2,2,6,0,0,0,3,6,0,DoS,1
8e-06,crudp,-,INT,2,0,200,0,125000.0003,254,0,100000000.0,0.0,0,0,0.008,0.0,0.0,0.0,0,0,0,0,0.0,0.0,0.0,100,0,0,0,4,2,4,4,4,4,0,0,0,5,4,0,DoS,1
2e-06,iplt,-,INT,2,0,200,0,500000.0013,254,0,400000000.0,0.0,0,0,0.002,0.0,0.0,0.0,0,0,0,0,0.0,0.0,0.0,100,0,0,0,4,2,4,4,4,4,0,0,0,5,4,0,DoS,1
4e-06,sps,-,INT,2,0,200,0,250000.0006,254,0,200000000.0,0.0,0,0,0.004,0.0,0.0,0.0,0,0,0,0,0.0,0.0,0.0,100,0,0,0,4,2,4,4,4,4,0,0,0,5,4,0,DoS,1
9e-06,fc,-,INT,2,0,200,0,111111.1072,254,0,88888888.0,0.0,0,0,0.009,0.0,0.0,0.0,0,0,0,0,0.0,0.0,0.0,100,0,0,0,5,2,3,3,3,5,0,0,0,5,5,0,DoS,1
9e-06,pipe,-,INT,2,0,200,0,111111.1072,254,0,88888888.0,0.0,0,0,0.009,0.0,0.0,0.0,0,0,0,0,0.0,0.0,0.0,100,0,0,0,5,2,3,3,3,5,0,0,0,5,5,0,DoS,1
9e-06,sctp,-,INT,2,0,200,0,111111.1072,254,0,88888888.0,0.0,0,0,0.009,0.0,0.0,0.0,0,0,0,0,0.0,0.0,0.0,100,0,0,0,5,2,3,3,3,5,0,0,0,5,5,0,DoS,1
8e-06,rsvp,-,INT,2,0,200,0,125000.0003,254,0,100000000.0,0.0,0,0,0.008,0.0,0.0,0.0,0,0,0,0,0.0,0.0,0.0,100,0,0,0,5,2,1,1,1,5,0,0,0,2,5,0,DoS,1
4e-06,udp,-,INT,2,0,142,0,250000.0006,62,0,142000000.0,0.0,0,0,0.004,0.0,0.0,0.0,0,0,0,0,0.0,0.0,0.0,71,0,0,0,3,2,1,1,1,1,0,0,0,1,1,0,DoS,1
59.392632,ospf,-,REQ,54,0,14688,0,0.892367,254,0,1941.789673,0.0,0,0,1145.003125,0.0,1272.075125,0.0,0,0,0,0,0.0,0.0,0.0,272,0,0,0,1,6,2,1,1,1,0,0,0,1,1,0,DoS,1
3e-06,unas,-,INT,2,0,200,0,333333.3215,254,0,266666656.0,0.0,0,0,0.003,0.0,0.0,0.0,0,0,0,0,0.0,0.0,0.0,100,0,0,0,6,2,3,3,3,6,0,0,0,5,6,0,DoS,1
5e-06,unas,-,INT,2,0,200,0,200000.0051,254,0,160000000.0,0.0,0,0,0.005,0.0,0.0,0.0,0,0,0,0,0.0,0.0,0.0,100,0,0,0,6,2,2,2,2,6,0,0,0,3,6,0,DoS,1
9e-06,unas,-,INT,2,0,200,0,111111.1072,254,0,88888888.0,0.0,0,0,0.009,0.0,0.0,0.0,0,0,0,0,0.0,0.0,0.0,100,0,0,0,6,2,1,1,1,6,0,0,0,3,6,0,DoS,1
3e-06,unas,-,INT,2,0,200,0,333333.3215,254,0,266666656.0,0.0,0,0,0.003,0.0,0.0,0.0,0,0,0,0,0.0,0.0,0.0,100,0,0,0,5,2,1,1,1,5,0,0,0,2,5,0,DoS,1
5e-06,unas,-,INT,2,0,200,0,200000.0051,254,0,160000000.0,0.0,0,0,0.005,0.0,0.0,0.0,0,0,0,0,0.0,0.0,0.0,100,0,0,0,5,2,2,2,2,5,0,0,0,5,5,0,DoS,1
9e-06,unas,-,INT,2,0,200,0,111111.1072,254,0,88888888.0,0.0,0,0,0.009,0.0,0.0,0.0,0,0,0,0,0.0,0.0,0.0,100,0,0,0,5,2,3,2,2,5,0,0,0,5,5,0,DoS,1
32.203072,sctp,-,CON,250,24,248562,1652,8.477452,254,60,61501.71094,393.502838,0,0,129.329625,403.66975,190.3285,493.566937,0,0,0,0,0.0,0.0,0.0,994,69,0,0,1,0,1,1,1,1,0,0,0,1,1,0,DoS,1
8e-06,unas,-,INT,2,0,200,0,125000.0003,254,0,100000000.0,0.0,0,0,0.008,0.0,0.0,0.0,0,0,0,0,0.0,0.0,0.0,100,0,0,0,4,2,2,2,2,4,0,0,0,3,4,0,DoS,1
8e-06,unas,-,INT,2,0,200,0,125000.0003,254,0,100000000.0,0.0,0,0,0.008,0.0,0.0,0.0,0,0,0,0,0.0,0.0,0.0,100,0,0,0,5,2,2,2,2,5,0,0,0,4,5,0,DoS,1
9e-06,unas,-,INT,2,0,200,0,111111.1072,254,0,88888888.0,0.0,0,0,0.009,0.0,0.0,0.0,0,0,0,0,0.0,0.0,0.0,100,0,0,0,5,2,1,1,1,5,0,0,0,3,5,0,DoS,1
9e-06,unas,-,INT,2,0,200,0,111111.1072,254,0,88888888.0,0.0,0,0,0.009,0.0,0.0,0.0,0,0,0,0,0.0,0.0,0.0,100,0,0,0,2,2,1,1,1,2,0,0,0,2,2,0,DoS,1
6e-06,unas,-,INT,2,0,200,0,166666.6608,254,0,133333328.0,0.0,0,0,0.006,0.0,0.0,0.0,0,0,0,0,0.0,0.0,0.0,100,0,0,0,2,2,1,1,1,2,0,0,0,4,2,0,DoS,1
8e-06,unas,-,INT,2,0,200,0,125000.0003,254,0,100000000.0,0.0,0,0,0.008,0.0,0.0,0.0,0,0,0,0,0.0,0.0,0.0,100,0,0,0,3,2,1,1,1,3,0,0,0,2,3,0,DoS,1
5e-06,unas,-,INT,2,0,200,0,200000.0051,254,0,160000000.0,0.0,0,0,0.005,0.0,0.0,0.0,0,0,0,0,0.0,0.0,0.0,100,0,0,0,3,2,2,1,1,3,0,0,0,3,3,0,DoS,1
0.025552,udp,dns,INT,3,0,158,0,78.271757,254,0,33187.22656,0.0,0,0,0.003,0.0,0.0,0.0,0,0,0,0,0.0,0.0,0.0,53,0,0,0,1,2,2,2,2,2,0,0,0,2,1,0,DoS,1
7e-06,unas,-,INT,2,0,200,0,142857.1409,254,0,114285712.0,0.0,0,0,0.007,0.0,0.0,0.0,0,0,0,0,0.0,0.0,0.0,100,0,0,0,3,2,1,1,1,3,0,0,0,2,3,0,DoS,1
1.819844,tcp,http,FIN,10,8,1354,354,9.34146,254,252,5358.701172,1362.75415,2,1,196.413889,249.752,12426.20625,371.326406,255,3616359227,2144297938,255,0.163921,0.071571,0.09235,135,44,1,0,1,1,2,1,1,2,0,0,1,20,1,0,DoS,1
5e-06,udp,-,INT,2,0,116,0,200000.0051,254,0,92800000.0,0.0,0,0,0.005,0.0,0.0,0.0,0,0,0,0,0.0,0.0,0.0,58,0,0,0,1,2,17,1,1,17,0,0,0,18,1,0,DoS,1
3.318721,tcp,-,FIN,18,14,1254,612,9.340948,254,252,2856.521973,1371.612671,6,1,195.218886,251.940687,14090.23395,484.326125,255,4227922496,852301673,255,0.083528,0.042803,0.040725,70,44,0,0,2,1,1,1,1,1,0,0,0,1,1,0,DoS,1
8e-06,unas,-,INT,2,0,200,0,125000.0003,254,0,100000000.0,0.0,0,0,0.008,0.0,0.0,0.0,0,0,0,0,0.0,0.0,0.0,100,0,0,0,6,2,2,2,2,6,0,0,0,3,6,0,DoS,1
3e-06,unas,-,INT,2,0,200,0,333333.3215,254,0,266666656.0,0.0,0,0,0.003,0.0,0.0,0.0,0,0,0,0,0.0,0.0,0.0,100,0,0,0,6,2,2,2,2,6,0,0,0,3,6,0,DoS,1
2.158052,tcp,http,FIN,68,16,81155,698,38.460612,254,252,296422.875,2428.115723,31,1,31.92212,136.959406,4917.92805,220.625281,255,1493497704,2158113120,255,0.170244,0.103651,0.066593,1193,44,1,0,1,1,1,1,1,1,0,0,1,1,1,0,DoS,1
0.363452,tcp,http,FIN,10,8,864,2226,46.773716,254,252,17124.68359,42877.74219,2,2,40.383556,45.019285,2124.034206,84.364367,255,2653248745,3842544631,255,0.087148,0.036317,0.050831,86,278,1,696,1,1,1,1,1,1,0,0,1,1,1,0,DoS,1
56.846069,tcp,smtp,FIN,7908,1200,10386256,52420,160.204568,62,252,1461482.625,7371.063965,3951,8,7.204823,47.436629,1086.512662,68.493938,255,1241963424,3657909305,255,0.024343,0.008519,0.015824,1313,44,0,0,1,1,1,1,1,1,0,0,0,1,1,0,DoS,1
9e-06,unas,-,INT,2,0,200,0,111111.1072,254,0,88888888.0,0.0,0,0,0.009,0.0,0.0,0.0,0,0,0,0,0.0,0.0,0.0,100,0,0,0,6,2,3,3,3,6,0,0,0,7,6,0,DoS,1
0.248365,tcp,http,FIN,10,8,820,1288,68.447648,62,252,23771.46484,36301.41016,2,2,27.531111,32.492428,1315.365694,45.097215,255,1190998619,1681441064,255,0.057128,0.020909,0.036219,82,161,1,229,1,1,1,1,1,1,0,0,1,2,1,0,DoS,1
6e-06,udp,-,INT,2,0,86,0,166666.6608,254,0,57333332.0,0.0,0,0,0.006,0.0,0.0,0.0,0,0,0,0,0.0,0.0,0.0,43,0,0,0,1,2,1,1,1,1,0,0,0,1,1,0,DoS,1
8e-06,unas,-,INT,2,0,200,0,125000.0003,254,0,100000000.0,0.0,0,0,0.008,0.0,0.0,0.0,0,0,0,0,0.0,0.0,0.0,100,0,0,0,4,2,1,1,1,4,0,0,0,2,4,0,DoS,1
0.208829,tcp,-,FIN,12,6,4820,268,81.406318,254,252,169286.8281,8581.183594,3,1,17.157273,39.512199,956.051225,62.98027,255,3022998527,2615158628,255,0.058567,0.011265,0.047302,402,45,0,0,1,1,1,1,1,1,0,0,0,1,1,0,DoS,1
0.399351,tcp,http,FIN,18,8,12924,354,62.601571,254,252,244516.7344,6210.075684,6,1,22.818705,54.277285,2143.534526,104.060633,255,4098531860,1242374548,255,0.082441,0.019407,0.063034,718,44,1,0,2,1,1,1,1,1,0,0,1,1,1,0,DoS,1
3e-06,unas,-,INT,2,0,200,0,333333.3215,254,0,266666656.0,0.0,0,0,0.003,0.0,0.0,0.0,0,0,0,0,0.0,0.0,0.0,100,0,0,0,3,2,3,3,3,3,0,0,0,6,3,0,DoS,1
0.152536,tcp,http,FIN,12,6,3512,268,111.449097,62,252,168878.1563,11748.0459,3,1,12.483182,27.2584,791.128025,43.298293,255,2014107795,716218183,255,0.062476,0.016236,0.04624,293,45,1,0,1,1,1,1,1,1,0,0,1,2,1,0,DoS,1
0.254864,tcp,http,FIN,10,8,710,572,66.702239,62,252,20057.75586,15726.03418,2,2,28.318222,33.20943,1495.466748,56.993855,255,3902785157,3845537513,255,0.060944,0.013185,0.047759,71,72,1,23,1,1,1,1,1,1,0,0,1,1,1,0,DoS,1
2.5e-05,udp,-,INT,2,0,2102,0,40000.00101,254,0,336320000.0,0.0,0,0,0.025,0.0,0.0,0.0,0,0,0,0,0.0,0.0,0.0,1051,0,0,0,1,2,1,1,1,1,0,0,0,2,1,0,DoS,1
2.441695,tcp,-,FIN,28,24,3566,3148,20.88713,254,252,11267.58301,9884.936523,10,10,90.42874,103.566219,4569.524508,139.725328,255,2540348167,3865679964,255,0.118273,0.059663,0.05861,127,131,0,0,6,1,1,1,1,3,0,0,0,2,1,0,DoS,1
8e-06,unas,-,INT,2,0,200,0,125000.0003,254,0,100000000.0,0.0,0,0,0.008,0.0,0.0,0.0,0,0,0,0,0.0,0.0,0.0,100,0,0,0,3,2,1,1,1,4,0,0,0,2,3,0,DoS,1
1e-06,unas,-,INT,2,0,200,0,1000000.003,254,0,800000000.0,0.0,0,0,0.001,0.0,0.0,0.0,0,0,0,0,0.0,0.0,0.0,100,0,0,0,3,2,2,1,1,4,0,0,0,3,3,0,DoS,1
0.624746,tcp,http,FIN,10,6,1266,268,24.009757,62,252,14597.93164,2868.365479,2,1,69.409889,105.729797,3818.441405,162.669219,255,1850342777,3852047237,255,0.15275,0.096088,0.056662,127,45,1,0,1,1,1,1,1,1,0,0,1,2,1,0,DoS,1
8e-06,unas,-,INT,2,0,200,0,125000.0003,254,0,100000000.0,0.0,0,0,0.008,0.0,0.0,0.0,0,0,0,0,0.0,0.0,0.0,100,0,0,0,3,2,2,1,1,4,0,0,0,1,3,0,DoS,1
3e-06,unas,-,INT,2,0,200,0,333333.3215,254,0,266666656.0,0.0,0,0,0.003,0.0,0.0,0.0,0,0,0,0,0.0,0.0,0.0,100,0,0,0,2,2,2,2,2,2,0,0,0,6,2,0,DoS,1
0.806581,tcp,http,FIN,10,20,804,15494,35.954231,62,252,7180.927734,145998.9688,2,7,89.620111,40.412668,5457.799954,3540.985307,255,127009009,3714387107,255,0.14613,0.078215,0.067915,80,775,1,7098,1,1,1,1,1,1,0,0,1,2,1,0,DoS,1
8e-06,unas,-,INT,2,0,200,0,125000.0003,254,0,100000000.0,0.0,0,0,0.008,0.0,0.0,0.0,0,0,0,0,0.0,0.0,0.0,100,0,0,0,5,2,1,1,1,5,0,0,0,1,5,0,DoS,1
0.712643,tcp,-,FIN,10,6,451,268,21.048406,254,252,4557.681641,2514.583008,2,1,75.646556,130.277797,4285.416946,195.906766,255,2073597029,350601041,255,0.11415,0.061245,0.052905,45,45,0,0,1,1,1,1,1,1,0,0,0,1,1,0,DoS,1
1.9e-05,udp,dns,INT,2,0,136,0,52631.58129,62,0,28631580.0,0.0,0,0,0.019,0.0,0.0,0.0,0,0,0,0,0.0,0.0,0.0,68,0,0,0,2,2,1,1,1,2,0,0,0,1,2,0,DoS,1
9e-06,unas,-,INT,2,0,200,0,111111.1072,254,0,88888888.0,0.0,0,0,0.009,0.0,0.0,0.0,0,0,0,0,0.0,0.0,0.0,100,0,0,0,5,2,3,3,3,5,0,0,0,5,5,0,DoS,1
0.111098,udp,-,CON,4,4,2030,2238,63.007435,254,60,109668.9453,120902.2656,0,0,37.032668,10.439,52.353008,14.759439,0,0,0,0,0.0,0.0,0.0,508,560,0,0,1,0,1,1,1,1,0,0,0,1,1,0,DoS,1
0.620477,tcp,http,FIN,10,6,818,268,24.174948,254,252,9502.366211,2888.100586,2,1,63.976889,116.877797,4418.537022,193.152437,255,2574866971,186333122,255,0.075954,0.03608,0.039874,82,45,1,0,1,1,2,1,1,5,0,0,1,2,1,0,DoS,1
0.549923,tcp,dns,FIN,10,14,528,8050,41.824037,62,252,6924.605957,108742.5,2,4,61.029667,40.701001,3994.256498,3264.135152,255,1897565529,3357436350,255,0.038427,0.020807,0.01762,53,575,0,0,2,1,1,1,1,2,0,0,0,1,2,0,DoS,1
4e-06,udp,-,INT,2,0,692,0,250000.0006,254,0,692000000.0,0.0,0,0,0.004,0.0,0.0,0.0,0,0,0,0,0.0,0.0,0.0,346,0,0,0,1,2,1,1,1,1,0,0,0,1,1,0,DoS,1
3.049501,tcp,-,FIN,22,16,2672,2090,12.133133,254,252,6692.242676,5141.824707,7,6,143.749238,198.025469,7182.127052,272.952688,255,2023167907,2178934830,255,0.187162,0.079115,0.108047,121,131,0,0,1,1,1,1,1,1,0,0,0,1,1,0,DoS,1
0.332977,tcp,-,FIN,10,6,496,268,45.048157,254,252,10739.48047,5381.75293,2,1,36.997444,53.187602,1855.212931,92.807633,255,1566799987,2500554682,255,0.127657,0.04663,0.081027,50,45,0,0,1,1,1,1,1,1,0,0,0,1,2,0,DoS,1
0.738456,tcp,smtp,FIN,24,20,4325,1730,58.229603,62,252,44904.50391,17810.13281,9,8,32.106784,36.861633,1695.690669,44.181582,255,1373977562,1700523415,255,0.037292,0.024471,0.012821,180,87,0,0,1,1,1,1,1,1,0,0,0,1,1,0,DoS,1
30.050091,ospf,-,INT,20,0,1280,0,0.632278,254,0,323.726135,0.0,0,0,1581.583625,0.0,1876.1445,0.0,0,0,0,0,0.0,0.0,0.0,64,0,0,0,1,2,1,1,1,1,0,0,0,1,1,0,DoS,1
1.197186,tcp,http,FIN,10,10,850,1440,15.87055,62,252,5111.987793,8660.308594,2,2,133.014,120.037891,8645.260521,183.526281,255,1712165418,2384942515,255,0.190148,0.116836,0.073312,85,144,1,252,1,1,1,1,1,1,0,0,1,1,1,0,DoS,1
1.097829,tcp,http,FIN,16,50,1002,60517,59.207765,62,252,6849.882812,432176.5938,2,23,73.188597,21.320265,3481.660149,2357.12266,255,3520315204,321772505,255,0.128695,0.052471,0.076224,63,1210,1,29015,1,1,1,1,1,1,0,0,1,5,1,0,DoS,1
7.893605,tcp,-,FIN,488,86,656503,3708,72.590405,254,252,663988.625,3714.39917,241,1,16.157784,92.18818,1883.410198,116.48932,255,3810618812,2935694420,255,0.19566,0.057609,0.138051,1345,43,0,0,1,1,1,1,1,1,0,0,0,1,1,0,DoS,1
0.729157,tcp,smtp,FIN,34,22,19621,1906,75.429574,254,252,208942.6563,19968.26563,14,8,22.786156,34.014477,1422.103027,41.240031,255,20580992,1280037059,255,0.051122,0.014288,0.036834,577,87,0,0,1,1,1,1,1,1,0,0,0,8,1,0,DoS,1
0.643369,tcp,dns,FIN,10,6,660,268,23.314769,254,252,7386.118652,2785.337646,2,1,64.177,112.757797,3818.217596,158.252234,255,2228073195,3817737310,255,0.167658,0.079576,0.088082,66,45,0,0,1,1,1,1,1,1,0,0,0,1,1,0,DoS,1
1.040016,tcp,http,FIN,10,10,788,1072,18.268949,62,252,5461.454102,7422.962402,2,2,115.557333,99.508109,6364.868382,188.174375,255,2616199080,619123681,255,0.195613,0.118317,0.077296,79,107,1,68,2,1,1,1,1,1,0,0,1,1,1,0,DoS,1
3e-06,unas,-,INT,2,0,200,0,333333.3215,254,0,266666656.0,0.0,0,0,0.003,0.0,0.0,0.0,0,0,0,0,0.0,0.0,0.0,100,0,0,0,5,2,3,3,3,5,0,0,0,5,5,0,DoS,1
8e-06,unas,-,INT,2,0,200,0,125000.0003,254,0,100000000.0,0.0,0,0,0.008,0.0,0.0,0.0,0,0,0,0,0.0,0.0,0.0,100,0,0,0,3,2,3,2,2,3,0,0,0,4,3,0,DoS,1
1.033,tcp,smtp,FIN,20,20,2110,1502,37.754115,62,252,15527.58984,11051.30664,7,8,54.368422,52.579367,2596.574937,59.254953,255,2816477959,2676997883,255,0.091486,0.033339,0.058147,106,75,0,0,1,1,1,1,1,1,0,0,0,2,1,0,DoS,1
6e-06,unas,-,INT,2,0,200,0,166666.6608,254,0,133333328.0,0.0,0,0,0.006,0.0,0.0,0.0,0,0,0,0,0.0,0.0,0.0,100,0,0,0,3,2,3,2,2,3,0,0,0,4,3,0,DoS,1
0.315915,sctp,-,CON,2,2,152,82,9.496226,254,60,1924.568359,1038.254028,0,0,0.009,0.004,0.0,0.0,0,0,0,0,0.0,0.0,0.0,76,41,0,0,1,0,1,1,1,1,0,0,0,2,1,0,DoS,1
0.818498,tcp,-,FIN,20,18,2528,2238,45.204752,254,252,23477.14844,20662.23633,7,7,43.078843,47.622469,2064.552756,55.872734,255,2580330261,3292074777,255,0.063992,0.008151,0.055841,126,124,0,0,2,1,1,1,1,1,0,0,0,1,1,0,DoS,1
5e-06,unas,-,INT,2,0,200,0,200000.0051,254,0,160000000.0,0.0,0,0,0.005,0.0,0.0,0.0,0,0,0,0,0.0,0.0,0.0,100,0,0,0,6,2,3,3,3,6,0,0,0,7,6,0,DoS,1
0.218446,udp,-,CON,8,4,362,178,50.355694,254,60,11609.27637,4907.391113,0,0,31.206572,38.397,46.969133,54.293781,0,0,0,0,0.0,0.0,0.0,45,45,0,0,1,0,1,1,1,1,0,0,0,1,1,0,DoS,1
3e-06,unas,-,INT,2,0,200,0,333333.3215,254,0,266666656.0,0.0,0,0,0.003,0.0,0.0,0.0,0,0,0,0,0.0,0.0,0.0,100,0,0,0,6,2,3,3,3,6,0,0,0,7,6,0,DoS,1
3e-06,unas,-,INT,2,0,200,0,333333.3215,254,0,266666656.0,0.0,0,0,0.003,0.0,0.0,0.0,0,0,0,0,0.0,0.0,0.0,100,0,0,0,3,2,1,1,1,3,0,0,0,3,3,0,DoS,1
0.621681,tcp,http,FIN,10,8,780,834,27.345215,62,252,9033.572266,9393.885742,2,2,69.075667,75.665859,3518.655382,105.252,255,109571630,2484860612,255,0.174707,0.091359,0.083348,78,104,1,14,1,1,1,1,1,1,0,0,1,1,1,0,DoS,1
8e-06,unas,-,INT,2,0,200,0,125000.0003,254,0,100000000.0,0.0,0,0,0.008,0.0,0.0,0.0,0,0,0,0,0.0,0.0,0.0,100,0,0,0,6,2,3,3,3,6,0,0,0,4,6,0,DoS,1
2.198199,tcp,http,FIN,10,14,802,7316,10.463111,62,252,2627.605469,24725.69531,2,4,244.132333,156.314005,14150.387,10776.31,255,2578099203,3786004728,255,0.30128,0.166105,0.135175,80,523,1,3128,1,1,1,1,1,1,0,0,1,1,1,0,DoS,1
5e-06,unas,-,INT,2,0,200,0,200000.0051,254,0,160000000.0,0.0,0,0,0.005,0.0,0.0,0.0,0,0,0,0,0.0,0.0,0.0,100,0,0,0,6,2,3,3,3,6,0,0,0,4,6,0,DoS,1
1.161857,tcp,smtp,FIN,88,30,93498,2210,100.70086,62,252,636470.75,14714.375,41,8,13.354678,39.794344,1115.67604,45.315953,255,2872895973,1290113840,255,0.053662,0.007039,0.046623,1062,74,0,0,1,1,1,1,1,1,0,0,0,1,1,0,DoS,1
1.352354,sctp,-,CON,4,2,824,432,3.697257,254,60,3655.847412,1277.771851,0,0,450.784656,0.004,637.498,0.0,0,0,0,0,0.0,0.0,0.0,206,216,0,0,1,0,1,1,1,2,0,0,0,1,1,0,DoS,1
8e-06,udp,snmp,INT,2,0,136,0,125000.0003,254,0,68000000.0,0.0,0,0,0.008,0.0,0.0,0.0,0,0,0,0,0.0,0.0,0.0,68,0,0,0,1,2,1,1,1,1,0,0,0,1,1,0,DoS,1
8e-06,unas,-,INT,2,0,200,0,125000.0003,254,0,100000000.0,0.0,0,0,0.008,0.0,0.0,0.0,0,0,0,0,0.0,0.0,0.0,100,0,0,0,3,2,3,3,3,3,0,0,0,6,3,0,DoS,1
58.947353,ospf,-,INT,50,0,5400,0,0.83125,254,0,718.200195,0.0,0,0,1203.007375,0.0,1554.369625,0.0,0,0,0,0,0.0,0.0,0.0,108,0,0,0,1,2,1,1,1,1,0,0,0,1,1,0,DoS,1
5e-06,unas,-,INT,2,0,200,0,200000.0051,254,0,160000000.0,0.0,0,0,0.005,0.0,0.0,0.0,0,0,0,0,0.0,0.0,0.0,100,0,0,0,3,2,3,3,3,3,0,0,0,6,3,0,DoS,1
59.844826,tcp,pop3,CON,1458,9660,62790,12838547,185.763763,62,252,8387.959961,1716067.25,6,4829,41.073959,6.203533,4151.137983,1650.703399,255,2424101928,2240251384,255,0.069933,0.012811,0.057122,43,1329,0,0,1,3,1,1,1,1,0,0,0,1,1,0,DoS,1
0.527465,tcp,http,FIN,10,6,2454,268,28.437907,254,252,33503.64453,3397.381836,2,1,57.356333,101.238203,4555.423417,189.370219,255,3964778169,4000269696,255,0.055073,0.021271,0.033802,245,45,1,0,1,1,1,1,1,1,0,0,1,1,1,0,DoS,1
1.120035,ospf,-,INT,28,0,3024,0,24.106388,254,0,20827.91992,0.0,0,0,41.482777,0.0,46.794559,0.0,0,0,0,0,0.0,0.0,0.0,108,0,0,0,1,2,1,1,1,1,0,0,0,1,1,0,DoS,1
0.5216,tcp,http,FIN,10,10,778,1134,36.42638,62,252,10751.5332,15659.50879,2,2,57.955556,52.623891,3813.857392,102.132477,255,495322692,4014513513,255,0.109953,0.046947,0.063006,78,113,1,110,1,1,1,1,1,1,0,0,1,2,1,0,DoS,1
0.215812,tcp,http,FIN,10,8,810,932,78.772266,62,252,27023.52148,30248.55078,2,2,23.979111,28.276857,1250.670392,42.748629,255,2328588590,3783196712,255,0.030995,0.017171,0.013824,81,117,1,50,2,1,1,1,1,1,0,0,1,1,1,0,DoS,1
3e-06,sun-nd,-,INT,2,0,200,0,333333.3215,254,0,266666656.0,0.0,0,0,0.003,0.0,0.0,0.0,0,0,0,0,0.0,0.0,0.0,100,0,0,0,5,2,1,1,1,5,0,0,0,3,5,0,DoS,1
1.860998,tcp,smtp,FIN,30,20,15323,1808,26.329958,62,252,63677.66016,7385.284668,12,8,64.172345,94.869313,4161.078435,126.787312,255,1719849077,2552175869,255,0.109337,0.057717,0.05162,511,90,0,0,1,1,1,1,1,1,0,0,0,1,1,0,DoS,1
0.271571,tcp,http,FIN,10,8,826,1248,62.598729,62,252,21916.91992,32168.38281,2,2,30.174556,36.114855,1556.717654,48.526887,255,901357027,473746179,255,0.026455,0.018078,0.008377,83,156,1,214,1,1,9,1,1,14,0,0,1,9,1,0,DoS,1
7e-06,sctp,-,INT,2,0,78,0,142857.1409,254,0,44571428.0,0.0,0,0,0.007,0.0,0.0,0.0,0,0,0,0,0.0,0.0,0.0,39,0,0,0,1,2,3,1,1,1,0,0,0,2,1,0,DoS,1
8.980139,tcp,pop3,FIN,210,1364,9036,1819293,175.164331,62,252,8011.45752,1619538.5,1,680,43.759781,6.732281,54.189398,843.280279,255,2424101982,2246476979,255,0.069933,0.012811,0.057122,43,1334,0,0,1,1,1,1,1,1,0,0,0,1,1,0,DoS,1
0.818152,tcp,pop3,FIN,20,20,954,3182,47.668403,62,252,8868.767578,29559.29883,7,8,43.060632,42.665738,2038.883456,47.909137,255,693883462,2975429338,255,0.053222,0.006778,0.046444,48,159,0,0,1,1,1,1,1,1,0,0,0,1,1,0,DoS,1
1.037868,cbt,-,INT,4,0,360,0,2.890541,254,0,2081.189453,0.0,0,0,345.956,0.0,489.247187,0.0,0,0,0,0,0.0,0.0,0.0,90,0,0,0,10,2,9,8,8,10,0,0,0,8,10,0,DoS,1
9e-06,egp,-,INT,2,0,180,0,111111.1072,254,0,80000000.0,0.0,0,0,0.009,0.0,0.0,0.0,0,0,0,0,0.0,0.0,0.0,90,0,0,0,10,2,9,8,8,10,0,0,0,8,10,0,DoS,1
7e-06,unas,-,INT,2,0,200,0,142857.1409,254,0,114285712.0,0.0,0,0,0.007,0.0,0.0,0.0,0,0,0,0,0.0,0.0,0.0,100,0,0,0,7,2,3,3,3,7,0,0,0,4,7,0,DoS,1
3e-06,unas,-,INT,2,0,200,0,333333.3215,254,0,266666656.0,0.0,0,0,0.003,0.0,0.0,0.0,0,0,0,0,0.0,0.0,0.0,100,0,0,0,7,2,3,3,3,7,0,0,0,4,7,0,DoS,1
8e-06,emcon,-,INT,2,0,180,0,125000.0003,254,0,90000000.0,0.0,0,0,0.008,0.0,0.0,0.0,0,0,0,0,0.0,0.0,0.0,90,0,0,0,10,2,9,8,8,10,0,0,0,8,10,0,DoS,1
5e-06,wb-expak,-,INT,2,0,200,0,200000.0051,254,0,160000000.0,0.0,0,0,0.005,0.0,0.0,0.0,0,0,0,0,0.0,0.0,0.0,100,0,0,0,5,2,2,2,2,5,0,0,0,2,5,0,DoS,1
6e-06,igp,-,INT,2,0,180,0,166666.6608,254,0,119999992.0,0.0,0,0,0.006,0.0,0.0,0.0,0,0,0,0,0.0,0.0,0.0,90,0,0,0,10,2,9,8,8,10,0,0,0,8,10,0,DoS,1
1.170882,tcp,http,FIN,10,10,760,1278,16.227084,62,252,4673.399902,7864.157227,2,2,129.975444,121.858445,6999.534057,249.310547,255,1982981936,2468823560,255,0.171929,0.07415,0.097779,76,128,1,197,1,1,1,1,1,1,0,0,1,3,1,0,DoS,1
5e-06,unas,-,INT,2,0,200,0,200000.0051,254,0,160000000.0,0.0,0,0,0.005,0.0,0.0,0.0,0,0,0,0,0.0,0.0,0.0,100,0,0,0,7,2,3,3,3,7,0,0,0,4,7,0,DoS,1
1e-06,nvp,-,INT,2,0,180,0,1000000.003,254,0,720000000.0,0.0,0,0,0.001,0.0,0.0,0.0,0,0,0,0,0.0,0.0,0.0,90,0,0,0,10,2,9,8,8,10,0,0,0,8,10,0,DoS,1
3e-06,iso-ip,-,INT,2,0,200,0,333333.3215,254,0,266666656.0,0.0,0,0,0.003,0.0,0.0,0.0,0,0,0,0,0.0,0.0,0.0,100,0,0,0,4,2,3,2,2,4,0,0,0,2,4,0,DoS,1
9e-06,unas,-,INT,2,0,200,0,111111.1072,254,0,88888888.0,0.0,0,0,0.009,0.0,0.0,0.0,0,0,0,0,0.0,0.0,0.0,100,0,0,0,7,2,1,1,1,7,0,0,0,2,7,0,DoS,1
5e-06,ipnip,-,INT,2,0,180,0,200000.0051,254,0,144000000.0,0.0,0,0,0.005,0.0,0.0,0.0,0,0,0,0,0.0,0.0,0.0,90,0,0,0,4,2,3,4,3,3,0,0,0,4,3,0,DoS,1
9e-06,unas,-,INT,2,0,200,0,111111.1072,254,0,88888888.0,0.0,0,0,0.009,0.0,0.0,0.0,0,0,0,0,0.0,0.0,0.0,100,0,0,0,6,2,2,2,2,6,0,0,0,4,6,0,DoS,1
1.008592,st2,-,INT,4,0,360,0,2.974444,254,0,2141.599365,0.0,0,0,336.197344,0.0,475.447063,0.0,0,0,0,0,0.0,0.0,0.0,90,0,0,0,1,2,1,1,1,1,0,0,0,1,1,0,DoS,1
9e-06,unas,-,INT,2,0,200,0,111111.1072,254,0,88888888.0,0.0,0,0,0.009,0.0,0.0,0.0,0,0,0,0,0.0,0.0,0.0,100,0,0,0,3,2,1,1,1,4,0,0,0,2,3,0,DoS,1
9e-06,unas,-,INT,2,0,200,0,111111.1072,254,0,88888888.0,0.0,0,0,0.009,0.0,0.0,0.0,0,0,0,0,0.0,0.0,0.0,100,0,0,0,3,2,3,2,2,4,0,0,0,5,3,0,DoS,1
8e-06,chaos,-,INT,2,0,200,0,125000.0003,254,0,100000000.0,0.0,0,0,0.008,0.0,0.0,0.0,0,0,0,0,0.0,0.0,0.0,100,0,0,0,10,2,2,2,2,10,0,0,0,2,10,0,DoS,1
1e-06,xnet,-,INT,2,0,180,0,1000000.003,254,0,720000000.0,0.0,0,0,0.001,0.0,0.0,0.0,0,0,0,0,0.0,0.0,0.0,90,0,0,0,10,2,2,2,2,10,0,0,0,2,10,0,DoS,1
1.363421,tcp,http,FIN,10,10,818,2626,13.935535,62,252,4324.416504,13870.99121,2,2,151.491222,142.218,8773.926504,261.810344,255,205800358,352932177,255,0.141157,0.057418,0.083739,82,263,1,858,1,1,1,1,1,1,0,0,1,1,1,0,DoS,1
3e-06,unas,-,INT,2,0,200,0,333333.3215,254,0,266666656.0,0.0,0,0,0.003,0.0,0.0,0.0,0,0,0,0,0.0,0.0,0.0,100,0,0,0,3,2,3,2,2,4,0,0,0,5,3,0,DoS,1
8.111842,tcp,http,FIN,92,514,4484,679686,74.582319,62,252,4374.838379,669011.0625,2,254,89.141124,15.651006,4375.686203,2010.334289,255,2170608714,621676749,255,0.210995,0.113472,0.097523,49,1322,1,329260,1,1,2,1,1,1,0,0,1,1,1,0,DoS,1
1.898953,tcp,http,FIN,10,10,936,2836,10.005514,62,252,3551.430664,10755.40039,2,2,210.994778,191.192563,14426.38551,316.381813,255,222811914,3158417156,255,0.279489,0.150409,0.12908,94,284,1,958,1,1,1,1,1,1,0,0,1,1,1,0,DoS,1
6e-06,unas,-,INT,2,0,200,0,166666.6608,254,0,133333328.0,0.0,0,0,0.006,0.0,0.0,0.0,0,0,0,0,0.0,0.0,0.0,100,0,0,0,5,2,4,4,4,5,0,0,0,7,5,0,DoS,1
1.512225,mux,-,INT,4,0,400,0,1.983832,254,0,1587.06543,0.0,0,0,504.075,0.0,712.866875,0.0,0,0,0,0,0.0,0.0,0.0,100,0,0,0,6,2,1,1,1,6,0,0,0,1,6,0,DoS,1
9e-06,unas,-,INT,2,0,200,0,111111.1072,254,0,88888888.0,0.0,0,0,0.009,0.0,0.0,0.0,0,0,0,0,0.0,0.0,0.0,100,0,0,0,4,2,2,2,2,5,0,0,0,4,4,0,DoS,1
1.670188,tcp,http,FIN,34,170,1782,217067,121.543207,62,252,8286.492188,1033613.0,2,83,50.611758,9.657266,2476.596597,1173.70692,255,1763881624,1590200153,255,0.086429,0.037324,0.049105,52,1277,1,104877,1,1,2,1,1,1,0,0,1,1,1,0,DoS,1
7e-06,unas,-,INT,2,0,200,0,142857.1409,254,0,114285712.0,0.0,0,0,0.007,0.0,0.0,0.0,0,0,0,0,0.0,0.0,0.0,100,0,0,0,4,2,2,2,2,5,0,0,0,4,4,0,DoS,1
3e-06,hmp,-,INT,2,0,200,0,333333.3215,254,0,266666656.0,0.0,0,0,0.003,0.0,0.0,0.0,0,0,0,0,0.0,0.0,0.0,100,0,0,0,6,2,2,2,2,6,0,0,0,4,6,0,DoS,1
3e-06,prm,-,INT,2,0,200,0,333333.3215,254,0,266666656.0,0.0,0,0,0.003,0.0,0.0,0.0,0,0,0,0,0.0,0.0,0.0,100,0,0,0,6,2,2,2,2,6,0,0,0,2,6,0,DoS,1
3e-06,unas,-,INT,2,0,200,0,333333.3215,254,0,266666656.0,0.0,0,0,0.003,0.0,0.0,0.0,0,0,0,0,0.0,0.0,0.0,100,0,0,0,4,2,2,2,2,5,0,0,0,5,4,0,DoS,1
9e-06,trunk-1,-,INT,2,0,200,0,111111.1072,254,0,88888888.0,0.0,0,0,0.009,0.0,0.0,0.0,0,0,0,0,0.0,0.0,0.0,100,0,0,0,6,2,1,1,1,6,0,0,0,3,6,0,DoS,1
5e-06,leaf-1,-,INT,2,0,200,0,200000.0051,254,0,160000000.0,0.0,0,0,0.005,0.0,0.0,0.0,0,0,0,0,0.0,0.0,0.0,100,0,0,0,4,2,1,1,1,4,0,0,0,1,4,0,DoS,1
6e-06,unas,-,INT,2,0,200,0,166666.6608,254,0,133333328.0,0.0,0,0,0.006,0.0,0.0,0.0,0,0,0,0,0.0,0.0,0.0,100,0,0,0,5,2,1,1,1,5,0,0,0,3,5,0,DoS,1
9e-06,unas,-,INT,2,0,200,0,111111.1072,254,0,88888888.0,0.0,0,0,0.009,0.0,0.0,0.0,0,0,0,0,0.0,0.0,0.0,100,0,0,0,5,2,2,2,2,5,0,0,0,3,5,0,DoS,1
0.781963,tcp,http,FIN,10,10,852,1338,24.297825,62,252,7846.918457,12327.94922,2,2,86.884778,76.570664,5770.618348,112.195242,255,2390984375,792130795,255,0.136221,0.092212,0.044009,85,134,1,198,1,1,1,1,1,1,0,0,1,1,1,0,DoS,1
58.062927,ospf,-,REQ,52,0,5616,0,0.878357,254,0,758.900757,0.0,0,0,1170.50325,0.0,1428.380625,0.0,0,0,0,0,0.0,0.0,0.0,108,0,0,0,1,6,1,1,1,1,0,0,0,2,1,0,DoS,1
8e-06,leaf-2,-,INT,2,0,200,0,125000.0003,254,0,100000000.0,0.0,0,0,0.008,0.0,0.0,0.0,0,0,0,0,0.0,0.0,0.0,100,0,0,0,4,2,1,1,1,4,0,0,0,2,4,0,DoS,1
6e-06,unas,-,INT,2,0,200,0,166666.6608,254,0,133333328.0,0.0,0,0,0.006,0.0,0.0,0.0,0,0,0,0,0.0,0.0,0.0,100,0,0,0,2,2,1,1,1,2,0,0,0,2,2,0,DoS,1
7e-06,irtp,-,INT,2,0,200,0,142857.1409,254,0,114285712.0,0.0,0,0,0.007,0.0,0.0,0.0,0,0,0,0,0.0,0.0,0.0,100,0,0,0,3,2,1,1,1,3,0,0,0,2,3,0,DoS,1
8e-06,unas,-,INT,2,0,200,0,125000.0003,254,0,100000000.0,0.0,0,0,0.008,0.0,0.0,0.0,0,0,0,0,0.0,0.0,0.0,100,0,0,0,5,2,2,2,2,5,0,0,0,3,5,0,DoS,1
5e-06,netblt,-,INT,2,0,200,0,200000.0051,254,0,160000000.0,0.0,0,0,0.005,0.0,0.0,0.0,0,0,0,0,0.0,0.0,0.0,100,0,0,0,3,2,1,1,1,3,0,0,0,3,3,0,DoS,1
58.899662,ospf,-,REQ,58,0,6264,0,0.967747,254,0,836.13385,0.0,0,0,1060.308125,0.0,1205.48125,0.0,0,0,0,0,0.0,0.0,0.0,108,0,0,0,1,6,1,1,1,1,0,0,0,2,1,0,DoS,1
9e-06,mfe-nsp,-,INT,2,0,200,0,111111.1072,254,0,88888888.0,0.0,0,0,0.009,0.0,0.0,0.0,0,0,0,0,0.0,0.0,0.0,100,0,0,0,4,2,1,1,1,4,0,0,0,3,4,0,DoS,1
7e-06,unas,-,INT,2,0,200,0,142857.1409,254,0,114285712.0,0.0,0,0,0.007,0.0,0.0,0.0,0,0,0,0,0.0,0.0,0.0,100,0,0,0,5,2,2,2,2,5,0,0,0,3,5,0,DoS,1
3e-06,merit-inp,-,INT,2,0,200,0,333333.3215,254,0,266666656.0,0.0,0,0,0.003,0.0,0.0,0.0,0,0,0,0,0.0,0.0,0.0,100,0,0,0,4,2,1,1,1,4,0,0,0,2,4,0,DoS,1
9e-06,sep,-,INT,2,0,200,0,111111.1072,254,0,88888888.0,0.0,0,0,0.009,0.0,0.0,0.0,0,0,0,0,0.0,0.0,0.0,100,0,0,0,4,2,1,1,1,4,0,0,0,2,4,0,DoS,1
1.011156,tcp,http,FIN,10,12,806,6416,20.76831,62,252,5743.920898,46536.83594,2,4,112.256889,81.687452,6696.901857,6217.005249,255,2666828859,2451345766,255,0.216896,0.112589,0.104307,81,535,1,2720,1,1,1,1,1,2,0,0,1,2,1,0,DoS,1
8e-06,unas,-,INT,2,0,200,0,125000.0003,254,0,100000000.0,0.0,0,0,0.008,0.0,0.0,0.0,0,0,0,0,0.0,0.0,0.0,100,0,0,0,5,2,2,2,2,5,0,0,0,5,5,0,DoS,1
9e-06,ib,-,INT,2,0,200,0,111111.1072,254,0,88888888.0,0.0,0,0,0.009,0.0,0.0,0.0,0,0,0,0,0.0,0.0,0.0,100,0,0,0,6,2,3,3,3,6,0,0,0,8,6,0,DoS,1
1.764555,tcp,http,FIN,60,14,68187,612,41.370204,254,252,303990.5313,2579.687256,27,1,29.275949,127.814,3260.496107,218.258438,255,3236953719,1143765235,255,0.229305,0.102967,0.126338,1136,44,1,0,2,1,2,2,2,3,0,0,4,3,1,0,DoS,1
0.744797,tcp,http,FIN,10,8,770,898,22.825012,62,252,7443.63916,8442.569336,2,2,82.739333,94.420859,4443.96639,154.020125,255,3015423927,1009749278,255,0.164089,0.083843,0.080246,77,112,1,52,1,1,1,1,1,1,0,0,1,1,1,0,DoS,1
2.876125,tcp,ftp,FIN,28,30,1381,21782,19.818331,62,252,3704.984863,58567.6875,11,12,110.620194,94.806414,5581.14014,117.763797,255,1071587286,2187640523,255,0.166134,0.081495,0.084639,49,726,0,0,1,1,2,1,1,1,1,1,0,3,1,0,DoS,1
2.804705,tcp,-,FIN,256,44,330638,1902,106.606581,62,252,939412.9375,5302.518555,125,1,10.797585,63.665188,1328.781442,83.297891,255,21405172,433131901,255,0.153269,0.067099,0.08617,1292,43,1,0,2,1,1,1,1,1,0,0,1,2,1,0,DoS,1
1e-06,udp,dns,INT,2,0,126,0,1000000.003,254,0,504000000.0,0.0,0,0,0.001,0.0,0.0,0.0,0,0,0,0,0.0,0.0,0.0,63,0,0,0,1,2,1,1,1,1,0,0,0,1,1,0,DoS,1
2.794031,tcp,-,FIN,24,24,3448,3192,16.821575,254,252,9463.030273,8758.671875,9,9,121.479605,118.372781,6091.323656,165.442766,255,568814515,2007488507,255,0.233303,0.070822,0.162481,144,133,0,0,1,1,1,1,1,1,0,0,0,1,1,0,DoS,1
0.47214,tcp,-,FIN,10,8,718,358,36.006268,62,252,10962.84961,5320.455566,2,2,52.400778,61.95,2723.052718,93.495984,255,3304373369,2809009703,255,0.089099,0.038481,0.050618,72,45,0,0,4,1,1,1,1,1,0,0,0,3,1,0,DoS,1
4e-06,unas,-,INT,2,0,200,0,250000.0006,254,0,200000000.0,0.0,0,0,0.004,0.0,0.0,0.0,0,0,0,0,0.0,0.0,0.0,100,0,0,0,5,2,3,3,3,5,0,0,0,5,5,0,DoS,1
1.324205,tcp,-,FIN,16,8,11514,354,17.368911,254,252,65216.48828,1872.821777,5,1,88.217734,178.638281,7294.241163,259.057531,255,1965193469,1018683305,255,0.127461,0.073734,0.053727,720,44,0,0,2,1,1,1,1,1,0,0,0,1,2,0,DoS,1
6e-06,vmtp,-,INT,2,0,200,0,166666.6608,254,0,133333328.0,0.0,0,0,0.006,0.0,0.0,0.0,0,0,0,0,0.0,0.0,0.0,100,0,0,0,4,2,3,2,2,4,0,0,0,2,4,0,DoS,1
0.488667,tcp,http,FIN,10,8,802,1528,34.788516,62,252,11819.91016,21888.11523,2,2,54.296333,63.48743,3088.390878,101.7295,255,2343789910,2714696274,255,0.102668,0.043651,0.059017,80,191,1,361,1,1,11,1,1,2,0,0,4,1,1,0,DoS,1
2.1e-05,udp,-,INT,2,0,1904,0,47619.048,254,0,362666656.0,0.0,0,0,0.021,0.0,0.0,0.0,0,0,0,0,0.0,0.0,0.0,952,0,0,0,1,2,1,1,1,1,0,0,0,2,1,0,DoS,1
3e-06,secure-vmtp,-,INT,2,0,200,0,333333.3215,254,0,266666656.0,0.0,0,0,0.003,0.0,0.0,0.0,0,0,0,0,0.0,0.0,0.0,100,0,0,0,4,2,2,2,2,4,0,0,0,2,4,0,DoS,1
8e-06,nsfnet-igp,-,INT,2,0,200,0,125000.0003,254,0,100000000.0,0.0,0,0,0.008,0.0,0.0,0.0,0,0,0,0,0.0,0.0,0.0,100,0,0,0,7,2,4,4,4,7,0,0,0,6,7,0,DoS,1
5e-06,tcf,-,INT,2,0,200,0,200000.0051,254,0,160000000.0,0.0,0,0,0.005,0.0,0.0,0.0,0,0,0,0,0.0,0.0,0.0,100,0,0,0,7,2,4,4,4,7,0,0,0,6,7,0,DoS,1
2e-06,ttp,-,INT,2,0,200,0,500000.0013,254,0,400000000.0,0.0,0,0,0.002,0.0,0.0,0.0,0,0,0,0,0.0,0.0,0.0,100,0,0,0,7,2,4,4,4,7,0,0,0,6,7,0,DoS,1
8e-06,eigrp,-,INT,2,0,200,0,125000.0003,254,0,100000000.0,0.0,0,0,0.008,0.0,0.0,0.0,0,0,0,0,0.0,0.0,0.0,100,0,0,0,7,2,3,3,3,7,0,0,0,3,7,0,DoS,1
0.859515,tcp,-,FIN,8,8,364,664,17.451702,62,252,2969.116211,5407.700684,1,2,122.771138,112.15343,7374.441929,196.011172,255,3051544230,535443628,255,0.170362,0.07444,0.095922,46,83,0,0,1,1,3,1,1,1,0,0,0,1,3,0,DoS,1
0.365639,tcp,http,FIN,10,8,804,1372,46.493946,62,252,15840.76074,26277.28516,2,2,40.626556,38.75057,2064.120138,57.19607,255,1193370054,3365511049,255,0.09134,0.046823,0.044517,80,172,1,272,1,1,1,1,1,1,0,0,1,1,1,0,DoS,1
9e-06,xtp,-,INT,2,0,200,0,111111.1072,254,0,88888888.0,0.0,0,0,0.009,0.0,0.0,0.0,0,0,0,0,0.0,0.0,0.0,100,0,0,0,3,2,1,1,1,3,0,0,0,2,3,0,DoS,1
0.911397,sctp,-,CON,4,2,528,392,5.486084,254,60,3475.982666,1720.435791,0,0,303.799,0.001,429.626781,0.0,0,0,0,0,0.0,0.0,0.0,132,196,0,0,1,0,1,1,1,2,0,0,0,1,1,0,DoS,1
0.424079,tcp,-,FIN,12,6,4484,268,40.086871,254,252,77551.58594,4225.62793,3,1,30.103273,69.175398,1687.261963,84.937195,255,294430389,3408133604,255,0.120922,0.078199,0.042723,374,45,0,0,6,1,1,1,1,1,0,0,0,3,1,0,DoS,1
1.259481,tcp,http,FIN,10,8,790,924,13.497624,62,252,4516.145996,5138.624512,2,2,139.942333,169.297422,8037.62212,311.305813,255,1702966723,3008993259,255,0.154423,0.074035,0.080388,79,116,1,43,1,1,1,1,1,1,0,0,1,3,1,0,DoS,1
3e-06,larp,-,INT,2,0,200,0,333333.3215,254,0,266666656.0,0.0,0,0,0.003,0.0,0.0,0.0,0,0,0,0,0.0,0.0,0.0,100,0,0,0,6,2,3,3,3,6,0,0,0,4,6,0,DoS,1
1.5e-05,ddp,-,INT,2,0,200,0,66666.66835,254,0,53333336.0,0.0,0,0,0.015,0.0,0.0,0.0,0,0,0,0,0.0,0.0,0.0,100,0,0,0,3,2,1,1,1,3,0,0,0,1,3,0,DoS,1
9e-06,aes-sp3-d,-,INT,2,0,200,0,111111.1072,254,0,88888888.0,0.0,0,0,0.009,0.0,0.0,0.0,0,0,0,0,0.0,0.0,0.0,100,0,0,0,6,2,3,3,3,6,0,0,0,4,6,0,DoS,1
9e-06,idpr-cmtp,-,INT,2,0,200,0,111111.1072,254,0,88888888.0,0.0,0,0,0.009,0.0,0.0,0.0,0,0,0,0,0.0,0.0,0.0,100,0,0,0,7,2,1,1,1,7,0,0,0,4,7,0,DoS,1
1.032505,tcp,http,FIN,10,10,826,1758,18.401847,62,252,5764.620605,12265.31543,2,2,114.722778,101.612109,6496.459187,191.126234,255,2907559849,4083009146,255,0.16295,0.088446,0.074504,83,176,1,416,2,1,1,2,1,1,0,0,1,3,1,0,DoS,1
1e-05,tp++,-,INT,2,0,200,0,100000.0025,254,0,80000000.0,0.0,0,0,0.01,0.0,0.0,0.0,0,0,0,0,0.0,0.0,0.0,100,0,0,0,7,2,2,1,1,7,0,0,0,1,7,0,DoS,1
9e-06,il,-,INT,2,0,200,0,111111.1072,254,0,88888888.0,0.0,0,0,0.009,0.0,0.0,0.0,0,0,0,0,0.0,0.0,0.0,100,0,0,0,7,2,2,2,2,7,0,0,0,4,7,0,DoS,1
9e-06,pri-enc,-,INT,2,0,200,0,111111.1072,254,0,88888888.0,0.0,0,0,0.009,0.0,0.0,0.0,0,0,0,0,0.0,0.0,0.0,100,0,0,0,5,2,3,3,3,5,0,0,0,4,5,0,DoS,1
5e-06,ipv6,-,INT,2,0,200,0,200000.0051,254,0,160000000.0,0.0,0,0,0.005,0.0,0.0,0.0,0,0,0,0,0.0,0.0,0.0,100,0,0,0,7,2,2,2,2,7,0,0,0,4,7,0,DoS,1
4.995751,tcp,-,FIN,52,214,2478,271772,53.045079,62,252,3892.908203,433172.9063,6,105,97.950706,23.215653,5189.333225,2518.274913,255,46595378,1770859730,255,0.135012,0.050815,0.084197,48,1270,0,0,5,1,1,1,1,1,0,0,0,1,2,0,DoS,1
1.067054,tcp,-,FIN,16,12,2064,1810,25.303311,254,252,14507.23145,12445.48047,5,4,71.070598,90.997633,3528.35586,104.01875,255,1144325713,1814404240,255,0.13788,0.066074,0.071806,129,151,0,0,2,1,1,1,1,1,0,0,0,1,1,0,DoS,1
1.613495,tcp,-,FIN,18,18,986,3166,21.692041,62,252,4621.024414,14829.91895,6,7,94.911471,90.334469,4825.611426,104.586672,255,2845070941,3847549874,255,0.108158,0.06321,0.044948,55,176,0,0,1,1,1,1,1,1,0,0,0,1,1,0,DoS,1
0.669039,tcp,smtp,FIN,32,22,18297,2006,79.218101,62,252,211957.75,22898.51563,13,8,21.581903,31.412857,1305.042398,39.612934,255,3991127578,1972468722,255,0.05594,0.008813,0.047127,572,91,0,0,1,1,3,1,1,1,0,0,0,1,1,0,DoS,1
8e-06,pim,-,INT,2,0,200,0,125000.0003,254,0,100000000.0,0.0,0,0,0.008,0.0,0.0,0.0,0,0,0,0,0.0,0.0,0.0,100,0,0,0,4,2,2,2,2,4,0,0,0,4,4,0,DoS,1
1.190651,tcp,smtp,FIN,58,26,50819,2096,69.70976,254,252,335567.6563,13545.53027,26,8,20.888614,47.201281,1582.541466,59.440809,255,109400025,85624052,255,0.057336,0.009845,0.047491,876,81,0,0,2,1,1,1,1,2,0,0,0,1,2,0,DoS,1
9e-06,pnni,-,INT,2,0,200,0,111111.1072,254,0,88888888.0,0.0,0,0,0.009,0.0,0.0,0.0,0,0,0,0,0.0,0.0,0.0,100,0,0,0,4,2,2,2,2,4,0,0,0,4,4,0,DoS,1
1.720102,tcp,http,FIN,10,12,852,4036,12.208579,62,252,3567.230469,17208.2832,2,3,191.029889,149.111634,11827.48237,13139.63555,255,3793241183,3678058542,255,0.180264,0.079871,0.100393,85,336,1,1506,2,1,2,1,1,2,0,0,1,2,1,0,DoS,1
3e-06,ipv6-frag,-,INT,2,0,200,0,333333.3215,254,0,266666656.0,0.0,0,0,0.003,0.0,0.0,0.0,0,0,0,0,0.0,0.0,0.0,100,0,0,0,7,2,3,3,3,7,0,0,0,4,7,0,DoS,1
3e-06,ipv6-route,-,INT,2,0,200,0,333333.3215,254,0,266666656.0,0.0,0,0,0.003,0.0,0.0,0.0,0,0,0,0,0.0,0.0,0.0,100,0,0,0,7,2,3,3,3,7,0,0,0,4,7,0,DoS,1
7e-06,sdrp,-,INT,2,0,200,0,142857.1409,254,0,114285712.0,0.0,0,0,0.007,0.0,0.0,0.0,0,0,0,0,0.0,0.0,0.0,100,0,0,0,7,2,3,3,3,7,0,0,0,4,7,0,DoS,1
1.05097,tcp,http,FIN,14,10,6476,1140,21.884546,62,252,45778.66406,7809.928223,4,2,80.776694,106.973445,6595.932648,146.499422,255,3542007891,279597215,255,0.158317,0.088207,0.07011,463,114,1,109,1,1,1,1,1,1,0,0,1,1,1,0,DoS,1
9e-06,sun-nd,-,INT,1,0,60,0,0.0,0,0,0.0,0.0,0,0,0.0,0.0,0.0,0.0,0,0,0,0,0.0,0.0,0.0,60,0,0,0,4,2,3,3,3,4,0,0,0,3,4,0,DoS,1
4.7e-05,swipe,-,INT,1,0,60,0,0.0,0,0,0.0,0.0,0,0,0.0,0.0,0.0,0.0,0,0,0,0,0.0,0.0,0.0,60,0,0,0,4,2,3,3,3,4,0,0,0,3,4,0,DoS,1
5e-06,idrp,-,INT,2,0,200,0,200000.0051,254,0,160000000.0,0.0,0,0,0.005,0.0,0.0,0.0,0,0,0,0,0.0,0.0,0.0,100,0,0,0,4,2,2,2,2,4,0,0,0,3,4,0,DoS,1
1.166192,pim,-,INT,8,0,480,0,6.002442,254,0,2881.172119,0.0,0,0,166.598859,0.0,380.464719,0.0,0,0,0,0,0.0,0.0,0.0,60,0,0,0,4,2,1,1,1,4,0,0,0,2,4,0,DoS,1
2e-06,unas,-,INT,2,0,200,0,500000.0013,254,0,400000000.0,0.0,0,0,0.002,0.0,0.0,0.0,0,0,0,0,0.0,0.0,0.0,100,0,0,0,5,2,4,4,4,5,0,0,0,7,5,0,DoS,1
8e-06,mhrp,-,INT,2,0,200,0,125000.0003,254,0,100000000.0,0.0,0,0,0.008,0.0,0.0,0.0,0,0,0,0,0.0,0.0,0.0,100,0,0,0,4,2,1,1,1,4,0,0,0,2,4,0,DoS,1
1.612005,tcp,http,FIN,10,8,484,354,10.545873,254,252,2163.764893,1538.456787,2,1,173.513778,213.630281,11545.64992,294.550031,255,1898560514,3516244264,255,0.228383,0.116592,0.111791,48,44,1,0,1,1,1,1,1,3,0,0,1,3,1,0,DoS,1
1.847042,tcp,http,FIN,10,10,792,1278,10.286718,62,252,3088.181152,4985.268555,2,2,201.516778,193.75,11686.49991,368.894125,255,3956385882,4096537211,255,0.204565,0.103291,0.101274,79,128,1,196,1,1,3,1,1,4,0,0,1,2,1,0,DoS,1
2.129225,tcp,http,FIN,10,10,776,1084,8.923435,62,252,2626.307617,3667.062012,2,2,236.580556,226.531438,16186.47999,342.812031,255,3627153279,1370529678,255,0.177353,0.089732,0.087621,78,108,1,87,1,1,2,1,1,1,0,0,1,1,1,0,DoS,1
9e-06,i-nlsp,-,INT,2,0,200,0,111111.1072,254,0,88888888.0,0.0,0,0,0.009,0.0,0.0,0.0,0,0,0,0,0.0,0.0,0.0,100,0,0,0,3,2,1,1,1,3,0,0,0,2,3,0,DoS,1
3e-06,swipe,-,INT,2,0,200,0,333333.3215,254,0,266666656.0,0.0,0,0,0.003,0.0,0.0,0.0,0,0,0,0,0.0,0.0,0.0,100,0,0,0,3,2,1,1,1,3,0,0,0,1,3,0,DoS,1
1.034845,tcp,http,FIN,10,10,848,1332,18.360238,62,252,5906.19873,9269.021484,2,2,114.982778,100.559109,6706.842525,196.1585,255,4024705626,3490246355,255,0.13695,0.090082,0.046868,85,133,1,199,1,1,1,1,1,1,0,0,1,2,1,0,DoS,1
3e-06,tlsp,-,INT,2,0,200,0,333333.3215,254,0,266666656.0,0.0,0,0,0.003,0.0,0.0,0.0,0,0,0,0,0.0,0.0,0.0,100,0,0,0,6,2,3,3,3,6,0,0,0,4,6,0,DoS,1
1e-06,scps,-,INT,2,0,200,0,1000000.003,254,0,800000000.0,0.0,0,0,0.001,0.0,0.0,0.0,0,0,0,0,0.0,0.0,0.0,100,0,0,0,4,2,2,2,2,4,0,0,0,4,4,0,DoS,1
9e-06,skip,-,INT,2,0,200,0,111111.1072,254,0,88888888.0,0.0,0,0,0.009,0.0,0.0,0.0,0,0,0,0,0.0,0.0,0.0,100,0,0,0,6,2,2,2,2,6,0,0,0,4,6,0,DoS,1
1.918117,tcp,http,FIN,10,10,808,6174,9.905548,62,252,3036.311035,23176.89648,2,3,213.124111,201.887667,13217.80742,16423.2523,255,3413449530,983211393,255,0.167073,0.100395,0.066678,81,617,1,2635,1,1,1,1,1,1,0,0,1,1,1,0,DoS,1
59.95715,tcp,-,CON,854,382,318542,16426,20.598044,254,252,42452.85156,2185.961182,426,0,70.30551,157.89525,3671.067144,169.607875,255,2091297511,1200223257,255,0.124746,0.052634,0.072112,373,43,0,0,4,0,1,1,1,2,0,0,0,3,2,0,DoS,1
6e-06,a/n,-,INT,2,0,200,0,166666.6608,254,0,133333328.0,0.0,0,0,0.006,0.0,0.0,0.0,0,0,0,0,0.0,0.0,0.0,100,0,0,0,7,2,3,3,3,8,0,0,0,4,7,0,DoS,1
9e-06,unas,-,INT,2,0,200,0,111111.1072,254,0,88888888.0,0.0,0,0,0.009,0.0,0.0,0.0,0,0,0,0,0.0,0.0,0.0,100,0,0,0,5,2,2,2,2,5,0,0,0,5,5,0,DoS,1
9e-06,ipcomp,-,INT,2,0,200,0,111111.1072,254,0,88888888.0,0.0,0,0,0.009,0.0,0.0,0.0,0,0,0,0,0.0,0.0,0.0,100,0,0,0,7,2,3,3,3,8,0,0,0,4,7,0,DoS,1
9e-06,ipv6-opts,-,INT,2,0,200,0,111111.1072,254,0,88888888.0,0.0,0,0,0.009,0.0,0.0,0.0,0,0,0,0,0.0,0.0,0.0,100,0,0,0,6,2,1,1,1,6,0,0,0,2,6,0,DoS,1
1.12088,tcp,-,FIN,10,8,2298,354,15.166655,254,252,14766.96875,2212.547363,2,1,121.134333,148.864422,7368.802673,217.11825,255,767230033,962104037,255,0.147857,0.078825,0.069032,230,44,0,0,1,1,1,1,1,1,0,0,0,1,2,0,DoS,1
9e-06,any,-,INT,2,0,200,0,111111.1072,254,0,88888888.0,0.0,0,0,0.009,0.0,0.0,0.0,0,0,0,0,0.0,0.0,0.0,100,0,0,0,2,2,1,1,1,2,0,0,0,2,2,0,DoS,1
8e-06,qnx,-,INT,2,0,200,0,125000.0003,254,0,100000000.0,0.0,0,0,0.008,0.0,0.0,0.0,0,0,0,0,0.0,0.0,0.0,100,0,0,0,7,2,3,3,3,8,0,0,0,4,7,0,DoS,1
2e-06,rdp,-,INT,2,0,200,0,500000.0013,254,0,400000000.0,0.0,0,0,0.002,0.0,0.0,0.0,0,0,0,0,0.0,0.0,0.0,100,0,0,0,4,2,1,1,1,4,0,0,0,2,4,0,DoS,1
3e-06,iso-tp4,-,INT,2,0,200,0,333333.3215,254,0,266666656.0,0.0,0,0,0.003,0.0,0.0,0.0,0,0,0,0,0.0,0.0,0.0,100,0,0,0,3,2,1,1,1,3,0,0,0,1,3,0,DoS,1
9e-06,any,-,INT,2,0,200,0,111111.1072,254,0,88888888.0,0.0,0,0,0.009,0.0,0.0,0.0,0,0,0,0,0.0,0.0,0.0,100,0,0,0,3,2,2,2,2,3,0,0,0,4,3,0,DoS,1
1e-06,snp,-,INT,2,0,200,0,1000000.003,254,0,800000000.0,0.0,0,0,0.001,0.0,0.0,0.0,0,0,0,0,0.0,0.0,0.0,100,0,0,0,7,2,3,3,3,8,0,0,0,4,7,0,DoS,1
0.599916,tcp,-,FIN,10,6,740,268,25.003501,254,252,8881.243164,2987.084961,2,1,62.343889,105.342,3109.626186,153.775609,255,392860851,203184108,255,0.157194,0.073198,0.083996,74,45,0,0,5,1,1,1,1,1,0,0,0,2,1,0,DoS,1
3e-06,udp,dns,INT,2,0,120,0,333333.3215,254,0,160000000.0,0.0,0,0,0.003,0.0,0.0,0.0,0,0,0,0,0.0,0.0,0.0,60,0,0,0,1,2,1,1,1,1,0,0,0,2,1,0,DoS,1
3e-06,pgm,-,INT,2,0,200,0,333333.3215,254,0,266666656.0,0.0,0,0,0.003,0.0,0.0,0.0,0,0,0,0,0.0,0.0,0.0,100,0,0,0,2,2,1,1,1,2,0,0,0,2,2,0,DoS,1
1.502463,tcp,http,FIN,10,10,828,1734,12.645902,62,252,3972.144531,8311.685547,2,2,166.803778,152.766672,12225.25641,234.202047,255,4033060557,3687343271,255,0.179272,0.127556,0.051716,83,173,1,414,3,1,1,1,1,2,0,0,1,2,2,0,DoS,1
4e-06,zero,-,INT,2,0,200,0,250000.0006,254,0,200000000.0,0.0,0,0,0.004,0.0,0.0,0.0,0,0,0,0,0.0,0.0,0.0,100,0,0,0,2,2,1,1,1,2,0,0,0,2,2,0,DoS,1
8e-06,3pc,-,INT,2,0,200,0,125000.0003,254,0,100000000.0,0.0,0,0,0.008,0.0,0.0,0.0,0,0,0,0,0.0,0.0,0.0,100,0,0,0,4,2,1,1,1,4,0,0,0,1,4,0,DoS,1
0.99672,tcp,http,FIN,10,8,788,1050,17.055943,62,252,5698.691406,7376.193848,2,2,110.715444,130.486141,5965.380014,225.136906,255,1340477667,4190764892,255,0.159819,0.083311,0.076508,79,131,1,106,1,1,1,1,1,1,0,0,1,2,1,0,DoS,1
9e-06,sat-expak,-,INT,2,0,200,0,111111.1072,254,0,88888888.0,0.0,0,0,0.009,0.0,0.0,0.0,0,0,0,0,0.0,0.0,0.0,100,0,0,0,3,2,2,2,2,3,0,0,0,4,3,0,DoS,1
1e-06,iatp,-,INT,2,0,200,0,1000000.003,254,0,800000000.0,0.0,0,0,0.001,0.0,0.0,0.0,0,0,0,0,0.0,0.0,0.0,100,0,0,0,6,2,3,3,3,6,0,0,0,4,6,0,DoS,1
6e-06,unas,-,INT,2,0,200,0,166666.6608,254,0,133333328.0,0.0,0,0,0.006,0.0,0.0,0.0,0,0,0,0,0.0,0.0,0.0,100,0,0,0,6,2,1,1,1,6,0,0,0,4,6,0,DoS,1
1.4e-05,mobile,-,INT,1,0,60,0,0.0,0,0,0.0,0.0,0,0,0.0,0.0,0.0,0.0,0,0,0,0,0.0,0.0,0.0,60,0,0,0,4,2,3,3,3,4,0,0,0,3,4,0,DoS,1
1e-06,idpr,-,INT,2,0,200,0,1000000.003,254,0,800000000.0,0.0,0,0,0.001,0.0,0.0,0.0,0,0,0,0,0.0,0.0,0.0,100,0,0,0,3,2,1,1,1,3,0,0,0,3,3,0,DoS,1
1.760719,tcp,http,FIN,10,8,980,354,9.655147,254,252,4007.453857,1408.515503,2,1,190.979667,237.698141,12385.87376,487.684656,255,1418908426,3625707726,255,0.163567,0.09683,0.066737,98,44,1,0,2,1,1,1,1,1,0,0,1,1,1,0,DoS,1
3e-06,crtp,-,INT,2,0,200,0,333333.3215,254,0,266666656.0,0.0,0,0,0.003,0.0,0.0,0.0,0,0,0,0,0.0,0.0,0.0,100,0,0,0,6,2,2,2,2,6,0,0,0,3,6,0,DoS,1
8e-06,sat-mon,-,INT,2,0,200,0,125000.0003,254,0,100000000.0,0.0,0,0,0.008,0.0,0.0,0.0,0,0,0,0,0.0,0.0,0.0,100,0,0,0,4,2,3,3,3,4,0,0,0,4,4,0,DoS,1
4e-06,visa,-,INT,2,0,200,0,250000.0006,254,0,200000000.0,0.0,0,0,0.004,0.0,0.0,0.0,0,0,0,0,0.0,0.0,0.0,100,0,0,0,4,2,3,3,3,4,0,0,0,4,4,0,DoS,1
0.782701,tcp,http,FIN,14,8,7368,1034,26.830168,62,252,69932.19531,9250.019531,4,2,60.138306,105.716,3979.209325,151.853234,255,2988415413,170649656,255,0.113034,0.04268,0.070354,526,129,1,109,5,1,1,1,1,1,0,0,1,2,1,0,DoS,1
9e-06,gre,-,INT,2,0,200,0,111111.1072,254,0,88888888.0,0.0,0,0,0.009,0.0,0.0,0.0,0,0,0,0,0.0,0.0,0.0,100,0,0,0,4,2,1,1,1,4,0,0,0,2,4,0,DoS,1
1.9e-05,fire,-,INT,2,0,200,0,52631.58129,254,0,42105264.0,0.0,0,0,0.019,0.0,0.0,0.0,0,0,0,0,0.0,0.0,0.0,100,0,0,0,6,2,2,2,2,6,0,0,0,3,6,0,DoS,1
1.02577,tcp,http,FIN,10,10,804,1166,18.522672,62,252,5646.490234,8188.970703,2,2,113.974444,98.315664,6984.940486,167.443359,255,355878782,3727504049,255,0.190926,0.102288,0.088638,80,117,1,113,1,1,1,1,1,1,0,0,1,1,1,0,DoS,1
11.32145,rvd,-,INT,4,0,400,0,0.264984,254,0,211.986969,0.0,0,0,3773.81675,0.0,5336.978,0.0,0,0,0,0,0.0,0.0,0.0,100,0,0,0,2,2,1,1,1,2,0,0,0,2,2,0,DoS,1
1.047119,tcp,-,FIN,26,24,3488,3098,46.795062,254,252,25624.59375,22683.18945,10,10,41.88476,42.451348,1983.116978,49.381473,255,1745015106,2725044740,255,0.070928,0.054048,0.01688,134,129,0,0,1,1,1,1,1,1,0,0,0,22,1,0,DoS,1
9e-06,mobile,-,INT,2,0,200,0,111111.1072,254,0,88888888.0,0.0,0,0,0.009,0.0,0.0,0.0,0,0,0,0,0.0,0.0,0.0,100,0,0,0,6,2,3,3,3,6,0,0,0,4,6,0,DoS,1
9e-06,narp,-,INT,2,0,200,0,111111.1072,254,0,88888888.0,0.0,0,0,0.009,0.0,0.0,0.0,0,0,0,0,0.0,0.0,0.0,100,0,0,0,6,2,3,3,3,6,0,0,0,4,6,0,DoS,1
8e-06,sccopmce,-,INT,2,0,200,0,125000.0003,254,0,100000000.0,0.0,0,0,0.008,0.0,0.0,0.0,0,0,0,0,0.0,0.0,0.0,100,0,0,0,4,2,4,4,4,4,0,0,0,5,4,0,DoS,1
6e-06,br-sat-mon,-,INT,2,0,200,0,166666.6608,254,0,133333328.0,0.0,0,0,0.006,0.0,0.0,0.0,0,0,0,0,0.0,0.0,0.0,100,0,0,0,5,2,2,2,2,5,0,0,0,3,5,0,DoS,1
3e-06,pvp,-,INT,2,0,200,0,333333.3215,254,0,266666656.0,0.0,0,0,0.003,0.0,0.0,0.0,0,0,0,0,0.0,0.0,0.0,100,0,0,0,5,2,2,2,2,5,0,0,0,3,5,0,DoS,1
8e-06,ipv6-no,-,INT,2,0,200,0,125000.0003,254,0,100000000.0,0.0,0,0,0.008,0.0,0.0,0.0,0,0,0,0,0.0,0.0,0.0,100,0,0,0,6,2,2,2,2,6,0,0,0,4,6,0,DoS,1
1.767232,tcp,smtp,FIN,216,48,259643,3036,148.820307,62,252,1169924.5,13458.33496,105,8,8.219684,37.248211,813.121676,40.628215,255,2722991611,3414378174,255,0.060689,0.0156,0.045089,1202,63,0,0,1,1,1,1,1,1,0,0,0,1,1,0,DoS,1
1.01192,tcp,http,FIN,10,8,786,1160,16.799747,62,252,5597.280762,8024.350098,2,2,112.318333,133.910281,5968.265258,211.774578,255,2058428849,1202584739,255,0.142377,0.074532,0.067845,79,145,1,162,1,1,2,1,1,1,0,0,1,1,2,0,DoS,1
3e-06,cftp,-,INT,2,0,200,0,333333.3215,254,0,266666656.0,0.0,0,0,0.003,0.0,0.0,0.0,0,0,0,0,0.0,0.0,0.0,100,0,0,0,2,2,1,1,1,2,0,0,0,2,2,0,DoS,1
3e-06,kryptolan,-,INT,2,0,200,0,333333.3215,254,0,266666656.0,0.0,0,0,0.003,0.0,0.0,0.0,0,0,0,0,0.0,0.0,0.0,100,0,0,0,3,2,2,1,1,3,0,0,0,1,3,0,DoS,1
8e-06,udp,-,INT,2,0,82,0,125000.0003,254,0,41000000.0,0.0,0,0,0.008,0.0,0.0,0.0,0,0,0,0,0.0,0.0,0.0,41,0,0,0,1,2,1,1,1,1,0,0,0,2,2,0,DoS,1
8e-06,ippc,-,INT,2,0,200,0,125000.0003,254,0,100000000.0,0.0,0,0,0.008,0.0,0.0,0.0,0,0,0,0,0.0,0.0,0.0,100,0,0,0,2,2,1,1,1,2,0,0,0,5,2,0,DoS,1
0.597921,tcp,http,FIN,10,8,790,1622,28.431849,62,252,9512.961914,18999.16406,2,2,66.325222,79.61843,4031.786441,130.469664,255,1192948936,3993361547,255,0.121594,0.040585,0.081009,79,203,1,412,1,1,1,1,1,1,0,0,1,1,1,0,DoS,1
2.255197,ospf,-,INT,18,0,2858,0,7.538144,254,0,9577.876953,0.0,0,0,132.658641,0.0,275.712656,0.0,0,0,0,0,0.0,0.0,0.0,159,0,0,0,1,2,1,1,1,1,0,0,0,1,1,0,DoS,1
9e-06,wb-mon,-,INT,2,0,200,0,111111.1072,254,0,88888888.0,0.0,0,0,0.009,0.0,0.0,0.0,0,0,0,0,0.0,0.0,0.0,100,0,0,0,5,2,2,2,2,5,0,0,0,2,5,0,DoS,1
2e-06,unas,-,INT,2,0,200,0,500000.0013,254,0,400000000.0,0.0,0,0,0.002,0.0,0.0,0.0,0,0,0,0,0.0,0.0,0.0,100,0,0,0,5,2,2,2,2,5,0,0,0,5,5,0,DoS,1
7e-06,any,-,INT,2,0,200,0,142857.1409,254,0,114285712.0,0.0,0,0,0.007,0.0,0.0,0.0,0,0,0,0,0.0,0.0,0.0,100,0,0,0,4,2,3,3,3,4,0,0,0,4,4,0,DoS,1
1.209494,tcp,http,FIN,10,10,816,1556,15.709049,62,252,4861.537109,9266.685547,2,2,134.388222,124.316336,9095.29472,198.071484,255,3491378009,882211954,255,0.174767,0.077458,0.097309,82,156,1,327,2,1,1,1,1,2,0,0,1,1,2,0,DoS,1
6e-06,unas,-,INT,2,0,200,0,166666.6608,254,0,133333328.0,0.0,0,0,0.006,0.0,0.0,0.0,0,0,0,0,0.0,0.0,0.0,100,0,0,0,5,2,3,2,2,5,0,0,0,5,5,0,DoS,1
2.549515,tcp,-,FIN,260,42,330803,1816,118.06167,62,252,1034019.438,5563.411133,127,1,9.843688,61.344707,1150.982239,71.903914,255,2449691078,3343294525,255,0.100778,0.03211,0.068668,1272,43,1,0,1,1,1,1,1,1,0,0,1,19,1,0,DoS,1
3e-06,ipcv,-,INT,2,0,200,0,333333.3215,254,0,266666656.0,0.0,0,0,0.003,0.0,0.0,0.0,0,0,0,0,0.0,0.0,0.0,100,0,0,0,4,2,1,1,1,4,0,0,0,3,4,0,DoS,1
0.253103,tcp,-,FIN,10,6,2480,268,59.264413,254,252,70548.35938,7080.12207,2,1,25.565444,45.707199,1275.72611,64.346773,255,2595657737,3840139047,255,0.082362,0.024563,0.057799,248,45,0,0,1,1,1,1,1,1,0,0,0,1,1,0,DoS,1
9e-06,cpnx,-,INT,2,0,200,0,111111.1072,254,0,88888888.0,0.0,0,0,0.009,0.0,0.0,0.0,0,0,0,0,0.0,0.0,0.0,100,0,0,0,3,2,2,2,2,3,0,0,0,3,3,0,DoS,1
0.738771,tcp,ftp,FIN,14,14,698,924,36.547183,62,252,7027.888184,9291.106445,4,5,56.828537,53.258461,3100.735283,86.71975,255,2443060774,2725351733,255,0.091156,0.045807,0.045349,50,66,0,0,1,1,1,1,1,1,0,0,0,1,1,0,DoS,1
0.195897,tcp,-,FIN,10,6,1792,268,76.570852,254,252,65871.35156,9147.664062,2,1,20.149111,37.731,1078.359737,64.832082,255,2347374476,1307800494,255,0.052472,0.007238,0.045234,179,45,1,0,3,1,1,1,1,1,0,0,1,2,1,0,DoS,1
3e-06,wsn,-,INT,2,0,200,0,333333.3215,254,0,266666656.0,0.0,0,0,0.003,0.0,0.0,0.0,0,0,0,0,0.0,0.0,0.0,100,0,0,0,3,2,1,1,1,3,0,0,0,2,3,0,DoS,1
0.265819,tcp,http,FIN,10,8,1170,1100,63.953288,254,252,31690.73633,28982.125,2,2,29.535444,36.742285,1466.363048,53.669187,255,3506621480,653948189,255,0.053753,0.00786,0.045893,117,138,1,112,2,1,1,1,1,1,0,0,1,1,1,0,DoS,1
1.096678,tcp,ftp,FIN,14,12,682,704,22.796117,254,252,4624.875977,4712.413086,4,4,84.352231,95.424,4294.597302,111.69418,255,449295611,3801733202,255,0.09796,0.047013,0.050947,49,59,0,0,1,1,1,1,1,1,1,1,0,1,1,0,DoS,1
0.487649,tcp,-,FIN,10,6,514,268,30.75983,254,252,7595.627441,3674.774414,2,1,54.074,88.420398,2602.91351,132.183812,255,3871255112,1132698108,255,0.103612,0.045545,0.058067,51,45,0,0,4,1,1,1,1,1,0,0,0,3,1,0,DoS,1
2.577689,tcp,-,FIN,252,42,330463,1816,113.667711,62,252,1021541.438,5502.603516,123,1,10.208654,60.59966,1184.840516,71.450719,255,3618441074,3965277198,255,0.160421,0.0931,0.067321,1311,43,1,0,1,1,1,1,1,1,0,0,1,19,2,0,DoS,1
0.791011,tcp,pop3,FIN,20,20,958,3194,49.303993,62,252,9213.525391,30694.89648,7,8,41.632157,41.048,2043.409714,49.462688,255,1338726128,324381410,255,0.054978,0.007117,0.047861,48,160,0,0,1,1,1,1,1,1,0,0,0,1,1,0,DoS,1
3.074896,tcp,http,FIN,98,608,4674,807537,229.27604,62,252,12038.12988,2097525.25,2,302,31.699958,5.04701,1599.837236,646.668709,255,3595779695,3936308606,255,0.05175,0.006556,0.045194,48,1328,1,391313,1,1,1,1,1,1,0,0,1,1,1,0,DoS,1
0.284386,tcp,http,FIN,10,6,1968,268,52.745211,254,252,49847.74219,6301.294434,2,1,29.299111,46.916398,1484.320966,68.803133,255,242315733,3269174341,255,0.083419,0.049796,0.033623,197,45,1,0,1,1,1,1,1,1,0,0,1,1,1,0,DoS,1
4e-06,dgp,-,INT,2,0,200,0,250000.0006,254,0,200000000.0,0.0,0,0,0.004,0.0,0.0,0.0,0,0,0,0,0.0,0.0,0.0,100,0,0,0,7,2,4,4,4,7,0,0,0,6,7,0,DoS,1
0.205227,tcp,http,FIN,10,12,828,8204,102.325716,62,252,29079.99414,293177.7813,2,4,22.803,16.586182,1141.617836,1540.373601,255,3419136915,1077043890,255,0.053206,0.007799,0.045407,83,684,1,3604,1,1,1,1,1,1,0,0,1,1,1,0,DoS,1
6e-06,ospf,-,INT,2,0,200,0,166666.6608,254,0,133333328.0,0.0,0,0,0.006,0.0,0.0,0.0,0,0,0,0,0.0,0.0,0.0,100,0,0,0,7,2,3,3,3,7,0,0,0,3,7,0,DoS,1
9e-06,sprite-rpc,-,INT,2,0,200,0,111111.1072,254,0,88888888.0,0.0,0,0,0.009,0.0,0.0,0.0,0,0,0,0,0.0,0.0,0.0,100,0,0,0,7,2,3,3,3,7,0,0,0,3,7,0,DoS,1
0.39126,tcp,-,FIN,12,10,1246,1922,53.67275,62,252,23370.64844,35372.89844,3,3,35.569092,38.240445,1686.105454,53.368836,255,3219516016,3831121674,255,0.08378,0.046369,0.037411,104,192,1,245,1,1,1,1,1,1,0,0,1,15,1,0,DoS,1
0.38086,tcp,http,FIN,10,8,924,1374,44.635824,62,252,17476.23828,25269.12695,2,2,42.28,49.225285,2271.99337,66.416172,255,1686165723,3957545047,255,0.067103,0.036276,0.030827,92,172,1,278,1,1,1,1,1,1,0,0,1,1,1,0,DoS,1
4e-06,mtp,-,INT,2,0,200,0,250000.0006,254,0,200000000.0,0.0,0,0,0.004,0.0,0.0,0.0,0,0,0,0,0.0,0.0,0.0,100,0,0,0,6,2,3,3,3,6,0,0,0,4,6,0,DoS,1
9e-06,ipip,-,INT,2,0,200,0,111111.1072,254,0,88888888.0,0.0,0,0,0.009,0.0,0.0,0.0,0,0,0,0,0.0,0.0,0.0,100,0,0,0,6,2,3,3,3,6,0,0,0,4,6,0,DoS,1
5e-06,micp,-,INT,2,0,200,0,200000.0051,254,0,160000000.0,0.0,0,0,0.005,0.0,0.0,0.0,0,0,0,0,0.0,0.0,0.0,100,0,0,0,6,2,3,3,3,6,0,0,0,4,6,0,DoS,1
0.488667,tcp,http,FIN,10,8,802,1528,34.788516,62,252,11819.91016,21888.11523,2,2,54.296333,63.48743,3088.390878,101.7295,255,2343789910,2714696274,255,0.102668,0.043651,0.059017,80,191,1,361,1,1,9,1,1,1,0,0,4,1,1,0,DoS,1
1e-06,etherip,-,INT,2,0,200,0,1000000.003,254,0,800000000.0,0.0,0,0,0.001,0.0,0.0,0.0,0,0,0,0,0.0,0.0,0.0,100,0,0,0,5,2,3,3,3,5,0,0,0,4,5,0,DoS,1
8e-06,gmtp,-,INT,2,0,200,0,125000.0003,254,0,100000000.0,0.0,0,0,0.008,0.0,0.0,0.0,0,0,0,0,0.0,0.0,0.0,100,0,0,0,5,2,2,2,2,5,0,0,0,3,5,0,DoS,1
7e-06,ifmp,-,INT,2,0,200,0,142857.1409,254,0,114285712.0,0.0,0,0,0.007,0.0,0.0,0.0,0,0,0,0,0.0,0.0,0.0,100,0,0,0,5,2,2,2,2,5,0,0,0,3,5,0,DoS,1
8e-06,aris,-,INT,2,0,200,0,125000.0003,254,0,100000000.0,0.0,0,0,0.008,0.0,0.0,0.0,0,0,0,0,0.0,0.0,0.0,100,0,0,0,4,2,2,2,2,4,0,0,0,4,4,0,DoS,1
0.419268,tcp,-,FIN,8,6,364,268,31.00642,254,252,6086.798828,4274.115723,1,1,59.895429,71.958398,3712.328298,135.144844,255,358322138,2542573258,255,0.09296,0.047249,0.045711,46,45,0,0,2,1,2,2,1,2,0,0,0,2,3,0,DoS,1
9e-06,compaq-peer,-,INT,2,0,200,0,111111.1072,254,0,88888888.0,0.0,0,0,0.009,0.0,0.0,0.0,0,0,0,0,0.0,0.0,0.0,100,0,0,0,7,2,3,3,3,8,0,0,0,4,7,0,DoS,1
3e-06,vrrp,-,INT,2,0,200,0,333333.3215,254,0,266666656.0,0.0,0,0,0.003,0.0,0.0,0.0,0,0,0,0,0.0,0.0,0.0,100,0,0,0,7,2,2,1,1,8,0,0,0,3,7,0,DoS,1
5e-06,ddx,-,INT,2,0,200,0,200000.0051,254,0,160000000.0,0.0,0,0,0.005,0.0,0.0,0.0,0,0,0,0,0.0,0.0,0.0,100,0,0,0,6,2,2,2,2,6,0,0,0,3,6,0,DoS,1
3e-06,l2tp,-,INT,2,0,200,0,333333.3215,254,0,266666656.0,0.0,0,0,0.003,0.0,0.0,0.0,0,0,0,0,0.0,0.0,0.0,100,0,0,0,6,2,2,2,2,6,0,0,0,3,6,0,DoS,1
0.603289,tcp,http,FIN,10,8,852,1258,28.178866,254,252,10170.91309,14599.96777,2,2,66.972222,81.79557,4129.334091,176.250172,255,3111061559,2088759531,255,0.087513,0.030711,0.056802,85,157,1,227,1,1,2,1,1,1,0,0,1,1,2,0,DoS,1
0.73697,tcp,-,FIN,18,18,988,2792,47.491756,62,252,10138.81152,28625.31641,6,7,43.351176,42.768531,2040.116812,47.487453,255,789236196,2963939351,255,0.055984,0.00916,0.046824,55,155,0,0,1,1,1,1,1,1,0,0,0,1,1,0,DoS,1
0.803395,tcp,smtp,FIN,20,20,3510,1912,48.543993,254,252,33209.07031,18093.2168,7,8,42.283947,40.703051,2039.260117,48.522973,255,2047555263,970705188,255,0.063624,0.017865,0.045759,176,96,0,0,1,1,1,1,1,1,0,0,0,1,1,0,DoS,1
4e-06,ax.25,-,INT,2,0,200,0,250000.0006,254,0,200000000.0,0.0,0,0,0.004,0.0,0.0,0.0,0,0,0,0,0.0,0.0,0.0,100,0,0,0,6,2,3,3,3,6,0,0,0,4,6,0,DoS,1
9e-06,smp,-,INT,2,0,200,0,111111.1072,254,0,88888888.0,0.0,0,0,0.009,0.0,0.0,0.0,0,0,0,0,0.0,0.0,0.0,100,0,0,0,6,2,2,2,2,6,0,0,0,4,6,0,DoS,1
0.183435,tcp,http,FIN,10,6,976,268,81.772838,254,252,38335.10547,9769.12793,2,1,19.157,35.423801,1023.55271,61.48016,255,925156296,1809699415,255,0.051273,0.006315,0.044958,98,45,1,0,2,1,1,1,1,1,0,0,1,1,1,0,DoS,1
0.284786,tcp,http,FIN,10,8,804,1342,59.693949,62,252,20338.08008,33007.24219,2,2,31.642889,39.771,1551.866112,56.176996,255,4137825092,1224984989,255,0.050055,0.005749,0.044306,80,168,1,269,1,1,1,1,1,1,0,0,1,1,1,0,DoS,1
0.540912,tcp,http,FIN,10,6,872,268,27.730945,254,252,11610.02246,3312.923584,2,1,58.271444,96.843398,3752.706387,177.780609,255,377396116,1366672859,255,0.103116,0.056686,0.04643,87,45,1,0,1,1,1,1,1,1,0,0,1,1,1,0,DoS,1
1.241609,tcp,http,FIN,10,10,760,1252,15.302724,62,252,4407.18457,7261.54541,2,2,137.956556,132.588781,7963.501102,279.042281,255,2179956175,157948654,255,0.108363,0.047553,0.06081,76,125,1,183,1,1,1,1,1,2,0,0,1,17,1,0,DoS,1
8e-06,ipx-n-ip,-,INT,2,0,200,0,125000.0003,254,0,100000000.0,0.0,0,0,0.008,0.0,0.0,0.0,0,0,0,0,0.0,0.0,0.0,100,0,0,0,7,2,3,3,3,8,0,0,0,4,7,0,DoS,1
0.189873,tcp,http,FIN,10,6,1896,268,79.000176,254,252,71921.75781,9437.887695,2,1,21.097,33.962398,1055.524338,65.044715,255,1603316635,581676812,255,0.053308,0.005854,0.047454,190,45,1,0,1,1,1,1,1,1,0,0,1,1,1,0,DoS,1
9e-06,udp,-,INT,2,0,144,0,111111.1072,254,0,63999996.0,0.0,0,0,0.009,0.0,0.0,0.0,0,0,0,0,0.0,0.0,0.0,72,0,0,0,2,2,1,1,1,1,0,0,0,2,1,0,DoS,1
9e-06,srp,-,INT,2,0,200,0,111111.1072,254,0,88888888.0,0.0,0,0,0.009,0.0,0.0,0.0,0,0,0,0,0.0,0.0,0.0,100,0,0,0,6,2,3,3,3,6,0,0,0,4,6,0,DoS,1
0.439456,tcp,http,FIN,16,46,1084,54733,138.807985,62,252,18513.79883,974732.4375,2,21,29.297067,9.607733,1521.327005,1020.139718,255,472178199,2819280690,255,0.053488,0.00644,0.047048,68,1190,1,26160,2,1,1,1,1,1,0,0,1,1,1,0,DoS,1
3.155222,tcp,smtp,FIN,122,36,138424,2314,49.758782,62,252,348095.9688,5704.828613,58,8,26.293517,88.401141,2571.853397,117.805398,255,799041954,237133762,255,0.120315,0.060845,0.05947,1135,64,0,0,1,1,1,1,1,1,0,0,0,2,1,0,DoS,1
0.756043,tcp,http,FIN,10,8,886,1844,22.485493,62,252,8443.963867,17078.39258,2,2,83.897556,90.843859,4484.893655,161.96175,255,3888812765,2341745403,255,0.182517,0.120126,0.062391,89,231,1,494,1,1,2,1,1,1,0,0,1,1,1,0,DoS,1
0.228123,tcp,http,FIN,10,8,840,1534,74.521203,62,252,26512.01367,47097.39844,2,2,25.347,30.612,1368.70219,54.523137,255,3191018872,1385950043,255,0.055318,0.008096,0.047222,84,192,1,343,2,1,1,1,1,1,0,0,1,1,1,0,DoS,1
1e-05,sctp,-,INT,2,0,152,0,100000.0025,254,0,60800000.0,0.0,0,0,0.01,0.0,0.0,0.0,0,0,0,0,0.0,0.0,0.0,76,0,0,0,1,2,2,1,1,1,0,0,0,1,1,0,DoS,1
0.545583,tcp,http,FIN,12,10,1282,4042,38.490935,62,252,17243.93945,53344.76953,3,3,49.598454,57.825891,2462.467218,78.657242,255,2682223305,2874869308,255,0.103176,0.024431,0.078745,107,404,1,297,1,1,1,1,1,1,0,0,1,1,1,0,DoS,1
0.907056,tcp,smtp,FIN,40,18,34018,1300,62.840664,62,252,292533.2188,10830.64356,17,6,22.196616,50.098176,1895.920133,79.031469,255,1675675651,2451023429,255,0.102804,0.055378,0.047426,850,72,0,0,1,1,1,1,1,1,0,0,0,1,1,0,DoS,1
0.212358,tcp,http,FIN,10,8,792,1246,80.053495,62,252,26860.30273,41100.40625,2,2,23.595333,26.521,1261.810247,42.659164,255,4284751013,3239446496,255,0.031048,0.017828,0.01322,79,156,1,202,1,1,1,1,1,1,0,0,1,1,1,0,DoS,1
0.221768,tcp,http,FIN,10,8,1204,1030,76.656684,62,252,39103.92578,32538.50781,2,2,24.640889,29.541715,1286.960617,47.175504,255,4152763054,2178691853,255,0.04608,0.014332,0.031748,120,129,1,109,1,1,2,1,1,1,0,0,1,1,1,0,DoS,1
5e-06,argus,-,INT,2,0,180,0,200000.0051,254,0,144000000.0,0.0,0,0,0.005,0.0,0.0,0.0,0,0,0,0,0.0,0.0,0.0,90,0,0,0,10,2,9,8,8,10,0,0,0,8,10,0,DoS,1
0.278337,tcp,http,FIN,10,10,816,5262,68.262573,62,252,21125.4707,136122.75,2,3,30.926333,30.210222,1558.447451,1961.509342,255,606711371,2782571804,255,0.052719,0.005774,0.046945,82,526,1,2178,2,1,1,1,1,1,0,0,1,1,1,0,DoS,1
9e-06,pup,-,INT,2,0,180,0,111111.1072,254,0,80000000.0,0.0,0,0,0.009,0.0,0.0,0.0,0,0,0,0,0.0,0.0,0.0,90,0,0,0,10,2,9,8,8,10,0,0,0,8,10,0,DoS,1
2e-06,unas,-,INT,2,0,200,0,500000.0013,254,0,400000000.0,0.0,0,0,0.002,0.0,0.0,0.0,0,0,0,0,0.0,0.0,0.0,100,0,0,0,5,2,2,2,2,5,0,0,0,2,5,0,DoS,1
9e-06,xns-idp,-,INT,2,0,200,0,111111.1072,254,0,88888888.0,0.0,0,0,0.009,0.0,0.0,0.0,0,0,0,0,0.0,0.0,0.0,100,0,0,0,6,2,2,2,2,6,0,0,0,2,6,0,DoS,1
1.8e-05,trunk-2,-,INT,2,0,200,0,55555.55359,254,0,44444444.0,0.0,0,0,0.018,0.0,0.0,0.0,0,0,0,0,0.0,0.0,0.0,100,0,0,0,4,2,1,1,1,4,0,0,0,3,4,0,DoS,1
2.04738,tcp,-,FIN,18,18,1022,3096,17.095019,62,252,3774.580322,11425.33398,6,7,120.434118,113.38618,5690.433009,135.860703,255,159999708,2182040066,255,0.24201,0.119117,0.122893,57,172,0,0,2,1,1,1,1,1,0,0,0,1,1,0,DoS,1
1.250676,tcp,http,FIN,10,12,828,4400,16.790919,62,252,4771.819336,25803.64453,2,3,138.852889,106.795453,7038.024322,7422.949604,255,3329798270,90778294,255,0.222803,0.075916,0.146887,83,367,1,1699,1,1,1,1,1,1,0,0,1,1,1,0,DoS,1
0.961644,tcp,http,FIN,10,10,872,1122,19.757832,254,252,6530.483398,8402.277344,2,2,106.849333,87.188555,6192.602665,162.387531,255,4116086598,940807391,255,0.213717,0.079714,0.134003,87,112,1,60,2,1,2,1,1,1,0,0,1,2,1,0,DoS,1
0.351436,tcp,http,FIN,10,8,848,1558,48.372963,254,252,17391.50195,31049.75195,2,2,39.048444,36.041715,1911.819808,51.827676,255,3456793473,3895866186,255,0.081538,0.045881,0.035657,85,195,1,359,1,1,1,1,1,1,0,0,1,1,1,0,DoS,1
3e-06,rsvp,-,INT,2,0,200,0,333333.3215,254,0,266666656.0,0.0,0,0,0.003,0.0,0.0,0.0,0,0,0,0,0.0,0.0,0.0,100,0,0,0,4,2,2,2,2,4,0,0,0,3,4,0,DoS,1
4.465907,tcp,-,FIN,32,14,25812,1510,10.07634,254,252,44794.48438,2513.263184,13,3,148.863563,334.594313,21076.69355,876.990188,255,2728029918,2973833741,255,0.21704,0.11557,0.10147,807,108,0,0,7,1,1,1,1,1,0,0,0,2,1,0,DoS,1
2.69138,tcp,http,FIN,10,8,1674,354,6.316462,62,252,4479.486328,921.460388,2,1,298.927,371.529,20571.9929,762.401125,255,3373429158,4270844211,255,0.150817,0.090668,0.060149,167,44,1,0,3,1,1,2,1,1,0,0,1,3,1,0,DoS,1
9e-06,bna,-,INT,2,0,200,0,111111.1072,254,0,88888888.0,0.0,0,0,0.009,0.0,0.0,0.0,0,0,0,0,0.0,0.0,0.0,100,0,0,0,3,2,1,1,1,3,0,0,0,2,3,0,DoS,1
2.093857,tcp,smtp,FIN,22,20,4892,1874,19.581088,254,252,17842.66992,6804.666992,8,8,99.707475,106.256211,5038.332619,121.525992,255,4090917149,2673378362,255,0.139343,0.074162,0.065181,222,94,0,0,1,1,2,1,1,1,0,0,0,2,1,0,DoS,1
0.31115,tcp,-,FIN,12,10,878,562,67.49156,254,252,20697.41211,13009.80176,3,3,26.991272,30.478889,1497.083758,39.348516,255,3076935561,1774788109,255,0.056356,0.036832,0.019524,73,56,0,0,1,1,1,1,1,1,0,0,0,1,1,0,DoS,1
0.683404,tcp,http,FIN,10,6,1526,268,21.948949,254,252,16084.18945,2622.167725,2,1,75.838778,123.050602,3948.602548,197.207938,255,1271815653,644209749,255,0.143054,0.068142,0.074912,153,45,1,0,1,1,2,1,1,9,0,0,1,3,1,0,DoS,1
0.475159,tcp,http,FIN,10,8,918,2140,35.777498,62,252,13923.76074,31534.70898,2,2,52.795444,58.945145,2639.964243,85.093125,255,1646077337,3278014809,255,0.140547,0.061601,0.078946,92,268,1,666,1,1,1,1,1,1,0,0,1,1,1,0,DoS,1
43.513657,ospf,-,INT,42,0,18480,0,0.942233,254,0,3316.659912,0.0,0,0,1061.3085,0.0,1224.316,0.0,0,0,0,0,0.0,0.0,0.0,440,0,0,0,1,2,1,1,1,1,0,0,0,18,1,0,DoS,1
6e-06,unas,-,INT,2,0,200,0,166666.6608,254,0,133333328.0,0.0,0,0,0.006,0.0,0.0,0.0,0,0,0,0,0.0,0.0,0.0,100,0,0,0,6,2,2,2,2,6,0,0,0,2,6,0,DoS,1
8e-06,unas,-,INT,2,0,200,0,125000.0003,254,0,100000000.0,0.0,0,0,0.008,0.0,0.0,0.0,0,0,0,0,0.0,0.0,0.0,100,0,0,0,4,2,2,2,2,4,0,0,0,5,4,0,DoS,1
1.744352,tcp,http,FIN,12,12,1362,3038,13.185412,254,252,5728.20166,12772.65137,3,3,158.485179,151.045,10814.56859,391.398687,255,778747403,1138429915,255,0.135749,0.082853,0.052896,114,253,1,428,1,1,1,1,1,1,0,0,1,1,1,0,DoS,1
4e-06,cphb,-,INT,2,0,200,0,250000.0006,254,0,200000000.0,0.0,0,0,0.004,0.0,0.0,0.0,0,0,0,0,0.0,0.0,0.0,100,0,0,0,3,2,2,2,2,3,0,0,0,3,3,0,DoS,1
0.663733,tcp,http,FIN,10,10,814,1024,28.625968,62,252,8834.87793,11112.90234,2,2,73.748111,63.082891,4648.869229,116.160969,255,2418188743,2435247702,255,0.13727,0.068932,0.068338,81,102,1,51,1,1,1,1,1,1,0,0,1,1,1,0,DoS,1
0.153897,tcp,http,FIN,12,6,5010,268,110.46349,254,252,238757.0938,11644.15137,3,1,12.545818,29.454801,786.008365,47.422574,255,3150020059,1571280218,255,0.051633,0.00662,0.045013,418,45,1,0,1,1,1,1,1,1,0,0,1,1,1,0,DoS,1
2.23906,tcp,-,FIN,258,42,330718,1816,133.538186,62,252,1177054.75,6334.80127,126,1,8.446004,52.607828,1011.264923,68.745992,255,1666521904,1982763963,255,0.18062,0.082136,0.098484,1282,43,1,0,2,1,2,1,1,1,0,0,1,17,2,0,DoS,1
0.495679,tcp,ftp-data,FIN,8,6,364,268,26.226651,254,252,5148.493164,3615.24292,1,1,70.811286,89.260398,4283.612931,150.056156,255,253880441,455288431,255,0.093612,0.048597,0.045015,46,45,0,0,2,1,2,1,1,2,0,0,0,2,2,0,DoS,1
1.321203,tcp,http,FIN,40,220,2228,282265,196.033464,62,252,13157.70606,1701370.625,2,108,33.876999,6.030285,1733.914754,777.439818,255,3562801480,4294535454,255,0.051726,0.006028,0.045698,56,1283,1,136455,1,1,1,1,1,1,0,0,1,1,1,0,DoS,1
0.107679,tcp,http,RST,6,2,258,86,65.008032,254,60,15973.40234,3194.68042,1,1,21.5358,0.008,1436.30227,0.0,255,211641104,303093141,255,0.101371,0.050173,0.051198,43,43,1,162,2,0,9,10,2,21,0,0,4,10,1,0,DoS,1
4.371233,ospf,-,INT,42,0,2688,0,9.379505,254,0,4802.306152,0.0,0,0,106.615437,0.0,160.486734,0.0,0,0,0,0,0.0,0.0,0.0,64,0,0,0,1,2,1,1,1,1,0,0,0,37,1,0,DoS,1
0.306179,tcp,http,FIN,10,8,804,2924,55.523079,62,252,18917.03906,66862.85156,2,2,34.019889,40.74543,1734.03124,58.806133,255,2730415117,3702956342,255,0.070429,0.020216,0.050213,80,366,1,1053,1,1,1,1,1,1,0,0,1,2,1,0,DoS,1
0.351084,tcp,http,FIN,10,8,502,566,48.421461,254,252,10299.5293,11302.13867,2,2,39.009333,40.222285,1970.666595,58.192984,255,3286498239,2754558186,255,0.097576,0.068765,0.028811,50,71,1,21,1,1,1,1,1,1,0,0,1,1,1,0,DoS,1
1.271936,tcp,-,FIN,24,70,1294,71592,73.116883,62,252,7805.423828,443858.7813,6,33,55.301565,17.054086,2627.599041,1454.060645,255,2670214411,2830643192,255,0.08013,0.044707,0.035423,54,1023,0,0,3,1,1,1,1,1,0,0,0,2,1,0,DoS,1
0.483232,ospf,-,INT,20,0,1040,0,39.318589,254,0,16356.5332,0.0,0,0,25.433264,0.0,28.871186,0.0,0,0,0,0,0.0,0.0,0.0,52,0,0,0,1,2,1,1,1,1,0,0,0,1,1,0,DoS,1
1.115789,ospf,-,INT,42,0,1890,0,36.745297,254,0,13228.30664,0.0,0,0,27.214365,0.0,28.648002,0.0,0,0,0,0,0.0,0.0,0.0,45,0,0,0,1,2,1,1,1,1,0,0,0,1,1,0,DoS,1
9e-06,unas,-,INT,2,0,200,0,111111.1072,254,0,88888888.0,0.0,0,0,0.009,0.0,0.0,0.0,0,0,0,0,0.0,0.0,0.0,100,0,0,0,7,2,3,3,3,7,0,0,0,4,7,0,DoS,1
0.17822,tcp,http,FIN,10,6,1140,268,84.165636,254,252,46055.4375,10054.98828,2,1,19.802222,28.658,1022.324279,46.76659,255,3129236182,1477987910,255,0.049726,0.034203,0.015523,114,45,1,0,1,1,1,1,1,1,0,0,1,3,1,0,DoS,1
0.388142,tcp,http,FIN,10,8,1150,1022,43.798405,254,252,21332.40039,18446.85742,2,2,43.126889,45.36057,2182.82851,58.193012,255,3755191570,940429565,255,0.113438,0.069917,0.043521,115,128,1,98,1,1,1,1,1,1,0,0,1,2,1,0,DoS,1
1.6004,tcp,pop3,FIN,26,58,1238,55000,51.862035,62,252,5953.511719,270192.4688,7,27,64.015997,26.875861,3520.35323,2270.149321,255,2337521564,1707975725,255,0.128042,0.067716,0.060326,48,948,0,0,1,1,1,1,1,1,0,0,0,1,1,0,DoS,1
1e-05,unas,-,INT,2,0,200,0,100000.0025,254,0,80000000.0,0.0,0,0,0.01,0.0,0.0,0.0,0,0,0,0,0.0,0.0,0.0,100,0,0,0,5,2,1,1,1,5,0,0,0,3,5,0,DoS,1
2.501104,tcp,irc,FIN,14,14,930,948,10.795232,62,252,2763.57959,2817.955566,4,4,192.392615,185.06,10748.5593,343.413875,255,1310474919,1558138549,255,0.256174,0.094564,0.16161,66,68,0,0,1,1,1,1,1,1,0,0,0,1,1,0,DoS,1
1.952935,tcp,-,FIN,258,42,330718,1816,153.102895,62,252,1349505.25,7262.914551,126,1,7.627232,46.867562,879.084335,57.757047,255,2008075597,1887564196,255,0.101509,0.031356,0.070153,1282,43,1,0,1,1,1,1,1,1,0,0,1,1,1,0,DoS,1
1.402308,tcp,http,FIN,10,10,864,1910,13.549092,254,252,4438.397461,9806.69043,2,2,155.812,140.771891,9978.593584,223.8315,255,712043431,423535861,255,0.194577,0.083599,0.110978,86,191,1,486,2,1,1,1,1,1,0,0,1,1,1,0,DoS,1
7e-06,unas,-,INT,2,0,200,0,142857.1409,254,0,114285712.0,0.0,0,0,0.007,0.0,0.0,0.0,0,0,0,0,0.0,0.0,0.0,100,0,0,0,2,2,1,1,1,2,0,0,0,3,2,0,DoS,1
3.275916,tcp,-,FIN,16,10,6750,576,7.631453,254,252,15455.8291,1267.431763,5,3,218.3944,348.155344,19063.61119,672.00325,255,857777469,1435114060,255,0.176657,0.077687,0.09897,422,58,0,0,2,1,1,1,1,2,0,0,0,1,2,0,DoS,1
12.672937,udp,-,INT,362,0,19186,0,28.485898,254,0,12078.02051,0.0,0,0,35.10509,0.0,201.845094,0.0,0,0,0,0,0.0,0.0,0.0,53,0,0,0,1,2,1,1,1,1,0,0,0,1,1,0,DoS,1
4.601789,tcp,smtp,FIN,36,22,19813,1726,12.386487,254,252,33487.84766,2864.972656,14,8,131.479687,213.822375,12795.93629,481.366875,255,280038433,1303743262,255,0.18037,0.110607,0.069763,550,78,0,0,1,1,1,1,1,1,0,0,0,5,1,0,DoS,1
2.119372,tcp,http,FIN,10,10,756,1244,8.96492,62,252,2570.572998,4227.66748,2,2,235.469778,220.544219,15364.69826,346.682781,255,25423408,1257018436,255,0.218551,0.134465,0.084086,76,124,1,181,1,1,1,1,1,1,0,0,1,1,2,0,DoS,1
0.808355,tcp,http,FIN,12,20,854,18762,38.349489,254,252,7749.070801,176397.75,2,8,73.424456,39.130422,3914.304905,3616.753331,255,497698518,2432423561,255,0.148987,0.064874,0.084113,71,938,1,0,1,1,1,1,1,2,0,0,1,1,1,0,DoS,1
59.856361,tcp,-,CON,754,370,279942,15920,18.761581,254,252,37365.58594,2122.013428,376,1,79.490532,161.949688,4000.859041,175.470937,255,2090616192,1200223257,255,0.124746,0.052634,0.072112,371,43,0,0,1,0,1,1,1,1,0,0,0,1,1,0,DoS,1
1.573082,tcp,http,FIN,10,10,802,1400,12.078201,62,252,3671.772949,6407.803223,2,2,174.786889,162.012328,9913.895778,334.308281,255,2275459275,1130536851,255,0.218379,0.114201,0.104178,80,140,1,244,2,1,16,1,1,1,0,0,1,1,1,0,DoS,1
6.513415,tcp,http,FIN,634,96,825740,4138,111.922857,254,252,1012603.063,5029.619629,314,1,10.268313,68.245719,1216.128198,77.712633,255,1336590297,2770996395,255,0.097567,0.030063,0.067504,1302,43,1,0,2,1,1,2,1,1,0,0,1,2,1,0,DoS,1
1.028692,tcp,smtp,FIN,34,22,19695,1758,53.465954,254,252,148662.5781,13057.3584,14,8,31.172484,47.374953,1994.101736,65.918883,255,1364707502,4242365996,255,0.053963,0.018137,0.035826,579,80,0,0,1,1,1,1,1,1,0,0,0,19,1,0,DoS,1
1.2551,tcp,ftp,FIN,12,14,584,6348,19.918731,62,252,3416.460693,37574.69531,3,5,114.002726,90.636464,6535.513121,5739.65,255,545441153,898930619,255,0.140608,0.076825,0.063783,49,453,0,0,1,1,1,1,1,2,0,0,0,1,1,0,DoS,1
2.636886,tcp,-,FIN,10,6,732,268,5.688528,254,252,1999.328125,679.589539,2,1,292.843556,509.825188,23803.37724,988.4745,255,2554884157,1693856761,255,0.134457,0.087755,0.046702,73,45,0,0,1,1,2,1,1,1,0,0,0,1,1,0,DoS,1
3.25424,ospf,-,REQ,8,0,864,0,2.15104,254,0,1858.498413,0.0,0,0,568.887625,0.0,660.465812,0.0,0,0,0,0,0.0,0.0,0.0,108,0,0,0,1,6,1,1,1,1,0,0,0,4,1,0,DoS,1
2.210625,tcp,smtp,FIN,40,22,19903,1736,27.594007,254,252,70228.10156,6000.113281,14,8,56.682692,101.577477,3875.543037,167.617844,255,1246095275,1325466005,255,0.102148,0.055267,0.046881,498,79,0,0,1,1,1,1,1,1,0,0,0,1,1,0,DoS,1
0.828494,tcp,http,FIN,10,18,810,15628,32.589252,62,252,7039.27832,142523.6563,2,7,92.054889,44.20894,5581.325875,4866.128638,255,226537507,847121715,255,0.148471,0.076311,0.07216,81,868,1,7205,1,1,2,1,1,1,0,0,1,1,1,0,DoS,1
9e-06,udp,-,INT,2,0,422,0,111111.1072,254,0,187555552.0,0.0,0,0,0.009,0.0,0.0,0.0,0,0,0,0,0.0,0.0,0.0,211,0,0,0,1,2,1,1,1,1,0,0,0,18,1,0,DoS,1
1e-06,sep,-,INT,2,0,104,0,1000000.003,254,0,416000000.0,0.0,0,0,0.001,0.0,0.0,0.0,0,0,0,0,0.0,0.0,0.0,52,0,0,0,1,2,2,1,1,1,0,0,0,1,1,0,DoS,1
0.380748,tcp,http,FIN,10,8,840,2368,44.648954,62,252,15884.52148,43535.35547,2,2,42.305333,48.56643,2155.577729,66.755719,255,932914416,2528802897,255,0.097217,0.040111,0.057106,84,296,1,760,2,1,1,1,1,1,0,0,1,1,1,0,DoS,1
2.400099,tcp,pop3,FIN,24,24,1114,3074,19.582525,62,252,3559.853027,9819.594727,7,8,104.352131,102.734523,6380.603952,155.552234,255,1752819832,2730621665,255,0.070321,0.028303,0.042018,46,128,0,0,1,1,1,1,1,1,0,0,0,1,1,0,DoS,1
1.18699,tcp,smtp,FIN,20,16,5066,1140,29.486347,254,252,32438.35156,7204.77832,7,6,58.880576,74.80093,2922.256237,82.847375,255,2736855371,1277527325,255,0.129437,0.064972,0.064465,253,71,0,0,1,1,1,1,1,1,0,0,0,1,1,0,DoS,1
1.980092,tcp,-,FIN,30,16,21304,778,22.726216,254,252,83204.21094,2949.35791,11,5,68.226207,128.152398,4436.404736,177.274891,255,1446351002,2397442998,255,0.138037,0.057801,0.080236,710,49,0,0,8,1,1,1,1,4,0,0,0,3,4,0,DoS,1
0.316875,tcp,-,FIN,10,6,3128,268,47.337277,254,252,71094.28125,5655.226562,2,1,32.546111,53.127,1599.393453,74.663305,255,3262447600,3195768087,255,0.091808,0.051237,0.040571,313,45,0,0,1,1,1,1,1,1,0,0,0,3,1,0,DoS,1
2.34287,tcp,smtp,FIN,22,20,3007,1824,17.499904,62,252,9803.361328,5917.52832,8,8,111.565241,119.951422,5856.030565,160.7835,255,1517275761,117713074,255,0.222956,0.063095,0.159861,137,91,0,0,1,1,1,1,1,1,0,0,0,1,1,0,DoS,1
32.905418,ospf,-,INT,28,0,12832,0,0.820534,254,0,3008.379883,0.0,0,0,1218.71925,0.0,1492.610625,0.0,0,0,0,0,0.0,0.0,0.0,458,0,0,0,1,2,1,1,1,1,0,0,0,1,1,0,DoS,1
0.187426,tcp,-,FIN,10,6,540,268,80.031585,254,252,20744.1875,9561.106445,2,1,18.861889,36.056,998.053054,59.472563,255,2707419729,3721746876,255,0.051438,0.007143,0.044295,54,45,0,0,4,1,1,1,1,1,0,0,0,1,1,0,DoS,1
0.818334,tcp,http,FIN,10,8,800,930,20.773914,62,252,7038.690918,7957.631348,2,2,90.827222,102.402,4944.790217,190.150438,255,2336427784,1413206427,255,0.179981,0.101517,0.078464,80,116,1,54,2,1,3,2,2,2,0,0,4,2,2,0,DoS,1
42.793449,ospf,-,INT,42,0,2184,0,0.958091,254,0,398.565674,0.0,0,0,1043.742625,0.0,1236.527125,0.0,0,0,0,0,0.0,0.0,0.0,52,0,0,0,1,2,1,1,1,1,0,0,0,2,1,0,DoS,1
1.70417,tcp,smtp,FIN,24,22,4819,1762,26.405816,62,252,21683.2832,7895.925781,9,8,74.056738,79.688,4757.117133,108.126664,255,992157556,442656240,255,0.096631,0.03072,0.065911,201,80,0,0,1,1,1,1,1,1,0,0,0,3,1,0,DoS,1
4e-06,ipv6,-,INT,2,0,86,0,250000.0006,254,0,86000000.0,0.0,0,0,0.004,0.0,0.0,0.0,0,0,0,0,0.0,0.0,0.0,43,0,0,0,1,2,2,1,1,1,0,0,0,1,1,0,DoS,1
0.270132,tcp,http,FIN,10,8,788,994,62.932195,62,252,21026.75781,25765.18164,2,2,30.014667,35.933285,1458.352219,55.388363,255,2860728346,1325575207,255,0.048172,0.017935,0.030237,79,124,1,98,1,1,1,1,1,1,0,0,1,17,1,0,DoS,1
0.248645,tcp,http,FIN,10,16,832,15110,100.544957,62,252,24098.61523,455782.3438,2,6,27.627222,13.872333,1323.874761,1367.340841,255,3658099348,2990472223,255,0.055582,0.008451,0.047131,83,944,1,6974,2,1,1,1,1,1,0,0,1,1,1,0,DoS,1
0.193534,tcp,http,FIN,10,6,2046,268,77.505761,254,252,76141.65625,9259.354492,2,1,19.283778,37.362602,1022.193018,61.11675,255,322007507,1804146252,255,0.055006,0.006717,0.048289,205,45,1,0,1,1,1,1,1,1,0,0,1,1,2,0,DoS,1
9e-06,udp,dns,INT,2,0,166,0,111111.1072,254,0,73777776.0,0.0,0,0,0.009,0.0,0.0,0.0,0,0,0,0,0.0,0.0,0.0,83,0,0,0,1,2,1,1,1,1,0,0,0,1,1,0,DoS,1
0.977579,tcp,-,FIN,12,8,1292,412,19.435769,254,252,9697.425781,2954.237061,3,2,88.870818,129.850859,4919.863548,199.859953,255,70025473,316901227,255,0.122668,0.068025,0.054643,108,52,0,0,1,1,1,1,1,1,0,0,0,1,1,0,DoS,1
1.549142,tcp,-,FIN,10,8,466,354,10.973816,254,252,2168.942627,1600.886108,2,1,172.126889,204.566859,10967.01768,466.768531,255,1671974717,3017049917,255,0.204742,0.082089,0.122653,47,44,0,0,1,1,1,1,1,1,0,0,0,1,1,0,DoS,1
0.990429,tcp,smtp,FIN,62,26,60438,2180,87.840725,62,252,480309.0313,16938.11523,28,8,16.50715,38.567199,1282.471975,47.554969,255,586167918,2799692510,255,0.056931,0.008707,0.048224,975,84,0,0,2,1,1,1,1,1,0,0,0,1,1,0,DoS,1
0.335389,tcp,http,FIN,10,8,786,986,50.687413,62,252,16887.85352,20585.05273,2,2,37.265444,46.36057,1857.830627,64.67741,255,4057934349,543199704,255,0.059614,0.010233,0.049381,79,123,1,75,1,1,1,1,1,1,0,0,1,1,1,0,DoS,1
0.324995,tcp,http,FIN,18,8,10502,1506,76.924258,62,252,244163.75,32443.57422,6,2,16.165471,39.24143,1006.540933,46.986277,255,173865732,3943087132,255,0.073944,0.050296,0.023648,583,188,1,347,1,1,3,1,1,1,0,0,1,1,1,0,DoS,1
0.70687,tcp,http,FIN,10,8,932,912,24.049683,62,252,9495.380859,9031.363281,2,2,78.439,92.14357,4386.768133,137.737313,255,2763331138,1276045676,255,0.102477,0.061863,0.040614,93,114,1,30,1,1,1,1,1,1,0,0,1,1,1,0,DoS,1
0.016052,udp,-,CON,2,2,168,112,186.892596,254,60,41863.94141,27909.29492,0,0,0.008,0.001,0.0,0.0,0,0,0,0,0.0,0.0,0.0,84,56,0,0,3,0,2,1,1,2,0,0,0,2,2,0,DoS,1
1e-05,udp,-,INT,2,0,522,0,100000.0025,254,0,208800000.0,0.0,0,0,0.01,0.0,0.0,0.0,0,0,0,0,0.0,0.0,0.0,261,0,0,0,1,2,1,1,1,1,0,0,0,15,1,0,DoS,1
59.714836,udp,-,CON,164,162,103898,128270,5.442534,254,60,13834.41797,17078.36914,0,0,366.348625,367.0855,463.359438,474.122875,0,0,0,0,0.0,0.0,0.0,634,792,0,0,1,0,1,1,1,1,0,0,0,1,1,0,DoS,1
0.810182,tcp,smtp,FIN,24,20,4347,1902,53.074496,62,252,41136.4375,17842.9043,9,8,35.225304,41.914578,1868.764832,50.096203,255,3757325714,3979054438,255,0.056023,0.010477,0.045546,181,95,0,0,1,1,1,1,1,1,0,0,0,1,1,0,DoS,1
0.201449,tcp,http,FIN,10,18,876,15850,134.028956,62,252,31332.99219,594492.875,2,7,22.383222,11.178235,1186.532906,1281.070983,255,3042572839,134795111,255,0.053559,0.007008,0.046551,88,881,1,7296,2,1,1,1,1,1,0,0,1,1,1,0,DoS,1
0.688653,tcp,http,FIN,10,8,832,1230,24.685873,62,252,8701.043945,12511.38086,2,2,76.517,83.563289,3934.998581,145.244781,255,540578483,3886374486,255,0.182229,0.082843,0.099386,83,154,1,217,1,1,10,1,1,1,0,0,1,1,1,0,DoS,1
0.258944,tcp,http,FIN,10,8,810,1210,65.651259,62,252,22522.24414,32717.49805,2,2,28.771556,33.766,1549.616673,57.852082,255,421920493,3064328802,255,0.054514,0.0081,0.046414,81,151,1,202,1,1,1,1,1,1,0,0,1,1,1,0,DoS,1
0.420255,tcp,-,FIN,12,8,940,436,45.210645,254,252,16409.08398,7271.775391,3,2,35.825456,57.045855,1807.005394,72.989367,255,1188760929,1356616765,255,0.080817,0.02093,0.059887,78,55,0,0,1,1,1,1,1,1,0,0,0,2,1,0,DoS,1
0.233987,tcp,http,FIN,10,14,798,9986,98.296058,62,252,24582.5625,317043.25,2,5,25.998556,14.066846,1396.212262,1232.483226,255,2283117592,3750747573,255,0.100829,0.050507,0.050322,80,713,1,4469,2,1,1,1,1,2,0,0,1,1,2,0,DoS,1
1.496097,tcp,-,FIN,20,16,3656,2052,23.394206,254,252,18576.33594,10288.10352,7,6,78.741947,94.219664,3808.343693,115.462648,255,817838348,1451255578,255,0.081112,0.04113,0.039982,183,128,0,0,4,1,1,1,1,1,0,0,0,1,1,0,DoS,1
0.418396,tcp,http,FIN,10,8,834,920,40.631364,62,252,14359.60156,15392.11719,2,2,46.488444,45.53957,2613.274188,64.011992,255,3864252109,998413483,255,0.133809,0.082609,0.0512,83,115,1,34,1,1,2,1,1,1,0,0,1,1,1,0,DoS,1
0.227257,tcp,http,FIN,10,8,852,1362,74.805177,62,252,27000.26953,41961.30469,2,2,25.250778,30.281428,1230.334837,46.88027,255,3801608475,908499090,255,0.043548,0.014298,0.02925,85,170,1,254,1,1,1,1,1,1,0,0,1,1,1,0,DoS,1
2e-06,udp,-,INT,2,0,98,0,500000.0013,254,0,196000000.0,0.0,0,0,0.002,0.0,0.0,0.0,0,0,0,0,0.0,0.0,0.0,49,0,0,0,3,2,1,1,1,1,0,0,0,2,1,0,DoS,1
1.274566,tcp,http,FIN,10,8,860,354,13.337873,254,252,4858.124023,1945.760254,2,1,141.519556,170.685281,8411.003602,287.118875,255,1322842203,959982234,255,0.132761,0.079762,0.052999,86,44,1,0,1,1,1,1,1,1,0,0,1,2,1,0,DoS,1
1.568451,tcp,smtp,FIN,20,18,2824,1270,23.590153,254,252,13684.83887,6120.688477,6,7,82.55005,91.774062,4812.749148,148.736703,255,446889203,757749410,255,0.038054,0.007251,0.030803,141,71,0,0,1,1,1,1,1,1,0,0,0,19,1,0,DoS,1
1.480028,tcp,pop3,FIN,20,20,954,2436,26.350852,62,252,4902.609863,12513.27637,7,8,77.896214,72.260898,4219.854985,109.013312,255,4012748535,549090738,255,0.136038,0.068969,0.067069,48,122,0,0,1,1,1,1,1,1,0,0,0,2,1,0,DoS,1
0.380086,tcp,-,FIN,10,6,1348,268,39.464752,62,252,25552.11133,4714.722168,2,1,42.197667,69.747203,2072.475486,86.103266,255,2804478610,949007141,255,0.066181,0.031347,0.034834,135,45,0,0,4,1,1,1,1,1,0,0,0,2,1,0,DoS,1
0.063573,udp,dns,CON,2,2,138,1022,47.189843,254,60,8682.930664,64304.02734,0,0,0.007,0.008,0.0,0.0,0,0,0,0,0.0,0.0,0.0,69,511,0,0,1,0,1,1,1,1,0,0,0,1,1,0,DoS,1
0.982388,tcp,-,FIN,10,6,646,268,15.268916,254,252,4739.47168,1824.126465,2,1,103.223333,172.548203,5607.255623,291.245406,255,2291194981,739176398,255,0.226691,0.119645,0.107046,65,45,0,0,1,1,2,1,1,2,0,0,0,1,3,0,DoS,1
2.586826,tcp,smtp,FIN,32,20,17045,1726,19.71528,62,252,51067.98828,5071.852539,13,8,83.442228,139.457109,7141.125393,242.469609,255,742436288,6218282,255,0.156254,0.076581,0.079673,533,86,0,0,1,1,1,1,1,1,0,0,0,1,1,0,DoS,1
5e-06,ip,-,INT,2,0,180,0,200000.0051,254,0,144000000.0,0.0,0,0,0.005,0.0,0.0,0.0,0,0,0,0,0.0,0.0,0.0,90,0,0,0,4,2,3,4,3,3,0,0,0,4,3,0,DoS,1
3e-06,bbn-rcc,-,INT,2,0,180,0,333333.3215,254,0,239999984.0,0.0,0,0,0.003,0.0,0.0,0.0,0,0,0,0,0.0,0.0,0.0,90,0,0,0,10,2,9,8,8,10,0,0,0,8,10,0,DoS,1
0.557369,tcp,http,FIN,12,10,1384,2222,37.677015,254,252,18214.14648,28706.29688,3,3,50.669908,51.973,2502.979992,64.546652,255,3452328602,2762183831,255,0.083833,0.041323,0.04251,115,222,1,237,2,1,1,1,1,1,0,0,1,19,1,0,DoS,1
4e-06,udp,-,INT,2,0,1714,0,250000.0006,254,0,1714000000.0,0.0,0,0,0.004,0.0,0.0,0.0,0,0,0,0,0.0,0.0,0.0,857,0,0,0,2,2,1,1,1,1,0,0,0,1,1,0,DoS,1
1.377357,tcp,http,FIN,10,8,1048,354,12.342479,254,252,5482.964844,1800.549927,2,1,152.944556,184.878281,9162.374618,362.6955,255,682732544,186591042,255,0.154711,0.083206,0.071505,105,44,1,0,3,1,1,2,1,1,0,0,1,3,1,0,DoS,1
5e-06,dcn,-,INT,2,0,200,0,200000.0051,254,0,160000000.0,0.0,0,0,0.005,0.0,0.0,0.0,0,0,0,0,0.0,0.0,0.0,100,0,0,0,6,2,2,2,2,6,0,0,0,4,6,0,DoS,1
2.849779,tcp,smtp,FIN,26,24,2991,2092,17.194316,62,252,8073.608887,5628.506836,8,8,113.991158,122.562172,8438.759929,187.376937,255,1297143948,3864813889,255,0.028244,0.014476,0.013768,115,87,0,0,1,1,1,1,1,1,0,0,0,1,1,0,DoS,1
0.717125,tcp,-,FIN,10,8,624,354,23.70577,254,252,6269.479004,3458.253418,2,1,78.602889,92.608289,4349.611952,192.222094,255,1000089408,4264238762,255,0.120932,0.068865,0.052067,62,44,0,0,5,1,1,1,1,1,0,0,0,2,1,0,DoS,1
1.024649,tcp,-,FIN,16,6,9714,268,20.494823,254,252,71103.375,1748.891479,5,1,60.992799,191.602406,4089.587996,282.083,255,180324428,2751567844,255,0.181816,0.066627,0.115189,607,45,0,0,1,1,1,1,1,1,0,0,0,1,1,0,DoS,1
3.647308,tcp,-,FIN,14,12,5076,640,6.85437,254,252,10339.68066,1287.524902,4,2,280.552856,323.846531,19974.32055,542.684687,255,138390523,3884170073,255,0.170194,0.084993,0.085201,363,53,0,0,4,1,1,1,1,1,0,0,0,1,1,0,DoS,1
0.643313,tcp,dns,FIN,10,8,518,354,26.425706,254,252,5807.4375,3855.044189,2,1,71.479222,77.260859,3989.074322,146.554078,255,355171651,2470687971,255,0.124986,0.064299,0.060687,52,44,0,0,23,1,1,19,1,1,0,0,0,20,1,0,DoS,1
0.69724,tcp,http,FIN,10,8,796,958,24.381849,62,252,8226.722656,9626.527344,2,2,77.471111,93.956141,4341.843757,167.702484,255,3477631929,983317436,255,0.114731,0.038677,0.076054,80,120,1,69,1,1,1,1,1,1,0,0,1,1,1,0,DoS,1
0.467597,tcp,http,FIN,10,6,1258,268,32.078905,62,252,19384.21289,3832.359863,2,1,51.955222,87.535203,2805.262727,141.947234,255,2976117824,574812957,255,0.098945,0.029195,0.06975,126,45,1,0,1,1,1,1,1,1,0,0,1,1,1,0,DoS,1
0.739571,tcp,http,FIN,10,10,804,3200,25.69057,62,252,7831.567383,31153.19727,2,2,82.063333,74.868,5601.206805,115.354219,255,1470936460,3241064964,255,0.112187,0.06575,0.046437,80,320,1,1149,1,1,1,1,1,1,0,0,1,1,1,0,DoS,1
0.139006,sctp,-,CON,4,2,536,440,35.969669,254,60,23135.69141,12661.32324,0,0,46.335332,0.007,65.515328,0.0,0,0,0,0,0.0,0.0,0.0,134,220,0,0,1,0,1,1,1,1,0,0,0,18,1,0,DoS,1
1.656089,tcp,ftp,FIN,24,24,1158,1840,28.380118,254,252,5362.030762,8521.28125,7,10,72.00387,71.732739,3794.946895,4756.374413,255,3879757032,1282223395,255,0.050002,0.005608,0.044394,48,77,0,0,1,1,1,1,1,1,1,1,0,1,1,0,DoS,1
0.530701,tcp,ftp-data,FIN,8,18,364,16744,47.107507,254,252,4808.734375,238386.5938,1,7,75.814426,30.391472,5594.486774,3773.814434,255,2173364898,3478397074,255,0.055607,0.010763,0.044844,46,930,0,0,2,1,2,1,1,2,0,0,0,2,2,0,DoS,1
1.050933,tcp,http,FIN,10,10,762,1226,18.079173,62,252,5222.026367,8403.960938,2,2,116.645222,110.114336,6371.449678,197.508797,255,1842863435,510220574,255,0.14708,0.059901,0.087179,76,123,1,164,1,1,1,1,1,1,0,0,1,1,1,0,DoS,1
1.129132,tcp,-,FIN,12,10,1002,802,18.598356,254,252,6511.195801,5115.433594,3,2,99.362453,117.085664,5455.323721,192.612391,255,2918191374,3310447070,255,0.153225,0.075358,0.077867,84,80,0,0,1,1,4,1,1,1,0,0,0,1,5,0,DoS,1
1.526841,tcp,http,FIN,10,10,802,1142,12.443993,62,252,3782.974121,5386.28418,2,2,169.496889,162.607219,9595.449742,277.091469,255,607464934,1919693542,255,0.177507,0.063367,0.11414,80,114,1,124,4,1,1,2,1,1,0,0,1,2,1,0,DoS,1
0.941255,tcp,http,FIN,10,8,816,354,18.060994,254,252,6246.979004,2634.780273,2,1,104.583889,118.922,6429.862254,175.585547,255,82523682,1852592903,255,0.210687,0.108194,0.102493,82,44,1,0,1,1,1,1,1,1,0,0,1,1,2,0,DoS,1
0.577978,tcp,-,FIN,10,6,840,268,25.952544,62,252,10464.06543,3100.463867,2,1,56.945667,90.195,2961.665528,121.823367,255,3270122473,3648504558,255,0.170796,0.126994,0.043802,84,45,0,0,1,1,1,1,1,1,0,0,0,15,1,0,DoS,1
0.225453,tcp,http,FIN,10,8,782,966,75.403741,62,252,24980.81641,30019.56055,2,2,25.050333,30.636428,1361.593834,54.857582,255,123927332,548634129,255,0.050986,0.006416,0.04457,78,121,1,68,1,1,1,1,1,1,0,0,1,1,1,0,DoS,1
0.288764,tcp,http,FIN,10,8,806,1216,58.871605,62,252,20113.31055,29477.35938,2,2,32.084889,33.533,1613.0222,57.219469,255,3965538877,57900610,255,0.058147,0.012085,0.046062,81,152,1,208,1,1,1,1,1,1,0,0,1,1,1,0,DoS,1
59.972233,tcp,http,CON,978,6494,42538,8645430,124.574318,62,252,5668.623535,1153080.125,2,3246,61.383977,9.23263,3010.062191,1163.841861,255,1368257979,3074775950,255,0.109793,0.040654,0.069139,43,1331,1,5242880,1,3,1,1,1,1,0,0,2,1,1,0,DoS,1
0.964946,tcp,smtp,FIN,42,22,33683,1752,65.288629,62,252,272612.1563,13870.20703,18,8,23.535268,45.395855,1565.939339,49.698531,255,21453099,352200413,255,0.0584,0.010997,0.047403,802,80,0,0,1,1,1,1,1,1,0,0,0,1,1,0,DoS,1
0.171922,tcp,http,FIN,20,6,16876,268,145.414783,254,252,746059.25,10423.33203,7,1,8.238474,32.825801,687.648401,54.381793,255,3959210888,4014199969,255,0.053682,0.00779,0.045892,844,45,1,0,2,1,1,1,1,1,0,0,1,1,1,0,DoS,1
0.473662,tcp,ftp,FIN,14,12,1752,826,52.780254,254,252,27479.51172,12802.37793,4,4,35.288001,42.324637,1860.471337,51.159719,255,933600395,624093088,255,0.055086,0.008082,0.047004,125,69,0,0,1,1,1,1,1,1,0,0,0,1,1,0,DoS,1
0.107679,tcp,-,RST,6,2,258,86,65.008032,254,60,15973.40234,3194.68042,1,1,21.5358,0.008,1436.30227,0.0,255,211641104,303093141,255,0.101371,0.050173,0.051198,43,43,1,162,21,0,9,10,2,21,0,0,4,10,20,0,DoS,1
0.241846,tcp,http,FIN,10,8,840,2412,70.292667,62,252,25007.65039,69829.5625,2,2,26.871778,29.530715,1468.580376,51.482141,255,3590077843,2989757238,255,0.080714,0.030023,0.050691,84,302,1,784,1,1,1,1,1,1,0,0,1,1,1,0,DoS,1
0.997557,tcp,http,FIN,10,12,834,3632,21.051429,62,252,6022.713379,26705.24219,2,3,110.839667,81.160088,6077.21348,6485.68146,255,2014803213,2164652667,255,0.20608,0.104071,0.102009,83,303,1,1308,3,1,2,2,1,3,0,0,1,9,3,0,DoS,1
1e-06,udp,dns,INT,2,0,128,0,1000000.003,62,0,512000000.0,0.0,0,0,0.001,0.0,0.0,0.0,0,0,0,0,0.0,0.0,0.0,64,0,0,0,1,2,1,1,1,1,0,0,0,4,1,0,DoS,1
0.086342,udp,dns,CON,2,2,122,312,34.745547,62,252,5651.942383,14454.14746,0,0,0.001,0.003,0.0,0.0,0,0,0,0,0.0,0.0,0.0,61,156,0,0,1,3,1,1,1,1,0,0,0,1,1,0,DoS,1
0.584107,tcp,dns,FIN,10,8,514,608,29.104257,62,252,6341.304199,7286.336426,2,2,64.900778,68.007711,3292.587385,106.017039,255,3297948709,784735415,255,0.096512,0.058129,0.038383,51,76,0,0,1,1,4,1,1,1,0,0,0,1,1,0,DoS,1
0.252386,tcp,http,FIN,10,8,824,1024,67.357142,62,252,23519.5293,28400.94141,2,2,28.042889,25.402715,1449.23768,51.280258,255,1001700802,3368431731,255,0.10024,0.047736,0.052504,82,128,1,113,1,1,1,1,1,1,0,0,1,1,1,0,DoS,1
10.510867,tcp,-,FIN,134,64,48662,2752,18.742507,254,252,36761.19141,2061.865967,65,0,79.041134,165.714906,3928.155111,175.610734,255,2091828979,1200223257,255,0.124746,0.052634,0.072112,363,43,0,0,8,1,1,1,1,1,0,0,0,3,2,0,DoS,1
0.782927,tcp,http,FIN,10,8,844,1660,21.713392,254,252,7765.730469,14846.85059,2,2,86.991889,90.086711,4490.722514,173.342828,255,36799893,2192080670,255,0.146591,0.08538,0.061211,84,208,1,423,1,1,1,1,1,1,0,0,1,1,1,0,DoS,1
0.30844,tcp,http,FIN,10,8,828,1846,55.116068,62,252,19348.98242,41914.14844,2,2,34.271111,39.782,1671.114552,55.413746,255,3348016017,2926114663,255,0.078993,0.029246,0.049747,83,231,1,504,1,1,1,1,1,1,0,0,1,1,1,0,DoS,1
8e-06,vines,-,INT,2,0,200,0,125000.0003,254,0,100000000.0,0.0,0,0,0.008,0.0,0.0,0.0,0,0,0,0,0.0,0.0,0.0,100,0,0,0,4,2,2,2,2,4,0,0,0,2,4,0,DoS,1
0.539263,tcp,http,FIN,10,6,1222,268,27.815741,254,252,16318.56738,3323.053711,2,1,55.644778,91.939203,2831.516469,128.868156,255,3857790392,3587970022,255,0.119935,0.079557,0.040378,122,45,1,0,2,1,2,2,1,1,0,0,1,2,1,0,DoS,1
36.410484,sctp,-,CON,250,24,248562,1652,7.49784,254,60,54394.88281,348.031616,0,0,146.226828,472.506875,217.958844,517.294969,0,0,0,0,0.0,0.0,0.0,994,69,0,0,1,0,1,1,1,1,0,0,0,34,1,0,DoS,1
0.842268,tcp,http,FIN,10,8,862,2046,20.1836,62,252,7370.575684,17011.21289,2,2,93.575,106.901,4703.16654,185.898141,255,2934091518,1464288328,255,0.239188,0.09394,0.145248,86,256,1,622,1,1,1,1,1,1,0,0,1,1,1,0,DoS,1
0.791205,tcp,smtp,FIN,30,20,15349,1814,61.930853,254,252,150029.3906,17431.63867,12,8,27.282931,40.446473,1593.791479,48.174422,255,1914800872,4079996536,255,0.053117,0.007066,0.046051,512,91,0,0,1,1,1,1,1,1,0,0,0,1,1,0,DoS,1
1e-05,udp,-,INT,2,0,606,0,100000.0025,254,0,242400000.0,0.0,0,0,0.01,0.0,0.0,0.0,0,0,0,0,0.0,0.0,0.0,303,0,0,0,1,2,2,1,1,1,0,0,0,18,2,0,DoS,1
0.393081,tcp,-,FIN,8,6,364,268,33.072063,254,252,6492.300293,4558.856934,1,1,56.154429,70.066797,3425.321507,127.888523,255,2542248234,564640433,255,0.098167,0.042138,0.056029,46,45,0,0,2,1,2,2,1,2,0,0,0,2,2,0,DoS,1
1.766445,tcp,smtp,FIN,122,34,137034,2370,87.746857,62,252,615523.25,10420.92969,58,8,14.598719,51.894305,1351.033403,62.797414,255,855868526,821525509,255,0.094305,0.038578,0.055727,1123,70,0,0,1,1,19,1,1,1,0,0,0,1,1,0,DoS,1
1.1e-05,sctp,-,INT,2,0,1256,0,90909.0902,254,0,456727264.0,0.0,0,0,0.011,0.0,0.0,0.0,0,0,0,0,0.0,0.0,0.0,628,0,0,0,1,2,1,1,1,1,0,0,0,1,1,0,DoS,1
1.542057,tcp,http,FIN,10,8,850,354,11.024236,254,252,3968.724854,1608.241455,2,1,171.197444,208.055281,12223.41586,314.663563,255,1828202333,957562068,255,0.189835,0.085667,0.104168,85,44,1,0,1,1,1,1,1,1,0,0,1,1,1,0,DoS,1
0.303347,tcp,-,FIN,12,8,670,376,62.634542,254,252,16219.04981,8676.532227,3,2,25.961637,41.509145,1407.336904,58.862422,255,663839893,2369888807,255,0.062901,0.012778,0.050123,56,47,0,0,1,1,1,1,1,1,0,0,0,35,1,0,DoS,1
0.159695,tcp,-,FIN,16,6,9822,268,131.500674,254,252,461329.4063,11221.39063,5,1,9.189266,30.3214,676.080018,47.871809,255,2291871399,1725214492,255,0.052898,0.008079,0.044819,614,45,0,0,1,1,1,1,1,1,0,0,0,1,2,0,DoS,1
0.64496,tcp,http,FIN,16,44,1054,50403,91.478543,62,252,12267.42773,610989.8125,2,20,42.997335,14.504256,2764.075502,1718.411222,255,191585386,359351877,255,0.027841,0.020166,0.007675,66,1146,1,24064,1,1,1,1,1,1,0,0,1,1,1,0,DoS,1
9e-06,encap,-,INT,2,0,200,0,111111.1072,254,0,88888888.0,0.0,0,0,0.009,0.0,0.0,0.0,0,0,0,0,0.0,0.0,0.0,100,0,0,0,5,2,3,3,3,5,0,0,0,4,5,0,DoS,1
0.305342,tcp,-,FIN,12,8,716,468,62.22531,254,252,17213.48633,10742.05371,3,2,26.054728,42.474855,1352.002533,58.181414,255,1581643804,1921840543,255,0.054118,0.008009,0.046109,60,59,0,0,2,1,1,1,1,1,0,0,0,1,2,0,DoS,1
0.554888,tcp,http,FIN,10,8,2246,354,30.636813,62,252,29151.82813,4469.370117,2,1,58.655222,70.78043,3870.856552,120.977422,255,2404130074,3661369736,255,0.103086,0.059416,0.04367,225,44,1,0,2,1,1,1,1,2,0,0,1,1,2,0,DoS,1
0.239542,tcp,http,FIN,10,8,834,1996,70.968763,62,252,25081.19531,58344.67188,2,2,26.615778,31.822857,1417.127216,55.846422,255,1652577531,973524744,255,0.056185,0.00888,0.047305,83,250,1,594,1,1,1,1,1,1,0,0,1,1,1,0,DoS,1
0.244366,tcp,http,FIN,10,8,936,1014,69.567778,62,252,27597.94727,29071.14648,2,2,27.151778,33.177,1474.530845,55.41098,255,3450204438,793424031,255,0.050427,0.005731,0.044696,94,127,1,89,1,1,1,1,1,1,0,0,1,1,1,0,DoS,1
8e-06,unas,-,INT,2,0,200,0,125000.0003,254,0,100000000.0,0.0,0,0,0.008,0.0,0.0,0.0,0,0,0,0,0.0,0.0,0.0,100,0,0,0,6,2,1,1,1,6,0,0,0,3,6,0,DoS,1
4.788682,tcp,-,FIN,30,30,3628,3326,12.320718,254,252,5860.485352,5372.668457,10,10,165.126963,163.799719,9423.646383,286.682625,255,258290980,3965943571,255,0.080013,0.037789,0.042224,121,111,0,0,1,1,1,1,1,1,0,0,0,2,1,0,DoS,1
0.468426,tcp,http,FIN,10,10,938,1334,40.56137,62,252,14431.30859,20511.24414,2,2,52.047333,48.618668,3415.512381,98.927312,255,3349910090,1764737358,255,0.077021,0.030228,0.046793,94,133,1,209,1,1,1,1,1,1,0,0,1,1,1,0,DoS,1
1.080682,tcp,http,FIN,10,10,916,1648,17.58149,254,252,6107.254395,10985.65527,2,2,120.075778,116.033555,8369.104083,161.700328,255,2455391366,1385656214,255,0.069667,0.035693,0.033974,92,165,1,377,1,1,1,1,1,1,0,0,1,1,1,0,DoS,1
0.333703,tcp,-,FIN,10,6,838,268,44.950149,254,252,18099.92578,5370.044434,2,1,33.132111,55.854801,1760.111307,75.596148,255,902550789,1664443147,255,0.124652,0.054425,0.070227,84,45,0,0,1,1,1,1,1,1,0,0,0,1,1,0,DoS,1
0.294504,tcp,-,FIN,14,6,640,268,64.515256,254,252,16162.76953,6084.807129,4,1,21.392538,57.494602,1072.162298,103.188039,255,68452297,4204826734,255,0.052239,0.007026,0.045213,46,45,0,0,1,1,1,1,1,1,0,0,0,1,1,0,DoS,1
0.904271,tcp,-,FIN,10,8,1080,354,18.799674,254,252,8599.192383,2742.540771,2,1,97.067556,113.85843,5468.422406,161.798937,255,2012969215,74429387,255,0.210472,0.107248,0.103224,108,44,0,0,3,1,1,1,1,1,0,0,0,1,1,0,DoS,1
0.216533,tcp,-,FIN,10,6,516,268,69.273504,254,252,17179.82813,8275.875,2,1,24.059222,39.606398,1249.508635,53.543813,255,1302428966,2362458588,255,0.026593,0.017831,0.008762,52,45,0,0,2,1,1,1,1,1,0,0,0,1,2,0,DoS,1
3e-06,unas,-,INT,2,0,200,0,333333.3215,254,0,266666656.0,0.0,0,0,0.003,0.0,0.0,0.0,0,0,0,0,0.0,0.0,0.0,100,0,0,0,6,2,1,1,1,6,0,0,0,2,6,0,DoS,1
8e-06,unas,-,INT,2,0,200,0,125000.0003,254,0,100000000.0,0.0,0,0,0.008,0.0,0.0,0.0,0,0,0,0,0.0,0.0,0.0,100,0,0,0,6,2,2,2,2,6,0,0,0,2,6,0,DoS,1
0.47703,tcp,http,FIN,10,8,888,954,35.637171,62,252,13416.34668,14003.31152,2,2,53.003333,57.60057,3320.605412,122.093398,255,253971854,2462400979,255,0.115268,0.059789,0.055479,89,119,1,73,1,1,1,1,1,1,0,0,1,1,1,0,DoS,1
0.740212,tcp,http,FIN,10,8,768,1054,22.966393,62,252,7478.937988,9975.520508,2,2,82.245778,88.905289,4400.01903,141.640984,255,2608094665,1864067070,255,0.163522,0.117147,0.046375,77,132,1,117,1,1,1,1,1,1,0,0,1,1,1,0,DoS,1
2.017229,tcp,pop3,FIN,50,228,2246,271960,137.317077,62,252,8732.771484,1073821.5,7,111,41.16794,8.759562,2244.719632,986.398157,255,1114503473,1274621141,255,0.045952,0.031407,0.014545,45,1193,0,0,1,1,1,1,1,1,0,0,0,1,1,0,DoS,1
0.220075,tcp,http,FIN,10,8,808,2198,77.246395,62,252,26463.70508,69939.79688,2,2,24.452778,29.901428,1330.089504,53.814238,255,2051111556,1050635533,255,0.050426,0.006503,0.043923,81,275,1,688,1,1,1,1,1,1,0,0,1,1,1,0,DoS,1
0.393352,tcp,-,FIN,10,8,1644,354,43.218288,254,252,30100.26563,6304.785645,2,1,41.967333,49.136855,2971.804829,104.816883,255,2787246695,4274163794,255,0.093778,0.049388,0.04439,164,44,0,0,3,1,2,1,1,2,0,0,0,2,2,0,DoS,1
0.615737,tcp,http,FIN,44,8,6596,354,82.827568,254,252,83763.03125,4027.693604,19,1,13.907093,80.64443,870.851108,119.687219,255,2557573115,1321499963,255,0.101995,0.051218,0.050777,150,44,3,0,1,1,1,1,1,1,0,0,1,1,1,0,DoS,1
0.582377,tcp,http,FIN,10,8,800,2026,29.190712,62,252,9890.5,24355.35742,2,2,64.708556,80.554141,4613.045434,157.391031,255,1771071337,939193720,255,0.034499,0.017871,0.016628,80,253,1,606,2,1,1,1,1,2,0,0,1,1,1,0,DoS,1
1.223408,tcp,pop3,FIN,28,70,1276,69726,79.286715,62,252,8049.64502,449433.0625,7,33,45.311408,17.376652,2305.839612,1430.956105,255,510917274,2779093319,255,0.057786,0.018807,0.038979,46,996,0,0,1,1,1,1,1,1,0,0,0,1,1,0,DoS,1
1.00016,tcp,http,FIN,24,112,1412,139377,134.978406,62,252,10830.26758,1104887.25,2,54,43.485217,8.3298,2961.28647,1623.343837,255,1144241592,1627510368,255,0.136846,0.064245,0.072601,59,1244,1,67186,1,1,1,1,1,1,0,0,1,1,1,0,DoS,1
0.26268,tcp,http,FIN,10,8,970,1026,64.717528,254,252,26587.48438,27348.86523,2,2,29.186667,36.19657,1441.719998,52.866312,255,2881550868,4171163058,255,0.053761,0.008615,0.045146,97,128,1,90,1,1,1,1,1,1,0,0,1,1,1,0,DoS,1
0.26544,tcp,http,FIN,10,8,792,1448,64.044608,254,252,21488.84961,38185.65625,2,2,29.493333,37.004,1453.336694,54.305188,255,1538166019,2983422995,255,0.050441,0.005733,0.044708,79,181,1,299,2,1,1,1,1,2,0,0,1,1,1,0,DoS,1
1.163916,tcp,http,FIN,10,8,822,944,14.605865,62,252,5086.277832,5677.385742,2,2,129.217444,161.378141,9717.16341,360.236562,255,2467141163,598471644,255,0.104497,0.034265,0.070232,82,118,1,50,3,1,1,1,1,2,0,0,1,2,2,0,DoS,1
0.727573,tcp,-,FIN,12,12,555,594,31.611949,62,252,5596.689453,5992.525879,3,4,66.142997,63.133184,4827.878239,139.972906,255,3193172415,1653762483,255,0.066262,0.032588,0.033674,46,50,0,0,1,1,1,1,1,1,0,0,0,1,1,0,DoS,1
1.647231,tcp,-,FIN,26,68,1354,69850,56.458384,62,252,6323.338867,334248.2188,6,32,65.889237,23.212194,3238.447409,1921.483145,255,312306365,4013692094,255,0.121831,0.091117,0.030714,52,1027,0,0,1,1,2,1,1,1,0,0,0,1,2,0,DoS,1
8e-06,unas,-,INT,2,0,200,0,125000.0003,254,0,100000000.0,0.0,0,0,0.008,0.0,0.0,0.0,0,0,0,0,0.0,0.0,0.0,100,0,0,0,7,2,3,3,3,7,0,0,0,4,7,0,DoS,1
0.450228,tcp,http,FIN,10,10,754,1622,42.20084,62,252,12064.99805,25942.41016,2,2,50.025333,47.483668,3440.456521,109.531305,255,498055712,2282456939,255,0.080014,0.016157,0.063857,75,162,1,366,1,1,1,1,1,1,0,0,1,1,1,0,DoS,1
0.302466,tcp,http,FIN,12,20,1080,20930,102.490857,62,252,26184.76172,525916.9375,2,8,27.496909,15.080631,1420.044443,1447.01478,255,2993134119,1881830746,255,0.068512,0.015286,0.053226,90,1047,1,9802,2,1,1,1,1,1,0,0,1,1,1,0,DoS,1
0.186391,tcp,http,FIN,10,8,802,1284,91.206122,62,252,30988.62109,48242.67188,2,2,20.576333,23.212,1049.595343,38.473977,255,4258612569,3905952721,255,0.043514,0.023889,0.019625,80,161,1,221,1,1,1,1,1,1,0,0,1,1,1,0,DoS,1
1.092786,tcp,http,FIN,20,58,1388,69533,70.462106,62,252,9656.053711,500262.6563,2,27,57.515054,18.335509,2892.394171,2061.588693,255,2355767089,2458452697,255,0.072959,0.046917,0.026042,69,1199,1,33339,1,1,1,1,1,1,0,0,1,1,1,0,DoS,1
0.671945,tcp,http,FIN,10,12,784,8110,31.252559,62,252,8405.450195,88519.15625,2,4,74.660556,53.851089,3915.842302,4780.834631,255,799546534,1176360054,255,0.130787,0.064521,0.066266,78,676,1,3551,1,1,1,1,1,1,0,0,1,1,1,0,DoS,1
5e-06,udp,-,INT,2,0,136,0,200000.0051,254,0,108800000.0,0.0,0,0,0.005,0.0,0.0,0.0,0,0,0,0,0.0,0.0,0.0,68,0,0,0,2,2,1,1,1,1,0,0,0,1,1,0,DoS,1
4e-06,sctp,-,INT,2,0,640,0,250000.0006,254,0,640000000.0,0.0,0,0,0.004,0.0,0.0,0.0,0,0,0,0,0.0,0.0,0.0,320,0,0,0,2,2,2,2,2,2,0,0,0,2,2,0,DoS,1
9e-06,uti,-,INT,2,0,200,0,111111.1072,254,0,88888888.0,0.0,0,0,0.009,0.0,0.0,0.0,0,0,0,0,0.0,0.0,0.0,100,0,0,0,6,2,1,1,1,6,0,0,0,1,6,0,DoS,1
0.227244,tcp,-,FIN,10,6,1694,268,66.008342,254,252,53686.78516,7885.796387,2,1,22.898444,42.743,1370.889274,69.745102,255,388135718,2885484472,255,0.025975,0.01352,0.012455,169,45,0,0,1,1,14,1,1,29,0,0,0,14,1,0,DoS,1
0.427108,tcp,-,FIN,10,6,1378,268,35.119924,254,252,23244.70703,4195.660156,2,1,43.402778,72.423602,2250.838513,107.378609,255,2828727449,3470999067,255,0.147542,0.064981,0.082561,138,45,0,0,2,1,3,1,1,1,0,0,0,1,3,0,DoS,1
0.514933,tcp,http,FIN,10,14,802,7344,44.666006,62,252,11216.99316,105955.5313,2,4,57.214778,37.73246,3410.054743,3375.149643,255,1827088690,621013622,255,0.084009,0.023698,0.060311,80,525,1,3139,1,1,3,1,1,1,0,0,1,1,2,0,DoS,1
3e-06,udp,snmp,INT,2,0,136,0,333333.3215,254,0,181333328.0,0.0,0,0,0.003,0.0,0.0,0.0,0,0,0,0,0.0,0.0,0.0,68,0,0,0,1,2,18,1,1,1,0,0,0,1,1,0,DoS,1
9e-06,udp,-,INT,2,0,696,0,111111.1072,254,0,309333312.0,0.0,0,0,0.009,0.0,0.0,0.0,0,0,0,0,0.0,0.0,0.0,348,0,0,0,2,2,1,1,1,1,0,0,0,1,1,0,DoS,1
3.452845,tcp,smtp,FIN,22,22,2647,1752,12.453498,254,252,5854.881836,3876.223633,8,8,164.421185,159.978672,8405.166534,200.202328,255,2917991361,4179821191,255,0.200765,0.092544,0.108221,120,80,0,0,1,1,1,1,1,1,0,0,0,2,1,0,DoS,1
0.436542,tcp,http,FIN,12,10,1288,2230,48.105336,254,252,21642.82031,36779.96484,3,3,39.685638,42.213891,2011.669422,64.835707,255,530400480,3734393121,255,0.07432,0.023297,0.051023,107,223,1,403,1,1,1,1,1,1,0,0,1,1,1,0,DoS,1
3e-06,udp,-,INT,2,0,78,0,333333.3215,254,0,104000000.0,0.0,0,0,0.003,0.0,0.0,0.0,0,0,0,0,0.0,0.0,0.0,39,0,0,0,1,2,1,1,1,1,0,0,0,1,1,0,DoS,1
0.422334,tcp,http,FIN,10,6,470,268,35.516914,254,252,8012.615723,4243.087402,2,1,42.893889,65.590203,2278.977334,94.656117,255,2183735369,1511848824,255,0.165631,0.094374,0.071257,47,45,1,0,1,1,1,1,1,1,0,0,1,1,1,0,DoS,1
0.904349,tcp,smtp,FIN,22,20,3405,1780,45.336478,254,252,28758.80859,14958.82617,8,8,43.064239,44.883051,2089.418693,52.259137,255,2329691399,2345860700,255,0.0672,0.050966,0.016234,155,89,0,0,1,1,1,1,1,1,0,0,0,1,1,0,DoS,1
9e-06,udp,-,INT,2,0,304,0,111111.1072,254,0,135111104.0,0.0,0,0,0.009,0.0,0.0,0.0,0,0,0,0,0.0,0.0,0.0,152,0,0,0,1,2,1,1,1,1,0,0,0,1,1,0,DoS,1
0.335549,tcp,http,FIN,10,6,930,268,44.70286,254,252,19955.35742,5340.501953,2,1,35.534778,57.775,1788.313402,84.315883,255,1894467521,3566657815,255,0.108963,0.046669,0.062294,93,45,1,0,1,1,1,1,1,1,0,0,1,2,1,0,DoS,1
1.313439,tcp,smtp,FIN,34,22,19807,1780,41.874803,254,252,117097.1797,10354.49707,14,8,39.801181,58.947191,2394.856109,66.738734,255,2834427627,958255559,255,0.085868,0.041222,0.044646,583,81,0,0,1,1,1,1,1,1,0,0,0,1,1,0,DoS,1
2e-06,udp,-,INT,2,0,170,0,500000.0013,254,0,340000000.0,0.0,0,0,0.002,0.0,0.0,0.0,0,0,0,0,0.0,0.0,0.0,85,0,0,0,1,2,5,1,1,1,0,0,0,2,6,0,DoS,1
0.514081,tcp,http,FIN,10,8,814,1704,33.068719,254,252,11406.7627,23202.56836,2,2,57.120111,66.21743,2732.067298,98.877867,255,2836321885,1808663565,255,0.117943,0.049907,0.068036,81,213,1,435,1,1,1,1,1,1,0,0,1,1,1,0,DoS,1
0.376776,tcp,http,FIN,10,8,790,2096,45.119646,62,252,15096.50293,38940.90625,2,2,41.864,41.665855,2177.7196,66.934773,255,2971950733,1781473367,255,0.137405,0.073415,0.06399,79,262,1,638,1,1,1,1,1,1,0,0,1,2,1,0,DoS,1
42.992512,tcp,smtp,FIN,4920,746,6549202,32314,131.767133,254,252,1218420.75,6004.952637,2457,2,8.791917,57.961996,1127.749654,67.99207,255,935198987,2476896211,255,0.094731,0.052184,0.042547,1331,43,0,0,1,1,1,1,1,2,0,0,0,2,1,0,DoS,1
0.449363,tcp,-,FIN,16,6,12098,268,46.73282,254,252,201921.3906,3987.867432,5,1,28.090332,74.419,1858.699641,101.98093,255,687941944,2009325120,255,0.161776,0.077267,0.084509,756,45,0,0,1,1,1,1,1,1,0,0,0,1,1,0,DoS,1
3.194195,tcp,pop3,FIN,34,120,1548,137106,47.899392,62,252,3764.328613,340527.75,7,57,96.793788,25.729664,4806.840751,2370.579634,255,1685171549,2886549347,255,0.154217,0.094478,0.059739,46,1143,0,0,1,1,1,1,1,1,0,0,0,2,1,0,DoS,1
0.282159,udp,dns,CON,2,2,118,258,10.632303,254,60,1672.815674,3657.512207,0,0,0.008,0.006,0.0,0.0,0,0,0,0,0.0,0.0,0.0,59,129,0,0,1,0,1,1,1,1,0,0,0,5,1,0,DoS,1
0.248975,tcp,-,FIN,10,6,616,268,60.247014,254,252,17833.11719,7197.509766,2,1,24.243556,44.954801,1266.713866,61.691055,255,299634366,3688078777,255,0.097228,0.024192,0.073036,62,45,0,0,1,1,17,1,1,1,0,0,0,1,1,0,DoS,1
59.89415,tcp,-,CON,732,354,273036,15222,18.115292,254,252,36419.31641,2027.443481,366,0,82.361929,170.012297,4446.769697,187.283,255,2090741068,1200223257,255,0.124746,0.052634,0.072112,373,43,0,0,2,0,1,1,1,1,0,0,0,1,1,0,DoS,1
0.915644,tcp,http,FIN,10,10,824,4618,20.750423,62,252,6482.869141,36319.79297,2,3,101.738222,96.951111,7341.387193,8335.236214,255,4075260235,645976958,255,0.07112,0.042251,0.028869,82,462,1,1856,1,1,1,2,1,1,0,0,1,2,1,0,DoS,1
1.227135,sctp,-,CON,4,2,568,432,4.074532,254,60,2777.200684,1408.158081,0,0,409.045,0.008,578.47275,0.0,0,0,0,0,0.0,0.0,0.0,142,216,0,0,2,0,2,2,2,2,0,0,0,2,2,0,DoS,1
0.469139,tcp,http,FIN,10,8,818,1334,36.236594,62,252,12567.70313,19917.33789,2,2,52.126556,55.461145,2664.90298,78.344852,255,1620604868,1451022658,255,0.127457,0.080208,0.047249,82,167,1,258,2,1,1,1,1,3,0,0,1,17,1,0,DoS,1
1.86744,tcp,-,FIN,12,10,3404,2332,11.245341,254,252,13370.17578,8991.989258,3,2,161.505545,187.166781,9244.900424,245.106313,255,4074691706,1517046091,255,0.253996,0.182938,0.071058,284,233,0,0,7,1,2,1,1,5,0,0,0,1,8,0,DoS,1
0.222028,tcp,http,FIN,10,8,748,946,76.566919,62,252,24285.22461,29834.07422,2,2,24.669778,23.505,1197.18782,41.90773,255,2133753161,1552555547,255,0.075338,0.023109,0.052229,75,118,1,75,1,1,1,1,1,1,0,0,1,1,1,0,DoS,1
0.293809,tcp,http,FIN,10,6,566,268,51.053576,254,252,13886.57227,6099.200684,2,1,28.160333,44.485398,1436.410936,56.909727,255,212700780,290850667,255,0.099152,0.071374,0.027778,57,45,1,0,7,1,2,2,1,8,0,0,1,4,7,0,DoS,1
0.310009,tcp,http,FIN,10,8,820,954,54.837117,62,252,19044.60742,21547.76172,2,2,34.445444,42.159285,1664.892904,60.68191,255,1564548002,1257192449,255,0.057613,0.014146,0.043467,82,119,1,56,1,1,1,1,1,1,0,0,1,1,1,0,DoS,1
9e-06,udp,-,INT,2,0,216,0,111111.1072,62,0,96000000.0,0.0,0,0,0.009,0.0,0.0,0.0,0,0,0,0,0.0,0.0,0.0,108,0,0,0,1,2,2,1,1,4,0,0,0,2,1,0,DoS,1
37.642654,ospf,-,INT,20,0,1280,0,0.504747,254,0,258.430237,0.0,0,0,1981.19225,0.0,2308.8885,0.0,0,0,0,0,0.0,0.0,0.0,64,0,0,0,2,2,2,2,2,2,0,0,0,2,2,0,DoS,1
2.983351,tcp,smtp,FIN,66,26,65566,2018,30.502613,62,252,173155.625,5204.885254,30,8,45.897707,114.292078,4364.327512,189.088906,255,834158604,2178904520,255,0.279458,0.12532,0.154138,993,78,0,0,2,1,2,2,2,2,0,0,0,2,2,0,DoS,1
1.825293,tcp,smtp,FIN,88,30,94242,2154,64.0993,62,252,408359.6563,9129.493164,41,8,21.224337,62.564656,2049.719497,99.473469,255,937881410,3642754786,255,0.065513,0.010291,0.055222,1071,72,0,0,1,1,3,1,1,1,0,0,0,2,1,0,DoS,1
9e-06,sctp,-,INT,2,0,104,0,111111.1072,254,0,46222220.0,0.0,0,0,0.009,0.0,0.0,0.0,0,0,0,0,0.0,0.0,0.0,52,0,0,0,2,2,2,2,2,2,0,0,0,2,2,0,DoS,1
1.637166,tcp,http,FIN,20,80,1264,100030,60.470349,62,252,5868.677734,482687.75,2,38,86.166632,19.362443,4178.309662,2433.494358,255,2543584946,893633915,255,0.214232,0.106774,0.107458,63,1250,1,48128,1,1,1,1,1,1,0,0,1,1,1,0,DoS,1
5.9e-05,udp,-,INT,1,0,112,0,0.0,255,0,0.0,0.0,0,0,0.0,0.0,0.0,0.0,0,0,0,0,0.0,0.0,0.0,112,0,0,0,1,0,2,2,2,2,0,0,0,2,1,0,DoS,1
0.473758,tcp,http,FIN,10,8,746,1050,35.883298,62,252,11347.56543,15518.4707,2,2,52.611889,61.02857,2787.257796,83.264008,255,4037180993,2980620457,255,0.111718,0.046549,0.065169,75,131,1,127,2,1,1,1,1,1,0,0,1,1,1,0,DoS,1
1.649646,tcp,http,FIN,70,16,80156,1534,51.526205,254,252,383165.8438,6978.466797,32,2,22.039434,101.685133,2371.047444,161.160844,255,2109808943,2352867494,255,0.208626,0.124365,0.084261,1145,96,1,98,1,1,2,1,1,3,0,0,1,2,1,0,DoS,1
5.9e-05,udp,dns,INT,1,0,112,0,0.0,255,0,0.0,0.0,0,0,0.0,0.0,0.0,0.0,0,0,0,0,0.0,0.0,0.0,112,0,0,0,1,0,2,2,2,2,0,0,0,2,1,0,DoS,1
1.764555,tcp,-,FIN,60,14,68187,612,41.370204,254,252,303990.5313,2579.687256,27,1,29.275949,127.814,3260.496107,218.258438,255,3236953719,1143765235,255,0.229305,0.102967,0.126338,1136,44,1,0,4,1,2,2,2,3,0,0,4,3,2,0,DoS,1
2.05251,tcp,http,FIN,18,48,1556,54810,31.668542,62,252,5729.570312,209183.875,3,21,120.686118,41.295766,6976.972841,4187.832866,255,2251970302,2055922035,255,0.218424,0.111606,0.106818,86,1142,1,296,1,1,2,1,1,1,0,0,1,2,1,0,DoS,1
0.505775,tcp,http,FIN,10,8,838,2006,33.611786,62,252,11942.06934,27775.19727,2,2,56.197222,57.37057,2882.777401,78.194656,255,2233487486,3968392896,255,0.130708,0.072243,0.058465,84,251,1,581,1,1,1,1,1,1,0,0,1,1,1,0,DoS,1
2.963907,tcp,-,FIN,22,22,2962,2648,14.507878,254,252,7633.167969,6823.425781,8,8,141.138432,137.521859,7232.977811,171.866187,255,1864695986,2564521153,255,0.16637,0.075523,0.090847,135,120,0,0,6,1,1,2,1,1,0,0,0,3,1,0,DoS,1
1.802057,tcp,-,FIN,36,120,1776,137238,86.012816,62,252,7666.793945,604176.1875,6,58,51.487344,15.05874,3059.804752,1750.61555,255,2819348879,2437043808,255,0.055299,0.009408,0.045891,49,1144,0,0,2,1,1,1,1,1,0,0,0,3,1,0,DoS,1
0.728101,tcp,http,FIN,10,6,580,268,20.601537,254,252,5735.467773,2461.197021,2,1,78.789778,126.282203,4117.753119,208.925219,255,2119054719,3692239566,255,0.237832,0.096681,0.141151,58,45,1,0,2,1,1,1,1,1,0,0,1,1,1,0,DoS,1
3.004671,tcp,smtp,FIN,360,70,459027,3776,142.777691,62,252,1218774.375,9912.56543,177,8,8.369557,43.228469,914.107606,50.564652,255,1687202858,1042225267,255,0.056023,0.032339,0.023684,1275,54,0,0,1,1,1,1,1,1,0,0,0,4,1,0,DoS,1
6e-06,gre,-,INT,2,0,156,0,166666.6608,254,0,104000000.0,0.0,0,0,0.006,0.0,0.0,0.0,0,0,0,0,0.0,0.0,0.0,78,0,0,0,2,2,2,2,2,2,0,0,0,2,2,0,DoS,1
4.603643,tcp,-,FIN,20,8,15546,354,5.864921,254,252,25664.89258,538.703796,7,1,242.296993,646.042688,23833.11879,1166.311375,255,5645893,2717586253,255,0.17226,0.080656,0.091604,777,44,0,0,1,1,1,1,1,3,0,0,0,1,1,0,DoS,1
3.384544,tcp,smtp,FIN,20,20,2834,1926,11.522971,254,252,6365.407227,4325.545898,7,8,178.13389,173.616469,9349.235529,211.486,255,4293671787,2409802657,255,0.233927,0.084979,0.148948,142,96,0,0,1,1,1,1,1,1,0,0,0,1,1,0,DoS,1
5e-06,unas,-,INT,2,0,200,0,200000.0051,254,0,160000000.0,0.0,0,0,0.005,0.0,0.0,0.0,0,0,0,0,0.0,0.0,0.0,100,0,0,0,5,2,4,4,4,5,0,0,0,7,5,0,DoS,1
0.191575,tcp,-,FIN,10,6,1596,268,78.298314,254,252,60007.82813,9354.039062,2,1,21.286111,33.446602,1045.458741,63.624375,255,3434997567,2891878815,255,0.051184,0.006037,0.045147,160,45,0,0,3,1,1,1,1,2,0,0,0,1,2,0,DoS,1
0.47688,tcp,-,FIN,10,8,3354,354,35.64838,254,252,50645.86328,5200.469727,2,1,50.939667,63.10543,3406.173869,113.104523,255,3906308475,2350767953,255,0.088807,0.035137,0.05367,335,44,0,0,1,1,1,1,1,1,0,0,0,1,1,0,DoS,1
59.77314,tcp,-,CON,524,342,195452,14706,14.471383,254,252,26109.25195,1962.486816,261,0,114.678024,176.056516,5824.157866,193.070922,255,2090862946,1200223257,255,0.124746,0.052634,0.072112,373,43,0,0,3,0,1,1,1,1,0,0,0,2,2,0,DoS,1
0.722543,tcp,http,FIN,10,6,950,268,20.76001,254,252,9466.564453,2480.12915,2,1,72.920333,125.111398,3760.893451,190.5885,255,3855732580,157864668,255,0.203223,0.096967,0.106256,95,45,1,0,1,1,1,1,1,1,0,0,1,2,1,0,DoS,1
59.767639,tcp,-,CON,644,338,240212,14534,16.413564,254,252,32102.85742,1939.64502,322,0,93.211116,178.203719,4674.604197,191.977219,255,2090950192,1200223257,255,0.124746,0.052634,0.072112,373,43,0,0,2,0,1,1,1,1,0,0,0,1,1,0,DoS,1
0.186117,tcp,http,FIN,10,8,928,3200,91.340397,62,252,35934.38672,120354.4063,2,2,20.679667,23.670428,1158.973354,41.685941,255,2497750405,998490130,255,0.023732,0.012015,0.011717,93,400,1,1174,1,1,1,1,1,1,0,0,1,1,1,0,DoS,1
3.608875,tcp,http,FIN,154,30,201120,1300,50.708323,254,252,442941.3438,2786.463867,74,1,23.248366,119.829313,2867.836895,200.965391,255,135286,2292178847,255,0.231008,0.133823,0.097185,1306,43,1,0,1,1,1,1,1,1,0,0,1,1,1,0,DoS,1
0.648776,tcp,http,FIN,10,10,846,2140,29.285917,62,252,9396.155273,23749.33789,2,2,72.086222,64.825109,4448.145135,135.641984,255,563248031,3325975569,255,0.1347,0.051482,0.083218,85,214,1,619,1,1,1,1,1,1,0,0,1,1,1,0,DoS,1
1.099027,tcp,-,FIN,10,8,528,354,15.468227,254,252,3464.882812,2256.541504,2,1,120.176111,148.151,7106.356098,225.403125,255,2155517175,2258821936,255,0.12328,0.061962,0.061318,53,44,0,0,4,1,1,1,1,1,0,0,0,2,2,0,DoS,1
0.870029,tcp,ssl,FIN,12,12,1328,2190,26.435901,254,252,11199.62695,18463.75391,3,3,79.093547,72.407,4986.981468,121.043391,255,3557184172,1853446256,255,0.149477,0.072882,0.076595,111,183,0,0,1,1,1,1,1,1,0,0,0,1,1,0,DoS,1
0.545085,tcp,http,FIN,10,8,832,1304,31.187796,62,252,10992.78027,16746.01172,2,2,60.558222,71.586289,3393.865007,117.393555,255,2053679087,1947824884,255,0.102616,0.043974,0.058642,83,163,1,229,1,1,1,1,1,1,0,0,1,34,1,0,DoS,1
0.226557,tcp,http,FIN,10,8,746,882,75.036304,62,252,23729.12695,27260.24805,2,2,25.173,29.607428,1251.468593,46.339426,255,1668336109,778732344,255,0.057943,0.009794,0.048149,75,110,1,44,2,1,2,2,1,2,0,0,1,2,2,0,DoS,1
1.809365,tcp,http,FIN,12,8,870,906,10.500921,62,252,3528.30957,3506.202393,2,2,164.477545,241.382859,9742.447653,390.134531,255,521088291,3603844210,255,0.164461,0.119677,0.044784,73,113,1,50,2,1,1,2,1,1,0,0,1,3,1,0,DoS,1
0.713207,tcp,http,FIN,20,8,16206,354,37.857172,254,252,172696.0,3477.251221,7,1,35.739315,92.32057,3420.533101,126.383836,255,3133683901,553545342,255,0.114975,0.066955,0.04802,810,44,1,0,1,1,1,1,1,2,0,0,1,1,1,0,DoS,1
1.017213,tcp,-,FIN,10,8,1180,354,16.712331,254,252,8352.233398,2438.03418,2,1,104.464444,132.944281,6434.124506,190.641172,255,3404134501,2212733236,255,0.151787,0.086595,0.065192,118,44,0,0,1,1,1,1,1,2,0,0,0,2,2,0,DoS,1
1.009306,tcp,http,FIN,10,10,902,1314,18.824817,62,252,6436.105957,9376.740234,2,2,112.039111,100.578555,6700.636245,151.982656,255,931986571,2696847382,255,0.213874,0.104094,0.10978,90,131,1,199,1,1,2,1,1,1,0,0,1,3,1,0,DoS,1
1.285237,tcp,http,FIN,14,16,1524,10276,22.563933,62,252,8813.938477,59967.15234,4,6,98.796231,80.976869,5206.90844,5181.069343,255,2593448590,3567297796,255,0.141788,0.070578,0.07121,109,642,1,0,2,1,1,1,1,1,0,0,2,1,1,0,DoS,1
5.191869,udp,-,CON,18,20,2780,4638,7.126528,254,60,4046.327148,6790.618652,0,0,305.404063,196.425156,549.497687,420.887875,0,0,0,0,0.0,0.0,0.0,154,232,0,0,2,0,1,1,1,1,0,0,0,2,1,0,DoS,1
0.876886,tcp,http,FIN,22,8,19546,354,33.071573,254,252,170220.5313,2828.189697,8,1,41.706096,112.757,3852.390186,229.653063,255,3775804825,2406172625,255,0.169186,0.087581,0.081605,888,44,1,0,1,1,1,1,1,2,0,0,1,1,1,0,DoS,1
0.794637,tcp,http,FIN,10,8,820,994,21.393415,62,252,7429.807129,8758.71582,2,2,88.293,105.27657,5053.714487,209.356516,255,2205220027,474797534,255,0.082201,0.056851,0.02535,82,124,1,75,1,1,1,1,1,1,0,0,1,34,1,0,DoS,1
59.935158,tcp,-,CON,798,376,297654,16168,19.571151,254,252,39680.34766,2152.325928,398,0,75.312225,159.785781,3887.01064,172.050172,255,2091439702,1200223257,255,0.124746,0.052634,0.072112,373,43,0,0,6,0,1,1,1,1,0,0,0,2,1,0,DoS,1
0.738715,tcp,http,FIN,10,8,802,928,23.012935,62,252,7818.98291,8793.648438,2,2,82.079444,93.550859,4405.926698,178.038797,255,3774124038,4180729842,255,0.121373,0.065661,0.055712,80,116,1,52,4,1,1,1,1,1,0,0,1,1,1,0,DoS,1
0.84598,tcp,-,FIN,10,6,2736,268,17.730916,254,252,23291.33203,2118.253418,2,1,93.997778,141.884406,5579.762528,256.340062,255,3346464543,4137385697,255,0.236064,0.135678,0.100386,274,45,0,0,1,1,1,1,1,1,0,0,0,1,1,0,DoS,1
1.588582,tcp,-,FIN,10,8,492,354,10.701367,254,252,2230.92041,1561.140625,2,1,171.387111,215.556141,10753.59344,432.662562,255,1221846181,1842538703,255,0.143138,0.079688,0.06345,49,44,0,0,2,1,1,1,1,1,0,0,0,2,1,0,DoS,1
1.217942,tcp,http,FIN,12,8,940,1170,15.600086,254,252,5662.010254,6726.100098,2,2,110.706908,160.32,5749.175356,215.908922,255,963739805,2507366570,255,0.179499,0.0957,0.083799,78,146,1,180,1,1,1,1,1,1,0,0,1,1,1,0,DoS,1
59.939983,tcp,-,CON,784,364,292432,15652,19.135808,254,252,38980.19141,2083.283936,392,0,76.595728,165.099594,3971.217296,178.213141,255,2091166975,1200223257,255,0.124746,0.052634,0.072112,373,43,0,0,4,0,1,1,1,1,0,0,0,3,1,0,DoS,1
2.746928,tcp,smtp,FIN,34,24,19767,1880,20.750453,254,252,55876.23828,5248.044434,14,8,83.240242,117.730781,6658.731273,164.475016,255,68342652,2078960138,255,0.126955,0.038355,0.0886,581,78,0,0,1,1,1,1,1,1,0,0,0,1,1,0,DoS,1
0.534312,tcp,http,FIN,10,8,856,1766,31.816616,254,252,11543.81641,23147.52344,2,2,59.368,67.446141,3143.65516,121.138984,255,4252885610,2205797953,255,0.098239,0.061623,0.036616,86,221,1,471,2,1,1,1,1,1,0,0,1,1,2,0,DoS,1
1.285237,tcp,http,FIN,14,16,1524,10276,22.563933,62,252,8813.938477,59967.15234,4,6,98.796231,80.976869,5206.90844,5181.069343,255,2593448590,3567297796,255,0.141788,0.070578,0.07121,109,642,1,0,2,1,2,1,1,2,0,0,2,1,2,0,DoS,1
0.698504,tcp,-,FIN,60,14,68199,612,104.509069,254,252,768075.8125,6516.784668,27,1,11.486,50.25323,1191.488625,66.181039,255,1616065446,2937720183,255,0.103654,0.045206,0.058448,1137,44,1,0,2,1,2,2,1,3,0,0,1,2,2,0,DoS,1
0.800281,tcp,http,FIN,10,12,776,7492,26.240783,62,252,6987.545898,68655.88281,2,4,88.814444,61.823821,4957.713999,4782.731057,255,1028563876,344026304,255,0.195074,0.12021,0.074864,78,624,1,3246,1,1,1,1,1,1,0,0,1,1,1,0,DoS,1
0.825737,tcp,http,FIN,10,6,2756,268,18.16559,254,252,24036.70898,2170.182617,2,1,91.449333,141.421,5169.200309,230.623031,255,2520590417,3422201929,255,0.190755,0.118631,0.072124,276,45,1,0,1,1,1,1,1,1,0,0,1,2,1,0,DoS,1
0.184344,tcp,http,FIN,24,8,21970,354,168.163873,254,252,913726.5625,13453.11035,9,1,7.516,19.083285,637.956196,32.116666,255,160665357,24795751,255,0.073725,0.050757,0.022968,915,44,1,0,1,1,1,1,1,1,0,0,1,1,1,0,DoS,1
59.967793,tcp,-,CON,782,360,291686,15480,19.02688,254,252,38862.59375,2059.37207,390,0,76.79845,167.048891,4000.246611,183.550719,255,2091698776,1200223257,255,0.124746,0.052634,0.072112,373,43,0,0,3,0,1,1,1,1,0,0,0,1,1,0,DoS,1
9.229902,tcp,-,FIN,126,802,5418,1066321,100.434433,62,252,4658.770996,923079.75,0,399,73.972266,11.569377,81.43625,1348.440316,255,3138796571,3306757470,255,0.141748,0.075014,0.066734,43,1330,0,0,1,1,1,1,1,1,0,0,0,1,1,0,DoS,1
2.729989,tcp,http,FIN,34,170,1814,217099,74.359273,62,252,5160.460449,632447.9375,2,83,82.697152,15.801674,3989.038995,2064.514679,255,1500076035,2197473657,255,0.165956,0.059498,0.106458,53,1277,1,104877,1,1,1,1,1,1,0,0,1,1,2,0,DoS,1
0.872209,tcp,-,FIN,10,6,740,268,17.197713,254,252,6108.627441,2054.553467,2,1,96.912111,148.175203,5030.661224,278.957219,255,1607570516,283200285,255,0.153152,0.073881,0.079271,74,45,0,0,6,1,1,1,1,1,0,0,0,1,1,0,DoS,1
0.424876,tcp,http,FIN,10,8,846,1160,40.011674,62,252,14347.71582,19111.45898,2,2,47.208444,47.341855,2395.412848,77.349305,255,1231784367,3718579855,255,0.096166,0.046733,0.049433,85,145,1,151,1,1,1,1,1,1,0,0,1,4,1,0,DoS,1
1.014877,tcp,http,FIN,14,10,7582,3186,22.662846,254,252,55502.29297,22607.66602,4,2,78.060847,108.136445,6327.976416,177.260609,255,3435519027,109153139,255,0.068997,0.041641,0.027356,542,319,1,1239,2,1,1,1,1,1,0,0,1,2,1,0,DoS,1
1.03976,tcp,-,FIN,12,12,1152,1410,22.120489,254,252,8124.952148,9948.449219,3,3,94.523638,85.181273,5193.067547,150.928422,255,1272074698,3716208900,255,0.168319,0.075126,0.093193,96,118,0,0,1,1,1,1,1,1,0,0,0,1,1,0,DoS,1
0.720858,tcp,http,FIN,10,8,838,1236,23.583009,62,252,8378.904297,12007.91309,2,2,80.095333,79.93357,4226.00255,125.167211,255,2412530499,2320222292,255,0.212703,0.106187,0.106516,84,155,1,199,1,1,1,1,1,1,0,0,1,1,1,0,DoS,1
0.198602,tcp,http,FIN,10,10,806,3614,95.668722,62,252,29244.41797,131035.9375,2,3,22.066889,20.337778,1104.554569,1638.394597,255,2241389046,2282149572,255,0.055769,0.009046,0.046723,81,361,1,1338,1,1,1,1,1,1,0,0,1,1,1,0,DoS,1
59.810604,ospf,-,INT,130,0,35360,0,2.156808,254,0,4693.214355,0.0,0,0,463.647906,0.0,553.786375,0.0,0,0,0,0,0.0,0.0,0.0,272,0,0,0,2,2,2,2,2,2,0,0,0,2,2,0,DoS,1
0.27757,tcp,http,FIN,10,8,820,1342,61.24581,62,252,21270.30859,33865.33203,2,2,30.841111,38.335715,1513.737241,55.005551,255,1338001095,1582801496,255,0.058014,0.008468,0.049546,82,168,1,260,1,1,1,1,1,1,0,0,1,1,1,0,DoS,1
2.651966,tcp,smtp,FIN,22,22,2913,1874,16.214385,62,252,8389.24707,5396.750977,8,8,126.284093,121.886523,6484.625343,164.208797,255,3188528956,1341558120,255,0.172922,0.091503,0.081419,132,85,0,0,1,1,1,1,1,1,0,0,0,2,1,0,DoS,1
10.154857,tcp,http,FIN,678,114,907752,4912,77.893763,254,252,714073.3125,3835.800049,336,1,14.999789,88.706063,1784.253943,114.231102,255,2411103141,2531216864,255,0.181948,0.110748,0.0712,1339,43,1,0,2,1,2,1,1,1,0,0,1,1,1,0,DoS,1
0.236072,tcp,http,FIN,10,6,1006,268,63.539936,254,252,30702.49609,7590.904297,2,1,26.230222,44.671801,1246.009643,63.437297,255,2870420701,954620662,255,0.057237,0.010232,0.047005,101,45,1,0,1,1,1,1,1,1,0,0,1,1,1,0,DoS,1
0.401237,tcp,http,FIN,10,8,514,354,42.368973,254,252,9231.451172,6180.885254,2,1,42.600333,56.246145,2927.843324,120.087211,255,3791095477,2455447887,255,0.068745,0.007506,0.061239,51,44,1,0,1,1,1,1,1,1,0,0,1,1,1,0,DoS,1
1.458328,tcp,smtp,FIN,22,20,3273,1714,28.114388,62,252,17142.91992,8936.260742,8,8,69.444192,73.883687,3371.875229,94.560102,255,138359618,3005482881,255,0.097948,0.035034,0.062914,149,86,0,0,1,1,1,1,1,1,0,0,0,1,1,0,DoS,1
0.06498,udp,-,CON,4,2,188,89,76.946753,254,60,17359.1875,5540.166016,0,0,21.66,0.007,30.615604,0.0,0,0,0,0,0.0,0.0,0.0,47,45,0,0,1,0,1,1,1,1,0,0,0,1,1,0,DoS,1
0.28463,tcp,-,FIN,12,8,1204,2064,66.753329,254,252,31029.75781,50760.63672,3,2,24.737727,39.628285,1350.764845,58.191629,255,4095043196,3464498340,255,0.05426,0.007224,0.047036,100,258,0,0,1,1,1,1,1,1,0,0,0,1,1,0,DoS,1
0.815783,tcp,smtp,FIN,26,20,8595,1726,55.161726,62,252,81050.96094,16082.70801,10,8,32.631321,44.876777,1727.677362,47.286523,255,4046518672,3904404292,255,0.058612,0.007358,0.051254,331,86,0,0,2,1,1,1,1,1,0,0,0,1,1,0,DoS,1
0.455271,tcp,-,FIN,10,10,1076,622,41.733385,62,252,17027.2207,9840.292969,2,2,50.585667,47.785555,3444.503127,106.465516,255,306694031,3428098685,255,0.0658,0.01117,0.05463,108,62,0,0,1,1,1,1,1,1,0,0,0,1,1,0,DoS,1
0.355441,tcp,http,FIN,12,10,1262,2282,59.081535,62,252,26040.89063,46229.89453,3,3,32.312817,37.903,1679.223351,59.731621,255,770029592,2498143901,255,0.063866,0.009613,0.054253,105,228,1,113,1,1,1,1,1,1,0,0,1,1,1,0,DoS,1
0.363174,tcp,http,FIN,10,8,914,1234,46.809519,62,252,18129.05078,23790.25,2,2,40.352667,46.909,1957.769257,74.408227,255,1155073915,3377167462,255,0.083743,0.034009,0.049734,91,154,1,214,1,1,1,1,1,1,0,0,1,1,1,0,DoS,1
0.807926,tcp,-,FIN,12,10,2074,530,25.99248,254,252,18833.4082,4723.205078,3,3,73.447821,85.783555,4490.175537,130.636,255,1653080181,159955780,255,0.094177,0.035273,0.058904,173,53,0,0,1,1,1,1,1,1,0,0,0,1,1,0,DoS,1
1.909722,tcp,http,FIN,16,52,1034,60633,35.083641,62,252,4063.418701,249112.7031,2,23,127.314806,36.117559,7310.184309,4194.423931,255,2339294443,854410772,255,0.185101,0.103026,0.082075,65,1166,1,29015,1,1,1,1,1,1,0,0,1,1,1,0,DoS,1
0.378809,tcp,http,FIN,10,8,812,1402,44.877497,62,252,15437.85938,25912.79492,2,2,42.089889,44.761855,2122.661966,68.234281,255,2702297640,2780605571,255,0.085198,0.023787,0.061411,81,175,1,284,1,1,1,1,1,1,0,0,1,1,1,0,DoS,1
0.789913,tcp,-,FIN,10,8,1328,354,21.521357,254,252,12112.72656,3139.586182,2,1,87.768111,105.882711,5167.313208,167.768234,255,1148886937,2688325738,255,0.151439,0.048008,0.103431,133,44,0,0,1,1,1,1,1,1,0,0,0,1,1,0,DoS,1
0.339445,tcp,ftp,FIN,10,6,1542,268,44.189781,254,252,32712.22266,5279.206055,2,1,34.041,56.413602,1790.646229,82.509203,255,2393842718,3123136892,255,0.124443,0.057374,0.067069,154,45,0,0,1,1,2,1,1,1,0,0,0,1,1,0,DoS,1
0.295888,tcp,http,FIN,10,8,834,1304,57.454171,62,252,20304.98047,30849.50977,2,2,32.876444,31.224715,1617.191579,46.19077,255,3771531058,2813672915,255,0.039909,0.02586,0.014049,83,163,1,232,1,1,1,1,1,1,0,0,1,1,1,0,DoS,1
0.583286,tcp,http,FIN,10,8,632,354,29.145223,62,252,7804.062012,4251.773438,2,1,64.709444,75.018859,3886.28157,122.723461,255,2978320517,672222188,255,0.126456,0.058146,0.06831,63,44,1,0,1,1,1,1,1,1,0,0,1,1,1,0,DoS,1
0.436478,tcp,http,FIN,10,8,844,1782,38.948127,62,252,13929.68262,28592.50781,2,2,48.486889,51.669855,2352.586114,80.680297,255,2234387043,23261220,255,0.134002,0.074784,0.059218,84,223,1,468,1,1,1,1,1,1,0,0,1,1,1,0,DoS,1
0.266174,tcp,http,FIN,10,8,798,1496,63.867999,62,252,21609.92578,39342.6875,2,2,29.574889,36.94343,1453.405417,53.595539,255,3733858226,3446170322,255,0.050546,0.00681,0.043736,80,187,1,326,1,1,1,1,1,1,0,0,1,1,1,0,DoS,1
0.288829,tcp,http,FIN,50,12,55503,526,211.19763,254,252,1506580.0,13378.1582,22,1,5.615612,25.568273,561.177072,40.732609,255,1645537835,497432394,255,0.050825,0.00757,0.043255,1110,44,1,0,1,1,1,1,1,1,0,0,1,1,1,0,DoS,1
0.268225,tcp,-,FIN,10,6,540,268,55.923196,254,252,14495.29199,6680.958008,2,1,24.247333,44.216602,1347.4635,55.661684,255,3774794199,612369360,255,0.111373,0.047133,0.06424,54,45,0,0,1,1,2,1,1,1,0,0,0,1,5,0,DoS,1
9e-06,udp,dns,INT,2,0,126,0,111111.1072,254,0,56000000.0,0.0,0,0,0.009,0.0,0.0,0.0,0,0,0,0,0.0,0.0,0.0,63,0,0,0,1,2,1,1,1,1,0,0,0,2,1,0,DoS,1
5.818912,tcp,http,FIN,80,472,3894,614831,94.691241,62,252,5287.586426,843496.5,2,233,73.657116,12.224582,4007.430419,1935.966628,255,2409911625,1658923127,255,0.16738,0.060401,0.106979,49,1303,1,297672,1,1,1,1,1,1,0,0,1,2,1,0,DoS,1
1.600675,tcp,smtp,FIN,22,16,5478,1230,23.115248,254,252,26133.97461,5767.566895,7,6,74.947238,104.99907,6115.292332,186.778672,255,812470925,3725587223,255,0.075871,0.02568,0.050191,249,77,0,0,2,1,1,1,1,1,0,0,0,1,1,0,DoS,1
0.948642,tcp,http,FIN,10,10,784,1284,20.02863,62,252,5953.773926,9748.671875,2,2,105.404667,93.435,6198.619012,151.015516,255,3535085219,212609791,255,0.149291,0.107053,0.042238,78,128,1,188,1,1,1,1,1,1,0,0,1,1,1,0,DoS,1
59.861881,tcp,smtp,CON,6118,928,8109433,40540,117.687581,254,252,1083575.375,5412.058594,3057,6,9.797103,64.659063,1452.930058,93.571086,255,931267042,2476895882,255,0.094731,0.052184,0.042547,1326,44,0,0,1,0,1,1,1,1,0,0,0,2,1,0,DoS,1
0.611882,tcp,http,FIN,10,8,846,1250,27.783136,62,252,9962.706055,14303.41211,2,2,67.986889,78.871289,3647.610977,115.959414,255,2718719634,1062875427,255,0.162585,0.059118,0.103467,85,156,1,200,1,1,1,1,1,1,0,0,1,2,1,0,DoS,1
0.390877,tcp,http,FIN,10,8,772,1032,43.491942,62,252,14224.42285,18481.51758,2,2,43.403556,47.96957,2270.855427,61.999145,255,3973745270,4182119563,255,0.112838,0.055087,0.057751,77,129,1,105,1,1,1,1,1,1,0,0,1,1,1,0,DoS,1
0.880868,tcp,http,FIN,14,10,1676,2132,26.110609,254,252,14140.59766,17428.26367,3,3,67.688923,93.617109,4252.562865,140.465812,255,4055718586,3516223556,255,0.102042,0.038309,0.063733,120,213,1,226,1,1,1,1,1,1,0,0,1,1,1,0,DoS,1
0.439106,tcp,http,FIN,10,8,812,2454,38.715027,62,252,13317.96875,39134.05859,2,2,48.789556,58.141715,2720.581202,113.878648,255,2864074279,525333816,255,0.061025,0.031306,0.029719,81,307,1,814,2,1,4,1,1,2,0,0,1,3,5,0,DoS,1
0.434581,tcp,http,FIN,16,6,11290,268,48.322406,254,252,194854.3438,4123.512207,5,1,28.384665,81.207,2233.01025,146.234016,255,2272616292,1733745737,255,0.097242,0.028538,0.068704,706,45,1,0,2,1,1,1,1,2,0,0,1,1,5,0,DoS,1
1.802929,tcp,-,FIN,10,8,1144,354,9.429101,62,252,4570.34082,1375.539429,2,1,200.222778,240.829422,12487.15351,481.379313,255,4163381049,227263589,255,0.185431,0.117115,0.068316,114,44,0,0,1,1,1,1,1,1,0,0,0,1,1,0,DoS,1
8e-06,udp,-,INT,2,0,616,0,125000.0003,254,0,308000000.0,0.0,0,0,0.008,0.0,0.0,0.0,0,0,0,0,0.0,0.0,0.0,308,0,0,0,1,2,2,1,1,2,0,0,0,2,1,0,DoS,1
24.149729,tcp,http,FIN,2066,324,2751924,13942,98.924506,254,252,911179.4375,4604.275391,1030,1,11.705243,74.339875,1405.179092,85.910961,255,1213742695,2911069802,255,0.31013,0.21229,0.09784,1332,43,1,0,1,1,18,1,1,1,0,0,1,2,1,0,DoS,1
1.133361,tcp,http,FIN,10,20,804,15892,25.587611,62,252,5110.463379,106571.5156,2,7,125.929,55.914422,7539.188858,5128.88865,255,2914722025,1155840912,255,0.190715,0.069897,0.120818,80,795,1,7293,2,1,1,1,1,2,0,0,1,2,2,0,DoS,1
1.949035,tcp,smtp,FIN,18,18,2296,1288,17.957604,254,252,8902.867188,4995.29248,6,7,114.649118,108.588586,5642.050046,135.261172,255,3295496018,546312640,255,0.152272,0.10093,0.051342,128,72,0,0,1,1,1,1,1,1,0,0,0,1,1,0,DoS,1
0.925417,tcp,-,FIN,12,8,2692,466,20.531285,254,252,21335.24609,3527.058594,3,2,78.085548,112.892711,4103.906926,159.736328,255,1357746747,3282471971,255,0.217617,0.135159,0.082458,224,58,0,0,1,1,1,1,1,1,0,0,0,1,1,0,DoS,1
0.828997,tcp,http,FIN,10,8,930,1608,20.506708,62,252,8077.230469,13577.85352,2,2,92.110778,101.112289,4694.93352,179.126656,255,8419981,3755045659,255,0.156723,0.076977,0.079746,93,201,1,379,1,1,1,1,1,1,0,0,1,1,1,0,DoS,1
1.7e-05,udp,dns,INT,2,0,116,0,58823.52838,62,0,27294118.0,0.0,0,0,0.017,0.0,0.0,0.0,0,0,0,0,0.0,0.0,0.0,58,0,0,0,1,2,1,1,1,1,0,0,0,1,1,0,DoS,1
2.485306,tcp,http,FIN,10,10,798,1138,7.644934,62,252,2314.403076,3299.392578,2,2,276.036889,264.589781,18341.66164,621.638812,255,3551072379,1536065201,255,0.181263,0.103991,0.077272,80,114,1,124,3,1,1,2,1,1,0,0,1,2,1,0,DoS,1
0.870145,tcp,http,FIN,10,12,808,7522,24.133908,62,252,6693.137207,63400.92578,2,4,96.682778,71.213272,5178.54647,6311.076851,255,676761707,2260657617,255,0.137518,0.063228,0.07429,81,627,1,3244,1,1,1,1,1,1,0,0,1,1,1,0,DoS,1
9e-06,udp,-,INT,2,0,572,0,111111.1072,254,0,254222208.0,0.0,0,0,0.009,0.0,0.0,0.0,0,0,0,0,0.0,0.0,0.0,286,0,0,0,1,2,1,1,1,1,0,0,0,2,1,0,DoS,1
0.918178,tcp,http,FIN,10,8,810,1212,18.514928,62,252,6351.709473,9244.394531,2,2,102.019778,110.080859,5702.92582,211.937234,255,522733527,1522525617,255,0.183027,0.121751,0.061276,81,152,1,181,1,1,17,1,1,1,0,0,1,5,1,0,DoS,1
2.22236,tcp,smtp,FIN,22,20,3315,1748,18.448857,254,252,11393.29395,5979.229492,8,8,105.826667,111.938734,5557.821285,146.658734,255,2195828103,2963770094,255,0.140277,0.072807,0.06747,151,87,0,0,1,1,1,1,1,1,0,0,0,1,1,0,DoS,1
0.512836,tcp,http,FIN,10,12,794,8122,40.948765,62,252,11153.66406,116154.0938,2,4,56.981778,40.265273,2770.432707,3084.479008,255,2291394017,3808462463,255,0.15285,0.069193,0.083657,79,677,1,3551,1,1,1,1,1,1,0,0,1,1,1,0,DoS,1
0.246469,tcp,-,FIN,10,6,938,268,60.859579,254,252,27427.38281,7270.690918,2,1,24.699778,43.530801,1239.565431,64.674875,255,1805966255,2741391881,255,0.059962,0.028805,0.031157,94,45,0,0,1,1,1,1,1,1,0,0,0,1,1,0,DoS,1
5e-06,udp,snmp,INT,2,0,136,0,200000.0051,254,0,108800000.0,0.0,0,0,0.005,0.0,0.0,0.0,0,0,0,0,0.0,0.0,0.0,68,0,0,0,1,2,1,1,1,1,0,0,0,1,1,0,DoS,1
0.505762,tcp,-,FIN,12,8,1138,688,37.567078,254,252,16513.69727,9522.265625,3,2,41.322636,68.75243,2102.358302,84.483867,255,3246782668,4170973001,255,0.081305,0.024486,0.056819,95,86,0,0,1,1,1,1,1,1,0,0,0,1,1,0,DoS,1
0.413946,tcp,ftp,FIN,14,12,1622,898,60.394351,254,252,29124.57227,15924.78223,4,4,30.232769,34.889637,1518.411889,44.239703,255,1344185104,3963133239,255,0.078866,0.030152,0.048714,116,75,0,0,1,1,1,1,1,1,0,0,0,28,1,0,DoS,1
1.503411,tcp,dns,FIN,10,8,518,354,11.307619,254,252,2485.015625,1649.582153,2,1,166.983,200.599422,10307.74906,443.352125,255,1115917002,3259607996,255,0.21978,0.099205,0.120575,52,44,0,0,1,1,2,1,1,1,0,0,0,1,1,0,DoS,1
1.469414,tcp,pop3,FIN,20,20,930,2916,26.541193,62,252,4812.802734,15086.28613,7,8,77.337576,75.202266,3824.35338,90.424234,255,173188934,1218694240,255,0.085227,0.03967,0.045557,47,146,0,0,1,1,1,1,1,1,0,0,0,1,1,0,DoS,1
2.456686,tcp,smtp,FIN,34,22,19843,1768,22.387883,254,252,62718.63672,5496.835938,14,8,74.445031,112.070234,4427.365921,133.799906,255,1589314596,3913985677,255,0.241774,0.102505,0.139269,584,80,0,0,1,1,2,1,1,4,0,0,0,3,1,0,DoS,1
1.921346,tcp,smtp,FIN,226,50,272152,3138,143.128831,62,252,1128159.125,12807.68848,110,8,8.539316,38.258348,937.810614,50.277574,255,182639925,1515305466,255,0.056006,0.045493,0.010513,1204,63,0,0,1,1,1,1,1,1,0,0,0,1,1,0,DoS,1
0.494562,tcp,http,FIN,10,8,804,1412,34.37385,62,252,11711.37305,19993.44922,2,2,54.951333,55.698,2784.980628,72.235555,255,3645498635,1602512170,255,0.14505,0.076488,0.068562,80,177,1,298,1,1,1,1,1,1,0,0,1,1,1,0,DoS,1
59.400505,ospf,-,REQ,64,0,17408,0,1.060597,254,0,2307.859131,0.0,0,0,954.815563,0.0,1174.32875,0.0,0,0,0,0,0.0,0.0,0.0,272,0,0,0,2,6,3,2,2,5,0,0,0,3,2,0,DoS,1
0.025552,udp,-,INT,3,0,158,0,78.271757,254,0,33187.22656,0.0,0,0,0.003,0.0,0.0,0.0,0,0,0,0,0.0,0.0,0.0,53,0,0,0,1,2,2,2,2,2,0,0,0,2,1,0,DoS,1
0.449667,tcp,http,FIN,10,8,820,1022,37.805753,62,252,13129.71582,15922.89356,2,2,49.963,49.278855,2553.048771,77.277625,255,1206099918,2573141173,255,0.102178,0.044593,0.057585,82,128,1,99,1,1,1,1,1,1,0,0,1,2,1,0,DoS,1
59.49752,ospf,-,INT,54,0,14688,0,0.890793,254,0,1938.366455,0.0,0,0,1122.594375,0.0,1293.59325,0.0,0,0,0,0,0.0,0.0,0.0,272,0,0,0,2,2,5,2,2,6,0,0,0,4,2,0,DoS,1
0.375188,tcp,http,FIN,10,8,826,1426,45.310618,62,252,15864.04688,26610.66016,2,2,41.687556,48.608715,2068.192611,64.396535,255,457406919,34471638,255,0.074979,0.034233,0.040746,83,178,1,292,1,1,1,1,1,1,0,0,1,1,1,0,DoS,1
0.267259,tcp,http,FIN,24,8,21816,354,115.992351,254,252,625819.875,9279.387695,9,1,11.619956,36.179285,975.546625,58.39341,255,892479093,3647759424,255,0.031658,0.013288,0.01837,909,44,1,0,1,1,1,1,1,1,0,0,1,1,1,0,DoS,1
0.380703,tcp,http,FIN,10,8,792,1188,44.654232,62,252,14982.80762,21854.30664,2,2,42.300333,42.36843,2065.874786,56.993156,255,3437901848,648401916,255,0.098783,0.055478,0.043305,79,149,1,197,1,1,1,1,1,11,0,0,1,3,1,0,DoS,1
0.537209,tcp,-,FIN,12,6,3800,268,31.645041,254,252,51882.97656,3335.759521,3,1,48.837182,94.733,2889.212204,167.318766,255,872780799,2725175436,255,0.089432,0.062881,0.026551,317,45,0,0,1,1,2,1,1,1,0,0,0,1,3,0,DoS,1
0.459826,tcp,http,FIN,10,8,832,1226,36.970507,62,252,13031.0166,18667.93164,2,2,50.946444,57.118,2671.827312,78.611945,255,3801250817,1103895648,255,0.130728,0.059992,0.070736,83,153,1,185,1,1,1,1,1,1,0,0,1,1,1,0,DoS,1
9.439911,tcp,http,FIN,10,10,820,1420,2.012731,62,252,625.429626,1083.061035,2,2,1048.864889,1037.86425,70026.65563,1942.891375,255,3351643262,35927141,255,0.128948,0.09913,0.029818,82,142,1,245,2,1,1,1,1,1,0,0,1,3,1,0,DoS,1
1.587819,tcp,smtp,FIN,22,20,3066,1806,25.821583,254,252,14747.27344,8645.822266,7,8,75.610429,80.108312,4387.440342,113.529914,255,3814051152,845576199,255,0.070806,0.027886,0.04292,139,90,0,0,1,1,1,1,1,1,0,0,0,1,1,0,DoS,1
1.593984,tcp,-,FIN,32,120,1614,137054,94.731189,62,252,7849.51416,682124.8125,6,58,51.41884,12.933714,2901.662334,1527.8155,255,3427528099,2991015570,255,0.08534,0.017471,0.067869,50,1142,0,0,1,1,1,1,1,1,0,0,0,1,2,0,DoS,1
0.470434,tcp,http,FIN,10,6,2916,268,31.88545,254,252,44639.62891,3809.248291,2,1,43.925667,77.111797,2449.526505,109.351969,255,2657418582,662922523,255,0.15687,0.084869,0.072001,292,45,1,0,1,1,2,1,1,3,0,0,1,2,1,0,DoS,1
0.908482,tcp,http,FIN,10,6,1242,268,16.511059,254,252,9844.994141,1972.521118,2,1,100.942444,161.452797,6782.693143,302.967281,255,2958668473,1942734092,255,0.115537,0.055804,0.059733,124,45,1,0,1,1,1,1,1,1,0,0,1,1,1,0,DoS,1
1.403451,tcp,http,FIN,26,122,1446,156035,104.741814,62,252,7929.026367,882151.25,2,59,56.09828,11.283752,2728.370518,1270.4495,255,126694120,2076509278,255,0.071853,0.038112,0.033741,56,1279,1,75323,1,1,1,1,1,1,0,0,1,2,1,0,DoS,1
1.22773,tcp,-,FIN,14,8,8940,354,17.104738,254,252,54096.58203,2019.988037,4,1,92.710075,159.786719,7400.769832,222.762391,255,93873647,2227494063,255,0.178434,0.109215,0.069219,639,44,0,0,2,1,1,1,1,1,0,0,0,1,1,0,DoS,1
0.469249,tcp,http,FIN,10,6,1796,268,31.96597,254,252,27567.45313,3818.86792,2,1,51.378444,82.487797,3176.961442,151.935344,255,3940131701,3270377199,255,0.125202,0.056801,0.068401,180,45,1,0,1,1,1,1,1,1,0,0,1,1,1,0,DoS,1
3e-06,udp,-,INT,2,0,2774,0,333333.3215,254,0,3698666496.0,0.0,0,0,0.003,0.0,0.0,0.0,0,0,0,0,0.0,0.0,0.0,1387,0,0,0,1,2,1,1,1,1,0,0,0,2,1,0,DoS,1
15.602136,ospf,-,INT,20,0,900,0,1.217782,254,0,438.40152,0.0,0,0,821.165062,0.0,987.040687,0.0,0,0,0,0,0.0,0.0,0.0,45,0,0,0,2,2,3,2,2,3,0,0,0,3,2,0,DoS,1
3.305306,tcp,smtp,FIN,26,22,9725,1770,14.219561,254,252,22632.70117,4090.392822,10,8,132.207684,154.348234,7049.909572,192.526609,255,4255546081,2780833357,255,0.186445,0.063987,0.122458,374,80,0,0,1,1,1,1,1,1,0,0,0,1,1,0,DoS,1
2.579405,tcp,http,CON,208,30,269883,1300,91.881652,62,252,833016.875,3898.573486,103,1,12.239136,86.655617,1701.61447,138.857703,255,183420721,3548597985,255,0.159923,0.066388,0.093535,1298,43,1,0,1,3,2,2,2,2,0,0,2,4,1,0,DoS,1
1.222247,tcp,http,FIN,12,8,902,1226,15.545139,62,252,5412.980957,7023.130371,2,2,111.113362,155.718281,6275.993072,237.845578,255,1872937259,2719106788,255,0.128218,0.092842,0.035376,75,153,1,203,1,1,1,1,1,1,0,0,1,1,1,0,DoS,1
16.170187,ospf,-,REQ,16,0,4352,0,0.927633,254,0,2018.529541,0.0,0,0,1290.972,0.0,1493.258125,0.0,0,0,0,0,0.0,0.0,0.0,272,0,0,0,2,6,13,2,2,4,0,0,0,4,2,0,DoS,1
1.142321,tcp,http,FIN,10,12,800,3658,18.383624,62,252,5042.365723,23489.01953,2,3,126.924556,98.710999,6831.464886,7748.152347,255,1251363962,3368803328,255,0.148792,0.055783,0.093009,80,305,1,1339,1,1,3,1,1,1,0,0,1,2,1,0,DoS,1
0.695965,tcp,-,FIN,12,8,1042,754,27.300224,254,252,10989.05859,7586.588379,3,2,58.550273,87.548,3053.15077,108.688719,255,3069171898,1902221064,255,0.154645,0.083124,0.071521,87,94,0,0,1,1,1,1,1,1,0,0,0,1,2,0,DoS,1
0.579494,tcp,http,FIN,10,8,804,982,29.335938,62,252,9994.926758,11872.42676,2,2,64.279111,72.02457,3201.510946,115.331992,255,3277977258,30124162,255,0.156416,0.075317,0.081099,80,123,1,78,2,1,1,1,1,3,0,0,1,1,1,0,DoS,1
1.009722,tcp,http,FIN,16,8,11572,354,22.778547,254,252,85956.33594,2456.121582,5,1,67.246602,160.3925,5839.920554,216.332172,255,2511154586,1892998982,255,0.121479,0.047364,0.074115,723,44,1,0,1,1,1,1,1,1,0,0,1,1,1,0,DoS,1
58.881458,ospf,-,REQ,68,0,18496,0,1.137879,254,0,2476.025635,0.0,0,0,919.770813,0.0,1146.88425,0.0,0,0,0,0,0.0,0.0,0.0,272,0,0,0,2,6,3,2,2,5,0,0,0,4,2,0,DoS,1
0.915297,tcp,-,FIN,22,8,20020,354,31.683706,254,252,167027.75,2709.503174,8,1,42.570573,117.45343,3647.219917,213.920172,255,2462519586,1732345947,255,0.203641,0.093115,0.110526,910,44,0,0,2,1,2,1,1,2,0,0,0,2,2,0,DoS,1
4.598935,ospf,-,INT,82,0,5248,0,17.612773,254,0,9017.739258,0.0,0,0,56.776977,0.0,161.878984,0.0,0,0,0,0,0.0,0.0,0.0,64,0,0,0,1,2,13,1,1,1,0,0,0,1,1,0,DoS,1
1.634499,tcp,smtp,FIN,24,20,4373,1660,26.307756,254,252,20512.70898,7718.573242,9,8,71.065171,83.414156,3644.01638,105.011578,255,3630407730,3844399033,255,0.167589,0.048956,0.118633,182,83,0,0,1,1,1,1,1,1,0,0,0,2,1,0,DoS,1
1.556381,tcp,http,FIN,10,6,956,268,9.637743,254,252,4425.651367,1151.389038,2,1,168.767556,297.108812,11078.95,538.82275,255,3104829984,1634849215,255,0.175428,0.070836,0.104592,96,45,1,0,1,1,1,1,1,1,0,0,1,1,1,0,DoS,1
0.458287,tcp,-,FIN,10,8,934,354,37.094659,254,252,14680.75684,5411.456055,2,1,49.508889,62.459145,3351.322297,120.706672,255,1928580571,4189755185,255,0.07539,0.021055,0.054335,93,44,0,0,1,1,1,1,1,1,0,0,0,1,1,0,DoS,1
2e-06,udp,-,INT,2,0,598,0,500000.0013,254,0,1196000000.0,0.0,0,0,0.002,0.0,0.0,0.0,0,0,0,0,0.0,0.0,0.0,299,0,0,0,4,2,1,1,1,1,0,0,0,1,1,0,DoS,1
1.9e-05,udp,-,INT,2,0,2768,0,52631.58129,254,0,582736896.0,0.0,0,0,0.019,0.0,0.0,0.0,0,0,0,0,0.0,0.0,0.0,1384,0,0,0,1,2,1,1,1,1,0,0,0,1,1,0,DoS,1
0.362714,tcp,http,FIN,10,8,836,1242,46.868884,62,252,16608.12695,23974.8125,2,2,40.301556,45.25643,1959.576206,67.453805,255,751538821,3426848781,255,0.094812,0.045171,0.049641,84,155,1,204,1,1,1,1,1,1,0,0,1,1,1,0,DoS,1
6.367182,tcp,http,FIN,112,688,5186,917063,125.487229,62,252,6458.116211,1150563.625,2,342,57.362,9.212353,2739.667696,1088.251613,255,3906912920,2422643173,255,0.081322,0.037542,0.04378,46,1333,1,444493,1,1,2,1,1,1,0,0,1,2,1,0,DoS,1
6e-06,udp,-,INT,2,0,136,0,166666.6608,254,0,90666664.0,0.0,0,0,0.006,0.0,0.0,0.0,0,0,0,0,0.0,0.0,0.0,68,0,0,0,2,2,17,1,1,2,0,0,0,1,2,0,DoS,1
0.932446,tcp,-,FIN,10,8,1596,354,18.231619,254,252,12328.86426,2659.671387,2,1,103.605111,122.293,7271.929465,171.922844,255,3615626633,3205304891,255,0.126078,0.075711,0.050367,160,44,0,0,2,1,2,1,1,1,0,0,0,17,2,0,DoS,1
4e-06,udp,-,INT,2,0,1242,0,250000.0006,254,0,1242000000.0,0.0,0,0,0.004,0.0,0.0,0.0,0,0,0,0,0.0,0.0,0.0,621,0,0,0,2,2,1,1,1,1,0,0,0,2,1,0,DoS,1
0.811974,tcp,http,FIN,10,10,808,1018,23.399764,62,252,7172.643555,9034.772461,2,2,90.219333,82.037664,5611.084183,139.156469,255,946759662,3817054029,255,0.106212,0.072962,0.03325,81,102,1,51,1,1,1,1,1,1,0,0,1,35,1,0,DoS,1
0.555329,tcp,-,FIN,22,8,20964,354,52.221294,254,252,288290.3438,4465.820801,8,1,24.537287,65.429715,1883.765746,84.568641,255,1041563178,2372074665,255,0.126323,0.097318,0.029005,953,44,0,0,2,1,1,1,1,1,0,0,0,1,1,0,DoS,1
1.251273,tcp,http,FIN,10,8,644,354,13.586163,254,252,3708.223389,1981.981445,2,1,138.927444,164.707281,8601.681207,234.442641,255,3227499739,852284790,255,0.241607,0.098313,0.143294,64,44,1,0,3,1,1,2,1,1,0,0,1,2,1,0,DoS,1
0.857683,tcp,-,FIN,10,10,504,522,22.152707,254,252,4234.664551,4383.904297,2,2,95.278333,87.602555,5464.102416,148.521172,255,1096373749,1701155288,255,0.146742,0.069251,0.077491,50,52,0,0,11,1,1,1,1,1,0,0,0,2,1,0,DoS,1
0.309011,tcp,-,FIN,14,6,7302,268,61.486482,254,252,175553.6094,5799.145996,4,1,23.29223,59.467199,1985.316012,109.308703,255,543336232,586620558,255,0.054522,0.01167,0.042852,522,45,0,0,1,1,1,1,1,1,0,0,0,18,1,0,DoS,1
0.624754,tcp,-,FIN,10,6,3160,268,24.00945,254,252,36417.53516,2868.328857,2,1,66.081444,112.320797,3588.044929,173.487172,255,2599744328,2879226362,255,0.136001,0.063145,0.072856,316,45,0,0,5,1,1,1,1,1,0,0,0,3,1,0,DoS,1
0.561994,tcp,http,FIN,10,8,934,1272,30.249432,254,252,11971.6582,15843.58496,2,2,62.341333,70.764289,3390.938896,99.413789,255,2461088228,935069730,255,0.161246,0.066641,0.094605,93,159,1,239,2,1,1,1,1,1,0,0,1,1,1,0,DoS,1
0.06048,udp,dns,INT,3,0,158,0,33.068784,254,0,14021.16406,0.0,0,0,0.003,0.0,0.0,0.0,0,0,0,0,0.0,0.0,0.0,53,0,0,0,1,2,1,1,1,1,0,0,0,1,1,0,DoS,1
0.349801,tcp,-,FIN,18,6,12698,268,65.751669,254,252,274281.6563,5122.912598,6,1,20.576529,61.285398,1356.105745,90.830766,255,33030048,4077368951,255,0.109694,0.042592,0.067102,705,45,0,0,1,1,1,1,1,1,0,0,0,1,1,0,DoS,1
9.240572,tcp,http,FIN,170,1114,7310,1463795,138.844219,62,252,6291.385254,1266139.75,0,555,54.827141,8.337477,62.670301,1046.150997,255,190255800,352679936,255,0.074404,0.042837,0.031567,43,1314,1,5242880,2,1,1,1,1,1,0,0,2,2,1,0,DoS,1
7e-06,udp,-,INT,2,0,422,0,142857.1409,254,0,241142848.0,0.0,0,0,0.007,0.0,0.0,0.0,0,0,0,0,0.0,0.0,0.0,211,0,0,0,1,2,1,1,1,1,0,0,0,2,1,0,DoS,1
0.355745,tcp,-,FIN,10,6,822,268,42.165035,254,252,16641.13477,5037.316406,2,1,39.368556,61.973,1899.633152,82.482164,255,2697524881,3830452856,255,0.107207,0.045871,0.061336,82,45,0,0,2,1,1,1,1,1,0,0,0,1,1,0,DoS,1
1e-05,udp,dhcp,INT,2,0,1152,0,100000.0025,254,0,460800000.0,0.0,0,0,0.01,0.0,0.0,0.0,0,0,0,0,0.0,0.0,0.0,576,0,0,0,2,2,2,2,2,2,0,0,0,3,2,0,DoS,1
1.152918,tcp,http,FIN,16,6,11372,268,18.214652,254,252,73982.71094,1554.317017,5,1,75.444866,213.180203,5781.890524,368.613563,255,2002202626,480663664,255,0.178391,0.08701,0.091381,711,45,1,0,3,1,1,1,1,1,0,0,1,1,1,0,DoS,1
29.849964,tcp,smtp,FIN,4458,680,5930219,30190,172.094009,62,252,1588983.875,8079.339844,2226,8,6.712381,43.90209,892.636447,57.68343,255,3932852525,675404475,255,0.041985,0.021509,0.020476,1330,44,0,0,1,1,2,1,1,2,0,0,0,2,1,0,DoS,1
1.18449,tcp,http,FIN,10,10,834,1326,16.040659,62,252,5072.225098,8064.230469,2,2,131.61,120.598445,9195.504255,181.237922,255,2920937388,1972396849,255,0.143691,0.098309,0.045382,83,133,1,199,1,1,1,1,1,1,0,0,1,1,1,0,DoS,1
0.63678,tcp,http,FIN,10,8,796,926,26.696817,62,252,9007.820312,10188.76172,2,2,70.753333,73.558,3574.879327,139.560172,255,587503153,4105440602,255,0.190049,0.091876,0.098173,80,116,1,54,1,1,1,1,1,1,0,0,1,1,1,0,DoS,1
47.485291,ospf,-,REQ,70,0,19040,0,1.453082,254,0,3161.905518,0.0,0,0,693.785,0.0,827.209375,0.0,0,0,0,0,0.0,0.0,0.0,272,0,0,0,2,6,2,2,2,2,0,0,0,6,2,0,DoS,1
0.803143,tcp,-,FIN,10,8,3342,354,21.16684,254,252,29962.28516,3087.868408,2,1,86.034,104.429859,4709.548763,200.145109,255,3408161265,3492605831,255,0.107479,0.072129,0.03535,334,44,0,0,1,1,1,1,1,1,0,0,0,18,1,0,DoS,1
0.494446,tcp,http,FIN,10,6,880,268,30.336983,254,252,12814.3418,3624.258301,2,1,49.599333,90.196797,2475.459405,122.870148,255,3945039746,1903494574,255,0.082263,0.043455,0.038808,88,45,1,0,1,1,1,1,1,1,0,0,1,2,1,0,DoS,1
5e-06,udp,dhcp,INT,2,0,1152,0,200000.0051,62,0,921600000.0,0.0,0,0,0.005,0.0,0.0,0.0,0,0,0,0,0.0,0.0,0.0,576,0,0,0,1,2,1,1,1,2,0,0,0,2,1,0,DoS,1
0.316354,tcp,http,FIN,10,8,784,1632,53.737268,62,252,17853.41797,36111.44531,2,2,35.150444,42.009285,1754.914621,58.39727,255,3665015610,684453990,255,0.071822,0.021486,0.050336,78,204,1,418,2,1,2,2,1,2,0,0,1,2,2,0,DoS,1
2e-05,udp,-,INT,2,0,840,0,50000.00126,254,0,168000000.0,0.0,0,0,0.02,0.0,0.0,0.0,0,0,0,0,0.0,0.0,0.0,420,0,0,0,1,2,1,1,1,1,0,0,0,1,1,0,DoS,1
0.993581,tcp,-,FIN,14,8,7932,354,21.13567,254,252,59308.70313,2496.021973,4,1,76.35931,132.661141,6006.789055,201.533187,255,3622030133,2804167760,255,0.147098,0.064945,0.082153,567,44,0,0,3,1,2,1,1,1,0,0,0,20,3,0,DoS,1
0.626866,tcp,http,FIN,10,8,782,990,27.119034,62,252,8984.376953,11064.56641,2,2,69.651778,77.665711,3637.083057,130.208719,255,1117697042,2416235134,255,0.128296,0.059112,0.069184,78,124,1,99,1,1,1,1,1,1,0,0,1,1,1,0,DoS,1
0.633621,tcp,-,FIN,12,10,868,562,33.142842,254,252,10050.17188,6388.677246,3,3,54.616817,59.898555,3181.490782,82.141125,255,3868422562,437849511,255,0.154906,0.094531,0.060375,72,56,0,0,1,1,1,1,1,1,0,0,0,12,1,0,DoS,1
0.317882,tcp,http,FIN,10,8,806,1382,53.478964,62,252,18270.92969,30451.55078,2,2,35.320222,41.631285,1881.049841,63.312703,255,544332759,2856394953,255,0.047279,0.025852,0.021427,81,173,1,285,1,1,13,1,1,1,0,0,1,1,1,0,DoS,1
3.355835,tcp,pop3,FIN,28,70,1308,70208,28.904878,62,252,3008.491211,164980.7031,7,33,124.290189,47.30161,8354.552908,5186.44574,255,1500510609,2338201536,255,0.206098,0.09109,0.115008,47,1003,0,0,1,1,1,1,1,1,0,0,0,1,1,0,DoS,1
7.769075,tcp,smtp,FIN,734,128,967516,6438,110.824005,62,252,994916.9375,6577.874512,364,8,10.626742,60.878078,1218.430036,68.399812,255,2151375410,2961020069,255,0.10987,0.037551,0.072319,1318,50,0,0,1,1,1,1,1,1,0,0,0,1,1,0,DoS,1
0.815724,tcp,dns,FIN,10,8,518,354,20.840382,254,252,4579.980469,3040.243896,2,1,90.545222,105.471859,4660.854282,207.852125,255,1569860625,1184968734,255,0.188074,0.077412,0.110662,52,44,0,0,1,1,1,1,1,1,0,0,0,1,1,0,DoS,1
0.268829,tcp,http,FIN,10,8,794,2598,63.237228,62,252,21277.4668,67671.27344,2,2,29.869889,36.061,1585.920804,64.757531,255,1024190686,3367219664,255,0.064282,0.009171,0.055111,79,325,1,896,1,1,1,1,1,1,0,0,1,1,1,0,DoS,1
1e-05,udp,-,INT,2,0,714,0,100000.0025,254,0,285600000.0,0.0,0,0,0.01,0.0,0.0,0.0,0,0,0,0,0.0,0.0,0.0,357,0,0,0,1,2,1,1,1,1,0,0,0,17,1,0,DoS,1
0.624883,tcp,http,FIN,10,8,952,1250,27.205093,62,252,10971.6543,14005.82227,2,2,69.431444,75.32443,3541.429666,138.058562,255,2834551263,119190687,255,0.151469,0.072126,0.079343,95,156,1,203,4,1,1,1,1,1,0,0,1,1,1,0,DoS,1
0.877636,tcp,http,FIN,10,8,502,566,19.370217,254,252,4120.15918,4521.236328,2,2,97.515111,111.140289,4897.566816,200.897266,255,3656958148,1444787402,255,0.167026,0.09879,0.068236,50,71,1,21,3,1,1,1,1,1,0,0,1,2,2,0,DoS,1
0.628951,tcp,http,FIN,10,8,768,1150,27.029132,62,252,8801.957031,12808.62891,2,2,69.883444,76.15,3563.75924,120.068977,255,1937166611,2011378321,255,0.158761,0.095253,0.063508,77,144,1,166,1,1,1,1,1,1,0,0,1,2,1,0,DoS,1
2.395538,tcp,smtp,FIN,20,16,2514,1138,14.610496,62,252,7978.165527,3563.29126,6,6,126.080941,156.251328,6467.647781,215.934984,255,4209967623,1404739072,255,0.113039,0.050649,0.06239,126,71,0,0,1,1,1,1,1,13,0,0,0,1,1,0,DoS,1
0.480309,tcp,-,FIN,10,8,524,354,35.393881,254,252,7861.605469,5163.342773,2,1,53.367667,62.506715,3459.024808,126.973406,255,183236519,1880729783,255,0.089767,0.028476,0.061291,52,44,0,0,1,1,1,1,1,1,0,0,0,1,1,0,DoS,1
0.534206,tcp,-,FIN,10,6,1722,268,28.079057,254,252,23212.01953,3354.51123,2,1,59.356222,93.121797,2943.876382,145.474328,255,2754360703,2448260261,255,0.163303,0.06691,0.096393,172,45,0,0,1,1,1,1,1,1,0,0,0,1,1,0,DoS,1
0.538153,tcp,http,FIN,10,6,1470,268,27.873115,62,252,19667.26953,3329.908203,2,1,52.557,87.344,2593.134695,112.29907,255,579915105,2003527244,255,0.152482,0.101424,0.051058,147,45,1,0,1,1,17,1,1,1,0,0,1,1,3,0,DoS,1
3.335783,tcp,smtp,FIN,36,24,19755,1920,17.687002,254,252,46062.94922,4412.756836,14,8,95.308087,142.034953,5913.803983,190.330781,255,2598430098,3629179273,255,0.153425,0.0681,0.085325,549,80,0,0,1,1,1,1,1,1,0,0,0,1,1,0,DoS,1
1.01206,tcp,http,FIN,10,8,844,354,16.797422,62,252,6007.548828,2450.44751,2,1,112.451111,121.752859,5773.965026,225.756266,255,341580653,976695255,255,0.309609,0.158789,0.15082,84,44,1,0,3,1,1,2,1,2,0,0,1,3,1,0,DoS,1
0.37117,tcp,-,FIN,10,6,586,268,40.412747,254,252,11380.22949,4827.976074,2,1,41.241111,65.829797,2469.840514,124.079023,255,2557706746,551116169,255,0.058437,0.030819,0.027618,59,45,0,0,1,1,1,1,1,1,0,0,0,1,1,0,DoS,1
0.332374,tcp,http,FIN,10,8,962,1412,51.147201,62,252,20843.98828,29749.61914,2,2,36.930444,44.902855,1920.200984,61.168133,255,3110314979,3783793094,255,0.069215,0.017254,0.051961,96,177,1,278,1,1,1,1,1,1,0,0,1,1,1,0,DoS,1
0.656613,tcp,-,FIN,10,6,2532,268,22.844507,254,252,27766.73633,2729.156982,2,1,69.634111,110.816203,3709.065907,151.881016,255,4160610430,822008319,255,0.154232,0.102526,0.051706,253,45,0,0,5,1,2,1,1,3,0,0,0,4,3,0,DoS,1
0.546081,tcp,http,FIN,10,8,842,1342,31.130912,254,252,11104.58008,17213.5625,2,2,60.675667,66.518859,3221.593646,98.566,255,1981873231,3448366192,255,0.11743,0.058114,0.059316,84,168,1,254,1,1,1,2,1,1,0,0,1,2,1,0,DoS,1
0.885792,tcp,http,FIN,14,10,7550,3186,25.965463,254,252,63319.60547,25902.24219,4,2,68.137846,93.265445,5698.048382,147.640844,255,3415983538,624972993,255,0.107884,0.045554,0.06233,539,319,1,1239,2,1,1,1,1,1,0,0,1,1,1,0,DoS,1
0.872966,tcp,http,FIN,14,36,1006,41946,56.13048,62,252,8568.489258,373723.5938,2,16,67.067772,23.251715,3385.137994,2909.373288,255,4192581855,2754642086,255,0.201529,0.059151,0.142378,72,1165,1,19968,1,1,1,1,1,1,0,0,1,2,1,0,DoS,1
0.85528,tcp,http,FIN,10,8,1236,354,19.876532,62,252,10410.62598,2899.635254,2,1,94.937778,109.431141,5734.646989,170.859297,255,677352604,4036227544,255,0.154633,0.089259,0.065374,124,44,1,0,1,1,2,1,1,1,0,0,1,2,5,0,DoS,1
0.529202,tcp,http,FIN,12,8,3878,354,35.903116,254,252,53741.29688,4686.30127,3,1,48.021635,70.16457,3459.411241,108.600328,255,2142139390,1529351120,255,0.092823,0.038041,0.054782,323,44,1,0,2,1,1,1,1,1,0,0,1,3,1,0,DoS,1
2.493813,tcp,smtp,FIN,26,20,7473,1722,18.044657,254,252,23052.25,5248.187988,10,8,99.752523,128.343844,7081.508569,208.198578,255,1571249496,3044001435,255,0.110759,0.054648,0.056111,287,86,0,0,1,1,1,1,1,1,0,0,0,1,1,0,DoS,1
1.12957,tcp,-,FIN,16,10,1518,2272,22.132316,254,252,10085.25391,14483.3877,4,3,69.451868,118.527891,3715.129213,153.808562,255,1202440105,2616114711,255,0.135348,0.062815,0.072533,95,227,0,0,1,1,1,1,1,1,0,0,0,3,1,0,DoS,1
6e-06,udp,-,INT,2,0,75,0,166666.6608,254,0,50666664.0,0.0,0,0,0.006,0.0,0.0,0.0,0,0,0,0,0.0,0.0,0.0,38,0,0,0,1,2,1,1,1,1,0,0,0,1,1,0,DoS,1
0.755426,tcp,http,FIN,10,6,862,268,19.856346,254,252,8217.879883,2372.171387,2,1,83.843,133.759203,4770.390222,236.562828,255,1931626147,3937346284,255,0.166695,0.086623,0.080072,86,45,1,0,1,1,1,1,1,1,0,0,1,17,1,0,DoS,1
9.921916,tcp,ftp,FIN,36,40,1842,2136,7.559024,254,252,1444.075928,1679.514282,11,15,283.483316,253.29603,19002.7372,19861.25714,255,4190878953,1104945333,255,0.146837,0.042694,0.104143,51,53,0,0,1,1,1,1,1,1,1,1,0,1,1,0,DoS,1
1.931697,tcp,smtp,FIN,20,20,3096,1776,20.189502,254,252,12184.10547,6990.744141,7,8,101.66826,99.073102,5092.941746,122.042336,255,1709909642,1150552421,255,0.097377,0.048616,0.048761,155,89,0,0,1,1,17,1,1,1,0,0,0,1,1,0,DoS,1
0.615579,tcp,http,FIN,10,8,784,1364,27.616276,62,252,9175.101562,15517.09863,2,2,68.397667,77.05243,3474.626579,137.909469,255,4214105915,1847340723,255,0.220744,0.062429,0.158315,78,171,1,278,1,1,1,1,1,1,0,0,1,1,1,0,DoS,1
2.671132,tcp,-,FIN,120,22,147931,956,52.786607,254,252,439361.2813,2734.421143,57,1,22.137932,124.123906,3265.763753,251.224484,255,4083125883,8162873,255,0.137648,0.06451,0.073138,1233,43,0,0,2,1,1,1,1,1,0,0,0,1,1,0,DoS,1
55.189144,udp,-,CON,136,138,86176,109252,4.946625,254,60,12399.97461,15722.07715,0,0,411.937531,410.328344,487.975437,511.002375,0,0,0,0,0.0,0.0,0.0,634,792,0,0,1,0,1,1,1,2,0,0,0,1,1,0,DoS,1
59.995247,tcp,-,CON,658,358,245434,15394,16.918007,254,252,32677.38867,2046.962158,328,0,91.581419,168.57925,4580.08548,179.7965,255,2091057418,1200223257,255,0.124746,0.052634,0.072112,373,43,0,0,6,0,1,1,1,1,0,0,0,2,1,0,DoS,1
0.684805,tcp,http,FIN,10,8,894,916,24.824586,62,252,9404.137695,9369.09082,2,2,75.992778,84.36243,3848.991961,136.475828,255,3038882972,2031374011,255,0.194111,0.094265,0.099846,89,115,1,61,1,1,1,1,1,1,0,0,1,1,1,0,DoS,1
59.987019,tcp,-,CON,760,4910,32924,6536012,94.50378,62,252,4385.082031,871479.375,6,2454,79.034261,12.196454,5796.586997,2230.734604,255,3138796443,3300166657,255,0.141748,0.075014,0.066734,43,1331,0,0,1,3,1,1,1,1,0,0,0,1,1,0,DoS,1
3.532579,tcp,smtp,FIN,36,22,24045,1928,16.135521,62,252,52942.625,4169.191895,15,8,100.902999,165.027,7471.692269,244.373484,255,116352221,2953816073,255,0.155115,0.067003,0.088112,668,88,0,0,1,1,1,1,1,1,0,0,0,2,1,0,DoS,1
7.027418,tcp,smtp,FIN,28,26,2849,2076,7.541888,62,252,3128.318115,2273.381104,8,8,260.27475,278.154125,14931.79025,414.986156,255,2265967953,1855098675,255,0.139956,0.07294,0.067016,102,80,0,0,2,1,1,1,1,1,0,0,0,1,1,0,DoS,1
4.047457,tcp,smtp,FIN,70,28,69826,2128,23.965664,254,252,136043.9375,4055.879883,32,8,58.658798,151.493609,7690.498549,365.179219,255,116648098,2836005528,255,0.228738,0.107964,0.120774,998,76,0,0,1,1,2,1,1,1,0,0,0,1,1,0,DoS,1
0.581604,tcp,http,FIN,10,8,788,2056,29.22951,254,252,9766.094727,24745.35938,2,2,64.522444,72.67657,3146.674343,110.335406,255,681758236,2286019988,255,0.146841,0.072867,0.073974,79,257,1,624,1,1,1,1,1,1,0,0,1,1,1,0,DoS,1
7e-06,udp,-,INT,2,0,796,0,142857.1409,254,0,454857152.0,0.0,0,0,0.007,0.0,0.0,0.0,0,0,0,0,0.0,0.0,0.0,398,0,0,0,1,2,1,1,1,1,0,0,0,1,1,0,DoS,1
59.959232,tcp,-,CON,758,380,282734,16340,18.962885,254,252,37673.73047,2174.410645,377,0,79.203362,158.661812,4001.729835,169.162453,255,2091572569,1200223257,255,0.124746,0.052634,0.072112,373,43,0,0,4,0,1,1,1,1,0,0,0,1,1,0,DoS,1
59.929756,tcp,-,CON,800,5276,34400,7054178,101.368675,62,252,4586.302734,941481.0,0,2633,74.999062,11.410057,84.049086,1384.185698,255,3138796571,3303336186,255,0.141748,0.075014,0.066734,43,1337,0,0,1,3,1,1,1,1,0,0,0,1,1,0,DoS,1
0.252413,udp,-,CON,8,4,362,178,43.579371,254,60,10047.02637,4247.007812,0,0,36.059,42.54,61.447676,60.153574,0,0,0,0,0.0,0.0,0.0,45,45,0,0,2,0,1,1,1,1,0,0,0,1,1,0,DoS,1
5e-06,udp,dns,INT,2,0,130,0,200000.0051,62,0,104000000.0,0.0,0,0,0.005,0.0,0.0,0.0,0,0,0,0,0.0,0.0,0.0,65,0,0,0,1,2,2,1,1,1,0,0,0,1,1,0,DoS,1
1.407363,tcp,-,FIN,26,72,1348,74808,68.923225,62,252,7372.65332,419331.75,6,34,56.294521,19.333486,3094.696385,1848.963107,255,420192185,2036897281,255,0.102834,0.05321,0.049624,52,1039,0,0,1,1,1,1,1,1,0,0,0,19,1,0,DoS,1
0.717292,tcp,-,FIN,10,8,504,354,23.70025,254,252,5063.48877,3457.448242,2,1,75.414111,92.21443,4850.656061,136.340578,255,2111296635,1470108592,255,0.133426,0.071786,0.06164,50,44,0,0,6,1,1,1,1,6,0,0,0,1,9,0,DoS,1
4.362744,tcp,pop3,FIN,30,80,1390,84514,24.984277,62,252,2464.50415,153037.6406,7,38,150.439453,54.877169,11569.32701,6604.009793,255,2521450737,3820712184,255,0.107555,0.043043,0.064512,46,1056,0,0,1,1,2,1,1,1,0,0,0,2,1,0,DoS,1
1.1e-05,udp,dhcp,INT,2,0,656,0,90909.0902,254,0,238545456.0,0.0,0,0,0.011,0.0,0.0,0.0,0,0,0,0,0.0,0.0,0.0,328,0,0,0,1,2,1,1,1,1,0,0,0,1,1,0,DoS,1
0.60249,tcp,http,FIN,10,8,714,700,28.216236,62,252,8537.901367,8139.554199,2,2,66.943333,76.999289,3546.397206,120.836961,255,3638398006,862529555,255,0.087671,0.062773,0.024898,71,88,1,75,1,1,1,1,1,1,0,0,1,1,1,0,DoS,1
0.163008,tcp,-,FIN,10,6,1242,268,92.020021,254,252,54868.47266,10993.3252,2,1,16.509444,30.944,901.222959,47.04593,255,2728335440,656175213,255,0.040697,0.00828,0.032417,124,45,0,0,1,1,1,1,1,1,0,0,0,1,1,0,DoS,1
0.489633,tcp,http,FIN,10,8,878,2108,34.719882,62,252,12923.96582,30145.02734,2,2,54.403667,59.29457,2837.493367,106.263109,255,3343598402,830032006,255,0.063937,0.03196,0.031977,88,264,1,629,1,1,1,1,1,1,0,0,1,1,1,0,DoS,1
3.031857,tcp,-,FIN,22,18,1196,2738,12.863403,62,252,3013.334717,6823.541016,6,7,144.330994,173.798875,8149.914096,243.924656,255,1965076775,2778252588,255,0.159392,0.077267,0.082125,54,152,0,0,1,1,1,1,1,1,0,0,0,1,1,0,DoS,1
0.136135,tcp,-,FIN,8,6,364,268,95.493446,254,252,18746.09766,13163.4043,1,1,19.447857,21.9784,1016.895798,41.886641,255,803369370,3142688396,255,0.056832,0.012749,0.044083,46,45,0,0,2,1,2,2,1,2,0,0,0,2,2,0,DoS,1
0.180581,tcp,-,FIN,8,6,364,268,71.989854,254,252,14132.16211,9923.524414,1,1,25.797286,26.135801,1246.616634,32.462324,255,1214026685,3287924860,255,0.058503,0.048947,0.009556,46,45,0,0,2,1,2,2,1,2,0,0,0,2,3,0,DoS,1
1.885279,tcp,smtp,FIN,36,22,20061,1974,30.234251,254,252,82763.34375,7998.815918,14,8,53.865115,86.665,3286.422276,124.469102,255,3964283842,2055764827,255,0.09643,0.034241,0.062189,557,90,0,0,1,1,1,1,1,4,0,0,0,1,1,0,DoS,1
1.46776,tcp,http,FIN,10,8,864,1110,11.582275,62,252,4240.475586,5297.869141,2,2,163.084444,198.252141,11982.70336,442.577375,255,3153759623,227249764,255,0.126536,0.060223,0.066313,86,139,1,135,1,1,1,1,1,1,0,0,1,17,1,0,DoS,1
1.185677,tcp,-,FIN,28,26,4180,3498,44.700199,254,252,27197.96289,22697.58008,11,11,43.913962,45.72132,2104.596282,50.748898,255,2741979640,1016388042,255,0.089406,0.042018,0.047388,149,135,0,0,1,1,1,1,1,1,0,0,0,1,1,0,DoS,1
0.438312,tcp,http,FIN,10,8,784,1166,38.785158,62,252,12885.79883,18635.12695,2,2,48.701333,50.034855,2396.72848,76.881805,255,2859129392,3554588542,255,0.099416,0.05712,0.042296,78,146,1,166,1,1,1,1,1,1,0,0,1,18,2,0,DoS,1
0.965074,tcp,http,FIN,10,10,920,1296,19.687609,62,252,6863.722168,9673.869141,2,2,107.230444,94.689555,7414.907036,150.35925,255,705076396,3752694099,255,0.095138,0.046837,0.048301,92,130,1,199,1,1,1,1,1,1,0,0,1,1,3,0,DoS,1
0.224465,tcp,http,FIN,10,8,794,922,75.735639,62,252,25482.81445,28761.72266,2,2,24.940556,30.532428,1361.766389,54.054543,255,2048948558,2817283183,255,0.052265,0.006934,0.045331,79,115,1,53,1,1,1,1,1,1,0,0,1,1,1,0,DoS,1
0.54615,tcp,-,FIN,10,6,824,268,27.464981,62,252,10868.80859,3281.149658,2,1,51.769,92.763203,2898.750007,116.269125,255,4138501581,2258858304,255,0.112499,0.082325,0.030174,82,45,0,0,2,1,1,1,1,2,0,0,0,12,2,0,DoS,1
1e-05,udp,-,INT,2,0,1286,0,100000.0025,254,0,514400000.0,0.0,0,0,0.01,0.0,0.0,0.0,0,0,0,0,0.0,0.0,0.0,643,0,0,0,1,2,1,1,1,1,0,0,0,1,1,0,DoS,1
0.446133,tcp,http,FIN,10,10,810,1302,42.588198,62,252,13072.33496,21016.1543,2,2,49.570333,46.881891,3437.278043,107.993945,255,4265030802,842557817,255,0.09022,0.018202,0.072018,81,130,1,184,2,1,1,1,1,1,0,0,1,1,1,0,DoS,1
0.18884,tcp,-,FIN,10,6,1640,268,79.432323,254,252,62529.125,9489.514648,2,1,19.451444,36.589602,1009.357078,60.640488,255,387191101,3590786745,255,0.055023,0.005884,0.049139,164,45,0,0,1,1,1,1,1,1,0,0,0,1,1,0,DoS,1
0.223232,tcp,http,FIN,10,8,776,1002,76.153956,62,252,25050.17188,31429.18555,2,2,24.803556,30.134,1339.643245,54.154527,255,1358210680,2587335312,255,0.056154,0.007674,0.04848,78,125,1,92,1,1,2,1,1,1,0,0,1,1,1,0,DoS,1
0.782228,tcp,http,FIN,20,8,16602,354,34.516791,254,252,161303.3594,3170.431152,7,1,39.266474,98.56343,3286.78721,174.007953,255,328203720,2449625522,255,0.193467,0.092283,0.101184,830,44,1,0,1,1,1,1,1,1,0,0,1,1,1,0,DoS,1
0.18844,tcp,-,FIN,10,6,468,268,79.600936,254,252,17915.51758,9509.658203,2,1,18.288667,36.352398,981.112508,58.696508,255,694927445,957120213,255,0.051414,0.006677,0.044737,47,45,0,0,1,1,1,1,1,1,0,0,0,1,1,0,DoS,1
0.236901,tcp,http,FIN,10,8,786,1072,71.759933,62,252,23908.7207,31675.67969,2,2,26.322333,30.927572,1391.682614,55.176254,255,1012298996,1371155281,255,0.050462,0.005665,0.044797,79,134,1,117,1,1,1,1,1,2,0,0,1,1,1,0,DoS,1
1.426144,tcp,http,FIN,10,8,798,1196,11.920255,62,252,4033.253174,5873.179688,2,2,158.460444,188.887281,9660.165125,406.557656,255,112629192,3471402441,255,0.156894,0.078723,0.078171,80,150,1,199,1,1,1,1,1,1,0,0,1,1,1,0,DoS,1
0.909238,tcp,-,FIN,14,10,1446,2272,25.295908,254,252,11816.48828,17993.08984,4,3,67.105767,95.696891,3839.309376,123.202672,255,2603907165,638065667,255,0.087465,0.047957,0.039508,103,227,0,0,1,1,1,1,1,1,0,0,0,1,1,0,DoS,1
1.445151,tcp,smtp,FIN,80,28,86346,2292,74.040707,62,252,472017.125,12239.55176,37,8,18.29305,50.426,1601.802014,64.033879,255,2742891018,2985707512,255,0.159708,0.083025,0.076683,1079,82,0,0,1,1,1,1,1,1,0,0,0,1,1,0,DoS,1
0.627321,tcp,http,FIN,10,10,828,2648,30.287524,62,252,9513.470703,30402.29688,2,2,69.702333,60.987891,4655.897691,106.5655,255,3605007460,381039473,255,0.120984,0.063437,0.057547,83,265,1,863,1,1,1,1,1,1,0,0,1,1,1,0,DoS,1
0.227309,tcp,http,FIN,10,6,850,268,65.989467,254,252,26923.70313,7883.541504,2,1,25.256556,42.469,1206.67708,64.422258,255,3339067981,255423272,255,0.064701,0.014263,0.050438,85,45,1,0,1,1,1,1,1,2,0,0,1,1,1,0,DoS,1
0.767368,tcp,-,FIN,10,8,455,354,22.153647,254,252,4274.350586,3231.826172,2,1,85.263111,97.868141,4568.797213,187.961328,255,3934277245,3577241266,255,0.158326,0.081638,0.076688,46,44,0,0,1,1,1,1,1,1,0,0,0,12,1,0,DoS,1
0.75926,tcp,http,FIN,10,10,772,982,25.024366,62,252,7322.919922,9314.332031,2,2,84.350111,76.551664,5382.260445,122.357812,255,2296133198,2337219398,255,0.11867,0.070292,0.048378,77,98,1,51,1,1,1,1,1,1,0,0,1,1,1,0,DoS,1
1.80488,tcp,http,FIN,10,10,816,2924,10.527016,62,252,3257.834229,11666.14941,2,2,200.542222,195.142109,12264.90979,364.113406,255,3986316883,2121320880,255,0.110865,0.047878,0.062987,82,292,1,994,2,1,1,1,1,1,0,0,1,2,1,0,DoS,1
3e-06,udp,dns,INT,2,0,128,0,333333.3215,254,0,170666656.0,0.0,0,0,0.003,0.0,0.0,0.0,0,0,0,0,0.0,0.0,0.0,64,0,0,0,1,2,1,1,1,1,0,0,0,1,1,0,DoS,1
8e-06,udp,dns,INT,2,0,168,0,125000.0003,254,0,84000000.0,0.0,0,0,0.008,0.0,0.0,0.0,0,0,0,0,0.0,0.0,0.0,84,0,0,0,17,2,1,1,1,1,0,0,0,1,1,0,DoS,1
1.533869,tcp,http,FIN,34,170,1800,217087,132.345067,62,252,9116.814453,1125577.25,2,83,46.480879,8.675785,3134.474435,1531.434705,255,2906807303,4258635373,255,0.107128,0.051663,0.055465,53,1277,1,104877,1,1,1,1,1,1,0,0,1,1,1,0,DoS,1
0.259867,tcp,http,FIN,10,8,804,1042,65.418076,62,252,22288.32422,28075.89844,2,2,28.874111,31.792428,1417.973438,49.412699,255,2366216318,1934722820,255,0.060128,0.036743,0.023385,80,130,1,95,1,1,1,1,1,1,0,0,1,1,1,0,DoS,1
2.513951,tcp,smtp,FIN,122,34,138582,2458,61.655934,62,252,437389.5938,7592.828613,58,8,20.776454,74.866938,1933.333729,89.820023,255,72514383,1232870575,255,0.09098,0.042741,0.048239,1136,72,0,0,1,1,1,1,1,1,0,0,0,2,1,0,DoS,1
1.571835,tcp,smtp,FIN,188,44,224713,2696,146.961986,254,252,1137615.5,13411.07617,91,8,8.405535,35.930301,1181.996665,69.407078,255,774574565,2219631278,255,0.037125,0.026119,0.011006,1195,61,0,0,1,1,1,1,1,1,0,0,0,1,1,0,DoS,1
0.234364,tcp,http,FIN,10,8,740,1782,72.536737,254,252,22733.86719,53250.5,2,2,26.040444,29.939428,1325.84363,52.25109,255,1843040908,54950773,255,0.052609,0.00721,0.045399,74,223,1,493,1,1,1,1,1,2,0,0,1,1,1,0,DoS,1
0.444562,tcp,http,FIN,10,12,836,4068,47.237507,62,252,13550.41602,67104.25,2,3,49.395778,37.796,3082.296553,3335.371253,255,1157505951,1692603204,255,0.073193,0.028123,0.04507,84,339,1,1529,1,1,1,1,1,1,0,0,1,1,1,0,DoS,1
2.7e-05,udp,-,INT,2,0,1242,0,37037.03698,254,0,184000000.0,0.0,0,0,0.027,0.0,0.0,0.0,0,0,0,0,0.0,0.0,0.0,621,0,0,0,1,2,1,1,1,1,0,0,0,1,1,0,DoS,1
0.496975,tcp,http,FIN,10,8,756,984,34.206952,62,252,10962.32227,13859.85156,2,2,55.219444,49.485,2627.846941,85.18218,255,348595247,124761251,255,0.107585,0.054505,0.05308,76,123,1,90,1,1,2,1,1,1,0,0,1,1,2,0,DoS,1
0.516713,tcp,ftp,FIN,12,8,5848,460,36.770894,254,252,83001.58594,6239.439941,3,2,43.947635,68.551711,2660.092765,84.495359,255,649105531,2087567243,255,0.094468,0.03685,0.057618,487,58,0,0,1,1,1,1,1,1,0,0,0,2,1,0,DoS,1
1.1e-05,udp,-,INT,2,0,614,0,90909.0902,254,0,223272720.0,0.0,0,0,0.011,0.0,0.0,0.0,0,0,0,0,0.0,0.0,0.0,307,0,0,0,1,2,1,1,1,1,0,0,0,1,1,0,DoS,1
1.530417,tcp,-,FIN,18,18,1004,3352,22.869584,62,252,4960.739746,16549.73828,6,7,90.004706,85.467938,4335.065652,98.558312,255,3563112875,2715515201,255,0.121068,0.077453,0.043615,56,186,0,0,4,1,1,1,1,1,0,0,0,2,1,0,DoS,1
0.276348,tcp,-,FIN,12,6,5012,268,61.51664,254,252,133020.6875,6484.577637,3,1,22.645182,52.806801,1267.523184,79.179398,255,1861600838,1055203942,255,0.066479,0.012306,0.054173,418,45,0,0,1,1,1,1,1,1,0,0,0,1,1,0,DoS,1
1.770885,tcp,smtp,FIN,24,22,2641,1802,25.411023,62,252,11433.83106,7774.643555,8,8,76.95752,81.183813,4499.958844,131.854219,255,646818115,2862300902,255,0.131492,0.06602,0.065472,110,82,0,0,1,1,3,1,1,1,0,0,0,1,1,0,DoS,1
9e-06,udp,-,INT,2,0,216,0,111111.1072,62,0,96000000.0,0.0,0,0,0.009,0.0,0.0,0.0,0,0,0,0,0.0,0.0,0.0,108,0,0,0,1,2,2,1,1,1,0,0,0,1,1,0,DoS,1
1.950047,tcp,http,FIN,26,122,1500,150941,75.382798,62,252,5919.857422,614155.4375,2,58,78.001882,15.393223,4206.725821,1701.007711,255,3430042252,1252662429,255,0.127645,0.086709,0.040936,58,1237,1,72767,4,1,1,2,1,1,0,0,1,2,1,0,DoS,1
1.027066,tcp,smtp,FIN,30,20,16077,1746,47.708716,254,252,121059.4063,12922.24609,12,8,35.416068,49.910789,2000.81279,60.690234,255,1943362561,998372651,255,0.113626,0.045483,0.068143,536,87,0,0,1,1,1,1,1,1,0,0,0,1,1,0,DoS,1
0.46345,tcp,http,FIN,10,10,792,2234,40.99687,62,252,12307.69238,34713.55859,2,2,51.494444,45.337223,3529.462055,103.469273,255,391771321,3803888656,255,0.105849,0.051509,0.05434,79,223,1,663,1,1,1,1,1,1,0,0,1,2,1,0,DoS,1
0.718226,tcp,-,FIN,10,8,484,354,23.669429,254,252,4856.410156,3452.952148,2,1,77.850556,92.589,4826.626323,132.304125,255,2654592097,3110501035,255,0.140342,0.070094,0.070248,48,44,0,0,1,1,1,1,1,1,0,0,0,1,1,0,DoS,1
0.704802,tcp,http,FIN,14,8,8526,1038,29.795603,62,252,89863.53906,10317.79199,4,2,54.215537,91.274711,4116.410423,148.403609,255,3655671297,2659354442,255,0.109608,0.065219,0.044389,609,130,1,109,1,1,1,1,1,1,0,0,1,1,1,0,DoS,1
0.539798,tcp,http,FIN,10,8,744,968,31.493261,62,252,9929.639648,12552.84375,2,2,59.977556,64.09443,3180.572107,101.64143,255,2113780995,2979885723,255,0.133379,0.064546,0.068833,74,121,1,87,1,1,1,1,1,1,0,0,1,1,1,0,DoS,1
2.579405,tcp,-,CON,208,30,269883,1300,91.881652,62,252,833016.875,3898.573486,103,1,12.239136,86.655617,1701.61447,138.857703,255,183420721,3548597985,255,0.159923,0.066388,0.093535,1298,43,1,0,2,3,2,2,2,2,0,0,2,4,1,0,DoS,1
0.937888,tcp,http,FIN,10,6,1366,268,15.99338,254,252,10491.65723,1910.675903,2,1,100.013444,167.782797,5325.386495,288.614625,255,4130711886,34133681,255,0.228671,0.098971,0.1297,137,45,1,0,1,1,1,1,1,1,0,0,1,1,1,0,DoS,1
0.445964,tcp,http,FIN,10,8,814,1224,38.119668,62,252,13149.04297,19212.3125,2,2,49.551556,54.108855,2430.754929,84.023266,255,2650849725,1830579602,255,0.13705,0.066251,0.070799,81,153,1,204,1,1,1,1,1,1,0,0,1,1,1,0,DoS,1
0.590894,tcp,http,FIN,10,6,872,268,25.385264,254,252,10627.96387,3032.692871,2,1,61.074556,103.275,3093.01908,153.348734,255,1264697731,2193732059,255,0.150493,0.074513,0.07598,87,45,1,0,1,1,1,1,1,1,0,0,1,1,1,0,DoS,1
1.828814,tcp,http,FIN,10,10,790,5494,10.389247,62,252,3110.212402,21631.50586,2,3,203.201556,198.596111,15616.61826,17470.31054,255,548175436,3471250244,255,0.109238,0.0408,0.068438,79,549,1,2306,1,1,1,1,1,1,0,0,1,1,1,0,DoS,1
0.342874,tcp,-,FIN,20,8,17268,354,78.74613,254,252,382764.5313,7232.978027,7,1,18.039895,40.718145,1302.735839,59.764281,255,602497149,3503214861,255,0.102658,0.057841,0.044817,863,44,0,0,1,1,1,1,1,1,0,0,0,1,1,0,DoS,1
3e-06,udp,-,INT,2,0,86,0,333333.3215,254,0,114666664.0,0.0,0,0,0.003,0.0,0.0,0.0,0,0,0,0,0.0,0.0,0.0,43,0,0,0,1,2,1,1,1,1,0,0,0,17,1,0,DoS,1
0.686281,tcp,http,FIN,10,10,808,4600,27.685451,62,252,8486.319336,48260.11328,2,3,76.188889,68.841667,4083.51531,3894.790938,255,2299260218,54662341,255,0.157812,0.066705,0.091107,81,460,1,1849,1,1,1,1,1,1,0,0,1,1,1,0,DoS,1
0.523888,tcp,http,FIN,10,10,804,1298,36.267294,62,252,11055.79883,17851.14453,2,2,58.209778,48.492891,3743.007207,105.46543,255,1184013981,1379397106,255,0.112958,0.056769,0.056189,80,130,1,204,1,1,1,1,1,1,0,0,1,1,1,0,DoS,1
0.478546,tcp,http,FIN,10,8,766,1544,35.524276,62,252,11534.94141,22585.08008,2,2,53.171778,66.794,3344.503261,122.056031,255,1702009631,3133728957,255,0.057065,0.009905,0.04716,77,193,1,364,2,1,1,1,1,1,0,0,1,1,1,0,DoS,1
0.374427,tcp,http,FIN,10,6,3284,268,40.061215,254,252,63157.83984,4785.97998,2,1,39.538222,62.560398,2062.132584,95.933406,255,1252336717,4014480086,255,0.134113,0.061624,0.072489,328,45,1,0,2,1,1,1,1,1,0,0,1,1,1,0,DoS,1
0.622673,tcp,-,FIN,10,8,1256,354,27.301651,254,252,14530.90234,3982.829102,2,1,62.449111,84.311289,4069.959809,138.080719,255,3387778717,2148477942,255,0.133108,0.032486,0.100622,126,44,1,0,1,1,3,1,1,2,0,0,1,1,3,0,DoS,1
0.739708,tcp,-,FIN,10,8,1788,354,22.982041,62,252,17412.27539,3352.674316,2,1,82.189778,91.878289,4651.748931,173.826375,255,3856905976,1095854782,255,0.169369,0.095881,0.073488,179,44,0,0,3,1,1,1,1,1,0,0,0,3,1,0,DoS,1
0.891256,tcp,smtp,FIN,26,20,9715,1878,50.490545,254,252,83854.69531,16022.33301,10,8,35.608719,45.423211,2024.605462,59.762348,255,3801260905,140518803,255,0.054233,0.02821,0.026023,374,94,0,0,1,1,1,1,1,1,0,0,0,1,1,0,DoS,1
0.520946,tcp,-,FIN,8,16,364,13092,44.150447,254,252,4898.780273,188487.8594,1,6,74.420855,29.726466,4146.683503,0.0,255,279794458,4238119167,255,0.151822,0.074263,0.077559,46,818,0,0,2,1,1,1,1,1,0,0,0,1,1,0,DoS,1
59.985222,tcp,http,CON,1044,6994,45360,9347681,133.983,62,252,6043.755371,1246486.375,2,3497,57.466274,8.593893,2853.773073,1114.038236,255,190255572,348146339,255,0.074404,0.042837,0.031567,43,1337,1,5242880,1,3,1,1,1,1,0,0,2,1,1,0,DoS,1
0.477039,tcp,-,FIN,10,8,718,358,35.636499,62,252,10850.26563,5265.816895,2,2,53.004333,61.89143,2960.274127,82.738656,255,3945318138,1721940110,255,0.061175,0.042943,0.018232,72,45,0,0,1,1,1,1,1,1,0,0,0,1,1,0,DoS,1
6.743355,tcp,-,FIN,792,122,1040919,5256,135.39255,254,252,1233338.625,6184.458984,393,1,8.505766,56.057391,1040.012455,64.298664,255,2525579366,1401162992,255,0.066073,0.016465,0.049608,1314,43,0,0,1,1,1,1,1,1,0,0,0,1,1,0,DoS,1
1.388947,tcp,smtp,FIN,20,20,2790,1658,28.078825,254,252,15269.12109,9077.379883,7,8,73.102477,70.438211,3563.034295,86.358625,255,2948684796,2496479596,255,0.109398,0.049738,0.05966,140,83,0,0,1,1,1,1,1,1,0,0,0,1,1,0,DoS,1
0.472521,tcp,http,FIN,10,8,778,1184,35.977236,62,252,11868.25586,17539.96094,2,2,52.355444,60.905145,2926.512472,87.707914,255,44744537,1879580417,255,0.121436,0.046176,0.07526,78,148,1,183,1,1,1,1,1,1,0,0,1,2,1,0,DoS,1
0.790926,tcp,smtp,FIN,38,18,33620,1238,69.538745,62,252,331115.6875,11834.23047,16,6,20.784135,45.504059,1540.314482,56.562059,255,1370627629,3693384718,255,0.065291,0.017337,0.047954,885,69,0,0,1,1,1,1,1,1,0,0,0,1,1,0,DoS,1
0.91352,tcp,http,FIN,40,10,44016,440,53.638674,254,252,375829.7813,3467.904541,17,1,22.828564,92.158555,2256.558994,160.381313,255,18800893,3347563676,255,0.171123,0.084085,0.087038,1100,44,1,0,1,1,1,1,1,13,0,0,1,2,1,0,DoS,1
9e-06,udp,-,INT,2,0,138,0,111111.1072,62,0,61333332.0,0.0,0,0,0.009,0.0,0.0,0.0,0,0,0,0,0.0,0.0,0.0,69,0,0,0,1,2,1,1,1,1,0,0,0,1,1,0,DoS,1
4e-06,udp,-,INT,2,0,96,0,250000.0006,254,0,96000000.0,0.0,0,0,0.004,0.0,0.0,0.0,0,0,0,0,0.0,0.0,0.0,48,0,0,0,2,2,1,1,1,1,0,0,0,8,1,0,DoS,1
2.358193,tcp,-,FIN,258,42,330718,1816,126.792001,62,252,1117591.375,6014.774902,126,1,9.064132,55.433316,1017.836724,60.182246,255,1894173722,1446489174,255,0.122761,0.085419,0.037342,1282,43,1,0,1,1,1,1,1,1,0,0,1,1,1,0,DoS,1
1.454443,tcp,-,FIN,26,74,1340,79296,68.067296,62,252,7089.999512,430267.8125,6,35,58.177719,18.763932,3137.684755,1874.001755,255,1514951122,75001696,255,0.109753,0.051865,0.057888,52,1072,0,0,1,1,1,1,1,1,0,0,0,1,1,0,DoS,1
0.681775,tcp,http,FIN,10,8,886,2044,24.934914,62,252,9363.792969,20992.26367,2,2,75.72,80.978711,3894.808608,117.046305,255,619921131,645387612,255,0.201347,0.114915,0.086432,89,256,1,594,1,1,1,1,1,1,0,0,1,2,1,0,DoS,1
2.259415,tcp,smtp,FIN,34,22,19711,1862,24.342585,254,252,67741.42969,6295.435059,14,8,68.467121,105.771859,5071.762193,167.298797,255,2296646359,4018613731,255,0.115563,0.037486,0.078077,580,85,0,0,1,1,1,1,1,1,0,0,0,1,1,0,DoS,1
2.078006,tcp,pop3,FIN,24,50,1128,44282,35.129831,62,252,4161.681641,167071.7031,7,23,90.348085,40.375918,5163.688943,3429.464028,255,3049570785,2819394838,255,0.173815,0.098599,0.075216,47,886,0,0,1,1,1,1,1,1,0,0,0,1,1,0,DoS,1
0.959789,tcp,ftp,FIN,12,12,740,728,23.963601,254,252,5659.577148,5567.890625,3,3,82.878908,81.412633,5060.786616,110.997609,255,3718703795,3333298646,255,0.096049,0.064241,0.031808,62,61,0,0,1,1,1,1,1,1,0,0,0,1,1,0,DoS,1
0.208146,tcp,dns,FIN,10,12,508,7924,100.890718,62,252,17603.02734,279188.625,2,4,23.127333,17.378091,1167.367018,1216.896533,255,2162454949,913052151,255,0.032816,0.016326,0.01649,51,660,0,0,1,1,1,1,1,1,0,0,0,1,1,0,DoS,1
1.9e-05,udp,-,INT,2,0,106,0,52631.58129,254,0,22315790.0,0.0,0,0,0.019,0.0,0.0,0.0,0,0,0,0,0.0,0.0,0.0,53,0,0,0,1,2,1,1,1,1,0,0,0,1,1,0,DoS,1
2.013791,tcp,smtp,FIN,226,50,272070,3084,136.558356,62,252,1076048.125,12009.19043,110,8,8.990138,40.210039,927.685598,48.421094,255,2033367916,297297964,255,0.051247,0.011363,0.039884,1204,62,0,0,1,1,1,1,1,1,0,0,0,18,1,0,DoS,1
