dur,proto,service,state,spkts,dpkts,sbytes,dbytes,rate,sttl,dttl,sload,dload,sloss,dloss,sinpkt,dinpkt,sjit,djit,swin,stcpb,dtcpb,dwin,tcprtt,synack,ackdat,smean,dmean,trans_depth,response_body_len,ct_srv_src,ct_state_ttl,ct_dst_ltm,ct_src_dport_ltm,ct_dst_sport_ltm,ct_dst_src_ltm,is_ftp_login,ct_ftp_cmd,ct_flw_http_mthd,ct_src_ltm,ct_srv_dst,is_sm_ips_ports,attack_cat,label
3e-06,udp,dns,INT,2,0,114,0,333333.3215,254,0,152000000.0,0.0,0,0,0.003,0.0,0.0,0.0,0,0,0,0,0.0,0.0,0.0,57,0,0,0,22,2,22,22,10,22,0,0,0,22,22,0,Generic,1
9e-06,udp,dns,INT,2,0,114,0,111111.1072,254,0,50666664.0,0.0,0,0,0.009,0.0,0.0,0.0,0,0,0,0,0.0,0.0,0.0,57,0,0,0,28,2,18,18,18,28,0,0,0,18,28,0,Generic,1
9e-06,udp,dns,INT,2,0,114,0,111111.1072,254,0,50666664.0,0.0,0,0,0.009,0.0,0.0,0.0,0,0,0,0,0.0,0.0,0.0,57,0,0,0,33,2,18,17,17,33,0,0,0,17,33,0,Generic,1
1.2e-05,udp,dns,INT,2,0,114,0,83333.33039,254,0,38000000.0,0.0,0,0,0.012,0.0,0.0,0.0,0,0,0,0,0.0,0.0,0.0,57,0,0,0,20,2,18,18,18,20,0,0,0,18,20,0,Generic,1
1e-05,udp,dns,INT,2,0,114,0,100000.0025,254,0,45600000.0,0.0,0,0,0.01,0.0,0.0,0.0,0,0,0,0,0.0,0.0,0.0,57,0,0,0,26,2,8,8,8,26,0,0,0,9,26,0,Generic,1
8e-06,udp,dns,INT,2,0,114,0,125000.0003,254,0,57000000.0,0.0,0,0,0.008,0.0,0.0,0.0,0,0,0,0,0.0,0.0,0.0,57,0,0,0,28,2,17,17,17,28,0,0,0,18,28,0,Generic,1
4e-06,udp,dns,INT,2,0,114,0,250000.0006,254,0,114000000.0,0.0,0,0,0.004,0.0,0.0,0.0,0,0,0,0,0.0,0.0,0.0,57,0,0,0,46,2,31,31,14,46,0,0,0,31,46,0,Generic,1
1e-05,udp,dns,INT,2,0,114,0,100000.0025,254,0,45600000.0,0.0,0,0,0.01,0.0,0.0,0.0,0,0,0,0,0.0,0.0,0.0,57,0,0,0,28,2,19,18,18,28,0,0,0,18,28,0,Generic,1
5e-06,udp,dns,INT,2,0,114,0,200000.0051,254,0,91200000.0,0.0,0,0,0.005,0.0,0.0,0.0,0,0,0,0,0.0,0.0,0.0,57,0,0,0,21,2,14,14,14,21,0,0,0,14,21,0,Generic,1
1.9e-05,udp,dns,INT,2,0,114,0,52631.58129,254,0,24000002.0,0.0,0,0,0.019,0.0,0.0,0.0,0,0,0,0,0.0,0.0,0.0,57,0,0,0,6,2,6,6,6,6,0,0,0,6,6,0,Generic,1
9e-06,udp,dns,INT,2,0,114,0,111111.1072,254,0,50666664.0,0.0,0,0,0.009,0.0,0.0,0.0,0,0,0,0,0.0,0.0,0.0,57,0,0,0,46,2,31,31,17,46,0,0,0,31,46,0,Generic,1
9e-06,udp,dns,INT,2,0,114,0,111111.1072,254,0,50666664.0,0.0,0,0,0.009,0.0,0.0,0.0,0,0,0,0,0.0,0.0,0.0,57,0,0,0,21,2,7,7,7,21,0,0,0,7,21,0,Generic,1
9e-06,udp,dns,INT,2,0,114,0,111111.1072,254,0,50666664.0,0.0,0,0,0.009,0.0,0.0,0.0,0,0,0,0,0.0,0.0,0.0,57,0,0,0,34,2,17,17,17,34,0,0,0,21,34,0,Generic,1
7e-06,udp,dns,INT,2,0,114,0,142857.1409,254,0,65142856.0,0.0,0,0,0.007,0.0,0.0,0.0,0,0,0,0,0.0,0.0,0.0,57,0,0,0,27,2,27,27,15,27,0,0,0,27,27,0,Generic,1
8e-06,udp,dns,INT,2,0,114,0,125000.0003,254,0,57000000.0,0.0,0,0,0.008,0.0,0.0,0.0,0,0,0,0,0.0,0.0,0.0,57,0,0,0,30,2,14,14,14,30,0,0,0,14,30,0,Generic,1
9e-06,udp,dns,INT,2,0,114,0,111111.1072,254,0,50666664.0,0.0,0,0,0.009,0.0,0.0,0.0,0,0,0,0,0.0,0.0,0.0,57,0,0,0,30,2,16,16,16,30,0,0,0,16,30,0,Generic,1
9e-06,udp,dns,INT,2,0,114,0,111111.1072,254,0,50666664.0,0.0,0,0,0.009,0.0,0.0,0.0,0,0,0,0,0.0,0.0,0.0,57,0,0,0,33,2,16,16,16,33,0,0,0,16,33,0,Generic,1
4e-06,udp,dns,INT,2,0,114,0,250000.0006,254,0,114000000.0,0.0,0,0,0.004,0.0,0.0,0.0,0,0,0,0,0.0,0.0,0.0,57,0,0,0,34,2,18,18,18,34,0,0,0,18,34,0,Generic,1
9e-06,udp,dns,INT,2,0,114,0,111111.1072,254,0,50666664.0,0.0,0,0,0.009,0.0,0.0,0.0,0,0,0,0,0.0,0.0,0.0,57,0,0,0,13,2,10,10,10,13,0,0,0,10,13,0,Generic,1
3e-06,udp,dns,INT,2,0,114,0,333333.3215,254,0,152000000.0,0.0,0,0,0.003,0.0,0.0,0.0,0,0,0,0,0.0,0.0,0.0,57,0,0,0,34,2,16,16,7,34,0,0,0,16,34,0,Generic,1
9e-06,udp,dns,INT,2,0,114,0,111111.1072,254,0,50666664.0,0.0,0,0,0.009,0.0,0.0,0.0,0,0,0,0,0.0,0.0,0.0,57,0,0,0,24,2,8,8,8,24,0,0,0,8,24,0,Generic,1
9e-06,udp,dns,INT,2,0,114,0,111111.1072,254,0,50666664.0,0.0,0,0,0.009,0.0,0.0,0.0,0,0,0,0,0.0,0.0,0.0,57,0,0,0,34,2,16,16,16,34,0,0,0,18,34,0,Generic,1
9e-06,udp,dns,INT,2,0,114,0,111111.1072,254,0,50666664.0,0.0,0,0,0.009,0.0,0.0,0.0,0,0,0,0,0.0,0.0,0.0,57,0,0,0,34,2,34,34,16,34,0,0,0,34,34,0,Generic,1
6e-06,udp,dns,INT,2,0,114,0,166666.6608,254,0,76000000.0,0.0,0,0,0.006,0.0,0.0,0.0,0,0,0,0,0.0,0.0,0.0,57,0,0,0,34,2,18,18,18,34,0,0,0,18,34,0,Generic,1
9e-06,udp,dns,INT,2,0,114,0,111111.1072,254,0,50666664.0,0.0,0,0,0.009,0.0,0.0,0.0,0,0,0,0,0.0,0.0,0.0,57,0,0,0,14,2,11,11,4,14,0,0,0,11,14,0,Generic,1
6e-06,udp,dns,INT,2,0,114,0,166666.6608,254,0,76000000.0,0.0,0,0,0.006,0.0,0.0,0.0,0,0,0,0,0.0,0.0,0.0,57,0,0,0,34,2,16,16,16,34,0,0,0,17,34,0,Generic,1
6e-06,udp,dns,INT,2,0,114,0,166666.6608,254,0,76000000.0,0.0,0,0,0.006,0.0,0.0,0.0,0,0,0,0,0.0,0.0,0.0,57,0,0,0,34,2,34,34,18,34,0,0,0,34,34,0,Generic,1
4e-06,udp,dns,INT,2,0,114,0,250000.0006,254,0,114000000.0,0.0,0,0,0.004,0.0,0.0,0.0,0,0,0,0,0.0,0.0,0.0,57,0,0,0,40,2,28,28,13,40,0,0,0,28,40,0,Generic,1
3e-06,udp,dns,INT,2,0,114,0,333333.3215,254,0,152000000.0,0.0,0,0,0.003,0.0,0.0,0.0,0,0,0,0,0.0,0.0,0.0,57,0,0,0,7,2,8,7,6,7,0,0,0,7,7,0,Generic,1
9e-06,udp,dns,INT,2,0,114,0,111111.1072,254,0,50666664.0,0.0,0,0,0.009,0.0,0.0,0.0,0,0,0,0,0.0,0.0,0.0,57,0,0,0,23,2,23,23,12,23,0,0,0,24,23,0,Generic,1
6e-06,udp,dns,INT,2,0,114,0,166666.6608,254,0,76000000.0,0.0,0,0,0.006,0.0,0.0,0.0,0,0,0,0,0.0,0.0,0.0,57,0,0,0,22,2,6,6,3,22,0,0,0,6,22,0,Generic,1
4e-06,udp,dns,INT,2,0,114,0,250000.0006,254,0,114000000.0,0.0,0,0,0.004,0.0,0.0,0.0,0,0,0,0,0.0,0.0,0.0,57,0,0,0,40,2,6,6,5,40,0,0,0,7,40,0,Generic,1
6e-06,udp,dns,INT,2,0,114,0,166666.6608,254,0,76000000.0,0.0,0,0,0.006,0.0,0.0,0.0,0,0,0,0,0.0,0.0,0.0,57,0,0,0,24,2,16,16,16,24,0,0,0,16,24,0,Generic,1
3e-06,udp,dns,INT,2,0,114,0,333333.3215,254,0,152000000.0,0.0,0,0,0.003,0.0,0.0,0.0,0,0,0,0,0.0,0.0,0.0,57,0,0,0,14,2,11,11,7,14,0,0,0,11,14,0,Generic,1
6e-06,udp,dns,INT,2,0,114,0,166666.6608,254,0,76000000.0,0.0,0,0,0.006,0.0,0.0,0.0,0,0,0,0,0.0,0.0,0.0,57,0,0,0,45,2,28,28,13,45,0,0,0,28,45,0,Generic,1
4e-06,udp,dns,INT,2,0,114,0,250000.0006,254,0,114000000.0,0.0,0,0,0.004,0.0,0.0,0.0,0,0,0,0,0.0,0.0,0.0,57,0,0,0,29,2,16,16,16,29,0,0,0,17,29,0,Generic,1
9e-06,udp,dns,INT,2,0,114,0,111111.1072,254,0,50666664.0,0.0,0,0,0.009,0.0,0.0,0.0,0,0,0,0,0.0,0.0,0.0,57,0,0,0,22,2,6,6,6,22,0,0,0,6,22,0,Generic,1
0.311568,tcp,http,FIN,10,6,826,268,48.143585,254,252,19103.375,5751.553711,2,1,34.618667,45.23,1942.625751,84.793188,255,2532272581,367994678,255,0.152844,0.071189,0.081655,83,45,1,0,1,1,9,1,1,1,0,0,2,1,1,0,Generic,1
8e-06,udp,dns,INT,2,0,114,0,125000.0003,254,0,57000000.0,0.0,0,0,0.008,0.0,0.0,0.0,0,0,0,0,0.0,0.0,0.0,57,0,0,0,22,2,6,6,3,22,0,0,0,6,22,0,Generic,1
8e-06,udp,dns,INT,2,0,114,0,125000.0003,254,0,57000000.0,0.0,0,0,0.008,0.0,0.0,0.0,0,0,0,0,0.0,0.0,0.0,57,0,0,0,18,2,18,18,18,18,0,0,0,19,18,0,Generic,1
9e-06,udp,dns,INT,2,0,114,0,111111.1072,254,0,50666664.0,0.0,0,0,0.009,0.0,0.0,0.0,0,0,0,0,0.0,0.0,0.0,57,0,0,0,33,2,12,12,12,33,0,0,0,12,33,0,Generic,1
4e-06,udp,dns,INT,2,0,114,0,250000.0006,254,0,114000000.0,0.0,0,0,0.004,0.0,0.0,0.0,0,0,0,0,0.0,0.0,0.0,57,0,0,0,34,2,16,16,16,34,0,0,0,16,34,0,Generic,1
8e-06,udp,dns,INT,2,0,114,0,125000.0003,254,0,57000000.0,0.0,0,0,0.008,0.0,0.0,0.0,0,0,0,0,0.0,0.0,0.0,57,0,0,0,45,2,28,28,15,45,0,0,0,28,45,0,Generic,1
4e-06,udp,dns,INT,2,0,114,0,250000.0006,254,0,114000000.0,0.0,0,0,0.004,0.0,0.0,0.0,0,0,0,0,0.0,0.0,0.0,57,0,0,0,17,2,17,17,9,17,0,0,0,17,17,0,Generic,1
6e-06,udp,dns,INT,2,0,114,0,166666.6608,254,0,76000000.0,0.0,0,0,0.006,0.0,0.0,0.0,0,0,0,0,0.0,0.0,0.0,57,0,0,0,32,2,16,16,16,32,0,0,0,16,32,0,Generic,1
4e-06,udp,dns,INT,2,0,114,0,250000.0006,254,0,114000000.0,0.0,0,0,0.004,0.0,0.0,0.0,0,0,0,0,0.0,0.0,0.0,57,0,0,0,28,2,4,4,4,28,0,0,0,4,28,0,Generic,1
3e-06,udp,dns,INT,2,0,114,0,333333.3215,254,0,152000000.0,0.0,0,0,0.003,0.0,0.0,0.0,0,0,0,0,0.0,0.0,0.0,57,0,0,0,22,2,16,16,16,22,0,0,0,17,22,0,Generic,1
5e-06,udp,dns,INT,2,0,114,0,200000.0051,254,0,91200000.0,0.0,0,0,0.005,0.0,0.0,0.0,0,0,0,0,0.0,0.0,0.0,57,0,0,0,23,2,17,17,17,23,0,0,0,22,23,0,Generic,1
6e-06,udp,dns,INT,2,0,114,0,166666.6608,254,0,76000000.0,0.0,0,0,0.006,0.0,0.0,0.0,0,0,0,0,0.0,0.0,0.0,57,0,0,0,29,2,17,16,16,30,0,0,0,18,29,0,Generic,1
3e-06,udp,dns,INT,2,0,114,0,333333.3215,254,0,152000000.0,0.0,0,0,0.003,0.0,0.0,0.0,0,0,0,0,0.0,0.0,0.0,57,0,0,0,37,2,13,13,13,37,0,0,0,13,37,0,Generic,1
3e-06,udp,dns,INT,2,0,114,0,333333.3215,254,0,152000000.0,0.0,0,0,0.003,0.0,0.0,0.0,0,0,0,0,0.0,0.0,0.0,57,0,0,0,28,2,18,18,18,28,0,0,0,18,28,0,Generic,1
3e-06,udp,dns,INT,2,0,114,0,333333.3215,254,0,152000000.0,0.0,0,0,0.003,0.0,0.0,0.0,0,0,0,0,0.0,0.0,0.0,57,0,0,0,29,2,12,12,12,30,0,0,0,12,29,0,Generic,1
7e-06,udp,dns,INT,2,0,114,0,142857.1409,254,0,65142856.0,0.0,0,0,0.007,0.0,0.0,0.0,0,0,0,0,0.0,0.0,0.0,57,0,0,0,44,2,10,10,10,44,0,0,0,10,44,0,Generic,1
4e-06,udp,dns,INT,2,0,114,0,250000.0006,254,0,114000000.0,0.0,0,0,0.004,0.0,0.0,0.0,0,0,0,0,0.0,0.0,0.0,57,0,0,0,10,2,10,10,10,10,0,0,0,12,10,0,Generic,1
9e-06,udp,dns,INT,2,0,114,0,111111.1072,254,0,50666664.0,0.0,0,0,0.009,0.0,0.0,0.0,0,0,0,0,0.0,0.0,0.0,57,0,0,0,16,2,16,16,16,18,0,0,0,17,16,0,Generic,1
7e-06,udp,dns,INT,2,0,114,0,142857.1409,254,0,65142856.0,0.0,0,0,0.007,0.0,0.0,0.0,0,0,0,0,0.0,0.0,0.0,57,0,0,0,8,2,6,6,6,8,0,0,0,6,8,0,Generic,1
9e-06,udp,dns,INT,2,0,114,0,111111.1072,254,0,50666664.0,0.0,0,0,0.009,0.0,0.0,0.0,0,0,0,0,0.0,0.0,0.0,57,0,0,0,10,2,10,10,10,10,0,0,0,10,10,0,Generic,1
9e-06,udp,dns,INT,2,0,114,0,111111.1072,254,0,50666664.0,0.0,0,0,0.009,0.0,0.0,0.0,0,0,0,0,0.0,0.0,0.0,57,0,0,0,21,2,15,15,15,22,0,0,0,15,21,0,Generic,1
8e-06,udp,dns,INT,2,0,114,0,125000.0003,254,0,57000000.0,0.0,0,0,0.008,0.0,0.0,0.0,0,0,0,0,0.0,0.0,0.0,57,0,0,0,28,2,10,10,10,28,0,0,0,10,28,0,Generic,1
9e-06,udp,dns,INT,2,0,114,0,111111.1072,254,0,50666664.0,0.0,0,0,0.009,0.0,0.0,0.0,0,0,0,0,0.0,0.0,0.0,57,0,0,0,37,2,26,26,13,37,0,0,0,26,37,0,Generic,1
9e-06,udp,dns,INT,2,0,114,0,111111.1072,254,0,50666664.0,0.0,0,0,0.009,0.0,0.0,0.0,0,0,0,0,0.0,0.0,0.0,57,0,0,0,28,2,6,6,6,28,0,0,0,6,28,0,Generic,1
9e-06,udp,dns,INT,2,0,114,0,111111.1072,254,0,50666664.0,0.0,0,0,0.009,0.0,0.0,0.0,0,0,0,0,0.0,0.0,0.0,57,0,0,0,22,2,22,22,12,22,0,0,0,22,22,0,Generic,1
8e-06,udp,dns,INT,2,0,114,0,125000.0003,254,0,57000000.0,0.0,0,0,0.008,0.0,0.0,0.0,0,0,0,0,0.0,0.0,0.0,57,0,0,0,40,2,6,6,6,40,0,0,0,6,40,0,Generic,1
9e-06,udp,dns,INT,2,0,114,0,111111.1072,254,0,50666664.0,0.0,0,0,0.009,0.0,0.0,0.0,0,0,0,0,0.0,0.0,0.0,57,0,0,0,25,2,12,12,6,25,0,0,0,12,25,0,Generic,1
4e-06,udp,dns,INT,2,0,114,0,250000.0006,254,0,114000000.0,0.0,0,0,0.004,0.0,0.0,0.0,0,0,0,0,0.0,0.0,0.0,57,0,0,0,33,2,10,10,5,33,0,0,0,10,33,0,Generic,1
3e-06,udp,dns,INT,2,0,114,0,333333.3215,254,0,152000000.0,0.0,0,0,0.003,0.0,0.0,0.0,0,0,0,0,0.0,0.0,0.0,57,0,0,0,24,2,8,8,5,24,0,0,0,8,24,0,Generic,1
9e-06,udp,dns,INT,2,0,114,0,111111.1072,254,0,50666664.0,0.0,0,0,0.009,0.0,0.0,0.0,0,0,0,0,0.0,0.0,0.0,57,0,0,0,32,2,19,18,18,32,0,0,0,18,32,0,Generic,1
9e-06,udp,dns,INT,2,0,114,0,111111.1072,254,0,50666664.0,0.0,0,0,0.009,0.0,0.0,0.0,0,0,0,0,0.0,0.0,0.0,57,0,0,0,20,2,15,15,15,20,0,0,0,15,20,0,Generic,1
9e-06,udp,dns,INT,2,0,114,0,111111.1072,254,0,50666664.0,0.0,0,0,0.009,0.0,0.0,0.0,0,0,0,0,0.0,0.0,0.0,57,0,0,0,25,2,13,13,5,25,0,0,0,13,25,0,Generic,1
3e-06,udp,dns,INT,2,0,114,0,333333.3215,254,0,152000000.0,0.0,0,0,0.003,0.0,0.0,0.0,0,0,0,0,0.0,0.0,0.0,57,0,0,0,34,2,34,34,16,34,0,0,0,35,34,0,Generic,1
9e-06,udp,dns,INT,2,0,114,0,111111.1072,254,0,50666664.0,0.0,0,0,0.009,0.0,0.0,0.0,0,0,0,0,0.0,0.0,0.0,57,0,0,0,24,2,9,8,8,24,0,0,0,8,24,0,Generic,1
9e-06,udp,dns,INT,2,0,114,0,111111.1072,254,0,50666664.0,0.0,0,0,0.009,0.0,0.0,0.0,0,0,0,0,0.0,0.0,0.0,57,0,0,0,35,2,34,34,16,35,0,0,0,35,35,0,Generic,1
9e-06,udp,dns,INT,2,0,114,0,111111.1072,254,0,50666664.0,0.0,0,0,0.009,0.0,0.0,0.0,0,0,0,0,0.0,0.0,0.0,57,0,0,0,34,2,34,34,18,34,0,0,0,35,34,0,Generic,1
9e-06,udp,dns,INT,2,0,114,0,111111.1072,254,0,50666664.0,0.0,0,0,0.009,0.0,0.0,0.0,0,0,0,0,0.0,0.0,0.0,57,0,0,0,27,2,9,9,5,27,0,0,0,9,27,0,Generic,1
9e-06,udp,dns,INT,2,0,114,0,111111.1072,254,0,50666664.0,0.0,0,0,0.009,0.0,0.0,0.0,0,0,0,0,0.0,0.0,0.0,57,0,0,0,31,2,18,18,18,31,0,0,0,19,31,0,Generic,1
9e-06,udp,dns,INT,2,0,114,0,111111.1072,254,0,50666664.0,0.0,0,0,0.009,0.0,0.0,0.0,0,0,0,0,0.0,0.0,0.0,57,0,0,0,27,2,25,25,14,27,0,0,0,25,27,0,Generic,1
3e-06,udp,dns,INT,2,0,114,0,333333.3215,254,0,152000000.0,0.0,0,0,0.003,0.0,0.0,0.0,0,0,0,0,0.0,0.0,0.0,57,0,0,0,16,2,16,16,16,16,0,0,0,19,16,0,Generic,1
7e-06,udp,dns,INT,2,0,114,0,142857.1409,254,0,65142856.0,0.0,0,0,0.007,0.0,0.0,0.0,0,0,0,0,0.0,0.0,0.0,57,0,0,0,17,2,3,3,3,17,0,0,0,3,17,0,Generic,1
9e-06,udp,dns,INT,2,0,114,0,111111.1072,254,0,50666664.0,0.0,0,0,0.009,0.0,0.0,0.0,0,0,0,0,0.0,0.0,0.0,57,0,0,0,21,2,11,11,11,21,0,0,0,12,21,0,Generic,1
9e-06,udp,dns,INT,2,0,114,0,111111.1072,254,0,50666664.0,0.0,0,0,0.009,0.0,0.0,0.0,0,0,0,0,0.0,0.0,0.0,57,0,0,0,40,2,12,12,4,40,0,0,0,12,40,0,Generic,1
8e-06,udp,dns,INT,2,0,114,0,125000.0003,254,0,57000000.0,0.0,0,0,0.008,0.0,0.0,0.0,0,0,0,0,0.0,0.0,0.0,57,0,0,0,30,2,18,18,18,30,0,0,0,20,30,0,Generic,1
9e-06,udp,dns,INT,2,0,114,0,111111.1072,254,0,50666664.0,0.0,0,0,0.009,0.0,0.0,0.0,0,0,0,0,0.0,0.0,0.0,57,0,0,0,16,2,16,16,16,16,0,0,0,16,16,0,Generic,1
7e-06,udp,dns,INT,2,0,114,0,142857.1409,254,0,65142856.0,0.0,0,0,0.007,0.0,0.0,0.0,0,0,0,0,0.0,0.0,0.0,57,0,0,0,31,2,13,13,13,31,0,0,0,13,31,0,Generic,1
9e-06,udp,dns,INT,2,0,114,0,111111.1072,254,0,50666664.0,0.0,0,0,0.009,0.0,0.0,0.0,0,0,0,0,0.0,0.0,0.0,57,0,0,0,22,2,22,22,10,22,0,0,0,22,22,0,Generic,1
3e-06,udp,dns,INT,2,0,114,0,333333.3215,254,0,152000000.0,0.0,0,0,0.003,0.0,0.0,0.0,0,0,0,0,0.0,0.0,0.0,57,0,0,0,36,2,32,32,14,36,0,0,0,32,36,0,Generic,1
9e-06,udp,dns,INT,2,0,114,0,111111.1072,254,0,50666664.0,0.0,0,0,0.009,0.0,0.0,0.0,0,0,0,0,0.0,0.0,0.0,57,0,0,0,30,2,12,12,12,30,0,0,0,13,30,0,Generic,1
3e-06,udp,dns,INT,2,0,114,0,333333.3215,254,0,152000000.0,0.0,0,0,0.003,0.0,0.0,0.0,0,0,0,0,0.0,0.0,0.0,57,0,0,0,34,2,17,16,16,34,0,0,0,16,34,0,Generic,1
5e-06,udp,dns,INT,2,0,114,0,200000.0051,254,0,91200000.0,0.0,0,0,0.005,0.0,0.0,0.0,0,0,0,0,0.0,0.0,0.0,57,0,0,0,34,2,18,18,18,34,0,0,0,19,34,0,Generic,1
6e-06,udp,dns,INT,2,0,114,0,166666.6608,254,0,76000000.0,0.0,0,0,0.006,0.0,0.0,0.0,0,0,0,0,0.0,0.0,0.0,57,0,0,0,19,2,18,18,18,19,0,0,0,18,19,0,Generic,1
9e-06,udp,dns,INT,2,0,114,0,111111.1072,254,0,50666664.0,0.0,0,0,0.009,0.0,0.0,0.0,0,0,0,0,0.0,0.0,0.0,57,0,0,0,28,2,18,18,18,28,0,0,0,19,28,0,Generic,1
7e-06,udp,dns,INT,2,0,114,0,142857.1409,254,0,65142856.0,0.0,0,0,0.007,0.0,0.0,0.0,0,0,0,0,0.0,0.0,0.0,57,0,0,0,33,2,17,17,17,33,0,0,0,17,33,0,Generic,1
3e-06,udp,dns,INT,2,0,114,0,333333.3215,254,0,152000000.0,0.0,0,0,0.003,0.0,0.0,0.0,0,0,0,0,0.0,0.0,0.0,57,0,0,0,34,2,16,16,16,34,0,0,0,18,34,0,Generic,1
8e-06,udp,dns,INT,2,0,114,0,125000.0003,254,0,57000000.0,0.0,0,0,0.008,0.0,0.0,0.0,0,0,0,0,0.0,0.0,0.0,57,0,0,0,20,2,16,16,16,20,0,0,0,16,20,0,Generic,1
9e-06,udp,dns,INT,2,0,114,0,111111.1072,254,0,50666664.0,0.0,0,0,0.009,0.0,0.0,0.0,0,0,0,0,0.0,0.0,0.0,57,0,0,0,17,2,18,17,17,17,0,0,0,17,17,0,Generic,1
3e-06,udp,dns,INT,2,0,114,0,333333.3215,254,0,152000000.0,0.0,0,0,0.003,0.0,0.0,0.0,0,0,0,0,0.0,0.0,0.0,57,0,0,0,35,2,34,34,18,35,0,0,0,35,35,0,Generic,1
8e-06,udp,dns,INT,2,0,114,0,125000.0003,254,0,57000000.0,0.0,0,0,0.008,0.0,0.0,0.0,0,0,0,0,0.0,0.0,0.0,57,0,0,0,34,2,35,34,16,34,0,0,0,34,34,0,Generic,1
4e-06,udp,dns,INT,2,0,114,0,250000.0006,254,0,114000000.0,0.0,0,0,0.004,0.0,0.0,0.0,0,0,0,0,0.0,0.0,0.0,57,0,0,0,27,2,19,18,18,27,0,0,0,19,27,0,Generic,1
8e-06,udp,dns,INT,2,0,114,0,125000.0003,254,0,57000000.0,0.0,0,0,0.008,0.0,0.0,0.0,0,0,0,0,0.0,0.0,0.0,57,0,0,0,25,2,13,13,8,25,0,0,0,13,25,0,Generic,1
9e-06,udp,dns,INT,2,0,114,0,111111.1072,254,0,50666664.0,0.0,0,0,0.009,0.0,0.0,0.0,0,0,0,0,0.0,0.0,0.0,57,0,0,0,32,2,32,32,16,32,0,0,0,32,32,0,Generic,1
3e-06,udp,dns,INT,2,0,114,0,333333.3215,254,0,152000000.0,0.0,0,0,0.003,0.0,0.0,0.0,0,0,0,0,0.0,0.0,0.0,57,0,0,0,23,2,23,23,11,23,0,0,0,24,23,0,Generic,1
1e-05,udp,dns,INT,2,0,114,0,100000.0025,254,0,45600000.0,0.0,0,0,0.01,0.0,0.0,0.0,0,0,0,0,0.0,0.0,0.0,57,0,0,0,29,2,13,13,13,29,0,0,0,13,29,0,Generic,1
3e-06,udp,dns,INT,2,0,114,0,333333.3215,254,0,152000000.0,0.0,0,0,0.003,0.0,0.0,0.0,0,0,0,0,0.0,0.0,0.0,57,0,0,0,37,2,34,34,16,37,0,0,0,34,37,0,Generic,1
3e-06,udp,dns,INT,2,0,114,0,333333.3215,254,0,152000000.0,0.0,0,0,0.003,0.0,0.0,0.0,0,0,0,0,0.0,0.0,0.0,57,0,0,0,32,2,14,14,14,32,0,0,0,15,32,0,Generic,1
3e-06,udp,dns,INT,2,0,114,0,333333.3215,254,0,152000000.0,0.0,0,0,0.003,0.0,0.0,0.0,0,0,0,0,0.0,0.0,0.0,57,0,0,0,27,2,9,9,9,27,0,0,0,9,27,0,Generic,1
9e-06,udp,dns,INT,2,0,114,0,111111.1072,254,0,50666664.0,0.0,0,0,0.009,0.0,0.0,0.0,0,0,0,0,0.0,0.0,0.0,57,0,0,0,32,2,18,18,18,32,0,0,0,18,32,0,Generic,1
9e-06,udp,dns,INT,2,0,114,0,111111.1072,254,0,50666664.0,0.0,0,0,0.009,0.0,0.0,0.0,0,0,0,0,0.0,0.0,0.0,57,0,0,0,31,2,18,18,18,31,0,0,0,18,31,0,Generic,1
9e-06,udp,dns,INT,2,0,114,0,111111.1072,254,0,50666664.0,0.0,0,0,0.009,0.0,0.0,0.0,0,0,0,0,0.0,0.0,0.0,57,0,0,0,19,2,18,18,18,19,0,0,0,20,19,0,Generic,1
9e-06,udp,dns,INT,2,0,114,0,111111.1072,254,0,50666664.0,0.0,0,0,0.009,0.0,0.0,0.0,0,0,0,0,0.0,0.0,0.0,57,0,0,0,32,2,16,16,16,32,0,0,0,16,32,0,Generic,1
3e-06,udp,dns,INT,2,0,114,0,333333.3215,254,0,152000000.0,0.0,0,0,0.003,0.0,0.0,0.0,0,0,0,0,0.0,0.0,0.0,57,0,0,0,7,2,8,7,7,7,0,0,0,7,7,0,Generic,1
9e-06,udp,dns,INT,2,0,114,0,111111.1072,254,0,50666664.0,0.0,0,0,0.009,0.0,0.0,0.0,0,0,0,0,0.0,0.0,0.0,57,0,0,0,40,2,31,31,16,40,0,0,0,31,40,0,Generic,1
5e-06,udp,dns,INT,2,0,114,0,200000.0051,254,0,91200000.0,0.0,0,0,0.005,0.0,0.0,0.0,0,0,0,0,0.0,0.0,0.0,57,0,0,0,38,2,18,18,18,38,0,0,0,18,38,0,Generic,1
9e-06,udp,dns,INT,2,0,114,0,111111.1072,254,0,50666664.0,0.0,0,0,0.009,0.0,0.0,0.0,0,0,0,0,0.0,0.0,0.0,57,0,0,0,21,2,18,18,18,21,0,0,0,18,21,0,Generic,1
3e-06,udp,dns,INT,2,0,114,0,333333.3215,254,0,152000000.0,0.0,0,0,0.003,0.0,0.0,0.0,0,0,0,0,0.0,0.0,0.0,57,0,0,0,41,2,14,14,14,41,0,0,0,14,41,0,Generic,1
5e-06,udp,dns,INT,2,0,114,0,200000.0051,254,0,91200000.0,0.0,0,0,0.005,0.0,0.0,0.0,0,0,0,0,0.0,0.0,0.0,57,0,0,0,29,2,19,19,9,29,0,0,0,19,29,0,Generic,1
5e-06,udp,dns,INT,2,0,114,0,200000.0051,254,0,91200000.0,0.0,0,0,0.005,0.0,0.0,0.0,0,0,0,0,0.0,0.0,0.0,57,0,0,0,38,2,15,15,7,38,0,0,0,15,38,0,Generic,1
1e-06,udp,dns,INT,2,0,114,0,1000000.003,254,0,456000000.0,0.0,0,0,0.001,0.0,0.0,0.0,0,0,0,0,0.0,0.0,0.0,57,0,0,0,26,2,15,15,15,26,0,0,0,18,26,0,Generic,1
8e-06,udp,dns,INT,2,0,114,0,125000.0003,254,0,57000000.0,0.0,0,0,0.008,0.0,0.0,0.0,0,0,0,0,0.0,0.0,0.0,57,0,0,0,15,2,6,6,6,15,0,0,0,6,15,0,Generic,1
1e-05,udp,dns,INT,2,0,114,0,100000.0025,254,0,45600000.0,0.0,0,0,0.01,0.0,0.0,0.0,0,0,0,0,0.0,0.0,0.0,57,0,0,0,34,2,34,34,16,34,0,0,0,34,34,0,Generic,1
1e-06,udp,dns,INT,2,0,114,0,1000000.003,254,0,456000000.0,0.0,0,0,0.001,0.0,0.0,0.0,0,0,0,0,0.0,0.0,0.0,57,0,0,0,29,2,19,19,10,29,0,0,0,19,29,0,Generic,1
6e-06,udp,dns,INT,2,0,114,0,166666.6608,254,0,76000000.0,0.0,0,0,0.006,0.0,0.0,0.0,0,0,0,0,0.0,0.0,0.0,57,0,0,0,27,2,16,16,16,27,0,0,0,16,27,0,Generic,1
4e-06,udp,dns,INT,2,0,114,0,250000.0006,254,0,114000000.0,0.0,0,0,0.004,0.0,0.0,0.0,0,0,0,0,0.0,0.0,0.0,57,0,0,0,31,2,19,18,18,31,0,0,0,18,31,0,Generic,1
6e-06,udp,dns,INT,2,0,114,0,166666.6608,254,0,76000000.0,0.0,0,0,0.006,0.0,0.0,0.0,0,0,0,0,0.0,0.0,0.0,57,0,0,0,29,2,10,10,10,29,0,0,0,10,29,0,Generic,1
1e-05,udp,dns,INT,2,0,114,0,100000.0025,254,0,45600000.0,0.0,0,0,0.01,0.0,0.0,0.0,0,0,0,0,0.0,0.0,0.0,57,0,0,0,34,2,18,18,18,34,0,0,0,18,34,0,Generic,1
6e-06,udp,dns,INT,2,0,114,0,166666.6608,254,0,76000000.0,0.0,0,0,0.006,0.0,0.0,0.0,0,0,0,0,0.0,0.0,0.0,57,0,0,0,25,2,9,9,9,25,0,0,0,9,25,0,Generic,1
5e-06,udp,dns,INT,2,0,114,0,200000.0051,254,0,91200000.0,0.0,0,0,0.005,0.0,0.0,0.0,0,0,0,0,0.0,0.0,0.0,57,0,0,0,28,2,17,16,16,28,0,0,0,16,28,0,Generic,1
1e-06,udp,dns,INT,2,0,114,0,1000000.003,254,0,456000000.0,0.0,0,0,0.001,0.0,0.0,0.0,0,0,0,0,0.0,0.0,0.0,57,0,0,0,31,2,18,18,18,31,0,0,0,18,31,0,Generic,1
3e-06,udp,dns,INT,2,0,114,0,333333.3215,254,0,152000000.0,0.0,0,0,0.003,0.0,0.0,0.0,0,0,0,0,0.0,0.0,0.0,57,0,0,0,19,2,18,18,18,19,0,0,0,18,19,0,Generic,1
6e-06,udp,dns,INT,2,0,114,0,166666.6608,254,0,76000000.0,0.0,0,0,0.006,0.0,0.0,0.0,0,0,0,0,0.0,0.0,0.0,57,0,0,0,9,2,9,9,9,9,0,0,0,9,9,0,Generic,1
3e-06,udp,dns,INT,2,0,114,0,333333.3215,254,0,152000000.0,0.0,0,0,0.003,0.0,0.0,0.0,0,0,0,0,0.0,0.0,0.0,57,0,0,0,36,2,32,32,18,36,0,0,0,32,36,0,Generic,1
8e-06,udp,dns,INT,2,0,114,0,125000.0003,254,0,57000000.0,0.0,0,0,0.008,0.0,0.0,0.0,0,0,0,0,0.0,0.0,0.0,57,0,0,0,34,2,34,34,16,34,0,0,0,35,34,0,Generic,1
5e-06,udp,dns,INT,2,0,114,0,200000.0051,254,0,91200000.0,0.0,0,0,0.005,0.0,0.0,0.0,0,0,0,0,0.0,0.0,0.0,57,0,0,0,21,2,15,15,15,21,0,0,0,15,21,0,Generic,1
9e-06,udp,dns,INT,2,0,114,0,111111.1072,254,0,50666664.0,0.0,0,0,0.009,0.0,0.0,0.0,0,0,0,0,0.0,0.0,0.0,57,0,0,0,31,2,13,13,13,31,0,0,0,13,31,0,Generic,1
9e-06,udp,dns,INT,2,0,114,0,111111.1072,254,0,50666664.0,0.0,0,0,0.009,0.0,0.0,0.0,0,0,0,0,0.0,0.0,0.0,57,0,0,0,44,2,35,34,16,44,0,0,0,34,44,0,Generic,1
6e-06,udp,dns,INT,2,0,114,0,166666.6608,254,0,76000000.0,0.0,0,0,0.006,0.0,0.0,0.0,0,0,0,0,0.0,0.0,0.0,57,0,0,0,16,2,16,16,16,16,0,0,0,17,16,0,Generic,1
3e-06,udp,dns,INT,2,0,114,0,333333.3215,254,0,152000000.0,0.0,0,0,0.003,0.0,0.0,0.0,0,0,0,0,0.0,0.0,0.0,57,0,0,0,16,2,16,16,16,16,0,0,0,16,16,0,Generic,1
3e-06,udp,dns,INT,2,0,114,0,333333.3215,254,0,152000000.0,0.0,0,0,0.003,0.0,0.0,0.0,0,0,0,0,0.0,0.0,0.0,57,0,0,0,18,2,18,18,18,18,0,0,0,18,18,0,Generic,1
9e-06,udp,dns,INT,2,0,114,0,111111.1072,254,0,50666664.0,0.0,0,0,0.009,0.0,0.0,0.0,0,0,0,0,0.0,0.0,0.0,57,0,0,0,30,2,12,12,12,30,0,0,0,12,30,0,Generic,1
8e-06,udp,dns,INT,2,0,114,0,125000.0003,254,0,57000000.0,0.0,0,0,0.008,0.0,0.0,0.0,0,0,0,0,0.0,0.0,0.0,57,0,0,0,31,2,15,15,15,31,0,0,0,15,31,0,Generic,1
9e-06,udp,dns,INT,2,0,114,0,111111.1072,254,0,50666664.0,0.0,0,0,0.009,0.0,0.0,0.0,0,0,0,0,0.0,0.0,0.0,57,0,0,0,44,2,35,34,18,44,0,0,0,34,44,0,Generic,1
1e-05,udp,dns,INT,2,0,114,0,100000.0025,254,0,45600000.0,0.0,0,0,0.01,0.0,0.0,0.0,0,0,0,0,0.0,0.0,0.0,57,0,0,0,34,2,34,34,18,34,0,0,0,34,34,0,Generic,1
3e-06,udp,dns,INT,2,0,114,0,333333.3215,254,0,152000000.0,0.0,0,0,0.003,0.0,0.0,0.0,0,0,0,0,0.0,0.0,0.0,57,0,0,0,16,2,16,16,16,16,0,0,0,18,16,0,Generic,1
5e-06,udp,dns,INT,2,0,114,0,200000.0051,254,0,91200000.0,0.0,0,0,0.005,0.0,0.0,0.0,0,0,0,0,0.0,0.0,0.0,57,0,0,0,16,2,17,16,16,16,0,0,0,18,16,0,Generic,1
8e-06,udp,dns,INT,2,0,114,0,125000.0003,254,0,57000000.0,0.0,0,0,0.008,0.0,0.0,0.0,0,0,0,0,0.0,0.0,0.0,57,0,0,0,18,2,18,18,18,18,0,0,0,18,18,0,Generic,1
3e-06,udp,dns,INT,2,0,114,0,333333.3215,254,0,152000000.0,0.0,0,0,0.003,0.0,0.0,0.0,0,0,0,0,0.0,0.0,0.0,57,0,0,0,33,2,33,33,15,33,0,0,0,34,33,0,Generic,1
1e-06,udp,dns,INT,2,0,114,0,1000000.003,254,0,456000000.0,0.0,0,0,0.001,0.0,0.0,0.0,0,0,0,0,0.0,0.0,0.0,57,0,0,0,20,2,18,18,18,20,0,0,0,19,20,0,Generic,1
1e-06,udp,dns,INT,2,0,114,0,1000000.003,254,0,456000000.0,0.0,0,0,0.001,0.0,0.0,0.0,0,0,0,0,0.0,0.0,0.0,57,0,0,0,2,2,2,2,2,3,0,0,0,2,2,0,Generic,1
1e-06,udp,dns,INT,2,0,114,0,1000000.003,254,0,456000000.0,0.0,0,0,0.001,0.0,0.0,0.0,0,0,0,0,0.0,0.0,0.0,57,0,0,0,33,2,33,33,18,33,0,0,0,34,33,0,Generic,1
9e-06,udp,dns,INT,2,0,114,0,111111.1072,254,0,50666664.0,0.0,0,0,0.009,0.0,0.0,0.0,0,0,0,0,0.0,0.0,0.0,57,0,0,0,29,2,18,18,18,29,0,0,0,18,29,0,Generic,1
3e-06,udp,dns,INT,2,0,114,0,333333.3215,254,0,152000000.0,0.0,0,0,0.003,0.0,0.0,0.0,0,0,0,0,0.0,0.0,0.0,57,0,0,0,33,2,11,11,8,33,0,0,0,11,33,0,Generic,1
3e-06,udp,dns,INT,2,0,114,0,333333.3215,254,0,152000000.0,0.0,0,0,0.003,0.0,0.0,0.0,0,0,0,0,0.0,0.0,0.0,57,0,0,0,40,2,11,11,11,40,0,0,0,11,40,0,Generic,1
9e-06,udp,dns,INT,2,0,114,0,111111.1072,254,0,50666664.0,0.0,0,0,0.009,0.0,0.0,0.0,0,0,0,0,0.0,0.0,0.0,57,0,0,0,38,2,35,34,16,38,0,0,0,34,38,0,Generic,1
1e-06,udp,dns,INT,2,0,114,0,1000000.003,254,0,456000000.0,0.0,0,0,0.001,0.0,0.0,0.0,0,0,0,0,0.0,0.0,0.0,57,0,0,0,23,2,16,16,16,23,0,0,0,16,23,0,Generic,1
9e-06,udp,dns,INT,2,0,114,0,111111.1072,254,0,50666664.0,0.0,0,0,0.009,0.0,0.0,0.0,0,0,0,0,0.0,0.0,0.0,57,0,0,0,18,2,18,18,18,18,0,0,0,20,18,0,Generic,1
5e-06,udp,dns,INT,2,0,114,0,200000.0051,254,0,91200000.0,0.0,0,0,0.005,0.0,0.0,0.0,0,0,0,0,0.0,0.0,0.0,57,0,0,0,29,2,11,11,11,29,0,0,0,11,29,0,Generic,1
3e-06,udp,dns,INT,2,0,114,0,333333.3215,254,0,152000000.0,0.0,0,0,0.003,0.0,0.0,0.0,0,0,0,0,0.0,0.0,0.0,57,0,0,0,25,2,7,7,7,25,0,0,0,7,25,0,Generic,1
3e-06,udp,dns,INT,2,0,114,0,333333.3215,254,0,152000000.0,0.0,0,0,0.003,0.0,0.0,0.0,0,0,0,0,0.0,0.0,0.0,57,0,0,0,46,2,9,9,9,46,0,0,0,9,46,0,Generic,1
6e-06,udp,dns,INT,2,0,114,0,166666.6608,254,0,76000000.0,0.0,0,0,0.006,0.0,0.0,0.0,0,0,0,0,0.0,0.0,0.0,57,0,0,0,36,2,29,29,14,36,0,0,0,29,36,0,Generic,1
1e-05,udp,dns,INT,2,0,114,0,100000.0025,254,0,45600000.0,0.0,0,0,0.01,0.0,0.0,0.0,0,0,0,0,0.0,0.0,0.0,57,0,0,0,25,2,16,16,16,25,0,0,0,16,25,0,Generic,1
8e-06,udp,dns,INT,2,0,114,0,125000.0003,254,0,57000000.0,0.0,0,0,0.008,0.0,0.0,0.0,0,0,0,0,0.0,0.0,0.0,57,0,0,0,23,2,16,16,16,23,0,0,0,16,23,0,Generic,1
9e-06,udp,dns,INT,2,0,114,0,111111.1072,254,0,50666664.0,0.0,0,0,0.009,0.0,0.0,0.0,0,0,0,0,0.0,0.0,0.0,57,0,0,0,46,2,34,34,16,46,0,0,0,34,46,0,Generic,1
9e-06,udp,dns,INT,2,0,114,0,111111.1072,254,0,50666664.0,0.0,0,0,0.009,0.0,0.0,0.0,0,0,0,0,0.0,0.0,0.0,57,0,0,0,10,2,5,5,3,10,0,0,0,5,10,0,Generic,1
9e-06,udp,dns,INT,2,0,114,0,111111.1072,254,0,50666664.0,0.0,0,0,0.009,0.0,0.0,0.0,0,0,0,0,0.0,0.0,0.0,57,0,0,0,36,2,17,17,17,36,0,0,0,17,36,0,Generic,1
9e-06,udp,dns,INT,2,0,114,0,111111.1072,254,0,50666664.0,0.0,0,0,0.009,0.0,0.0,0.0,0,0,0,0,0.0,0.0,0.0,57,0,0,0,46,2,34,34,18,46,0,0,0,34,46,0,Generic,1
9e-06,udp,dns,INT,2,0,114,0,111111.1072,254,0,50666664.0,0.0,0,0,0.009,0.0,0.0,0.0,0,0,0,0,0.0,0.0,0.0,57,0,0,0,36,2,29,29,15,36,0,0,0,29,36,0,Generic,1
1e-06,udp,dns,INT,2,0,114,0,1000000.003,254,0,456000000.0,0.0,0,0,0.001,0.0,0.0,0.0,0,0,0,0,0.0,0.0,0.0,57,0,0,0,26,2,26,26,13,26,0,0,0,27,26,0,Generic,1
6e-06,udp,dns,INT,2,0,114,0,166666.6608,254,0,76000000.0,0.0,0,0,0.006,0.0,0.0,0.0,0,0,0,0,0.0,0.0,0.0,57,0,0,0,36,2,16,16,16,36,0,0,0,17,36,0,Generic,1
9e-06,udp,dns,INT,2,0,114,0,111111.1072,254,0,50666664.0,0.0,0,0,0.009,0.0,0.0,0.0,0,0,0,0,0.0,0.0,0.0,57,0,0,0,33,2,16,16,16,33,0,0,0,17,33,0,Generic,1
4e-06,udp,dns,INT,2,0,114,0,250000.0006,254,0,114000000.0,0.0,0,0,0.004,0.0,0.0,0.0,0,0,0,0,0.0,0.0,0.0,57,0,0,0,18,2,18,18,18,18,0,0,0,20,18,0,Generic,1
7e-06,udp,dns,INT,2,0,114,0,142857.1409,254,0,65142856.0,0.0,0,0,0.007,0.0,0.0,0.0,0,0,0,0,0.0,0.0,0.0,57,0,0,0,24,2,8,8,5,24,0,0,0,8,24,0,Generic,1
9e-06,udp,dns,INT,2,0,114,0,111111.1072,254,0,50666664.0,0.0,0,0,0.009,0.0,0.0,0.0,0,0,0,0,0.0,0.0,0.0,57,0,0,0,36,2,7,7,7,36,0,0,0,7,36,0,Generic,1
5e-06,udp,dns,INT,2,0,114,0,200000.0051,254,0,91200000.0,0.0,0,0,0.005,0.0,0.0,0.0,0,0,0,0,0.0,0.0,0.0,57,0,0,0,36,2,3,3,3,36,0,0,0,3,36,0,Generic,1
2e-06,udp,dns,INT,2,0,114,0,500000.0013,254,0,228000000.0,0.0,0,0,0.002,0.0,0.0,0.0,0,0,0,0,0.0,0.0,0.0,57,0,0,0,18,2,18,18,18,18,0,0,0,18,18,0,Generic,1
9e-06,udp,dns,INT,2,0,114,0,111111.1072,254,0,50666664.0,0.0,0,0,0.009,0.0,0.0,0.0,0,0,0,0,0.0,0.0,0.0,57,0,0,0,26,2,18,17,17,26,0,0,0,18,26,0,Generic,1
7e-06,udp,dns,INT,2,0,114,0,142857.1409,254,0,65142856.0,0.0,0,0,0.007,0.0,0.0,0.0,0,0,0,0,0.0,0.0,0.0,57,0,0,0,26,2,26,26,13,26,0,0,0,27,26,0,Generic,1
9e-06,udp,dns,INT,2,0,114,0,111111.1072,254,0,50666664.0,0.0,0,0,0.009,0.0,0.0,0.0,0,0,0,0,0.0,0.0,0.0,57,0,0,0,14,2,14,14,14,14,0,0,0,14,14,0,Generic,1
3e-06,udp,dns,INT,2,0,114,0,333333.3215,254,0,152000000.0,0.0,0,0,0.003,0.0,0.0,0.0,0,0,0,0,0.0,0.0,0.0,57,0,0,0,18,2,2,2,2,18,0,0,0,2,18,0,Generic,1
6e-06,udp,dns,INT,2,0,114,0,166666.6608,254,0,76000000.0,0.0,0,0,0.006,0.0,0.0,0.0,0,0,0,0,0.0,0.0,0.0,57,0,0,0,32,2,24,23,9,32,0,0,0,23,32,0,Generic,1
3e-06,udp,dns,INT,2,0,114,0,333333.3215,254,0,152000000.0,0.0,0,0,0.003,0.0,0.0,0.0,0,0,0,0,0.0,0.0,0.0,57,0,0,0,16,2,16,16,16,16,0,0,0,17,16,0,Generic,1
8e-06,udp,dns,INT,2,0,114,0,125000.0003,254,0,57000000.0,0.0,0,0,0.008,0.0,0.0,0.0,0,0,0,0,0.0,0.0,0.0,57,0,0,0,29,2,16,16,16,29,0,0,0,16,29,0,Generic,1
3e-06,udp,dns,INT,2,0,114,0,333333.3215,254,0,152000000.0,0.0,0,0,0.003,0.0,0.0,0.0,0,0,0,0,0.0,0.0,0.0,57,0,0,0,38,2,35,34,18,38,0,0,0,34,38,0,Generic,1
9e-06,udp,dns,INT,2,0,114,0,111111.1072,254,0,50666664.0,0.0,0,0,0.009,0.0,0.0,0.0,0,0,0,0,0.0,0.0,0.0,57,0,0,0,20,2,20,20,11,20,0,0,0,20,20,0,Generic,1
1.042756,tcp,http,FIN,12,10,3770,1414,20.13894,62,252,26514.35352,9766.426758,3,2,94.796,106.514891,7017.180324,151.062953,255,201396725,3386502908,255,0.178287,0.083344,0.094943,314,141,1,0,1,1,1,1,1,1,0,0,1,1,1,0,Generic,1
7e-06,udp,dns,INT,2,0,114,0,142857.1409,254,0,65142856.0,0.0,0,0,0.007,0.0,0.0,0.0,0,0,0,0,0.0,0.0,0.0,57,0,0,0,31,2,16,16,16,31,0,0,0,16,31,0,Generic,1
5e-06,udp,dns,INT,2,0,114,0,200000.0051,254,0,91200000.0,0.0,0,0,0.005,0.0,0.0,0.0,0,0,0,0,0.0,0.0,0.0,57,0,0,0,17,2,16,16,16,17,0,0,0,16,17,0,Generic,1
8e-06,udp,dns,INT,2,0,114,0,125000.0003,254,0,57000000.0,0.0,0,0,0.008,0.0,0.0,0.0,0,0,0,0,0.0,0.0,0.0,57,0,0,0,19,2,19,19,9,19,0,0,0,19,19,0,Generic,1
6e-06,udp,dns,INT,2,0,114,0,166666.6608,254,0,76000000.0,0.0,0,0,0.006,0.0,0.0,0.0,0,0,0,0,0.0,0.0,0.0,57,0,0,0,39,2,11,11,7,39,0,0,0,11,39,0,Generic,1
2e-06,udp,dns,INT,2,0,114,0,500000.0013,254,0,228000000.0,0.0,0,0,0.002,0.0,0.0,0.0,0,0,0,0,0.0,0.0,0.0,57,0,0,0,31,2,16,16,16,31,0,0,0,16,31,0,Generic,1
8e-06,udp,dns,INT,2,0,114,0,125000.0003,254,0,57000000.0,0.0,0,0,0.008,0.0,0.0,0.0,0,0,0,0,0.0,0.0,0.0,57,0,0,0,34,2,34,34,16,34,0,0,0,36,34,0,Generic,1
7e-06,udp,dns,INT,2,0,114,0,142857.1409,254,0,65142856.0,0.0,0,0,0.007,0.0,0.0,0.0,0,0,0,0,0.0,0.0,0.0,57,0,0,0,18,2,18,18,18,18,0,0,0,19,18,0,Generic,1
7e-06,udp,dns,INT,2,0,114,0,142857.1409,254,0,65142856.0,0.0,0,0,0.007,0.0,0.0,0.0,0,0,0,0,0.0,0.0,0.0,57,0,0,0,27,2,12,11,11,28,0,0,0,11,27,0,Generic,1
9e-06,udp,dns,INT,2,0,114,0,111111.1072,254,0,50666664.0,0.0,0,0,0.009,0.0,0.0,0.0,0,0,0,0,0.0,0.0,0.0,57,0,0,0,22,2,18,18,18,22,0,0,0,18,22,0,Generic,1
9e-06,udp,dns,INT,2,0,114,0,111111.1072,254,0,50666664.0,0.0,0,0,0.009,0.0,0.0,0.0,0,0,0,0,0.0,0.0,0.0,57,0,0,0,21,2,10,10,10,21,0,0,0,10,21,0,Generic,1
5e-06,udp,dns,INT,2,0,114,0,200000.0051,254,0,91200000.0,0.0,0,0,0.005,0.0,0.0,0.0,0,0,0,0,0.0,0.0,0.0,57,0,0,0,34,2,34,34,18,34,0,0,0,34,34,0,Generic,1
8e-06,udp,dns,INT,2,0,114,0,125000.0003,254,0,57000000.0,0.0,0,0,0.008,0.0,0.0,0.0,0,0,0,0,0.0,0.0,0.0,57,0,0,0,10,2,10,10,3,10,0,0,0,10,10,0,Generic,1
9e-06,udp,dns,INT,2,0,114,0,111111.1072,254,0,50666664.0,0.0,0,0,0.009,0.0,0.0,0.0,0,0,0,0,0.0,0.0,0.0,57,0,0,0,34,2,17,16,16,34,0,0,0,16,34,0,Generic,1
9e-06,udp,dns,INT,2,0,114,0,111111.1072,254,0,50666664.0,0.0,0,0,0.009,0.0,0.0,0.0,0,0,0,0,0.0,0.0,0.0,57,0,0,0,18,2,16,16,16,18,0,0,0,18,18,0,Generic,1
3e-06,udp,dns,INT,2,0,114,0,333333.3215,254,0,152000000.0,0.0,0,0,0.003,0.0,0.0,0.0,0,0,0,0,0.0,0.0,0.0,57,0,0,0,17,2,17,17,17,17,0,0,0,17,17,0,Generic,1
3e-06,udp,dns,INT,2,0,114,0,333333.3215,254,0,152000000.0,0.0,0,0,0.003,0.0,0.0,0.0,0,0,0,0,0.0,0.0,0.0,57,0,0,0,27,2,16,16,16,28,0,0,0,17,27,0,Generic,1
2e-06,udp,dns,INT,2,0,114,0,500000.0013,254,0,228000000.0,0.0,0,0,0.002,0.0,0.0,0.0,0,0,0,0,0.0,0.0,0.0,57,0,0,0,22,2,13,13,13,22,0,0,0,15,22,0,Generic,1
8e-06,udp,dns,INT,2,0,114,0,125000.0003,254,0,57000000.0,0.0,0,0,0.008,0.0,0.0,0.0,0,0,0,0,0.0,0.0,0.0,57,0,0,0,21,2,16,16,10,21,0,0,0,16,21,0,Generic,1
9e-06,udp,dns,INT,2,0,114,0,111111.1072,254,0,50666664.0,0.0,0,0,0.009,0.0,0.0,0.0,0,0,0,0,0.0,0.0,0.0,57,0,0,0,21,2,5,5,5,21,0,0,0,5,21,0,Generic,1
1e-05,udp,dns,INT,2,0,114,0,100000.0025,254,0,45600000.0,0.0,0,0,0.01,0.0,0.0,0.0,0,0,0,0,0.0,0.0,0.0,57,0,0,0,27,2,9,9,9,27,0,0,0,9,27,0,Generic,1
2.515534,tcp,http,FIN,28,110,2306,138915,54.461599,62,252,7072.852539,437769.5,2,52,93.167926,22.559789,4697.06557,2503.269939,255,1012635370,2262502900,255,0.170407,0.055645,0.114762,82,1263,1,66861,1,1,1,1,1,1,0,0,1,1,1,0,Generic,1
9e-06,udp,dns,INT,2,0,114,0,111111.1072,254,0,50666664.0,0.0,0,0,0.009,0.0,0.0,0.0,0,0,0,0,0.0,0.0,0.0,57,0,0,0,29,2,14,13,13,29,0,0,0,15,29,0,Generic,1
4e-06,udp,dns,INT,2,0,114,0,250000.0006,254,0,114000000.0,0.0,0,0,0.004,0.0,0.0,0.0,0,0,0,0,0.0,0.0,0.0,57,0,0,0,16,2,16,16,16,16,0,0,0,17,16,0,Generic,1
4e-06,udp,dns,INT,2,0,114,0,250000.0006,254,0,114000000.0,0.0,0,0,0.004,0.0,0.0,0.0,0,0,0,0,0.0,0.0,0.0,57,0,0,0,17,2,17,17,8,17,0,0,0,17,17,0,Generic,1
1e-06,udp,dns,INT,2,0,114,0,1000000.003,254,0,456000000.0,0.0,0,0,0.001,0.0,0.0,0.0,0,0,0,0,0.0,0.0,0.0,57,0,0,0,40,2,4,4,3,40,0,0,0,4,40,0,Generic,1
4e-06,udp,dns,INT,2,0,114,0,250000.0006,254,0,114000000.0,0.0,0,0,0.004,0.0,0.0,0.0,0,0,0,0,0.0,0.0,0.0,57,0,0,0,30,2,16,16,16,30,0,0,0,16,30,0,Generic,1
4e-06,udp,dns,INT,2,0,114,0,250000.0006,254,0,114000000.0,0.0,0,0,0.004,0.0,0.0,0.0,0,0,0,0,0.0,0.0,0.0,57,0,0,0,27,2,27,27,13,27,0,0,0,27,27,0,Generic,1
3e-06,udp,dns,INT,2,0,114,0,333333.3215,254,0,152000000.0,0.0,0,0,0.003,0.0,0.0,0.0,0,0,0,0,0.0,0.0,0.0,57,0,0,0,30,2,30,30,17,30,0,0,0,30,30,0,Generic,1
5e-06,udp,dns,INT,2,0,114,0,200000.0051,254,0,91200000.0,0.0,0,0,0.005,0.0,0.0,0.0,0,0,0,0,0.0,0.0,0.0,57,0,0,0,10,2,7,7,4,10,0,0,0,7,10,0,Generic,1
4e-06,udp,dns,INT,2,0,114,0,250000.0006,254,0,114000000.0,0.0,0,0,0.004,0.0,0.0,0.0,0,0,0,0,0.0,0.0,0.0,57,0,0,0,45,2,17,17,9,45,0,0,0,17,45,0,Generic,1
4e-06,udp,dns,INT,2,0,114,0,250000.0006,254,0,114000000.0,0.0,0,0,0.004,0.0,0.0,0.0,0,0,0,0,0.0,0.0,0.0,57,0,0,0,19,2,18,19,18,18,0,0,0,19,18,0,Generic,1
3e-06,udp,dns,INT,2,0,114,0,333333.3215,254,0,152000000.0,0.0,0,0,0.003,0.0,0.0,0.0,0,0,0,0,0.0,0.0,0.0,57,0,0,0,40,2,4,4,1,40,0,0,0,4,40,0,Generic,1
7e-06,udp,dns,INT,2,0,114,0,142857.1409,254,0,65142856.0,0.0,0,0,0.007,0.0,0.0,0.0,0,0,0,0,0.0,0.0,0.0,57,0,0,0,16,2,16,16,16,16,0,0,0,18,16,0,Generic,1
4e-06,udp,dns,INT,2,0,114,0,250000.0006,254,0,114000000.0,0.0,0,0,0.004,0.0,0.0,0.0,0,0,0,0,0.0,0.0,0.0,57,0,0,0,34,2,34,34,18,34,0,0,0,34,34,0,Generic,1
1.127461,tcp,http,FIN,10,12,1434,4506,18.625922,62,252,9160.40625,29311.87891,2,2,125.273444,92.023911,6775.851578,7646.593217,255,88641551,1842034206,255,0.14894,0.076184,0.072756,143,376,1,1614,1,1,1,1,1,1,0,0,1,1,1,0,Generic,1
1e-05,udp,dns,INT,2,0,114,0,100000.0025,254,0,45600000.0,0.0,0,0,0.01,0.0,0.0,0.0,0,0,0,0,0.0,0.0,0.0,57,0,0,0,24,2,18,18,18,24,0,0,0,20,24,0,Generic,1
9e-06,udp,dns,INT,2,0,114,0,111111.1072,254,0,50666664.0,0.0,0,0,0.009,0.0,0.0,0.0,0,0,0,0,0.0,0.0,0.0,57,0,0,0,30,2,18,18,18,30,0,0,0,19,30,0,Generic,1
7e-06,udp,dhcp,INT,2,0,1152,0,142857.1409,254,0,658285696.0,0.0,0,0,0.007,0.0,0.0,0.0,0,0,0,0,0.0,0.0,0.0,576,0,0,0,2,2,2,2,2,2,0,0,0,2,2,0,Generic,1
7e-06,udp,dns,INT,2,0,114,0,142857.1409,254,0,65142856.0,0.0,0,0,0.007,0.0,0.0,0.0,0,0,0,0,0.0,0.0,0.0,57,0,0,0,21,2,18,18,18,21,0,0,0,20,21,0,Generic,1
8e-06,udp,dns,INT,2,0,114,0,125000.0003,254,0,57000000.0,0.0,0,0,0.008,0.0,0.0,0.0,0,0,0,0,0.0,0.0,0.0,57,0,0,0,28,2,18,18,18,28,0,0,0,18,28,0,Generic,1
5e-06,udp,dns,INT,2,0,114,0,200000.0051,254,0,91200000.0,0.0,0,0,0.005,0.0,0.0,0.0,0,0,0,0,0.0,0.0,0.0,57,0,0,0,16,2,16,16,16,16,0,0,0,17,16,0,Generic,1
9e-06,udp,dns,INT,2,0,114,0,111111.1072,254,0,50666664.0,0.0,0,0,0.009,0.0,0.0,0.0,0,0,0,0,0.0,0.0,0.0,57,0,0,0,30,2,15,15,15,30,0,0,0,15,30,0,Generic,1
9e-06,udp,dns,INT,2,0,114,0,111111.1072,254,0,50666664.0,0.0,0,0,0.009,0.0,0.0,0.0,0,0,0,0,0.0,0.0,0.0,57,0,0,0,15,2,12,11,11,16,0,0,0,12,15,0,Generic,1
1e-06,udp,dns,INT,2,0,114,0,1000000.003,254,0,456000000.0,0.0,0,0,0.001,0.0,0.0,0.0,0,0,0,0,0.0,0.0,0.0,57,0,0,0,16,2,16,16,16,16,0,0,0,16,16,0,Generic,1
3e-06,udp,dns,INT,2,0,114,0,333333.3215,254,0,152000000.0,0.0,0,0,0.003,0.0,0.0,0.0,0,0,0,0,0.0,0.0,0.0,57,0,0,0,12,2,12,12,12,12,0,0,0,13,12,0,Generic,1
9e-06,udp,dns,INT,2,0,114,0,111111.1072,254,0,50666664.0,0.0,0,0,0.009,0.0,0.0,0.0,0,0,0,0,0.0,0.0,0.0,57,0,0,0,7,2,7,7,7,7,0,0,0,7,7,0,Generic,1
8e-06,udp,dns,INT,2,0,114,0,125000.0003,254,0,57000000.0,0.0,0,0,0.008,0.0,0.0,0.0,0,0,0,0,0.0,0.0,0.0,57,0,0,0,34,2,18,18,18,34,0,0,0,19,34,0,Generic,1
5e-06,udp,dns,INT,2,0,114,0,200000.0051,254,0,91200000.0,0.0,0,0,0.005,0.0,0.0,0.0,0,0,0,0,0.0,0.0,0.0,57,0,0,0,26,2,10,10,10,26,0,0,0,10,26,0,Generic,1
3e-06,udp,dns,INT,2,0,114,0,333333.3215,254,0,152000000.0,0.0,0,0,0.003,0.0,0.0,0.0,0,0,0,0,0.0,0.0,0.0,57,0,0,0,29,2,13,13,13,29,0,0,0,13,29,0,Generic,1
9e-06,udp,dns,INT,2,0,114,0,111111.1072,254,0,50666664.0,0.0,0,0,0.009,0.0,0.0,0.0,0,0,0,0,0.0,0.0,0.0,57,0,0,0,18,2,18,18,18,19,0,0,0,18,18,0,Generic,1
4e-06,udp,dns,INT,2,0,114,0,250000.0006,254,0,114000000.0,0.0,0,0,0.004,0.0,0.0,0.0,0,0,0,0,0.0,0.0,0.0,57,0,0,0,37,2,24,24,11,37,0,0,0,24,37,0,Generic,1
5e-06,udp,dns,INT,2,0,114,0,200000.0051,254,0,91200000.0,0.0,0,0,0.005,0.0,0.0,0.0,0,0,0,0,0.0,0.0,0.0,57,0,0,0,8,2,8,8,8,8,0,0,0,8,8,0,Generic,1
9e-06,udp,dns,INT,2,0,114,0,111111.1072,254,0,50666664.0,0.0,0,0,0.009,0.0,0.0,0.0,0,0,0,0,0.0,0.0,0.0,57,0,0,0,3,2,3,3,3,3,0,0,0,3,3,0,Generic,1
3e-06,udp,dns,INT,2,0,114,0,333333.3215,254,0,152000000.0,0.0,0,0,0.003,0.0,0.0,0.0,0,0,0,0,0.0,0.0,0.0,57,0,0,0,34,2,19,18,18,34,0,0,0,18,34,0,Generic,1
2e-06,udp,dns,INT,2,0,114,0,500000.0013,254,0,228000000.0,0.0,0,0,0.002,0.0,0.0,0.0,0,0,0,0,0.0,0.0,0.0,57,0,0,0,14,2,14,14,14,14,0,0,0,15,14,0,Generic,1
8e-06,udp,dns,INT,2,0,114,0,125000.0003,254,0,57000000.0,0.0,0,0,0.008,0.0,0.0,0.0,0,0,0,0,0.0,0.0,0.0,57,0,0,0,24,2,24,24,13,24,0,0,0,24,24,0,Generic,1
4e-06,udp,dns,INT,2,0,114,0,250000.0006,254,0,114000000.0,0.0,0,0,0.004,0.0,0.0,0.0,0,0,0,0,0.0,0.0,0.0,57,0,0,0,29,2,6,6,6,29,0,0,0,6,29,0,Generic,1
9e-06,udp,dns,INT,2,0,114,0,111111.1072,254,0,50666664.0,0.0,0,0,0.009,0.0,0.0,0.0,0,0,0,0,0.0,0.0,0.0,57,0,0,0,24,2,24,24,11,24,0,0,0,24,24,0,Generic,1
9e-06,udp,dns,INT,2,0,114,0,111111.1072,254,0,50666664.0,0.0,0,0,0.009,0.0,0.0,0.0,0,0,0,0,0.0,0.0,0.0,57,0,0,0,31,2,15,15,15,31,0,0,0,16,31,0,Generic,1
4e-06,udp,dns,INT,2,0,114,0,250000.0006,254,0,114000000.0,0.0,0,0,0.004,0.0,0.0,0.0,0,0,0,0,0.0,0.0,0.0,57,0,0,0,37,2,24,24,13,37,0,0,0,24,37,0,Generic,1
5e-06,udp,dns,INT,2,0,114,0,200000.0051,254,0,91200000.0,0.0,0,0,0.005,0.0,0.0,0.0,0,0,0,0,0.0,0.0,0.0,57,0,0,0,29,2,18,18,18,29,0,0,0,21,29,0,Generic,1
1e-06,udp,dns,INT,2,0,114,0,1000000.003,254,0,456000000.0,0.0,0,0,0.001,0.0,0.0,0.0,0,0,0,0,0.0,0.0,0.0,57,0,0,0,33,2,18,18,18,33,0,0,0,18,33,0,Generic,1
9e-06,udp,dns,INT,2,0,114,0,111111.1072,254,0,50666664.0,0.0,0,0,0.009,0.0,0.0,0.0,0,0,0,0,0.0,0.0,0.0,57,0,0,0,28,2,10,10,10,28,0,0,0,10,28,0,Generic,1
5e-06,udp,dns,INT,2,0,114,0,200000.0051,254,0,91200000.0,0.0,0,0,0.005,0.0,0.0,0.0,0,0,0,0,0.0,0.0,0.0,57,0,0,0,20,2,18,18,18,20,0,0,0,19,20,0,Generic,1
8e-06,udp,dns,INT,2,0,114,0,125000.0003,254,0,57000000.0,0.0,0,0,0.008,0.0,0.0,0.0,0,0,0,0,0.0,0.0,0.0,57,0,0,0,34,2,34,34,16,34,0,0,0,34,34,0,Generic,1
8e-06,udp,dns,INT,2,0,114,0,125000.0003,254,0,57000000.0,0.0,0,0,0.008,0.0,0.0,0.0,0,0,0,0,0.0,0.0,0.0,57,0,0,0,30,2,12,12,12,30,0,0,0,12,30,0,Generic,1
8e-06,udp,dns,INT,2,0,114,0,125000.0003,254,0,57000000.0,0.0,0,0,0.008,0.0,0.0,0.0,0,0,0,0,0.0,0.0,0.0,57,0,0,0,11,2,5,5,5,11,0,0,0,5,11,0,Generic,1
4e-06,unas,-,INT,2,0,200,0,250000.0006,254,0,200000000.0,0.0,0,0,0.004,0.0,0.0,0.0,0,0,0,0,0.0,0.0,0.0,100,0,0,0,2,2,2,2,2,2,0,0,0,5,2,0,Generic,1
8e-06,udp,dns,INT,2,0,114,0,125000.0003,254,0,57000000.0,0.0,0,0,0.008,0.0,0.0,0.0,0,0,0,0,0.0,0.0,0.0,57,0,0,0,21,2,11,11,11,21,0,0,0,12,21,0,Generic,1
9e-06,udp,dns,INT,2,0,114,0,111111.1072,254,0,50666664.0,0.0,0,0,0.009,0.0,0.0,0.0,0,0,0,0,0.0,0.0,0.0,57,0,0,0,29,2,17,16,16,29,0,0,0,17,29,0,Generic,1
9e-06,udp,dns,INT,2,0,114,0,111111.1072,254,0,50666664.0,0.0,0,0,0.009,0.0,0.0,0.0,0,0,0,0,0.0,0.0,0.0,57,0,0,0,6,2,6,6,6,6,0,0,0,6,6,0,Generic,1
3e-06,udp,dns,INT,2,0,114,0,333333.3215,254,0,152000000.0,0.0,0,0,0.003,0.0,0.0,0.0,0,0,0,0,0.0,0.0,0.0,57,0,0,0,13,2,13,13,5,13,0,0,0,13,13,0,Generic,1
3e-06,udp,dns,INT,2,0,114,0,333333.3215,254,0,152000000.0,0.0,0,0,0.003,0.0,0.0,0.0,0,0,0,0,0.0,0.0,0.0,57,0,0,0,34,2,18,18,18,34,0,0,0,18,34,0,Generic,1
1e-06,udp,dns,INT,2,0,114,0,1000000.003,254,0,456000000.0,0.0,0,0,0.001,0.0,0.0,0.0,0,0,0,0,0.0,0.0,0.0,57,0,0,0,28,2,12,12,12,28,0,0,0,12,28,0,Generic,1
1e-06,udp,dns,INT,2,0,114,0,1000000.003,254,0,456000000.0,0.0,0,0,0.001,0.0,0.0,0.0,0,0,0,0,0.0,0.0,0.0,57,0,0,0,21,2,18,18,18,21,0,0,0,20,21,0,Generic,1
3e-06,udp,dns,INT,2,0,114,0,333333.3215,254,0,152000000.0,0.0,0,0,0.003,0.0,0.0,0.0,0,0,0,0,0.0,0.0,0.0,57,0,0,0,24,2,23,23,15,24,0,0,0,23,24,0,Generic,1
9e-06,udp,dns,INT,2,0,114,0,111111.1072,254,0,50666664.0,0.0,0,0,0.009,0.0,0.0,0.0,0,0,0,0,0.0,0.0,0.0,57,0,0,0,31,2,17,16,16,31,0,0,0,16,31,0,Generic,1
8e-06,udp,dns,INT,2,0,114,0,125000.0003,254,0,57000000.0,0.0,0,0,0.008,0.0,0.0,0.0,0,0,0,0,0.0,0.0,0.0,57,0,0,0,14,2,6,6,6,14,0,0,0,6,14,0,Generic,1
9e-06,udp,dns,INT,2,0,114,0,111111.1072,254,0,50666664.0,0.0,0,0,0.009,0.0,0.0,0.0,0,0,0,0,0.0,0.0,0.0,57,0,0,0,29,2,5,5,5,29,0,0,0,6,29,0,Generic,1
8e-06,udp,dns,INT,2,0,114,0,125000.0003,254,0,57000000.0,0.0,0,0,0.008,0.0,0.0,0.0,0,0,0,0,0.0,0.0,0.0,57,0,0,0,33,2,18,18,18,33,0,0,0,18,33,0,Generic,1
6e-06,udp,dns,INT,2,0,114,0,166666.6608,254,0,76000000.0,0.0,0,0,0.006,0.0,0.0,0.0,0,0,0,0,0.0,0.0,0.0,57,0,0,0,41,2,34,34,18,41,0,0,0,34,41,0,Generic,1
1e-05,udp,dns,INT,2,0,114,0,100000.0025,254,0,45600000.0,0.0,0,0,0.01,0.0,0.0,0.0,0,0,0,0,0.0,0.0,0.0,57,0,0,0,23,2,12,12,12,23,0,0,0,12,23,0,Generic,1
9e-06,udp,dns,INT,2,0,114,0,111111.1072,254,0,50666664.0,0.0,0,0,0.009,0.0,0.0,0.0,0,0,0,0,0.0,0.0,0.0,57,0,0,0,34,2,34,34,18,34,0,0,0,34,34,0,Generic,1
8e-06,udp,dns,INT,2,0,114,0,125000.0003,254,0,57000000.0,0.0,0,0,0.008,0.0,0.0,0.0,0,0,0,0,0.0,0.0,0.0,57,0,0,0,28,2,16,16,16,28,0,0,0,16,28,0,Generic,1
9e-06,udp,dns,INT,2,0,114,0,111111.1072,254,0,50666664.0,0.0,0,0,0.009,0.0,0.0,0.0,0,0,0,0,0.0,0.0,0.0,57,0,0,0,31,2,16,15,15,31,0,0,0,15,31,0,Generic,1
9e-06,udp,dns,INT,2,0,114,0,111111.1072,254,0,50666664.0,0.0,0,0,0.009,0.0,0.0,0.0,0,0,0,0,0.0,0.0,0.0,57,0,0,0,37,2,18,18,18,37,0,0,0,18,37,0,Generic,1
9e-06,udp,dns,INT,2,0,114,0,111111.1072,254,0,50666664.0,0.0,0,0,0.009,0.0,0.0,0.0,0,0,0,0,0.0,0.0,0.0,57,0,0,0,30,2,18,18,18,30,0,0,0,25,30,0,Generic,1
6e-06,udp,dns,INT,2,0,114,0,166666.6608,254,0,76000000.0,0.0,0,0,0.006,0.0,0.0,0.0,0,0,0,0,0.0,0.0,0.0,57,0,0,0,30,2,18,18,18,30,0,0,0,19,30,0,Generic,1
6e-06,udp,dns,INT,2,0,114,0,166666.6608,254,0,76000000.0,0.0,0,0,0.006,0.0,0.0,0.0,0,0,0,0,0.0,0.0,0.0,57,0,0,0,37,2,15,15,15,37,0,0,0,15,37,0,Generic,1
8e-06,udp,dns,INT,2,0,114,0,125000.0003,254,0,57000000.0,0.0,0,0,0.008,0.0,0.0,0.0,0,0,0,0,0.0,0.0,0.0,57,0,0,0,33,2,5,5,5,33,0,0,0,5,33,0,Generic,1
9e-06,udp,dns,INT,2,0,114,0,111111.1072,254,0,50666664.0,0.0,0,0,0.009,0.0,0.0,0.0,0,0,0,0,0.0,0.0,0.0,57,0,0,0,33,2,33,33,15,33,0,0,0,33,33,0,Generic,1
8e-06,udp,dns,INT,2,0,114,0,125000.0003,254,0,57000000.0,0.0,0,0,0.008,0.0,0.0,0.0,0,0,0,0,0.0,0.0,0.0,57,0,0,0,37,2,13,11,11,37,0,0,0,11,37,0,Generic,1
1e-06,udp,dns,INT,2,0,114,0,1000000.003,254,0,456000000.0,0.0,0,0,0.001,0.0,0.0,0.0,0,0,0,0,0.0,0.0,0.0,57,0,0,0,25,2,24,24,11,25,0,0,0,24,25,0,Generic,1
9e-06,udp,dns,INT,2,0,114,0,111111.1072,254,0,50666664.0,0.0,0,0,0.009,0.0,0.0,0.0,0,0,0,0,0.0,0.0,0.0,57,0,0,0,33,2,33,33,18,33,0,0,0,33,33,0,Generic,1
9e-06,udp,dns,INT,2,0,114,0,111111.1072,254,0,50666664.0,0.0,0,0,0.009,0.0,0.0,0.0,0,0,0,0,0.0,0.0,0.0,57,0,0,0,31,2,16,16,16,31,0,0,0,18,31,0,Generic,1
9e-06,udp,dns,INT,2,0,114,0,111111.1072,254,0,50666664.0,0.0,0,0,0.009,0.0,0.0,0.0,0,0,0,0,0.0,0.0,0.0,57,0,0,0,24,2,8,8,3,24,0,0,0,8,24,0,Generic,1
3e-06,udp,dns,INT,2,0,114,0,333333.3215,254,0,152000000.0,0.0,0,0,0.003,0.0,0.0,0.0,0,0,0,0,0.0,0.0,0.0,57,0,0,0,16,2,16,16,16,17,0,0,0,16,16,0,Generic,1
8e-06,udp,dns,INT,2,0,114,0,125000.0003,254,0,57000000.0,0.0,0,0,0.008,0.0,0.0,0.0,0,0,0,0,0.0,0.0,0.0,57,0,0,0,17,2,13,13,13,17,0,0,0,13,17,0,Generic,1
4e-06,udp,dns,INT,2,0,114,0,250000.0006,254,0,114000000.0,0.0,0,0,0.004,0.0,0.0,0.0,0,0,0,0,0.0,0.0,0.0,57,0,0,0,21,2,6,6,3,21,0,0,0,7,21,0,Generic,1
9e-06,udp,dns,INT,2,0,114,0,111111.1072,254,0,50666664.0,0.0,0,0,0.009,0.0,0.0,0.0,0,0,0,0,0.0,0.0,0.0,57,0,0,0,22,2,19,18,18,22,0,0,0,19,22,0,Generic,1
1e-05,udp,dns,INT,2,0,114,0,100000.0025,254,0,45600000.0,0.0,0,0,0.01,0.0,0.0,0.0,0,0,0,0,0.0,0.0,0.0,57,0,0,0,17,2,17,17,17,17,0,0,0,17,17,0,Generic,1
9e-06,udp,dns,INT,2,0,114,0,111111.1072,254,0,50666664.0,0.0,0,0,0.009,0.0,0.0,0.0,0,0,0,0,0.0,0.0,0.0,57,0,0,0,34,2,16,16,16,34,0,0,0,16,34,0,Generic,1
4e-06,udp,dns,INT,2,0,114,0,250000.0006,254,0,114000000.0,0.0,0,0,0.004,0.0,0.0,0.0,0,0,0,0,0.0,0.0,0.0,57,0,0,0,36,2,28,28,13,36,0,0,0,28,36,0,Generic,1
3e-06,udp,dns,INT,2,0,114,0,333333.3215,254,0,152000000.0,0.0,0,0,0.003,0.0,0.0,0.0,0,0,0,0,0.0,0.0,0.0,57,0,0,0,32,2,17,16,16,32,0,0,0,16,32,0,Generic,1
3e-06,udp,dns,INT,2,0,114,0,333333.3215,254,0,152000000.0,0.0,0,0,0.003,0.0,0.0,0.0,0,0,0,0,0.0,0.0,0.0,57,0,0,0,34,2,34,34,16,34,0,0,0,34,34,0,Generic,1
7e-06,udp,dns,INT,2,0,114,0,142857.1409,254,0,65142856.0,0.0,0,0,0.007,0.0,0.0,0.0,0,0,0,0,0.0,0.0,0.0,57,0,0,0,13,2,13,13,8,13,0,0,0,13,13,0,Generic,1
8e-06,udp,dns,INT,2,0,114,0,125000.0003,254,0,57000000.0,0.0,0,0,0.008,0.0,0.0,0.0,0,0,0,0,0.0,0.0,0.0,57,0,0,0,29,2,5,5,5,29,0,0,0,5,29,0,Generic,1
5e-06,udp,dns,INT,2,0,114,0,200000.0051,254,0,91200000.0,0.0,0,0,0.005,0.0,0.0,0.0,0,0,0,0,0.0,0.0,0.0,57,0,0,0,31,2,31,31,14,31,0,0,0,31,31,0,Generic,1
1e-06,udp,dns,INT,2,0,114,0,1000000.003,254,0,456000000.0,0.0,0,0,0.001,0.0,0.0,0.0,0,0,0,0,0.0,0.0,0.0,57,0,0,0,13,2,13,13,13,13,0,0,0,13,13,0,Generic,1
0.892484,tcp,http,FIN,30,146,1564,184807,196.081945,62,252,13553.18359,1645223.875,2,71,30.775311,5.838333,1544.823128,733.908891,255,162508390,584622195,255,0.070249,0.051229,0.01902,52,1266,1,89088,2,1,1,1,1,1,0,0,1,1,1,0,Generic,1
3e-06,udp,dns,INT,2,0,114,0,333333.3215,254,0,152000000.0,0.0,0,0,0.003,0.0,0.0,0.0,0,0,0,0,0.0,0.0,0.0,57,0,0,0,33,2,34,33,16,34,0,0,0,34,33,0,Generic,1
7e-06,udp,dns,INT,2,0,114,0,142857.1409,254,0,65142856.0,0.0,0,0,0.007,0.0,0.0,0.0,0,0,0,0,0.0,0.0,0.0,57,0,0,0,35,2,21,21,10,35,0,0,0,22,35,0,Generic,1
9e-06,udp,dns,INT,2,0,114,0,111111.1072,254,0,50666664.0,0.0,0,0,0.009,0.0,0.0,0.0,0,0,0,0,0.0,0.0,0.0,57,0,0,0,34,2,18,18,18,34,0,0,0,18,34,0,Generic,1
3e-06,udp,dns,INT,2,0,114,0,333333.3215,254,0,152000000.0,0.0,0,0,0.003,0.0,0.0,0.0,0,0,0,0,0.0,0.0,0.0,57,0,0,0,33,2,34,33,17,34,0,0,0,34,33,0,Generic,1
9e-06,udp,dns,INT,2,0,114,0,111111.1072,254,0,50666664.0,0.0,0,0,0.009,0.0,0.0,0.0,0,0,0,0,0.0,0.0,0.0,57,0,0,0,31,2,31,31,17,31,0,0,0,31,31,0,Generic,1
2e-06,udp,dns,INT,2,0,114,0,500000.0013,254,0,228000000.0,0.0,0,0,0.002,0.0,0.0,0.0,0,0,0,0,0.0,0.0,0.0,57,0,0,0,18,2,18,18,18,18,0,0,0,20,18,0,Generic,1
9e-06,udp,dns,INT,2,0,114,0,111111.1072,254,0,50666664.0,0.0,0,0,0.009,0.0,0.0,0.0,0,0,0,0,0.0,0.0,0.0,57,0,0,0,25,2,18,18,18,25,0,0,0,18,25,0,Generic,1
5e-06,udp,dns,INT,2,0,114,0,200000.0051,254,0,91200000.0,0.0,0,0,0.005,0.0,0.0,0.0,0,0,0,0,0.0,0.0,0.0,57,0,0,0,21,2,19,18,18,21,0,0,0,18,21,0,Generic,1
5e-06,udp,dns,INT,2,0,114,0,200000.0051,254,0,91200000.0,0.0,0,0,0.005,0.0,0.0,0.0,0,0,0,0,0.0,0.0,0.0,57,0,0,0,27,2,27,27,14,27,0,0,0,27,27,0,Generic,1
5e-06,udp,dns,INT,2,0,114,0,200000.0051,254,0,91200000.0,0.0,0,0,0.005,0.0,0.0,0.0,0,0,0,0,0.0,0.0,0.0,57,0,0,0,15,2,16,15,15,16,0,0,0,17,15,0,Generic,1
1e-06,udp,dns,INT,2,0,114,0,1000000.003,254,0,456000000.0,0.0,0,0,0.001,0.0,0.0,0.0,0,0,0,0,0.0,0.0,0.0,57,0,0,0,26,2,16,16,16,26,0,0,0,17,26,0,Generic,1
7e-06,udp,dns,INT,2,0,114,0,142857.1409,254,0,65142856.0,0.0,0,0,0.007,0.0,0.0,0.0,0,0,0,0,0.0,0.0,0.0,57,0,0,0,34,2,34,34,16,34,0,0,0,34,34,0,Generic,1
8e-06,udp,dns,INT,2,0,114,0,125000.0003,254,0,57000000.0,0.0,0,0,0.008,0.0,0.0,0.0,0,0,0,0,0.0,0.0,0.0,57,0,0,0,25,2,7,7,7,25,0,0,0,7,25,0,Generic,1
7e-06,udp,dns,INT,2,0,114,0,142857.1409,254,0,65142856.0,0.0,0,0,0.007,0.0,0.0,0.0,0,0,0,0,0.0,0.0,0.0,57,0,0,0,30,2,18,18,18,30,0,0,0,18,30,0,Generic,1
6e-06,udp,dns,INT,2,0,114,0,166666.6608,254,0,76000000.0,0.0,0,0,0.006,0.0,0.0,0.0,0,0,0,0,0.0,0.0,0.0,57,0,0,0,19,2,14,14,14,19,0,0,0,14,19,0,Generic,1
2e-06,udp,dns,INT,2,0,114,0,500000.0013,254,0,228000000.0,0.0,0,0,0.002,0.0,0.0,0.0,0,0,0,0,0.0,0.0,0.0,57,0,0,0,14,2,14,14,14,14,0,0,0,14,14,0,Generic,1
5e-06,udp,dns,INT,2,0,114,0,200000.0051,254,0,91200000.0,0.0,0,0,0.005,0.0,0.0,0.0,0,0,0,0,0.0,0.0,0.0,57,0,0,0,34,2,18,18,18,34,0,0,0,18,34,0,Generic,1
9e-06,udp,dns,INT,2,0,114,0,111111.1072,254,0,50666664.0,0.0,0,0,0.009,0.0,0.0,0.0,0,0,0,0,0.0,0.0,0.0,57,0,0,0,24,2,7,6,6,24,0,0,0,6,24,0,Generic,1
2e-06,udp,dns,INT,2,0,114,0,500000.0013,254,0,228000000.0,0.0,0,0,0.002,0.0,0.0,0.0,0,0,0,0,0.0,0.0,0.0,57,0,0,0,10,2,10,10,10,10,0,0,0,10,10,0,Generic,1
3e-06,udp,dns,INT,2,0,114,0,333333.3215,254,0,152000000.0,0.0,0,0,0.003,0.0,0.0,0.0,0,0,0,0,0.0,0.0,0.0,57,0,0,0,37,2,26,26,13,37,0,0,0,26,37,0,Generic,1
2e-06,udp,dns,INT,2,0,114,0,500000.0013,254,0,228000000.0,0.0,0,0,0.002,0.0,0.0,0.0,0,0,0,0,0.0,0.0,0.0,57,0,0,0,25,2,19,18,18,25,0,0,0,18,25,0,Generic,1
7e-06,udp,dns,INT,2,0,114,0,142857.1409,254,0,65142856.0,0.0,0,0,0.007,0.0,0.0,0.0,0,0,0,0,0.0,0.0,0.0,57,0,0,0,18,2,18,18,18,18,0,0,0,18,18,0,Generic,1
3e-06,udp,dns,INT,2,0,114,0,333333.3215,254,0,152000000.0,0.0,0,0,0.003,0.0,0.0,0.0,0,0,0,0,0.0,0.0,0.0,57,0,0,0,34,2,16,16,16,34,0,0,0,16,34,0,Generic,1
9e-06,udp,dns,INT,2,0,114,0,111111.1072,254,0,50666664.0,0.0,0,0,0.009,0.0,0.0,0.0,0,0,0,0,0.0,0.0,0.0,57,0,0,0,22,2,12,12,12,22,0,0,0,12,22,0,Generic,1
6e-06,udp,dns,INT,2,0,114,0,166666.6608,254,0,76000000.0,0.0,0,0,0.006,0.0,0.0,0.0,0,0,0,0,0.0,0.0,0.0,57,0,0,0,23,2,5,4,4,23,0,0,0,4,23,0,Generic,1
9e-06,udp,dns,INT,2,0,114,0,111111.1072,254,0,50666664.0,0.0,0,0,0.009,0.0,0.0,0.0,0,0,0,0,0.0,0.0,0.0,57,0,0,0,14,2,9,9,9,14,0,0,0,9,14,0,Generic,1
9e-06,udp,dns,INT,2,0,114,0,111111.1072,254,0,50666664.0,0.0,0,0,0.009,0.0,0.0,0.0,0,0,0,0,0.0,0.0,0.0,57,0,0,0,13,2,1,1,1,13,0,0,0,1,13,0,Generic,1
0.622884,tcp,http,FIN,10,10,1040,1568,30.503273,62,252,12021.5,18134.99805,2,2,69.091556,63.588555,4418.172647,115.210562,255,4161571109,3037496475,255,0.097717,0.050579,0.047138,104,157,1,234,1,1,1,1,1,1,0,0,1,1,1,0,Generic,1
9e-06,udp,dns,INT,2,0,114,0,111111.1072,254,0,50666664.0,0.0,0,0,0.009,0.0,0.0,0.0,0,0,0,0,0.0,0.0,0.0,57,0,0,0,26,2,17,17,17,26,0,0,0,17,26,0,Generic,1
8e-06,udp,dns,INT,2,0,114,0,125000.0003,254,0,57000000.0,0.0,0,0,0.008,0.0,0.0,0.0,0,0,0,0,0.0,0.0,0.0,57,0,0,0,20,2,19,18,18,20,0,0,0,18,20,0,Generic,1
4e-06,udp,dns,INT,2,0,114,0,250000.0006,254,0,114000000.0,0.0,0,0,0.004,0.0,0.0,0.0,0,0,0,0,0.0,0.0,0.0,57,0,0,0,16,2,17,16,16,16,0,0,0,16,16,0,Generic,1
9e-06,udp,dns,INT,2,0,114,0,111111.1072,254,0,50666664.0,0.0,0,0,0.009,0.0,0.0,0.0,0,0,0,0,0.0,0.0,0.0,57,0,0,0,24,2,16,16,16,24,0,0,0,16,24,0,Generic,1
9e-06,udp,dns,INT,2,0,114,0,111111.1072,254,0,50666664.0,0.0,0,0,0.009,0.0,0.0,0.0,0,0,0,0,0.0,0.0,0.0,57,0,0,0,19,2,12,12,12,19,0,0,0,12,19,0,Generic,1
9e-06,udp,dns,INT,2,0,114,0,111111.1072,254,0,50666664.0,0.0,0,0,0.009,0.0,0.0,0.0,0,0,0,0,0.0,0.0,0.0,57,0,0,0,34,2,33,33,17,34,0,0,0,33,34,0,Generic,1
3e-06,udp,dns,INT,2,0,114,0,333333.3215,254,0,152000000.0,0.0,0,0,0.003,0.0,0.0,0.0,0,0,0,0,0.0,0.0,0.0,57,0,0,0,29,2,13,13,8,29,0,0,0,13,29,0,Generic,1
1e-05,udp,dns,INT,2,0,114,0,100000.0025,254,0,45600000.0,0.0,0,0,0.01,0.0,0.0,0.0,0,0,0,0,0.0,0.0,0.0,57,0,0,0,29,2,18,18,18,29,0,0,0,18,29,0,Generic,1
5e-06,udp,dns,INT,2,0,114,0,200000.0051,254,0,91200000.0,0.0,0,0,0.005,0.0,0.0,0.0,0,0,0,0,0.0,0.0,0.0,57,0,0,0,17,2,18,17,17,17,0,0,0,17,17,0,Generic,1
3e-06,udp,dns,INT,2,0,114,0,333333.3215,254,0,152000000.0,0.0,0,0,0.003,0.0,0.0,0.0,0,0,0,0,0.0,0.0,0.0,57,0,0,0,37,2,21,21,10,37,0,0,0,21,37,0,Generic,1
9e-06,udp,dns,INT,2,0,114,0,111111.1072,254,0,50666664.0,0.0,0,0,0.009,0.0,0.0,0.0,0,0,0,0,0.0,0.0,0.0,57,0,0,0,29,2,11,11,11,29,0,0,0,11,29,0,Generic,1
9e-06,udp,dns,INT,2,0,114,0,111111.1072,254,0,50666664.0,0.0,0,0,0.009,0.0,0.0,0.0,0,0,0,0,0.0,0.0,0.0,57,0,0,0,20,2,2,2,2,20,0,0,0,3,20,0,Generic,1
9e-06,udp,dns,INT,2,0,114,0,111111.1072,254,0,50666664.0,0.0,0,0,0.009,0.0,0.0,0.0,0,0,0,0,0.0,0.0,0.0,57,0,0,0,28,2,17,17,17,28,0,0,0,17,28,0,Generic,1
1e-05,udp,dns,INT,2,0,114,0,100000.0025,254,0,45600000.0,0.0,0,0,0.01,0.0,0.0,0.0,0,0,0,0,0.0,0.0,0.0,57,0,0,0,20,2,17,17,17,20,0,0,0,18,20,0,Generic,1
1e-05,udp,dns,INT,2,0,114,0,100000.0025,254,0,45600000.0,0.0,0,0,0.01,0.0,0.0,0.0,0,0,0,0,0.0,0.0,0.0,57,0,0,0,16,2,11,11,11,16,0,0,0,11,16,0,Generic,1
9e-06,udp,dns,INT,2,0,114,0,111111.1072,254,0,50666664.0,0.0,0,0,0.009,0.0,0.0,0.0,0,0,0,0,0.0,0.0,0.0,57,0,0,0,18,2,17,16,16,18,0,0,0,16,18,0,Generic,1
0.000162,udp,dns,INT,2,0,114,0,6172.839634,254,0,2814814.75,0.0,0,0,0.162,0.0,0.0,0.0,0,0,0,0,0.0,0.0,0.0,57,0,0,0,31,2,18,18,18,31,0,0,0,19,31,0,Generic,1
7e-06,udp,dns,INT,2,0,114,0,142857.1409,254,0,65142856.0,0.0,0,0,0.007,0.0,0.0,0.0,0,0,0,0,0.0,0.0,0.0,57,0,0,0,29,2,16,16,16,29,0,0,0,16,29,0,Generic,1
1e-05,udp,dns,INT,2,0,114,0,100000.0025,254,0,45600000.0,0.0,0,0,0.01,0.0,0.0,0.0,0,0,0,0,0.0,0.0,0.0,57,0,0,0,23,2,7,7,7,24,0,0,0,7,23,0,Generic,1
3e-06,udp,-,INT,2,0,96,0,333333.3215,254,0,127999992.0,0.0,0,0,0.003,0.0,0.0,0.0,0,0,0,0,0.0,0.0,0.0,48,0,0,0,1,2,1,1,1,1,0,0,0,1,1,0,Generic,1
7e-06,udp,dns,INT,2,0,114,0,142857.1409,254,0,65142856.0,0.0,0,0,0.007,0.0,0.0,0.0,0,0,0,0,0.0,0.0,0.0,57,0,0,0,17,2,16,16,16,17,0,0,0,16,17,0,Generic,1
0.739978,tcp,-,FIN,10,8,568,354,22.973655,254,252,5535.299805,3351.450928,2,1,82.112889,96.459711,5033.321296,174.81825,255,426854001,345318251,255,0.127572,0.064751,0.062821,57,44,0,0,1,1,1,1,1,1,0,0,0,1,1,0,Generic,1
7e-06,udp,dns,INT,2,0,114,0,142857.1409,254,0,65142856.0,0.0,0,0,0.007,0.0,0.0,0.0,0,0,0,0,0.0,0.0,0.0,57,0,0,0,22,2,16,16,16,22,0,0,0,16,22,0,Generic,1
8e-06,udp,dns,INT,2,0,114,0,125000.0003,254,0,57000000.0,0.0,0,0,0.008,0.0,0.0,0.0,0,0,0,0,0.0,0.0,0.0,57,0,0,0,12,2,13,12,12,12,0,0,0,12,12,0,Generic,1
4e-06,udp,dns,INT,2,0,114,0,250000.0006,254,0,114000000.0,0.0,0,0,0.004,0.0,0.0,0.0,0,0,0,0,0.0,0.0,0.0,57,0,0,0,31,2,18,18,18,31,0,0,0,18,31,0,Generic,1
1e-05,udp,dns,INT,2,0,114,0,100000.0025,254,0,45600000.0,0.0,0,0,0.01,0.0,0.0,0.0,0,0,0,0,0.0,0.0,0.0,57,0,0,0,32,2,19,18,18,32,0,0,0,18,32,0,Generic,1
9e-06,udp,dns,INT,2,0,114,0,111111.1072,254,0,50666664.0,0.0,0,0,0.009,0.0,0.0,0.0,0,0,0,0,0.0,0.0,0.0,57,0,0,0,17,2,16,16,16,17,0,0,0,17,17,0,Generic,1
9e-06,udp,dns,INT,2,0,114,0,111111.1072,254,0,50666664.0,0.0,0,0,0.009,0.0,0.0,0.0,0,0,0,0,0.0,0.0,0.0,57,0,0,0,30,2,14,14,14,30,0,0,0,14,30,0,Generic,1
8e-06,udp,dns,INT,2,0,114,0,125000.0003,254,0,57000000.0,0.0,0,0,0.008,0.0,0.0,0.0,0,0,0,0,0.0,0.0,0.0,57,0,0,0,26,2,16,16,16,26,0,0,0,17,26,0,Generic,1
6e-06,udp,dns,INT,2,0,114,0,166666.6608,254,0,76000000.0,0.0,0,0,0.006,0.0,0.0,0.0,0,0,0,0,0.0,0.0,0.0,57,0,0,0,32,2,14,14,14,32,0,0,0,14,32,0,Generic,1
9e-06,udp,dns,INT,2,0,114,0,111111.1072,254,0,50666664.0,0.0,0,0,0.009,0.0,0.0,0.0,0,0,0,0,0.0,0.0,0.0,57,0,0,0,30,2,16,16,16,30,0,0,0,17,30,0,Generic,1
3e-06,udp,dns,INT,2,0,114,0,333333.3215,254,0,152000000.0,0.0,0,0,0.003,0.0,0.0,0.0,0,0,0,0,0.0,0.0,0.0,57,0,0,0,28,2,3,3,3,28,0,0,0,3,28,0,Generic,1
5e-06,udp,dns,INT,2,0,114,0,200000.0051,254,0,91200000.0,0.0,0,0,0.005,0.0,0.0,0.0,0,0,0,0,0.0,0.0,0.0,57,0,0,0,23,2,14,14,14,23,0,0,0,14,23,0,Generic,1
6e-06,udp,dns,INT,2,0,114,0,166666.6608,254,0,76000000.0,0.0,0,0,0.006,0.0,0.0,0.0,0,0,0,0,0.0,0.0,0.0,57,0,0,0,15,2,13,13,13,15,0,0,0,13,15,0,Generic,1
9e-06,udp,dns,INT,2,0,114,0,111111.1072,254,0,50666664.0,0.0,0,0,0.009,0.0,0.0,0.0,0,0,0,0,0.0,0.0,0.0,57,0,0,0,25,2,7,7,7,25,0,0,0,7,25,0,Generic,1
2e-06,udp,dns,INT,2,0,114,0,500000.0013,254,0,228000000.0,0.0,0,0,0.002,0.0,0.0,0.0,0,0,0,0,0.0,0.0,0.0,57,0,0,0,16,2,17,16,16,16,0,0,0,17,16,0,Generic,1
9e-06,udp,dns,INT,2,0,114,0,111111.1072,254,0,50666664.0,0.0,0,0,0.009,0.0,0.0,0.0,0,0,0,0,0.0,0.0,0.0,57,0,0,0,29,2,29,29,13,29,0,0,0,29,29,0,Generic,1
3e-06,udp,dns,INT,2,0,114,0,333333.3215,254,0,152000000.0,0.0,0,0,0.003,0.0,0.0,0.0,0,0,0,0,0.0,0.0,0.0,57,0,0,0,23,2,9,9,9,23,0,0,0,9,23,0,Generic,1
7e-06,udp,dns,INT,2,0,114,0,142857.1409,254,0,65142856.0,0.0,0,0,0.007,0.0,0.0,0.0,0,0,0,0,0.0,0.0,0.0,57,0,0,0,23,2,16,16,16,24,0,0,0,16,23,0,Generic,1
9e-06,udp,dns,INT,2,0,114,0,111111.1072,254,0,50666664.0,0.0,0,0,0.009,0.0,0.0,0.0,0,0,0,0,0.0,0.0,0.0,57,0,0,0,23,2,16,16,16,23,0,0,0,16,23,0,Generic,1
1e-05,udp,dns,INT,2,0,114,0,100000.0025,254,0,45600000.0,0.0,0,0,0.01,0.0,0.0,0.0,0,0,0,0,0.0,0.0,0.0,57,0,0,0,14,2,5,5,2,14,0,0,0,5,14,0,Generic,1
4e-06,udp,dns,INT,2,0,114,0,250000.0006,254,0,114000000.0,0.0,0,0,0.004,0.0,0.0,0.0,0,0,0,0,0.0,0.0,0.0,57,0,0,0,29,2,3,3,3,29,0,0,0,3,29,0,Generic,1
1e-05,udp,dns,INT,2,0,114,0,100000.0025,254,0,45600000.0,0.0,0,0,0.01,0.0,0.0,0.0,0,0,0,0,0.0,0.0,0.0,57,0,0,0,29,2,29,29,16,29,0,0,0,29,29,0,Generic,1
6e-06,udp,dns,INT,2,0,114,0,166666.6608,254,0,76000000.0,0.0,0,0,0.006,0.0,0.0,0.0,0,0,0,0,0.0,0.0,0.0,57,0,0,0,18,2,19,18,18,18,0,0,0,19,18,0,Generic,1
1e-05,udp,dns,INT,2,0,114,0,100000.0025,254,0,45600000.0,0.0,0,0,0.01,0.0,0.0,0.0,0,0,0,0,0.0,0.0,0.0,57,0,0,0,18,2,18,18,18,18,0,0,0,18,18,0,Generic,1
4e-06,udp,dns,INT,2,0,114,0,250000.0006,254,0,114000000.0,0.0,0,0,0.004,0.0,0.0,0.0,0,0,0,0,0.0,0.0,0.0,57,0,0,0,31,2,13,13,13,31,0,0,0,13,31,0,Generic,1
4e-06,udp,dns,INT,2,0,114,0,250000.0006,254,0,114000000.0,0.0,0,0,0.004,0.0,0.0,0.0,0,0,0,0,0.0,0.0,0.0,57,0,0,0,23,2,16,16,16,23,0,0,0,16,23,0,Generic,1
9e-06,udp,dns,INT,2,0,114,0,111111.1072,254,0,50666664.0,0.0,0,0,0.009,0.0,0.0,0.0,0,0,0,0,0.0,0.0,0.0,57,0,0,0,20,2,16,16,16,20,0,0,0,16,20,0,Generic,1
8e-06,udp,dns,INT,2,0,114,0,125000.0003,254,0,57000000.0,0.0,0,0,0.008,0.0,0.0,0.0,0,0,0,0,0.0,0.0,0.0,57,0,0,0,31,2,16,15,15,31,0,0,0,15,31,0,Generic,1
5e-06,udp,dns,INT,2,0,114,0,200000.0051,254,0,91200000.0,0.0,0,0,0.005,0.0,0.0,0.0,0,0,0,0,0.0,0.0,0.0,57,0,0,0,33,2,18,18,18,33,0,0,0,20,33,0,Generic,1
1e-06,udp,dns,INT,2,0,114,0,1000000.003,254,0,456000000.0,0.0,0,0,0.001,0.0,0.0,0.0,0,0,0,0,0.0,0.0,0.0,57,0,0,0,29,2,13,13,13,29,0,0,0,13,29,0,Generic,1
9e-06,udp,dns,INT,2,0,114,0,111111.1072,254,0,50666664.0,0.0,0,0,0.009,0.0,0.0,0.0,0,0,0,0,0.0,0.0,0.0,57,0,0,0,16,2,16,16,8,16,0,0,0,16,16,0,Generic,1
9e-06,udp,dns,INT,2,0,114,0,111111.1072,254,0,50666664.0,0.0,0,0,0.009,0.0,0.0,0.0,0,0,0,0,0.0,0.0,0.0,57,0,0,0,23,2,17,17,17,23,0,0,0,17,23,0,Generic,1
0.679823,tcp,http,FIN,10,10,1398,2348,27.948452,254,252,14815.62109,24877.06445,2,2,75.535889,59.818445,4660.086841,120.888227,255,1143884541,3477717219,255,0.150549,0.076485,0.074064,140,235,1,734,1,1,1,1,1,1,0,0,1,1,1,0,Generic,1
3e-06,udp,dns,INT,2,0,114,0,333333.3215,254,0,152000000.0,0.0,0,0,0.003,0.0,0.0,0.0,0,0,0,0,0.0,0.0,0.0,57,0,0,0,34,2,34,34,16,34,0,0,0,36,34,0,Generic,1
9e-06,udp,dns,INT,2,0,114,0,111111.1072,254,0,50666664.0,0.0,0,0,0.009,0.0,0.0,0.0,0,0,0,0,0.0,0.0,0.0,57,0,0,0,18,2,18,18,8,18,0,0,0,18,18,0,Generic,1
5e-06,udp,dns,INT,2,0,114,0,200000.0051,254,0,91200000.0,0.0,0,0,0.005,0.0,0.0,0.0,0,0,0,0,0.0,0.0,0.0,57,0,0,0,22,2,17,16,16,23,0,0,0,17,22,0,Generic,1
8e-06,udp,dns,INT,2,0,114,0,125000.0003,254,0,57000000.0,0.0,0,0,0.008,0.0,0.0,0.0,0,0,0,0,0.0,0.0,0.0,57,0,0,0,13,2,12,12,12,13,0,0,0,12,13,0,Generic,1
9e-06,udp,dns,INT,2,0,114,0,111111.1072,254,0,50666664.0,0.0,0,0,0.009,0.0,0.0,0.0,0,0,0,0,0.0,0.0,0.0,57,0,0,0,16,2,16,16,16,16,0,0,0,17,16,0,Generic,1
3e-06,udp,dns,INT,2,0,114,0,333333.3215,254,0,152000000.0,0.0,0,0,0.003,0.0,0.0,0.0,0,0,0,0,0.0,0.0,0.0,57,0,0,0,34,2,34,34,18,34,0,0,0,36,34,0,Generic,1
3e-06,udp,dns,INT,2,0,114,0,333333.3215,254,0,152000000.0,0.0,0,0,0.003,0.0,0.0,0.0,0,0,0,0,0.0,0.0,0.0,57,0,0,0,23,2,6,6,6,23,0,0,0,6,23,0,Generic,1
6e-06,udp,dns,INT,2,0,114,0,166666.6608,254,0,76000000.0,0.0,0,0,0.006,0.0,0.0,0.0,0,0,0,0,0.0,0.0,0.0,57,0,0,0,29,2,15,15,15,29,0,0,0,15,29,0,Generic,1
9e-06,udp,dns,INT,2,0,114,0,111111.1072,254,0,50666664.0,0.0,0,0,0.009,0.0,0.0,0.0,0,0,0,0,0.0,0.0,0.0,57,0,0,0,12,2,9,9,4,12,0,0,0,9,12,0,Generic,1
9e-06,udp,dns,INT,2,0,114,0,111111.1072,254,0,50666664.0,0.0,0,0,0.009,0.0,0.0,0.0,0,0,0,0,0.0,0.0,0.0,57,0,0,0,22,2,18,16,16,22,0,0,0,16,22,0,Generic,1
6e-06,udp,dns,INT,2,0,114,0,166666.6608,254,0,76000000.0,0.0,0,0,0.006,0.0,0.0,0.0,0,0,0,0,0.0,0.0,0.0,57,0,0,0,3,2,3,3,3,3,0,0,0,4,3,0,Generic,1
4e-06,udp,dns,INT,2,0,114,0,250000.0006,254,0,114000000.0,0.0,0,0,0.004,0.0,0.0,0.0,0,0,0,0,0.0,0.0,0.0,57,0,0,0,30,2,30,30,13,30,0,0,0,30,30,0,Generic,1
9e-06,udp,dns,INT,2,0,114,0,111111.1072,254,0,50666664.0,0.0,0,0,0.009,0.0,0.0,0.0,0,0,0,0,0.0,0.0,0.0,57,0,0,0,29,2,14,14,14,29,0,0,0,15,29,0,Generic,1
5e-06,udp,dns,INT,2,0,114,0,200000.0051,254,0,91200000.0,0.0,0,0,0.005,0.0,0.0,0.0,0,0,0,0,0.0,0.0,0.0,57,0,0,0,13,2,8,8,8,13,0,0,0,8,13,0,Generic,1
1e-05,udp,dns,INT,2,0,114,0,100000.0025,254,0,45600000.0,0.0,0,0,0.01,0.0,0.0,0.0,0,0,0,0,0.0,0.0,0.0,57,0,0,0,26,2,18,18,18,26,0,0,0,18,26,0,Generic,1
5e-06,udp,dns,INT,2,0,114,0,200000.0051,254,0,91200000.0,0.0,0,0,0.005,0.0,0.0,0.0,0,0,0,0,0.0,0.0,0.0,57,0,0,0,24,2,9,8,8,24,0,0,0,8,24,0,Generic,1
3e-06,udp,dns,INT,2,0,114,0,333333.3215,254,0,152000000.0,0.0,0,0,0.003,0.0,0.0,0.0,0,0,0,0,0.0,0.0,0.0,57,0,0,0,25,2,20,18,18,25,0,0,0,18,25,0,Generic,1
5e-06,udp,dns,INT,2,0,114,0,200000.0051,254,0,91200000.0,0.0,0,0,0.005,0.0,0.0,0.0,0,0,0,0,0.0,0.0,0.0,57,0,0,0,30,2,30,30,17,30,0,0,0,30,30,0,Generic,1
5e-06,udp,dns,INT,2,0,114,0,200000.0051,254,0,91200000.0,0.0,0,0,0.005,0.0,0.0,0.0,0,0,0,0,0.0,0.0,0.0,57,0,0,0,29,2,8,8,8,29,0,0,0,8,29,0,Generic,1
8e-06,udp,dns,INT,2,0,114,0,125000.0003,254,0,57000000.0,0.0,0,0,0.008,0.0,0.0,0.0,0,0,0,0,0.0,0.0,0.0,57,0,0,0,25,2,8,7,7,25,0,0,0,7,25,0,Generic,1
6e-06,udp,dns,INT,2,0,114,0,166666.6608,254,0,76000000.0,0.0,0,0,0.006,0.0,0.0,0.0,0,0,0,0,0.0,0.0,0.0,57,0,0,0,33,2,16,15,15,33,0,0,0,16,33,0,Generic,1
1e-05,udp,dns,INT,2,0,114,0,100000.0025,254,0,45600000.0,0.0,0,0,0.01,0.0,0.0,0.0,0,0,0,0,0.0,0.0,0.0,57,0,0,0,8,2,8,8,8,8,0,0,0,8,8,0,Generic,1
8e-06,udp,dns,INT,2,0,114,0,125000.0003,254,0,57000000.0,0.0,0,0,0.008,0.0,0.0,0.0,0,0,0,0,0.0,0.0,0.0,57,0,0,0,24,2,19,16,16,24,0,0,0,16,24,0,Generic,1
1e-06,udp,dns,INT,2,0,114,0,1000000.003,254,0,456000000.0,0.0,0,0,0.001,0.0,0.0,0.0,0,0,0,0,0.0,0.0,0.0,57,0,0,0,21,2,16,16,16,21,0,0,0,17,21,0,Generic,1
1e-05,udp,-,INT,2,0,1348,0,100000.0025,254,0,539200000.0,0.0,0,0,0.01,0.0,0.0,0.0,0,0,0,0,0.0,0.0,0.0,674,0,0,0,3,2,1,1,1,2,0,0,0,2,2,0,Generic,1
9e-06,udp,dns,INT,2,0,114,0,111111.1072,254,0,50666664.0,0.0,0,0,0.009,0.0,0.0,0.0,0,0,0,0,0.0,0.0,0.0,57,0,0,0,30,2,18,18,18,30,0,0,0,18,30,0,Generic,1
7e-06,udp,dns,INT,2,0,114,0,142857.1409,254,0,65142856.0,0.0,0,0,0.007,0.0,0.0,0.0,0,0,0,0,0.0,0.0,0.0,57,0,0,0,10,2,10,10,10,11,0,0,0,11,10,0,Generic,1
9e-06,udp,dns,INT,2,0,114,0,111111.1072,254,0,50666664.0,0.0,0,0,0.009,0.0,0.0,0.0,0,0,0,0,0.0,0.0,0.0,57,0,0,0,30,2,2,2,2,30,0,0,0,2,30,0,Generic,1
0.731078,tcp,http,FIN,10,8,1228,2198,23.253332,62,252,12102.67578,21053.83984,2,2,81.230889,97.76543,4809.398383,190.75825,255,2325507992,1327732697,255,0.130747,0.045932,0.084815,123,275,1,609,1,1,1,1,1,1,0,0,1,1,1,0,Generic,1
3e-06,udp,dns,INT,2,0,114,0,333333.3215,254,0,152000000.0,0.0,0,0,0.003,0.0,0.0,0.0,0,0,0,0,0.0,0.0,0.0,57,0,0,0,30,2,16,16,16,30,0,0,0,16,30,0,Generic,1
9e-06,udp,dns,INT,2,0,114,0,111111.1072,254,0,50666664.0,0.0,0,0,0.009,0.0,0.0,0.0,0,0,0,0,0.0,0.0,0.0,57,0,0,0,27,2,27,27,12,27,0,0,0,27,27,0,Generic,1
3.2e-05,udp,dns,INT,2,0,114,0,31250.00008,254,0,14250000.0,0.0,0,0,0.032,0.0,0.0,0.0,0,0,0,0,0.0,0.0,0.0,57,0,0,0,18,2,19,18,18,18,0,0,0,18,18,0,Generic,1
3.2e-05,udp,dns,INT,2,0,114,0,31250.00008,254,0,14250000.0,0.0,0,0,0.032,0.0,0.0,0.0,0,0,0,0,0.0,0.0,0.0,57,0,0,0,26,2,18,18,18,26,0,0,0,18,26,0,Generic,1
9e-06,udp,dns,INT,2,0,114,0,111111.1072,254,0,50666664.0,0.0,0,0,0.009,0.0,0.0,0.0,0,0,0,0,0.0,0.0,0.0,57,0,0,0,27,2,27,27,15,27,0,0,0,27,27,0,Generic,1
4e-06,udp,dns,INT,2,0,114,0,250000.0006,254,0,114000000.0,0.0,0,0,0.004,0.0,0.0,0.0,0,0,0,0,0.0,0.0,0.0,57,0,0,0,22,2,6,6,6,22,0,0,0,6,22,0,Generic,1
3e-06,udp,dns,INT,2,0,114,0,333333.3215,254,0,152000000.0,0.0,0,0,0.003,0.0,0.0,0.0,0,0,0,0,0.0,0.0,0.0,57,0,0,0,24,2,14,14,14,24,0,0,0,14,24,0,Generic,1
9e-06,udp,dns,INT,2,0,114,0,111111.1072,254,0,50666664.0,0.0,0,0,0.009,0.0,0.0,0.0,0,0,0,0,0.0,0.0,0.0,57,0,0,0,16,2,17,16,16,16,0,0,0,17,16,0,Generic,1
3e-06,udp,dns,INT,2,0,114,0,333333.3215,254,0,152000000.0,0.0,0,0,0.003,0.0,0.0,0.0,0,0,0,0,0.0,0.0,0.0,57,0,0,0,24,2,4,4,4,24,0,0,0,4,24,0,Generic,1
4e-06,udp,dns,INT,2,0,114,0,250000.0006,254,0,114000000.0,0.0,0,0,0.004,0.0,0.0,0.0,0,0,0,0,0.0,0.0,0.0,57,0,0,0,24,2,8,8,8,24,0,0,0,8,24,0,Generic,1
6e-06,udp,dns,INT,2,0,114,0,166666.6608,254,0,76000000.0,0.0,0,0,0.006,0.0,0.0,0.0,0,0,0,0,0.0,0.0,0.0,57,0,0,0,29,2,19,18,18,29,0,0,0,19,29,0,Generic,1
9e-06,udp,dns,INT,2,0,114,0,111111.1072,254,0,50666664.0,0.0,0,0,0.009,0.0,0.0,0.0,0,0,0,0,0.0,0.0,0.0,57,0,0,0,27,2,19,18,18,27,0,0,0,19,27,0,Generic,1
3e-06,udp,dns,INT,2,0,114,0,333333.3215,254,0,152000000.0,0.0,0,0,0.003,0.0,0.0,0.0,0,0,0,0,0.0,0.0,0.0,57,0,0,0,24,2,10,10,10,24,0,0,0,10,24,0,Generic,1
3e-06,udp,dns,INT,2,0,114,0,333333.3215,254,0,152000000.0,0.0,0,0,0.003,0.0,0.0,0.0,0,0,0,0,0.0,0.0,0.0,57,0,0,0,27,2,9,9,9,27,0,0,0,10,27,0,Generic,1
5e-06,udp,dns,INT,2,0,114,0,200000.0051,254,0,91200000.0,0.0,0,0,0.005,0.0,0.0,0.0,0,0,0,0,0.0,0.0,0.0,57,0,0,0,23,2,5,5,5,23,0,0,0,5,23,0,Generic,1
9e-06,udp,dns,INT,2,0,114,0,111111.1072,254,0,50666664.0,0.0,0,0,0.009,0.0,0.0,0.0,0,0,0,0,0.0,0.0,0.0,57,0,0,0,35,2,25,25,12,35,0,0,0,25,35,0,Generic,1
8e-06,udp,dns,INT,2,0,114,0,125000.0003,254,0,57000000.0,0.0,0,0,0.008,0.0,0.0,0.0,0,0,0,0,0.0,0.0,0.0,57,0,0,0,18,2,18,18,18,18,0,0,0,20,18,0,Generic,1
9e-06,udp,dns,INT,2,0,114,0,111111.1072,254,0,50666664.0,0.0,0,0,0.009,0.0,0.0,0.0,0,0,0,0,0.0,0.0,0.0,57,0,0,0,8,2,7,7,3,8,0,0,0,7,8,0,Generic,1
5e-06,udp,dns,INT,2,0,114,0,200000.0051,254,0,91200000.0,0.0,0,0,0.005,0.0,0.0,0.0,0,0,0,0,0.0,0.0,0.0,57,0,0,0,12,2,9,9,5,12,0,0,0,9,12,0,Generic,1
1e-05,udp,dns,INT,2,0,114,0,100000.0025,254,0,45600000.0,0.0,0,0,0.01,0.0,0.0,0.0,0,0,0,0,0.0,0.0,0.0,57,0,0,0,16,2,16,16,16,17,0,0,0,16,16,0,Generic,1
9e-06,udp,dns,INT,2,0,114,0,111111.1072,254,0,50666664.0,0.0,0,0,0.009,0.0,0.0,0.0,0,0,0,0,0.0,0.0,0.0,57,0,0,0,17,2,17,17,17,17,0,0,0,17,17,0,Generic,1
5e-06,udp,dns,INT,2,0,114,0,200000.0051,254,0,91200000.0,0.0,0,0,0.005,0.0,0.0,0.0,0,0,0,0,0.0,0.0,0.0,57,0,0,0,35,2,25,25,13,35,0,0,0,25,35,0,Generic,1
9e-06,udp,dns,INT,2,0,114,0,111111.1072,254,0,50666664.0,0.0,0,0,0.009,0.0,0.0,0.0,0,0,0,0,0.0,0.0,0.0,57,0,0,0,16,2,16,16,16,16,0,0,0,18,16,0,Generic,1
5e-06,udp,dns,INT,2,0,114,0,200000.0051,254,0,91200000.0,0.0,0,0,0.005,0.0,0.0,0.0,0,0,0,0,0.0,0.0,0.0,57,0,0,0,16,2,16,16,16,16,0,0,0,16,16,0,Generic,1
5e-06,udp,dns,INT,2,0,114,0,200000.0051,254,0,91200000.0,0.0,0,0,0.005,0.0,0.0,0.0,0,0,0,0,0.0,0.0,0.0,57,0,0,0,29,2,15,15,15,29,0,0,0,15,29,0,Generic,1
3e-06,udp,dns,INT,2,0,114,0,333333.3215,254,0,152000000.0,0.0,0,0,0.003,0.0,0.0,0.0,0,0,0,0,0.0,0.0,0.0,57,0,0,0,34,2,34,34,18,34,0,0,0,34,34,0,Generic,1
1e-05,udp,dns,INT,2,0,114,0,100000.0025,254,0,45600000.0,0.0,0,0,0.01,0.0,0.0,0.0,0,0,0,0,0.0,0.0,0.0,57,0,0,0,30,2,4,4,4,30,0,0,0,4,30,0,Generic,1
8e-06,udp,dns,INT,2,0,114,0,125000.0003,254,0,57000000.0,0.0,0,0,0.008,0.0,0.0,0.0,0,0,0,0,0.0,0.0,0.0,57,0,0,0,18,2,11,11,11,18,0,0,0,11,18,0,Generic,1
9e-06,udp,dns,INT,2,0,114,0,111111.1072,254,0,50666664.0,0.0,0,0,0.009,0.0,0.0,0.0,0,0,0,0,0.0,0.0,0.0,57,0,0,0,28,2,11,11,11,28,0,0,0,12,28,0,Generic,1
9e-06,udp,dns,INT,2,0,114,0,111111.1072,254,0,50666664.0,0.0,0,0,0.009,0.0,0.0,0.0,0,0,0,0,0.0,0.0,0.0,57,0,0,0,29,2,13,13,13,29,0,0,0,13,29,0,Generic,1
9e-06,udp,dns,INT,2,0,114,0,111111.1072,254,0,50666664.0,0.0,0,0,0.009,0.0,0.0,0.0,0,0,0,0,0.0,0.0,0.0,57,0,0,0,18,2,19,18,18,18,0,0,0,18,18,0,Generic,1
1e-05,udp,dns,INT,2,0,114,0,100000.0025,254,0,45600000.0,0.0,0,0,0.01,0.0,0.0,0.0,0,0,0,0,0.0,0.0,0.0,57,0,0,0,26,2,12,12,12,26,0,0,0,12,26,0,Generic,1
8e-06,udp,dns,INT,2,0,114,0,125000.0003,254,0,57000000.0,0.0,0,0,0.008,0.0,0.0,0.0,0,0,0,0,0.0,0.0,0.0,57,0,0,0,26,2,7,7,7,26,0,0,0,7,26,0,Generic,1
9e-06,udp,dns,INT,2,0,114,0,111111.1072,254,0,50666664.0,0.0,0,0,0.009,0.0,0.0,0.0,0,0,0,0,0.0,0.0,0.0,57,0,0,0,26,2,17,16,16,26,0,0,0,16,26,0,Generic,1
9e-06,udp,dns,INT,2,0,114,0,111111.1072,254,0,50666664.0,0.0,0,0,0.009,0.0,0.0,0.0,0,0,0,0,0.0,0.0,0.0,57,0,0,0,28,2,16,16,9,28,0,0,0,16,28,0,Generic,1
3e-06,udp,dns,INT,2,0,114,0,333333.3215,254,0,152000000.0,0.0,0,0,0.003,0.0,0.0,0.0,0,0,0,0,0.0,0.0,0.0,57,0,0,0,21,2,18,18,11,21,0,0,0,18,21,0,Generic,1
2e-06,udp,dns,INT,2,0,114,0,500000.0013,254,0,228000000.0,0.0,0,0,0.002,0.0,0.0,0.0,0,0,0,0,0.0,0.0,0.0,57,0,0,0,30,2,18,18,18,30,0,0,0,18,30,0,Generic,1
9e-06,udp,dns,INT,2,0,114,0,111111.1072,254,0,50666664.0,0.0,0,0,0.009,0.0,0.0,0.0,0,0,0,0,0.0,0.0,0.0,57,0,0,0,24,2,24,24,13,24,0,0,0,24,24,0,Generic,1
8e-06,udp,dns,INT,2,0,114,0,125000.0003,254,0,57000000.0,0.0,0,0,0.008,0.0,0.0,0.0,0,0,0,0,0.0,0.0,0.0,57,0,0,0,34,2,19,18,18,34,0,0,0,18,34,0,Generic,1
7e-06,udp,dns,INT,2,0,114,0,142857.1409,254,0,65142856.0,0.0,0,0,0.007,0.0,0.0,0.0,0,0,0,0,0.0,0.0,0.0,57,0,0,0,25,2,15,15,15,25,0,0,0,15,25,0,Generic,1
6e-06,udp,dns,INT,2,0,114,0,166666.6608,254,0,76000000.0,0.0,0,0,0.006,0.0,0.0,0.0,0,0,0,0,0.0,0.0,0.0,57,0,0,0,34,2,34,34,16,34,0,0,0,35,34,0,Generic,1
9e-06,udp,dns,INT,2,0,114,0,111111.1072,254,0,50666664.0,0.0,0,0,0.009,0.0,0.0,0.0,0,0,0,0,0.0,0.0,0.0,57,0,0,0,23,2,18,18,18,23,0,0,0,18,23,0,Generic,1
3e-06,udp,dns,INT,2,0,114,0,333333.3215,254,0,152000000.0,0.0,0,0,0.003,0.0,0.0,0.0,0,0,0,0,0.0,0.0,0.0,57,0,0,0,28,2,16,16,7,28,0,0,0,16,28,0,Generic,1
1e-05,udp,dns,INT,2,0,114,0,100000.0025,254,0,45600000.0,0.0,0,0,0.01,0.0,0.0,0.0,0,0,0,0,0.0,0.0,0.0,57,0,0,0,39,2,34,34,16,39,0,0,0,35,39,0,Generic,1
8e-06,udp,dns,INT,2,0,114,0,125000.0003,254,0,57000000.0,0.0,0,0,0.008,0.0,0.0,0.0,0,0,0,0,0.0,0.0,0.0,57,0,0,0,16,2,17,16,16,16,0,0,0,16,16,0,Generic,1
6e-06,udp,dns,INT,2,0,114,0,166666.6608,254,0,76000000.0,0.0,0,0,0.006,0.0,0.0,0.0,0,0,0,0,0.0,0.0,0.0,57,0,0,0,39,2,34,34,18,39,0,0,0,35,39,0,Generic,1
8e-06,udp,dns,INT,2,0,114,0,125000.0003,254,0,57000000.0,0.0,0,0,0.008,0.0,0.0,0.0,0,0,0,0,0.0,0.0,0.0,57,0,0,0,34,2,34,34,16,34,0,0,0,37,34,0,Generic,1
5e-06,udp,dns,INT,2,0,114,0,200000.0051,254,0,91200000.0,0.0,0,0,0.005,0.0,0.0,0.0,0,0,0,0,0.0,0.0,0.0,57,0,0,0,31,2,16,16,16,31,0,0,0,16,31,0,Generic,1
5e-06,udp,dns,INT,2,0,114,0,200000.0051,254,0,91200000.0,0.0,0,0,0.005,0.0,0.0,0.0,0,0,0,0,0.0,0.0,0.0,57,0,0,0,34,2,16,16,16,34,0,0,0,16,34,0,Generic,1
8e-06,udp,dns,INT,2,0,114,0,125000.0003,254,0,57000000.0,0.0,0,0,0.008,0.0,0.0,0.0,0,0,0,0,0.0,0.0,0.0,57,0,0,0,34,2,34,34,18,34,0,0,0,37,34,0,Generic,1
9e-06,udp,dns,INT,2,0,114,0,111111.1072,254,0,50666664.0,0.0,0,0,0.009,0.0,0.0,0.0,0,0,0,0,0.0,0.0,0.0,57,0,0,0,26,2,15,15,15,26,0,0,0,15,26,0,Generic,1
2e-06,udp,dns,INT,2,0,114,0,500000.0013,254,0,228000000.0,0.0,0,0,0.002,0.0,0.0,0.0,0,0,0,0,0.0,0.0,0.0,57,0,0,0,23,2,16,16,16,23,0,0,0,17,23,0,Generic,1
5e-06,udp,dns,INT,2,0,114,0,200000.0051,254,0,91200000.0,0.0,0,0,0.005,0.0,0.0,0.0,0,0,0,0,0.0,0.0,0.0,57,0,0,0,24,2,16,16,16,24,0,0,0,16,24,0,Generic,1
8e-06,udp,dns,INT,2,0,114,0,125000.0003,254,0,57000000.0,0.0,0,0,0.008,0.0,0.0,0.0,0,0,0,0,0.0,0.0,0.0,57,0,0,0,26,2,9,9,9,26,0,0,0,9,26,0,Generic,1
6e-06,udp,dns,INT,2,0,114,0,166666.6608,254,0,76000000.0,0.0,0,0,0.006,0.0,0.0,0.0,0,0,0,0,0.0,0.0,0.0,57,0,0,0,34,2,34,34,18,34,0,0,0,36,34,0,Generic,1
5e-06,udp,dns,INT,2,0,114,0,200000.0051,254,0,91200000.0,0.0,0,0,0.005,0.0,0.0,0.0,0,0,0,0,0.0,0.0,0.0,57,0,0,0,26,2,11,11,11,26,0,0,0,11,26,0,Generic,1
1e-05,udp,dns,INT,2,0,114,0,100000.0025,254,0,45600000.0,0.0,0,0,0.01,0.0,0.0,0.0,0,0,0,0,0.0,0.0,0.0,57,0,0,0,11,2,11,11,11,11,0,0,0,11,11,0,Generic,1
9e-06,udp,dns,INT,2,0,114,0,111111.1072,254,0,50666664.0,0.0,0,0,0.009,0.0,0.0,0.0,0,0,0,0,0.0,0.0,0.0,57,0,0,0,32,2,32,32,15,32,0,0,0,34,32,0,Generic,1
9e-06,udp,dns,INT,2,0,114,0,111111.1072,254,0,50666664.0,0.0,0,0,0.009,0.0,0.0,0.0,0,0,0,0,0.0,0.0,0.0,57,0,0,0,26,2,18,18,18,26,0,0,0,18,26,0,Generic,1
3e-06,udp,dns,INT,2,0,114,0,333333.3215,254,0,152000000.0,0.0,0,0,0.003,0.0,0.0,0.0,0,0,0,0,0.0,0.0,0.0,57,0,0,0,14,2,2,2,1,14,0,0,0,4,14,0,Generic,1
7e-06,udp,dns,INT,2,0,114,0,142857.1409,254,0,65142856.0,0.0,0,0,0.007,0.0,0.0,0.0,0,0,0,0,0.0,0.0,0.0,57,0,0,0,18,2,19,18,18,18,0,0,0,18,18,0,Generic,1
4e-06,udp,dns,INT,2,0,114,0,250000.0006,254,0,114000000.0,0.0,0,0,0.004,0.0,0.0,0.0,0,0,0,0,0.0,0.0,0.0,57,0,0,0,14,2,14,14,14,14,0,0,0,14,14,0,Generic,1
3e-06,udp,dns,INT,2,0,114,0,333333.3215,254,0,152000000.0,0.0,0,0,0.003,0.0,0.0,0.0,0,0,0,0,0.0,0.0,0.0,57,0,0,0,18,2,16,16,16,18,0,0,0,16,18,0,Generic,1
9e-06,udp,dns,INT,2,0,114,0,111111.1072,254,0,50666664.0,0.0,0,0,0.009,0.0,0.0,0.0,0,0,0,0,0.0,0.0,0.0,57,0,0,0,16,2,10,10,7,16,0,0,0,10,16,0,Generic,1
4e-06,udp,dns,INT,2,0,114,0,250000.0006,254,0,114000000.0,0.0,0,0,0.004,0.0,0.0,0.0,0,0,0,0,0.0,0.0,0.0,57,0,0,0,20,2,4,4,4,20,0,0,0,4,20,0,Generic,1
9e-06,udp,dns,INT,2,0,114,0,111111.1072,254,0,50666664.0,0.0,0,0,0.009,0.0,0.0,0.0,0,0,0,0,0.0,0.0,0.0,57,0,0,0,26,2,8,8,8,26,0,0,0,8,26,0,Generic,1
5e-06,udp,dns,INT,2,0,114,0,200000.0051,254,0,91200000.0,0.0,0,0,0.005,0.0,0.0,0.0,0,0,0,0,0.0,0.0,0.0,57,0,0,0,16,2,17,16,16,16,0,0,0,16,16,0,Generic,1
4e-06,udp,dns,INT,2,0,114,0,250000.0006,254,0,114000000.0,0.0,0,0,0.004,0.0,0.0,0.0,0,0,0,0,0.0,0.0,0.0,57,0,0,0,30,2,19,18,18,30,0,0,0,18,30,0,Generic,1
3e-06,udp,dns,INT,2,0,114,0,333333.3215,254,0,152000000.0,0.0,0,0,0.003,0.0,0.0,0.0,0,0,0,0,0.0,0.0,0.0,57,0,0,0,16,2,6,6,6,16,0,0,0,6,16,0,Generic,1
2e-06,udp,dns,INT,2,0,114,0,500000.0013,254,0,228000000.0,0.0,0,0,0.002,0.0,0.0,0.0,0,0,0,0,0.0,0.0,0.0,57,0,0,0,25,2,18,17,17,25,0,0,0,17,25,0,Generic,1
9e-06,udp,dns,INT,2,0,114,0,111111.1072,254,0,50666664.0,0.0,0,0,0.009,0.0,0.0,0.0,0,0,0,0,0.0,0.0,0.0,57,0,0,0,18,2,2,2,2,18,0,0,0,2,18,0,Generic,1
9e-06,udp,dns,INT,2,0,114,0,111111.1072,254,0,50666664.0,0.0,0,0,0.009,0.0,0.0,0.0,0,0,0,0,0.0,0.0,0.0,57,0,0,0,16,2,16,16,9,16,0,0,0,16,16,0,Generic,1
3e-06,udp,dns,INT,2,0,114,0,333333.3215,254,0,152000000.0,0.0,0,0,0.003,0.0,0.0,0.0,0,0,0,0,0.0,0.0,0.0,57,0,0,0,40,2,34,34,16,40,0,0,0,34,40,0,Generic,1
3e-06,udp,dns,INT,2,0,114,0,333333.3215,254,0,152000000.0,0.0,0,0,0.003,0.0,0.0,0.0,0,0,0,0,0.0,0.0,0.0,57,0,0,0,28,2,12,12,12,28,0,0,0,12,28,0,Generic,1
5e-06,udp,dns,INT,2,0,114,0,200000.0051,254,0,91200000.0,0.0,0,0,0.005,0.0,0.0,0.0,0,0,0,0,0.0,0.0,0.0,57,0,0,0,14,2,12,12,12,14,0,0,0,14,14,0,Generic,1
1e-06,udp,dns,INT,2,0,114,0,1000000.003,254,0,456000000.0,0.0,0,0,0.001,0.0,0.0,0.0,0,0,0,0,0.0,0.0,0.0,57,0,0,0,40,2,34,34,18,40,0,0,0,34,40,0,Generic,1
6e-06,udp,dns,INT,2,0,114,0,166666.6608,254,0,76000000.0,0.0,0,0,0.006,0.0,0.0,0.0,0,0,0,0,0.0,0.0,0.0,57,0,0,0,28,2,16,16,16,28,0,0,0,18,28,0,Generic,1
9e-06,udp,dns,INT,2,0,114,0,111111.1072,254,0,50666664.0,0.0,0,0,0.009,0.0,0.0,0.0,0,0,0,0,0.0,0.0,0.0,57,0,0,0,36,2,4,4,4,36,0,0,0,4,36,0,Generic,1
5e-06,udp,dns,INT,2,0,114,0,200000.0051,254,0,91200000.0,0.0,0,0,0.005,0.0,0.0,0.0,0,0,0,0,0.0,0.0,0.0,57,0,0,0,30,2,12,12,12,30,0,0,0,12,30,0,Generic,1
9e-06,udp,dns,INT,2,0,114,0,111111.1072,254,0,50666664.0,0.0,0,0,0.009,0.0,0.0,0.0,0,0,0,0,0.0,0.0,0.0,57,0,0,0,34,2,16,16,9,34,0,0,0,16,34,0,Generic,1
9e-06,udp,dns,INT,2,0,114,0,111111.1072,254,0,50666664.0,0.0,0,0,0.009,0.0,0.0,0.0,0,0,0,0,0.0,0.0,0.0,57,0,0,0,18,2,18,18,7,18,0,0,0,18,18,0,Generic,1
6e-06,udp,dns,INT,2,0,114,0,166666.6608,254,0,76000000.0,0.0,0,0,0.006,0.0,0.0,0.0,0,0,0,0,0.0,0.0,0.0,57,0,0,0,16,2,16,16,8,16,0,0,0,16,16,0,Generic,1
3e-06,udp,dns,INT,2,0,114,0,333333.3215,254,0,152000000.0,0.0,0,0,0.003,0.0,0.0,0.0,0,0,0,0,0.0,0.0,0.0,57,0,0,0,30,2,19,18,11,30,0,0,0,18,30,0,Generic,1
6e-06,udp,dns,INT,2,0,114,0,166666.6608,254,0,76000000.0,0.0,0,0,0.006,0.0,0.0,0.0,0,0,0,0,0.0,0.0,0.0,57,0,0,0,18,2,18,18,10,18,0,0,0,18,18,0,Generic,1
8e-06,udp,dns,INT,2,0,114,0,125000.0003,254,0,57000000.0,0.0,0,0,0.008,0.0,0.0,0.0,0,0,0,0,0.0,0.0,0.0,57,0,0,0,24,2,16,16,16,24,0,0,0,16,24,0,Generic,1
3e-06,udp,dns,INT,2,0,114,0,333333.3215,254,0,152000000.0,0.0,0,0,0.003,0.0,0.0,0.0,0,0,0,0,0.0,0.0,0.0,57,0,0,0,25,2,25,25,14,25,0,0,0,25,25,0,Generic,1
7e-06,udp,dns,INT,2,0,114,0,142857.1409,254,0,65142856.0,0.0,0,0,0.007,0.0,0.0,0.0,0,0,0,0,0.0,0.0,0.0,57,0,0,0,23,2,18,18,18,23,0,0,0,18,23,0,Generic,1
3.2e-05,udp,dns,INT,2,0,114,0,31250.00008,254,0,14250000.0,0.0,0,0,0.032,0.0,0.0,0.0,0,0,0,0,0.0,0.0,0.0,57,0,0,0,21,2,13,13,13,21,0,0,0,14,21,0,Generic,1
3.4e-05,udp,dns,INT,2,0,114,0,29411.76419,254,0,13411764.0,0.0,0,0,0.034,0.0,0.0,0.0,0,0,0,0,0.0,0.0,0.0,57,0,0,0,18,2,18,18,18,18,0,0,0,18,18,0,Generic,1
1.9e-05,udp,dns,INT,2,0,114,0,52631.58129,254,0,24000002.0,0.0,0,0,0.019,0.0,0.0,0.0,0,0,0,0,0.0,0.0,0.0,57,0,0,0,28,2,10,10,10,28,0,0,0,10,28,0,Generic,1
3e-06,udp,dns,INT,2,0,114,0,333333.3215,254,0,152000000.0,0.0,0,0,0.003,0.0,0.0,0.0,0,0,0,0,0.0,0.0,0.0,57,0,0,0,29,2,14,14,14,29,0,0,0,15,29,0,Generic,1
8e-06,udp,dns,INT,2,0,114,0,125000.0003,254,0,57000000.0,0.0,0,0,0.008,0.0,0.0,0.0,0,0,0,0,0.0,0.0,0.0,57,0,0,0,24,2,16,16,8,24,0,0,0,16,24,0,Generic,1
1e-05,udp,dns,INT,2,0,114,0,100000.0025,254,0,45600000.0,0.0,0,0,0.01,0.0,0.0,0.0,0,0,0,0,0.0,0.0,0.0,57,0,0,0,31,2,15,15,15,31,0,0,0,15,31,0,Generic,1
1e-05,udp,dns,INT,2,0,114,0,100000.0025,254,0,45600000.0,0.0,0,0,0.01,0.0,0.0,0.0,0,0,0,0,0.0,0.0,0.0,57,0,0,0,12,2,12,12,12,12,0,0,0,12,12,0,Generic,1
1e-06,udp,dns,INT,2,0,114,0,1000000.003,254,0,456000000.0,0.0,0,0,0.001,0.0,0.0,0.0,0,0,0,0,0.0,0.0,0.0,57,0,0,0,15,2,15,14,14,15,0,0,0,15,15,0,Generic,1
9e-06,udp,dns,INT,2,0,114,0,111111.1072,254,0,50666664.0,0.0,0,0,0.009,0.0,0.0,0.0,0,0,0,0,0.0,0.0,0.0,57,0,0,0,24,2,24,24,11,24,0,0,0,26,24,0,Generic,1
4e-06,udp,dns,INT,2,0,114,0,250000.0006,254,0,114000000.0,0.0,0,0,0.004,0.0,0.0,0.0,0,0,0,0,0.0,0.0,0.0,57,0,0,0,34,2,34,34,16,34,0,0,0,34,34,0,Generic,1
1e-06,udp,dns,INT,2,0,114,0,1000000.003,254,0,456000000.0,0.0,0,0,0.001,0.0,0.0,0.0,0,0,0,0,0.0,0.0,0.0,57,0,0,0,20,2,4,4,4,20,0,0,0,4,20,0,Generic,1
8e-06,udp,dns,INT,2,0,114,0,125000.0003,254,0,57000000.0,0.0,0,0,0.008,0.0,0.0,0.0,0,0,0,0,0.0,0.0,0.0,57,0,0,0,20,2,16,16,16,20,0,0,0,17,20,0,Generic,1
8e-06,udp,dns,INT,2,0,114,0,125000.0003,254,0,57000000.0,0.0,0,0,0.008,0.0,0.0,0.0,0,0,0,0,0.0,0.0,0.0,57,0,0,0,34,2,16,16,16,34,0,0,0,16,34,0,Generic,1
2e-06,udp,dns,INT,2,0,114,0,500000.0013,254,0,228000000.0,0.0,0,0,0.002,0.0,0.0,0.0,0,0,0,0,0.0,0.0,0.0,57,0,0,0,22,2,18,18,18,22,0,0,0,20,22,0,Generic,1
3e-06,udp,dns,INT,2,0,114,0,333333.3215,254,0,152000000.0,0.0,0,0,0.003,0.0,0.0,0.0,0,0,0,0,0.0,0.0,0.0,57,0,0,0,33,2,18,18,18,33,0,0,0,18,33,0,Generic,1
7e-06,udp,dns,INT,2,0,114,0,142857.1409,254,0,65142856.0,0.0,0,0,0.007,0.0,0.0,0.0,0,0,0,0,0.0,0.0,0.0,57,0,0,0,19,2,7,7,7,19,0,0,0,8,19,0,Generic,1
1e-06,udp,dns,INT,2,0,114,0,1000000.003,254,0,456000000.0,0.0,0,0,0.001,0.0,0.0,0.0,0,0,0,0,0.0,0.0,0.0,57,0,0,0,16,2,17,16,16,16,0,0,0,16,16,0,Generic,1
7e-06,udp,dns,INT,2,0,114,0,142857.1409,254,0,65142856.0,0.0,0,0,0.007,0.0,0.0,0.0,0,0,0,0,0.0,0.0,0.0,57,0,0,0,19,2,6,6,3,19,0,0,0,6,19,0,Generic,1
6e-06,udp,dns,INT,2,0,114,0,166666.6608,254,0,76000000.0,0.0,0,0,0.006,0.0,0.0,0.0,0,0,0,0,0.0,0.0,0.0,57,0,0,0,33,2,15,15,15,33,0,0,0,16,33,0,Generic,1
7e-06,udp,dns,INT,2,0,114,0,142857.1409,254,0,65142856.0,0.0,0,0,0.007,0.0,0.0,0.0,0,0,0,0,0.0,0.0,0.0,57,0,0,0,37,2,28,28,13,37,0,0,0,29,37,0,Generic,1
3e-06,udp,dns,INT,2,0,114,0,333333.3215,254,0,152000000.0,0.0,0,0,0.003,0.0,0.0,0.0,0,0,0,0,0.0,0.0,0.0,57,0,0,0,37,2,28,28,15,37,0,0,0,29,37,0,Generic,1
9e-06,udp,dns,INT,2,0,114,0,111111.1072,254,0,50666664.0,0.0,0,0,0.009,0.0,0.0,0.0,0,0,0,0,0.0,0.0,0.0,57,0,0,0,27,2,11,11,11,28,0,0,0,11,27,0,Generic,1
1e-06,udp,dns,INT,2,0,114,0,1000000.003,254,0,456000000.0,0.0,0,0,0.001,0.0,0.0,0.0,0,0,0,0,0.0,0.0,0.0,57,0,0,0,25,2,9,9,9,25,0,0,0,9,25,0,Generic,1
3e-06,udp,dns,INT,2,0,114,0,333333.3215,254,0,152000000.0,0.0,0,0,0.003,0.0,0.0,0.0,0,0,0,0,0.0,0.0,0.0,57,0,0,0,23,2,18,18,18,23,0,0,0,18,23,0,Generic,1
6e-06,udp,dns,INT,2,0,114,0,166666.6608,254,0,76000000.0,0.0,0,0,0.006,0.0,0.0,0.0,0,0,0,0,0.0,0.0,0.0,57,0,0,0,29,2,16,16,16,29,0,0,0,16,29,0,Generic,1
9e-06,udp,dns,INT,2,0,114,0,111111.1072,254,0,50666664.0,0.0,0,0,0.009,0.0,0.0,0.0,0,0,0,0,0.0,0.0,0.0,57,0,0,0,7,2,8,7,7,7,0,0,0,8,7,0,Generic,1
5e-06,udp,dns,INT,2,0,114,0,200000.0051,254,0,91200000.0,0.0,0,0,0.005,0.0,0.0,0.0,0,0,0,0,0.0,0.0,0.0,57,0,0,0,15,2,14,14,8,16,0,0,0,14,15,0,Generic,1
9e-06,udp,dns,INT,2,0,114,0,111111.1072,254,0,50666664.0,0.0,0,0,0.009,0.0,0.0,0.0,0,0,0,0,0.0,0.0,0.0,57,0,0,0,20,2,18,18,18,20,0,0,0,18,20,0,Generic,1
7e-06,udp,dns,INT,2,0,114,0,142857.1409,254,0,65142856.0,0.0,0,0,0.007,0.0,0.0,0.0,0,0,0,0,0.0,0.0,0.0,57,0,0,0,18,2,16,16,8,18,0,0,0,16,18,0,Generic,1
9e-06,udp,dns,INT,2,0,114,0,111111.1072,254,0,50666664.0,0.0,0,0,0.009,0.0,0.0,0.0,0,0,0,0,0.0,0.0,0.0,57,0,0,0,38,2,20,20,11,38,0,0,0,21,38,0,Generic,1
8e-06,udp,dns,INT,2,0,114,0,125000.0003,254,0,57000000.0,0.0,0,0,0.008,0.0,0.0,0.0,0,0,0,0,0.0,0.0,0.0,57,0,0,0,21,2,18,18,18,22,0,0,0,18,21,0,Generic,1
1e-06,udp,dns,INT,2,0,114,0,1000000.003,254,0,456000000.0,0.0,0,0,0.001,0.0,0.0,0.0,0,0,0,0,0.0,0.0,0.0,57,0,0,0,26,2,17,17,17,26,0,0,0,18,26,0,Generic,1
8e-06,udp,dns,INT,2,0,114,0,125000.0003,254,0,57000000.0,0.0,0,0,0.008,0.0,0.0,0.0,0,0,0,0,0.0,0.0,0.0,57,0,0,0,33,2,16,16,16,33,0,0,0,16,33,0,Generic,1
9e-06,udp,dns,INT,2,0,114,0,111111.1072,254,0,50666664.0,0.0,0,0,0.009,0.0,0.0,0.0,0,0,0,0,0.0,0.0,0.0,57,0,0,0,22,2,19,18,18,22,0,0,0,18,22,0,Generic,1
9e-06,udp,dns,INT,2,0,114,0,111111.1072,254,0,50666664.0,0.0,0,0,0.009,0.0,0.0,0.0,0,0,0,0,0.0,0.0,0.0,57,0,0,0,33,2,17,17,17,33,0,0,0,17,33,0,Generic,1
9e-06,udp,dns,INT,2,0,114,0,111111.1072,254,0,50666664.0,0.0,0,0,0.009,0.0,0.0,0.0,0,0,0,0,0.0,0.0,0.0,57,0,0,0,17,2,1,1,1,17,0,0,0,1,17,0,Generic,1
9e-06,udp,dns,INT,2,0,114,0,111111.1072,254,0,50666664.0,0.0,0,0,0.009,0.0,0.0,0.0,0,0,0,0,0.0,0.0,0.0,57,0,0,0,15,2,15,15,12,15,0,0,0,15,15,0,Generic,1
9e-06,udp,dns,INT,2,0,114,0,111111.1072,254,0,50666664.0,0.0,0,0,0.009,0.0,0.0,0.0,0,0,0,0,0.0,0.0,0.0,57,0,0,0,23,2,19,19,6,23,0,0,0,19,23,0,Generic,1
9e-06,udp,dns,INT,2,0,114,0,111111.1072,254,0,50666664.0,0.0,0,0,0.009,0.0,0.0,0.0,0,0,0,0,0.0,0.0,0.0,57,0,0,0,29,2,29,29,14,29,0,0,0,29,29,0,Generic,1
9e-06,udp,dns,INT,2,0,114,0,111111.1072,254,0,50666664.0,0.0,0,0,0.009,0.0,0.0,0.0,0,0,0,0,0.0,0.0,0.0,57,0,0,0,28,2,16,16,16,28,0,0,0,17,28,0,Generic,1
1e-06,udp,dns,INT,2,0,114,0,1000000.003,254,0,456000000.0,0.0,0,0,0.001,0.0,0.0,0.0,0,0,0,0,0.0,0.0,0.0,57,0,0,0,29,2,29,29,15,29,0,0,0,29,29,0,Generic,1
8e-06,udp,dns,INT,2,0,114,0,125000.0003,254,0,57000000.0,0.0,0,0,0.008,0.0,0.0,0.0,0,0,0,0,0.0,0.0,0.0,57,0,0,0,38,2,6,6,6,38,0,0,0,6,38,0,Generic,1
2e-06,udp,dns,INT,2,0,114,0,500000.0013,254,0,228000000.0,0.0,0,0,0.002,0.0,0.0,0.0,0,0,0,0,0.0,0.0,0.0,57,0,0,0,27,2,10,10,10,27,0,0,0,12,27,0,Generic,1
8e-06,udp,dns,INT,2,0,114,0,125000.0003,254,0,57000000.0,0.0,0,0,0.008,0.0,0.0,0.0,0,0,0,0,0.0,0.0,0.0,57,0,0,0,39,2,10,10,10,39,0,0,0,10,39,0,Generic,1
7e-06,udp,dns,INT,2,0,114,0,142857.1409,254,0,65142856.0,0.0,0,0,0.007,0.0,0.0,0.0,0,0,0,0,0.0,0.0,0.0,57,0,0,0,18,2,18,18,8,18,0,0,0,19,18,0,Generic,1
5e-06,udp,dns,INT,2,0,114,0,200000.0051,254,0,91200000.0,0.0,0,0,0.005,0.0,0.0,0.0,0,0,0,0,0.0,0.0,0.0,57,0,0,0,33,2,17,17,17,33,0,0,0,17,33,0,Generic,1
9e-06,udp,dns,INT,2,0,114,0,111111.1072,254,0,50666664.0,0.0,0,0,0.009,0.0,0.0,0.0,0,0,0,0,0.0,0.0,0.0,57,0,0,0,17,2,16,16,16,17,0,0,0,16,17,0,Generic,1
5e-06,udp,dns,INT,2,0,114,0,200000.0051,254,0,91200000.0,0.0,0,0,0.005,0.0,0.0,0.0,0,0,0,0,0.0,0.0,0.0,57,0,0,0,38,2,32,32,16,38,0,0,0,33,38,0,Generic,1
3e-06,udp,dns,INT,2,0,114,0,333333.3215,254,0,152000000.0,0.0,0,0,0.003,0.0,0.0,0.0,0,0,0,0,0.0,0.0,0.0,57,0,0,0,33,2,33,33,15,33,0,0,0,33,33,0,Generic,1
5e-06,udp,dns,INT,2,0,114,0,200000.0051,254,0,91200000.0,0.0,0,0,0.005,0.0,0.0,0.0,0,0,0,0,0.0,0.0,0.0,57,0,0,0,31,2,12,12,12,31,0,0,0,12,31,0,Generic,1
2e-06,udp,dns,INT,2,0,114,0,500000.0013,254,0,228000000.0,0.0,0,0,0.002,0.0,0.0,0.0,0,0,0,0,0.0,0.0,0.0,57,0,0,0,19,2,18,18,18,19,0,0,0,19,19,0,Generic,1
6e-06,udp,dns,INT,2,0,114,0,166666.6608,254,0,76000000.0,0.0,0,0,0.006,0.0,0.0,0.0,0,0,0,0,0.0,0.0,0.0,57,0,0,0,28,2,11,11,8,28,0,0,0,11,28,0,Generic,1
9e-06,udp,dns,INT,2,0,114,0,111111.1072,254,0,50666664.0,0.0,0,0,0.009,0.0,0.0,0.0,0,0,0,0,0.0,0.0,0.0,57,0,0,0,23,2,23,23,15,23,0,0,0,23,23,0,Generic,1
5e-06,udp,dns,INT,2,0,114,0,200000.0051,254,0,91200000.0,0.0,0,0,0.005,0.0,0.0,0.0,0,0,0,0,0.0,0.0,0.0,57,0,0,0,24,2,18,18,18,24,0,0,0,18,24,0,Generic,1
9e-06,udp,dns,INT,2,0,114,0,111111.1072,254,0,50666664.0,0.0,0,0,0.009,0.0,0.0,0.0,0,0,0,0,0.0,0.0,0.0,57,0,0,0,15,2,14,14,9,15,0,0,0,14,15,0,Generic,1
7e-06,udp,dns,INT,2,0,114,0,142857.1409,254,0,65142856.0,0.0,0,0,0.007,0.0,0.0,0.0,0,0,0,0,0.0,0.0,0.0,57,0,0,0,34,2,16,16,16,34,0,0,0,16,34,0,Generic,1
0.467588,tcp,-,FIN,10,8,620,354,36.356792,254,252,9546.866211,5303.814453,2,1,50.142,58.81243,3411.650077,118.581148,255,2424836211,684835349,255,0.116562,0.055892,0.06067,62,44,0,0,2,1,2,1,1,2,0,0,0,2,2,0,Generic,1
9e-06,udp,dns,INT,2,0,114,0,111111.1072,254,0,50666664.0,0.0,0,0,0.009,0.0,0.0,0.0,0,0,0,0,0.0,0.0,0.0,57,0,0,0,38,2,20,20,9,38,0,0,0,21,38,0,Generic,1
5e-06,udp,dns,INT,2,0,114,0,200000.0051,254,0,91200000.0,0.0,0,0,0.005,0.0,0.0,0.0,0,0,0,0,0.0,0.0,0.0,57,0,0,0,10,2,10,10,10,10,0,0,0,10,10,0,Generic,1
6e-06,udp,dns,INT,2,0,114,0,166666.6608,254,0,76000000.0,0.0,0,0,0.006,0.0,0.0,0.0,0,0,0,0,0.0,0.0,0.0,57,0,0,0,12,2,12,12,12,12,0,0,0,13,12,0,Generic,1
6e-06,udp,dns,INT,2,0,114,0,166666.6608,254,0,76000000.0,0.0,0,0,0.006,0.0,0.0,0.0,0,0,0,0,0.0,0.0,0.0,57,0,0,0,22,2,6,6,6,22,0,0,0,6,22,0,Generic,1
3e-06,udp,dns,INT,2,0,114,0,333333.3215,254,0,152000000.0,0.0,0,0,0.003,0.0,0.0,0.0,0,0,0,0,0.0,0.0,0.0,57,0,0,0,22,2,17,16,16,22,0,0,0,16,22,0,Generic,1
8e-06,udp,dns,INT,2,0,114,0,125000.0003,254,0,57000000.0,0.0,0,0,0.008,0.0,0.0,0.0,0,0,0,0,0.0,0.0,0.0,57,0,0,0,16,2,16,16,4,16,0,0,0,16,16,0,Generic,1
1e-06,udp,dns,INT,2,0,114,0,1000000.003,254,0,456000000.0,0.0,0,0,0.001,0.0,0.0,0.0,0,0,0,0,0.0,0.0,0.0,57,0,0,0,31,2,18,18,18,31,0,0,0,19,31,0,Generic,1
8e-06,udp,dns,INT,2,0,114,0,125000.0003,254,0,57000000.0,0.0,0,0,0.008,0.0,0.0,0.0,0,0,0,0,0.0,0.0,0.0,57,0,0,0,22,2,18,18,12,22,0,0,0,18,22,0,Generic,1
3e-06,udp,dns,INT,2,0,114,0,333333.3215,254,0,152000000.0,0.0,0,0,0.003,0.0,0.0,0.0,0,0,0,0,0.0,0.0,0.0,57,0,0,0,24,2,18,18,18,24,0,0,0,18,24,0,Generic,1
7e-06,udp,dns,INT,2,0,114,0,142857.1409,254,0,65142856.0,0.0,0,0,0.007,0.0,0.0,0.0,0,0,0,0,0.0,0.0,0.0,57,0,0,0,34,2,34,34,16,34,0,0,0,35,34,0,Generic,1
7e-06,udp,dns,INT,2,0,114,0,142857.1409,254,0,65142856.0,0.0,0,0,0.007,0.0,0.0,0.0,0,0,0,0,0.0,0.0,0.0,57,0,0,0,34,2,18,18,18,34,0,0,0,19,34,0,Generic,1
3e-06,udp,dns,INT,2,0,114,0,333333.3215,254,0,152000000.0,0.0,0,0,0.003,0.0,0.0,0.0,0,0,0,0,0.0,0.0,0.0,57,0,0,0,16,2,15,15,8,16,0,0,0,15,16,0,Generic,1
1e-06,udp,dns,INT,2,0,114,0,1000000.003,254,0,456000000.0,0.0,0,0,0.001,0.0,0.0,0.0,0,0,0,0,0.0,0.0,0.0,57,0,0,0,5,2,5,5,3,5,0,0,0,5,5,0,Generic,1
7e-06,udp,dns,INT,2,0,114,0,142857.1409,254,0,65142856.0,0.0,0,0,0.007,0.0,0.0,0.0,0,0,0,0,0.0,0.0,0.0,57,0,0,0,34,2,18,16,16,34,0,0,0,16,34,0,Generic,1
3e-06,udp,dns,INT,2,0,114,0,333333.3215,254,0,152000000.0,0.0,0,0,0.003,0.0,0.0,0.0,0,0,0,0,0.0,0.0,0.0,57,0,0,0,19,2,19,19,8,19,0,0,0,19,19,0,Generic,1
3e-06,udp,dns,INT,2,0,114,0,333333.3215,254,0,152000000.0,0.0,0,0,0.003,0.0,0.0,0.0,0,0,0,0,0.0,0.0,0.0,57,0,0,0,16,2,15,15,7,16,0,0,0,15,16,0,Generic,1
4e-06,udp,dns,INT,2,0,114,0,250000.0006,254,0,114000000.0,0.0,0,0,0.004,0.0,0.0,0.0,0,0,0,0,0.0,0.0,0.0,57,0,0,0,18,2,18,18,10,18,0,0,0,18,18,0,Generic,1
8e-06,udp,dns,INT,2,0,114,0,125000.0003,254,0,57000000.0,0.0,0,0,0.008,0.0,0.0,0.0,0,0,0,0,0.0,0.0,0.0,57,0,0,0,11,2,3,3,2,11,0,0,0,3,11,0,Generic,1
7e-06,udp,dns,INT,2,0,114,0,142857.1409,254,0,65142856.0,0.0,0,0,0.007,0.0,0.0,0.0,0,0,0,0,0.0,0.0,0.0,57,0,0,0,26,2,21,20,9,26,0,0,0,20,26,0,Generic,1
3e-06,udp,dns,INT,2,0,114,0,333333.3215,254,0,152000000.0,0.0,0,0,0.003,0.0,0.0,0.0,0,0,0,0,0.0,0.0,0.0,57,0,0,0,19,2,19,19,11,19,0,0,0,19,19,0,Generic,1
8e-06,udp,dns,INT,2,0,114,0,125000.0003,254,0,57000000.0,0.0,0,0,0.008,0.0,0.0,0.0,0,0,0,0,0.0,0.0,0.0,57,0,0,0,31,2,31,31,14,31,0,0,0,31,31,0,Generic,1
4e-06,udp,dns,INT,2,0,114,0,250000.0006,254,0,114000000.0,0.0,0,0,0.004,0.0,0.0,0.0,0,0,0,0,0.0,0.0,0.0,57,0,0,0,33,2,33,33,18,33,0,0,0,33,33,0,Generic,1
9e-06,udp,dns,INT,2,0,114,0,111111.1072,254,0,50666664.0,0.0,0,0,0.009,0.0,0.0,0.0,0,0,0,0,0.0,0.0,0.0,57,0,0,0,40,2,34,34,16,40,0,0,0,34,40,0,Generic,1
5e-06,udp,dns,INT,2,0,114,0,200000.0051,254,0,91200000.0,0.0,0,0,0.005,0.0,0.0,0.0,0,0,0,0,0.0,0.0,0.0,57,0,0,0,33,2,4,4,4,33,0,0,0,4,33,0,Generic,1
9e-06,udp,dns,INT,2,0,114,0,111111.1072,254,0,50666664.0,0.0,0,0,0.009,0.0,0.0,0.0,0,0,0,0,0.0,0.0,0.0,57,0,0,0,33,2,4,3,3,33,0,0,0,3,33,0,Generic,1
3e-06,udp,dns,INT,2,0,114,0,333333.3215,254,0,152000000.0,0.0,0,0,0.003,0.0,0.0,0.0,0,0,0,0,0.0,0.0,0.0,57,0,0,0,16,2,16,16,12,16,0,0,0,16,16,0,Generic,1
5e-06,udp,dns,INT,2,0,114,0,200000.0051,254,0,91200000.0,0.0,0,0,0.005,0.0,0.0,0.0,0,0,0,0,0.0,0.0,0.0,57,0,0,0,30,2,13,13,13,30,0,0,0,13,30,0,Generic,1
9e-06,udp,dns,INT,2,0,114,0,111111.1072,254,0,50666664.0,0.0,0,0,0.009,0.0,0.0,0.0,0,0,0,0,0.0,0.0,0.0,57,0,0,0,33,2,32,30,13,33,0,0,0,30,33,0,Generic,1
3e-06,udp,dns,INT,2,0,114,0,333333.3215,254,0,152000000.0,0.0,0,0,0.003,0.0,0.0,0.0,0,0,0,0,0.0,0.0,0.0,57,0,0,0,22,2,18,18,6,22,0,0,0,18,22,0,Generic,1
6e-06,udp,dns,INT,2,0,114,0,166666.6608,254,0,76000000.0,0.0,0,0,0.006,0.0,0.0,0.0,0,0,0,0,0.0,0.0,0.0,57,0,0,0,23,2,23,23,8,23,0,0,0,23,23,0,Generic,1
9e-06,udp,dns,INT,2,0,114,0,111111.1072,254,0,50666664.0,0.0,0,0,0.009,0.0,0.0,0.0,0,0,0,0,0.0,0.0,0.0,57,0,0,0,33,2,32,30,17,33,0,0,0,30,33,0,Generic,1
6e-06,udp,dns,INT,2,0,114,0,166666.6608,254,0,76000000.0,0.0,0,0,0.006,0.0,0.0,0.0,0,0,0,0,0.0,0.0,0.0,57,0,0,0,2,2,3,2,2,3,0,0,0,3,2,0,Generic,1
3e-06,udp,dns,INT,2,0,114,0,333333.3215,254,0,152000000.0,0.0,0,0,0.003,0.0,0.0,0.0,0,0,0,0,0.0,0.0,0.0,57,0,0,0,30,2,26,26,13,30,0,0,0,27,30,0,Generic,1
3e-06,udp,dns,INT,2,0,114,0,333333.3215,254,0,152000000.0,0.0,0,0,0.003,0.0,0.0,0.0,0,0,0,0,0.0,0.0,0.0,57,0,0,0,32,2,16,16,16,32,0,0,0,16,32,0,Generic,1
8e-06,udp,dns,INT,2,0,114,0,125000.0003,254,0,57000000.0,0.0,0,0,0.008,0.0,0.0,0.0,0,0,0,0,0.0,0.0,0.0,57,0,0,0,11,2,11,11,11,11,0,0,0,11,11,0,Generic,1
9e-06,udp,dns,INT,2,0,114,0,111111.1072,254,0,50666664.0,0.0,0,0,0.009,0.0,0.0,0.0,0,0,0,0,0.0,0.0,0.0,57,0,0,0,28,2,11,11,3,28,0,0,0,11,28,0,Generic,1
1e-05,udp,dns,INT,2,0,114,0,100000.0025,254,0,45600000.0,0.0,0,0,0.01,0.0,0.0,0.0,0,0,0,0,0.0,0.0,0.0,57,0,0,0,22,2,18,18,10,22,0,0,0,18,22,0,Generic,1
3e-06,udp,dns,INT,2,0,114,0,333333.3215,254,0,152000000.0,0.0,0,0,0.003,0.0,0.0,0.0,0,0,0,0,0.0,0.0,0.0,57,0,0,0,15,2,2,2,2,15,0,0,0,2,15,0,Generic,1
3e-06,udp,dns,INT,2,0,114,0,333333.3215,254,0,152000000.0,0.0,0,0,0.003,0.0,0.0,0.0,0,0,0,0,0.0,0.0,0.0,57,0,0,0,38,2,32,32,16,38,0,0,0,33,38,0,Generic,1
6e-06,udp,dns,INT,2,0,114,0,166666.6608,254,0,76000000.0,0.0,0,0,0.006,0.0,0.0,0.0,0,0,0,0,0.0,0.0,0.0,57,0,0,0,18,2,18,18,18,18,0,0,0,19,18,0,Generic,1
3e-06,udp,dns,INT,2,0,114,0,333333.3215,254,0,152000000.0,0.0,0,0,0.003,0.0,0.0,0.0,0,0,0,0,0.0,0.0,0.0,57,0,0,0,15,2,13,13,13,15,0,0,0,14,15,0,Generic,1
1e-05,udp,dns,INT,2,0,114,0,100000.0025,254,0,45600000.0,0.0,0,0,0.01,0.0,0.0,0.0,0,0,0,0,0.0,0.0,0.0,57,0,0,0,32,2,16,16,8,32,0,0,0,16,32,0,Generic,1
4e-06,udp,dns,INT,2,0,114,0,250000.0006,254,0,114000000.0,0.0,0,0,0.004,0.0,0.0,0.0,0,0,0,0,0.0,0.0,0.0,57,0,0,0,26,2,16,16,16,26,0,0,0,16,26,0,Generic,1
3e-06,udp,dns,INT,2,0,114,0,333333.3215,254,0,152000000.0,0.0,0,0,0.003,0.0,0.0,0.0,0,0,0,0,0.0,0.0,0.0,57,0,0,0,40,2,29,29,14,40,0,0,0,29,40,0,Generic,1
1e-05,udp,dns,INT,2,0,114,0,100000.0025,254,0,45600000.0,0.0,0,0,0.01,0.0,0.0,0.0,0,0,0,0,0.0,0.0,0.0,57,0,0,0,16,2,17,16,16,17,0,0,0,18,16,0,Generic,1
1e-06,udp,dns,INT,2,0,114,0,1000000.003,254,0,456000000.0,0.0,0,0,0.001,0.0,0.0,0.0,0,0,0,0,0.0,0.0,0.0,57,0,0,0,15,2,15,15,15,15,0,0,0,15,15,0,Generic,1
9e-06,udp,dns,INT,2,0,114,0,111111.1072,254,0,50666664.0,0.0,0,0,0.009,0.0,0.0,0.0,0,0,0,0,0.0,0.0,0.0,57,0,0,0,22,2,14,14,14,22,0,0,0,14,22,0,Generic,1
8e-06,unas,-,INT,2,0,200,0,125000.0003,254,0,100000000.0,0.0,0,0,0.008,0.0,0.0,0.0,0,0,0,0,0.0,0.0,0.0,100,0,0,0,3,2,1,1,1,3,0,0,0,2,3,0,Generic,1
1e-06,udp,dns,INT,2,0,114,0,1000000.003,254,0,456000000.0,0.0,0,0,0.001,0.0,0.0,0.0,0,0,0,0,0.0,0.0,0.0,57,0,0,0,31,2,1,1,1,31,0,0,0,1,31,0,Generic,1
1e-06,udp,dns,INT,2,0,114,0,1000000.003,254,0,456000000.0,0.0,0,0,0.001,0.0,0.0,0.0,0,0,0,0,0.0,0.0,0.0,57,0,0,0,18,2,18,18,18,18,0,0,0,19,18,0,Generic,1
8e-06,udp,dns,INT,2,0,114,0,125000.0003,254,0,57000000.0,0.0,0,0,0.008,0.0,0.0,0.0,0,0,0,0,0.0,0.0,0.0,57,0,0,0,19,2,16,16,16,20,0,0,0,16,19,0,Generic,1
8e-06,udp,dns,INT,2,0,114,0,125000.0003,254,0,57000000.0,0.0,0,0,0.008,0.0,0.0,0.0,0,0,0,0,0.0,0.0,0.0,57,0,0,0,23,2,5,5,5,23,0,0,0,5,23,0,Generic,1
1e-05,udp,dns,INT,2,0,114,0,100000.0025,254,0,45600000.0,0.0,0,0,0.01,0.0,0.0,0.0,0,0,0,0,0.0,0.0,0.0,57,0,0,0,30,2,17,17,17,30,0,0,0,17,30,0,Generic,1
7e-06,udp,dns,INT,2,0,114,0,142857.1409,254,0,65142856.0,0.0,0,0,0.007,0.0,0.0,0.0,0,0,0,0,0.0,0.0,0.0,57,0,0,0,26,2,18,16,16,27,0,0,0,17,26,0,Generic,1
6e-06,udp,dns,INT,2,0,114,0,166666.6608,254,0,76000000.0,0.0,0,0,0.006,0.0,0.0,0.0,0,0,0,0,0.0,0.0,0.0,57,0,0,0,18,2,18,18,18,18,0,0,0,18,18,0,Generic,1
4e-06,udp,dns,INT,2,0,114,0,250000.0006,254,0,114000000.0,0.0,0,0,0.004,0.0,0.0,0.0,0,0,0,0,0.0,0.0,0.0,57,0,0,0,13,2,13,13,13,13,0,0,0,13,13,0,Generic,1
4e-06,udp,dns,INT,2,0,114,0,250000.0006,254,0,114000000.0,0.0,0,0,0.004,0.0,0.0,0.0,0,0,0,0,0.0,0.0,0.0,57,0,0,0,19,2,4,3,3,20,0,0,0,4,19,0,Generic,1
9e-06,udp,dns,INT,2,0,114,0,111111.1072,254,0,50666664.0,0.0,0,0,0.009,0.0,0.0,0.0,0,0,0,0,0.0,0.0,0.0,57,0,0,0,29,2,16,16,16,29,0,0,0,16,29,0,Generic,1
7e-06,udp,dns,INT,2,0,114,0,142857.1409,254,0,65142856.0,0.0,0,0,0.007,0.0,0.0,0.0,0,0,0,0,0.0,0.0,0.0,57,0,0,0,34,2,35,34,18,34,0,0,0,34,34,0,Generic,1
9e-06,udp,dns,INT,2,0,114,0,111111.1072,254,0,50666664.0,0.0,0,0,0.009,0.0,0.0,0.0,0,0,0,0,0.0,0.0,0.0,57,0,0,0,18,2,18,18,18,18,0,0,0,18,18,0,Generic,1
9e-06,udp,dns,INT,2,0,114,0,111111.1072,254,0,50666664.0,0.0,0,0,0.009,0.0,0.0,0.0,0,0,0,0,0.0,0.0,0.0,57,0,0,0,15,2,15,15,15,15,0,0,0,15,15,0,Generic,1
9e-06,udp,dns,INT,2,0,114,0,111111.1072,254,0,50666664.0,0.0,0,0,0.009,0.0,0.0,0.0,0,0,0,0,0.0,0.0,0.0,57,0,0,0,22,2,4,4,4,22,0,0,0,5,22,0,Generic,1
8e-06,udp,dns,INT,2,0,114,0,125000.0003,254,0,57000000.0,0.0,0,0,0.008,0.0,0.0,0.0,0,0,0,0,0.0,0.0,0.0,57,0,0,0,15,2,16,15,15,15,0,0,0,16,15,0,Generic,1
9e-06,udp,dns,INT,2,0,114,0,111111.1072,254,0,50666664.0,0.0,0,0,0.009,0.0,0.0,0.0,0,0,0,0,0.0,0.0,0.0,57,0,0,0,27,2,28,27,14,28,0,0,0,29,27,0,Generic,1
9e-06,udp,dns,INT,2,0,114,0,111111.1072,254,0,50666664.0,0.0,0,0,0.009,0.0,0.0,0.0,0,0,0,0,0.0,0.0,0.0,57,0,0,0,20,2,13,13,13,20,0,0,0,13,20,0,Generic,1
9e-06,udp,dns,INT,2,0,114,0,111111.1072,254,0,50666664.0,0.0,0,0,0.009,0.0,0.0,0.0,0,0,0,0,0.0,0.0,0.0,57,0,0,0,21,2,16,16,16,21,0,0,0,16,21,0,Generic,1
8e-06,udp,dns,INT,2,0,114,0,125000.0003,254,0,57000000.0,0.0,0,0,0.008,0.0,0.0,0.0,0,0,0,0,0.0,0.0,0.0,57,0,0,0,19,2,1,1,1,19,0,0,0,2,19,0,Generic,1
6e-06,udp,dns,INT,2,0,114,0,166666.6608,254,0,76000000.0,0.0,0,0,0.006,0.0,0.0,0.0,0,0,0,0,0.0,0.0,0.0,57,0,0,0,17,2,18,17,17,17,0,0,0,17,17,0,Generic,1
4e-06,udp,dns,INT,2,0,114,0,250000.0006,254,0,114000000.0,0.0,0,0,0.004,0.0,0.0,0.0,0,0,0,0,0.0,0.0,0.0,57,0,0,0,14,2,14,14,14,14,0,0,0,15,14,0,Generic,1
1e-05,udp,dns,INT,2,0,114,0,100000.0025,254,0,45600000.0,0.0,0,0,0.01,0.0,0.0,0.0,0,0,0,0,0.0,0.0,0.0,57,0,0,0,12,2,12,12,12,12,0,0,0,14,12,0,Generic,1
1e-05,udp,dns,INT,2,0,114,0,100000.0025,254,0,45600000.0,0.0,0,0,0.01,0.0,0.0,0.0,0,0,0,0,0.0,0.0,0.0,57,0,0,0,22,2,4,4,4,22,0,0,0,4,22,0,Generic,1
8e-06,udp,dns,INT,2,0,114,0,125000.0003,254,0,57000000.0,0.0,0,0,0.008,0.0,0.0,0.0,0,0,0,0,0.0,0.0,0.0,57,0,0,0,21,2,16,16,16,21,0,0,0,16,21,0,Generic,1
9e-06,udp,dns,INT,2,0,114,0,111111.1072,254,0,50666664.0,0.0,0,0,0.009,0.0,0.0,0.0,0,0,0,0,0.0,0.0,0.0,57,0,0,0,11,2,8,8,8,11,0,0,0,8,11,0,Generic,1
4e-06,udp,dns,INT,2,0,114,0,250000.0006,254,0,114000000.0,0.0,0,0,0.004,0.0,0.0,0.0,0,0,0,0,0.0,0.0,0.0,57,0,0,0,24,2,13,13,13,24,0,0,0,13,24,0,Generic,1
5e-06,udp,dns,INT,2,0,114,0,200000.0051,254,0,91200000.0,0.0,0,0,0.005,0.0,0.0,0.0,0,0,0,0,0.0,0.0,0.0,57,0,0,0,34,2,34,34,16,34,0,0,0,34,34,0,Generic,1
8e-06,udp,dns,INT,2,0,114,0,125000.0003,254,0,57000000.0,0.0,0,0,0.008,0.0,0.0,0.0,0,0,0,0,0.0,0.0,0.0,57,0,0,0,38,2,34,34,16,38,0,0,0,34,38,0,Generic,1
3e-06,udp,dns,INT,2,0,114,0,333333.3215,254,0,152000000.0,0.0,0,0,0.003,0.0,0.0,0.0,0,0,0,0,0.0,0.0,0.0,57,0,0,0,27,2,27,27,12,27,0,0,0,27,27,0,Generic,1
5e-06,udp,dns,INT,2,0,114,0,200000.0051,254,0,91200000.0,0.0,0,0,0.005,0.0,0.0,0.0,0,0,0,0,0.0,0.0,0.0,57,0,0,0,38,2,34,34,18,38,0,0,0,34,38,0,Generic,1
1.283521,tcp,-,FIN,12,10,1212,554,16.361243,254,252,6924.701172,3110.194336,3,2,114.972906,138.637438,8276.430913,220.089172,255,3330313759,3954457238,255,0.063796,0.035775,0.028021,101,55,0,0,1,1,1,1,1,1,0,0,0,3,1,0,Generic,1
9e-06,udp,dns,INT,2,0,114,0,111111.1072,254,0,50666664.0,0.0,0,0,0.009,0.0,0.0,0.0,0,0,0,0,0.0,0.0,0.0,57,0,0,0,19,2,19,19,10,19,0,0,0,19,19,0,Generic,1
9e-06,udp,dns,INT,2,0,114,0,111111.1072,254,0,50666664.0,0.0,0,0,0.009,0.0,0.0,0.0,0,0,0,0,0.0,0.0,0.0,57,0,0,0,22,2,4,4,4,22,0,0,0,4,22,0,Generic,1
5e-06,udp,dns,INT,2,0,114,0,200000.0051,254,0,91200000.0,0.0,0,0,0.005,0.0,0.0,0.0,0,0,0,0,0.0,0.0,0.0,57,0,0,0,25,2,9,9,9,25,0,0,0,9,25,0,Generic,1
9e-06,udp,dns,INT,2,0,114,0,111111.1072,254,0,50666664.0,0.0,0,0,0.009,0.0,0.0,0.0,0,0,0,0,0.0,0.0,0.0,57,0,0,0,24,2,6,6,6,24,0,0,0,6,24,0,Generic,1
9e-06,udp,dns,INT,2,0,114,0,111111.1072,254,0,50666664.0,0.0,0,0,0.009,0.0,0.0,0.0,0,0,0,0,0.0,0.0,0.0,57,0,0,0,33,2,15,15,6,33,0,0,0,15,33,0,Generic,1
9e-06,udp,dns,INT,2,0,114,0,111111.1072,254,0,50666664.0,0.0,0,0,0.009,0.0,0.0,0.0,0,0,0,0,0.0,0.0,0.0,57,0,0,0,8,2,8,8,8,8,0,0,0,8,8,0,Generic,1
3e-06,udp,dns,INT,2,0,114,0,333333.3215,254,0,152000000.0,0.0,0,0,0.003,0.0,0.0,0.0,0,0,0,0,0.0,0.0,0.0,57,0,0,0,14,2,14,14,7,14,0,0,0,15,14,0,Generic,1
3e-06,udp,dns,INT,2,0,114,0,333333.3215,254,0,152000000.0,0.0,0,0,0.003,0.0,0.0,0.0,0,0,0,0,0.0,0.0,0.0,57,0,0,0,10,2,5,5,5,10,0,0,0,5,10,0,Generic,1
3e-06,udp,dns,INT,2,0,114,0,333333.3215,254,0,152000000.0,0.0,0,0,0.003,0.0,0.0,0.0,0,0,0,0,0.0,0.0,0.0,57,0,0,0,10,2,10,10,10,10,0,0,0,10,10,0,Generic,1
3e-06,udp,dns,INT,2,0,114,0,333333.3215,254,0,152000000.0,0.0,0,0,0.003,0.0,0.0,0.0,0,0,0,0,0.0,0.0,0.0,57,0,0,0,26,2,21,20,11,26,0,0,0,20,26,0,Generic,1
6e-06,udp,dns,INT,2,0,114,0,166666.6608,254,0,76000000.0,0.0,0,0,0.006,0.0,0.0,0.0,0,0,0,0,0.0,0.0,0.0,57,0,0,0,28,2,12,12,12,28,0,0,0,12,28,0,Generic,1
9e-06,udp,dns,INT,2,0,114,0,111111.1072,254,0,50666664.0,0.0,0,0,0.009,0.0,0.0,0.0,0,0,0,0,0.0,0.0,0.0,57,0,0,0,27,2,11,11,11,27,0,0,0,11,27,0,Generic,1
3e-06,udp,dns,INT,2,0,114,0,333333.3215,254,0,152000000.0,0.0,0,0,0.003,0.0,0.0,0.0,0,0,0,0,0.0,0.0,0.0,57,0,0,0,24,2,6,6,6,24,0,0,0,6,24,0,Generic,1
9e-06,udp,dns,INT,2,0,114,0,111111.1072,254,0,50666664.0,0.0,0,0,0.009,0.0,0.0,0.0,0,0,0,0,0.0,0.0,0.0,57,0,0,0,28,2,18,16,16,28,0,0,0,16,28,0,Generic,1
3e-06,unas,-,INT,2,0,200,0,333333.3215,254,0,266666656.0,0.0,0,0,0.003,0.0,0.0,0.0,0,0,0,0,0.0,0.0,0.0,100,0,0,0,3,2,2,2,2,3,0,0,0,2,3,0,Generic,1
3e-06,udp,-,INT,2,0,592,0,333333.3215,254,0,789333312.0,0.0,0,0,0.003,0.0,0.0,0.0,0,0,0,0,0.0,0.0,0.0,296,0,0,0,2,2,1,1,1,2,0,0,0,2,1,0,Generic,1
9e-06,udp,dns,INT,2,0,114,0,111111.1072,254,0,50666664.0,0.0,0,0,0.009,0.0,0.0,0.0,0,0,0,0,0.0,0.0,0.0,57,0,0,0,21,2,3,3,3,21,0,0,0,3,21,0,Generic,1
3e-06,udp,dns,INT,2,0,114,0,333333.3215,254,0,152000000.0,0.0,0,0,0.003,0.0,0.0,0.0,0,0,0,0,0.0,0.0,0.0,57,0,0,0,24,2,11,11,11,24,0,0,0,11,24,0,Generic,1
8e-06,udp,dns,INT,2,0,114,0,125000.0003,254,0,57000000.0,0.0,0,0,0.008,0.0,0.0,0.0,0,0,0,0,0.0,0.0,0.0,57,0,0,0,40,2,16,16,7,40,0,0,0,16,40,0,Generic,1
8e-06,udp,dns,INT,2,0,114,0,125000.0003,254,0,57000000.0,0.0,0,0,0.008,0.0,0.0,0.0,0,0,0,0,0.0,0.0,0.0,57,0,0,0,32,2,33,32,15,33,0,0,0,32,32,0,Generic,1
5e-06,udp,dns,INT,2,0,114,0,200000.0051,254,0,91200000.0,0.0,0,0,0.005,0.0,0.0,0.0,0,0,0,0,0.0,0.0,0.0,57,0,0,0,24,2,8,8,8,24,0,0,0,8,24,0,Generic,1
9e-06,udp,dns,INT,2,0,114,0,111111.1072,254,0,50666664.0,0.0,0,0,0.009,0.0,0.0,0.0,0,0,0,0,0.0,0.0,0.0,57,0,0,0,6,2,3,3,3,6,0,0,0,3,6,0,Generic,1
6e-06,udp,dns,INT,2,0,114,0,166666.6608,254,0,76000000.0,0.0,0,0,0.006,0.0,0.0,0.0,0,0,0,0,0.0,0.0,0.0,57,0,0,0,10,2,5,5,2,10,0,0,0,5,10,0,Generic,1
8e-06,udp,dns,INT,2,0,114,0,125000.0003,254,0,57000000.0,0.0,0,0,0.008,0.0,0.0,0.0,0,0,0,0,0.0,0.0,0.0,57,0,0,0,22,2,18,18,18,22,0,0,0,18,22,0,Generic,1
9e-06,udp,dns,INT,2,0,114,0,111111.1072,254,0,50666664.0,0.0,0,0,0.009,0.0,0.0,0.0,0,0,0,0,0.0,0.0,0.0,57,0,0,0,45,2,34,34,16,45,0,0,0,34,45,0,Generic,1
1e-06,udp,dns,INT,2,0,114,0,1000000.003,254,0,456000000.0,0.0,0,0,0.001,0.0,0.0,0.0,0,0,0,0,0.0,0.0,0.0,57,0,0,0,16,2,16,16,7,16,0,0,0,16,16,0,Generic,1
5e-06,udp,dns,INT,2,0,114,0,200000.0051,254,0,91200000.0,0.0,0,0,0.005,0.0,0.0,0.0,0,0,0,0,0.0,0.0,0.0,57,0,0,0,16,2,12,12,12,16,0,0,0,12,16,0,Generic,1
4e-06,udp,dns,INT,2,0,114,0,250000.0006,254,0,114000000.0,0.0,0,0,0.004,0.0,0.0,0.0,0,0,0,0,0.0,0.0,0.0,57,0,0,0,45,2,34,34,18,45,0,0,0,34,45,0,Generic,1
1e-06,udp,dns,INT,2,0,114,0,1000000.003,254,0,456000000.0,0.0,0,0,0.001,0.0,0.0,0.0,0,0,0,0,0.0,0.0,0.0,57,0,0,0,18,2,18,18,11,18,0,0,0,18,18,0,Generic,1
5e-06,udp,dns,INT,2,0,114,0,200000.0051,254,0,91200000.0,0.0,0,0,0.005,0.0,0.0,0.0,0,0,0,0,0.0,0.0,0.0,57,0,0,0,22,2,4,4,4,22,0,0,0,4,22,0,Generic,1
8e-06,udp,dns,INT,2,0,114,0,125000.0003,254,0,57000000.0,0.0,0,0,0.008,0.0,0.0,0.0,0,0,0,0,0.0,0.0,0.0,57,0,0,0,16,2,16,16,16,16,0,0,0,17,16,0,Generic,1
3e-06,udp,dns,INT,2,0,114,0,333333.3215,254,0,152000000.0,0.0,0,0,0.003,0.0,0.0,0.0,0,0,0,0,0.0,0.0,0.0,57,0,0,0,29,2,18,18,18,29,0,0,0,18,29,0,Generic,1
5e-06,udp,dns,INT,2,0,114,0,200000.0051,254,0,91200000.0,0.0,0,0,0.005,0.0,0.0,0.0,0,0,0,0,0.0,0.0,0.0,57,0,0,0,16,2,17,16,16,16,0,0,0,17,16,0,Generic,1
9e-06,udp,dns,INT,2,0,114,0,111111.1072,254,0,50666664.0,0.0,0,0,0.009,0.0,0.0,0.0,0,0,0,0,0.0,0.0,0.0,57,0,0,0,9,2,9,8,8,9,0,0,0,9,9,0,Generic,1
4e-06,udp,dns,INT,2,0,114,0,250000.0006,254,0,114000000.0,0.0,0,0,0.004,0.0,0.0,0.0,0,0,0,0,0.0,0.0,0.0,57,0,0,0,33,2,19,17,17,34,0,0,0,18,33,0,Generic,1
9e-06,udp,dns,INT,2,0,114,0,111111.1072,254,0,50666664.0,0.0,0,0,0.009,0.0,0.0,0.0,0,0,0,0,0.0,0.0,0.0,57,0,0,0,8,2,8,8,8,8,0,0,0,9,8,0,Generic,1
3e-06,udp,dns,INT,2,0,114,0,333333.3215,254,0,152000000.0,0.0,0,0,0.003,0.0,0.0,0.0,0,0,0,0,0.0,0.0,0.0,57,0,0,0,29,2,11,11,11,29,0,0,0,11,29,0,Generic,1
9e-06,udp,dns,INT,2,0,114,0,111111.1072,254,0,50666664.0,0.0,0,0,0.009,0.0,0.0,0.0,0,0,0,0,0.0,0.0,0.0,57,0,0,0,25,2,11,11,11,25,0,0,0,12,25,0,Generic,1
9e-06,udp,dns,INT,2,0,114,0,111111.1072,254,0,50666664.0,0.0,0,0,0.009,0.0,0.0,0.0,0,0,0,0,0.0,0.0,0.0,57,0,0,0,15,2,2,2,2,15,0,0,0,2,15,0,Generic,1
3e-06,udp,dns,INT,2,0,114,0,333333.3215,254,0,152000000.0,0.0,0,0,0.003,0.0,0.0,0.0,0,0,0,0,0.0,0.0,0.0,57,0,0,0,5,2,5,5,5,5,0,0,0,5,5,0,Generic,1
8e-06,udp,dns,INT,2,0,114,0,125000.0003,254,0,57000000.0,0.0,0,0,0.008,0.0,0.0,0.0,0,0,0,0,0.0,0.0,0.0,57,0,0,0,22,2,20,20,10,22,0,0,0,20,22,0,Generic,1
3e-06,udp,dns,INT,2,0,114,0,333333.3215,254,0,152000000.0,0.0,0,0,0.003,0.0,0.0,0.0,0,0,0,0,0.0,0.0,0.0,57,0,0,0,33,2,18,18,18,33,0,0,0,20,33,0,Generic,1
8e-06,udp,dns,INT,2,0,114,0,125000.0003,254,0,57000000.0,0.0,0,0,0.008,0.0,0.0,0.0,0,0,0,0,0.0,0.0,0.0,57,0,0,0,25,2,14,14,6,25,0,0,0,14,25,0,Generic,1
9e-06,udp,dns,INT,2,0,114,0,111111.1072,254,0,50666664.0,0.0,0,0,0.009,0.0,0.0,0.0,0,0,0,0,0.0,0.0,0.0,57,0,0,0,27,2,25,25,11,27,0,0,0,25,27,0,Generic,1
5e-06,udp,dns,INT,2,0,114,0,200000.0051,254,0,91200000.0,0.0,0,0,0.005,0.0,0.0,0.0,0,0,0,0,0.0,0.0,0.0,57,0,0,0,26,2,14,14,14,26,0,0,0,14,26,0,Generic,1
6.189266,tcp,-,FIN,10,8,472,354,2.746691,254,252,549.338135,400.693695,2,1,687.696222,881.307688,46608.45934,1402.126875,255,3563108023,3616541202,255,0.07801,0.019442,0.058568,47,44,0,0,1,1,2,1,1,1,0,0,0,2,3,0,Generic,1
9e-06,udp,dns,INT,2,0,114,0,111111.1072,254,0,50666664.0,0.0,0,0,0.009,0.0,0.0,0.0,0,0,0,0,0.0,0.0,0.0,57,0,0,0,8,2,9,8,8,8,0,0,0,8,8,0,Generic,1
9e-06,udp,dns,INT,2,0,114,0,111111.1072,254,0,50666664.0,0.0,0,0,0.009,0.0,0.0,0.0,0,0,0,0,0.0,0.0,0.0,57,0,0,0,22,2,20,20,10,22,0,0,0,20,22,0,Generic,1
8e-06,udp,dns,INT,2,0,114,0,125000.0003,254,0,57000000.0,0.0,0,0,0.008,0.0,0.0,0.0,0,0,0,0,0.0,0.0,0.0,57,0,0,0,26,2,13,12,12,26,0,0,0,12,26,0,Generic,1
9e-06,udp,dns,INT,2,0,114,0,111111.1072,254,0,50666664.0,0.0,0,0,0.009,0.0,0.0,0.0,0,0,0,0,0.0,0.0,0.0,57,0,0,0,25,2,14,14,14,25,0,0,0,14,25,0,Generic,1
9e-06,udp,dns,INT,2,0,114,0,111111.1072,254,0,50666664.0,0.0,0,0,0.009,0.0,0.0,0.0,0,0,0,0,0.0,0.0,0.0,57,0,0,0,15,2,13,13,6,15,0,0,0,13,15,0,Generic,1
9e-06,udp,dns,INT,2,0,114,0,111111.1072,254,0,50666664.0,0.0,0,0,0.009,0.0,0.0,0.0,0,0,0,0,0.0,0.0,0.0,57,0,0,0,30,2,18,18,9,30,0,0,0,18,30,0,Generic,1
4e-06,udp,dns,INT,2,0,114,0,250000.0006,254,0,114000000.0,0.0,0,0,0.004,0.0,0.0,0.0,0,0,0,0,0.0,0.0,0.0,57,0,0,0,21,2,21,21,11,21,0,0,0,21,21,0,Generic,1
9e-06,udp,dns,INT,2,0,114,0,111111.1072,254,0,50666664.0,0.0,0,0,0.009,0.0,0.0,0.0,0,0,0,0,0.0,0.0,0.0,57,0,0,0,40,2,16,16,9,40,0,0,0,16,40,0,Generic,1
8e-06,udp,dns,INT,2,0,114,0,125000.0003,254,0,57000000.0,0.0,0,0,0.008,0.0,0.0,0.0,0,0,0,0,0.0,0.0,0.0,57,0,0,0,6,2,3,3,3,6,0,0,0,3,6,0,Generic,1
8e-06,udp,dns,INT,2,0,114,0,125000.0003,254,0,57000000.0,0.0,0,0,0.008,0.0,0.0,0.0,0,0,0,0,0.0,0.0,0.0,57,0,0,0,31,2,7,7,7,31,0,0,0,7,31,0,Generic,1
9e-06,udp,dns,INT,2,0,114,0,111111.1072,254,0,50666664.0,0.0,0,0,0.009,0.0,0.0,0.0,0,0,0,0,0.0,0.0,0.0,57,0,0,0,25,2,8,8,8,25,0,0,0,8,25,0,Generic,1
5e-06,udp,dns,INT,2,0,114,0,200000.0051,254,0,91200000.0,0.0,0,0,0.005,0.0,0.0,0.0,0,0,0,0,0.0,0.0,0.0,57,0,0,0,40,2,18,18,18,40,0,0,0,18,40,0,Generic,1
8e-06,udp,dns,INT,2,0,114,0,125000.0003,254,0,57000000.0,0.0,0,0,0.008,0.0,0.0,0.0,0,0,0,0,0.0,0.0,0.0,57,0,0,0,31,2,16,16,16,31,0,0,0,16,31,0,Generic,1
3e-06,udp,dns,INT,2,0,114,0,333333.3215,254,0,152000000.0,0.0,0,0,0.003,0.0,0.0,0.0,0,0,0,0,0.0,0.0,0.0,57,0,0,0,26,2,10,10,10,26,0,0,0,10,26,0,Generic,1
9e-06,udp,dns,INT,2,0,114,0,111111.1072,254,0,50666664.0,0.0,0,0,0.009,0.0,0.0,0.0,0,0,0,0,0.0,0.0,0.0,57,0,0,0,30,2,28,27,11,31,0,0,0,28,30,0,Generic,1
9e-06,udp,dns,INT,2,0,114,0,111111.1072,254,0,50666664.0,0.0,0,0,0.009,0.0,0.0,0.0,0,0,0,0,0.0,0.0,0.0,57,0,0,0,7,2,7,7,5,7,0,0,0,7,7,0,Generic,1
9e-06,udp,dns,INT,2,0,114,0,111111.1072,254,0,50666664.0,0.0,0,0,0.009,0.0,0.0,0.0,0,0,0,0,0.0,0.0,0.0,57,0,0,0,30,2,28,27,16,31,0,0,0,28,30,0,Generic,1
9e-06,udp,dns,INT,2,0,114,0,111111.1072,254,0,50666664.0,0.0,0,0,0.009,0.0,0.0,0.0,0,0,0,0,0.0,0.0,0.0,57,0,0,0,25,2,14,14,8,25,0,0,0,14,25,0,Generic,1
6e-06,udp,dns,INT,2,0,114,0,166666.6608,254,0,76000000.0,0.0,0,0,0.006,0.0,0.0,0.0,0,0,0,0,0.0,0.0,0.0,57,0,0,0,36,2,29,29,17,36,0,0,0,32,36,0,Generic,1
9e-06,udp,dns,INT,2,0,114,0,111111.1072,254,0,50666664.0,0.0,0,0,0.009,0.0,0.0,0.0,0,0,0,0,0.0,0.0,0.0,57,0,0,0,25,2,18,17,17,25,0,0,0,17,25,0,Generic,1
6e-06,udp,dns,INT,2,0,114,0,166666.6608,254,0,76000000.0,0.0,0,0,0.006,0.0,0.0,0.0,0,0,0,0,0.0,0.0,0.0,57,0,0,0,36,2,29,29,12,36,0,0,0,32,36,0,Generic,1
9e-06,udp,dns,INT,2,0,114,0,111111.1072,254,0,50666664.0,0.0,0,0,0.009,0.0,0.0,0.0,0,0,0,0,0.0,0.0,0.0,57,0,0,0,28,2,17,16,16,28,0,0,0,16,28,0,Generic,1
5e-06,udp,dns,INT,2,0,114,0,200000.0051,254,0,91200000.0,0.0,0,0,0.005,0.0,0.0,0.0,0,0,0,0,0.0,0.0,0.0,57,0,0,0,26,2,16,16,16,26,0,0,0,17,26,0,Generic,1
0.664913,tcp,http,FIN,12,28,928,31576,58.65429,62,252,10238.93359,366351.6875,2,12,60.446634,23.819296,4343.770356,3656.129118,255,473923561,1115033389,255,0.038994,0.0212,0.017794,77,1128,1,14957,3,1,1,1,1,1,0,0,1,1,1,0,Generic,1
4e-06,udp,dns,INT,2,0,114,0,250000.0006,254,0,114000000.0,0.0,0,0,0.004,0.0,0.0,0.0,0,0,0,0,0.0,0.0,0.0,57,0,0,0,26,2,17,17,17,26,0,0,0,18,26,0,Generic,1
4e-06,udp,dns,INT,2,0,114,0,250000.0006,254,0,114000000.0,0.0,0,0,0.004,0.0,0.0,0.0,0,0,0,0,0.0,0.0,0.0,57,0,0,0,24,2,5,5,5,25,0,0,0,5,24,0,Generic,1
1e-06,udp,dns,INT,2,0,114,0,1000000.003,254,0,456000000.0,0.0,0,0,0.001,0.0,0.0,0.0,0,0,0,0,0.0,0.0,0.0,57,0,0,0,33,2,15,15,15,33,0,0,0,16,33,0,Generic,1
9e-06,udp,dns,INT,2,0,114,0,111111.1072,254,0,50666664.0,0.0,0,0,0.009,0.0,0.0,0.0,0,0,0,0,0.0,0.0,0.0,57,0,0,0,19,2,3,3,3,19,0,0,0,3,19,0,Generic,1
4e-06,udp,dns,INT,2,0,114,0,250000.0006,254,0,114000000.0,0.0,0,0,0.004,0.0,0.0,0.0,0,0,0,0,0.0,0.0,0.0,57,0,0,0,36,2,36,36,23,36,0,0,0,37,36,0,Generic,1
8e-06,udp,dns,INT,2,0,114,0,125000.0003,254,0,57000000.0,0.0,0,0,0.008,0.0,0.0,0.0,0,0,0,0,0.0,0.0,0.0,57,0,0,0,34,2,34,34,18,34,0,0,0,34,34,0,Generic,1
9e-06,udp,dns,INT,2,0,114,0,111111.1072,254,0,50666664.0,0.0,0,0,0.009,0.0,0.0,0.0,0,0,0,0,0.0,0.0,0.0,57,0,0,0,12,2,12,12,12,12,0,0,0,12,12,0,Generic,1
3e-06,udp,dns,INT,2,0,114,0,333333.3215,254,0,152000000.0,0.0,0,0,0.003,0.0,0.0,0.0,0,0,0,0,0.0,0.0,0.0,57,0,0,0,29,2,13,13,11,29,0,0,0,13,29,0,Generic,1
9e-06,udp,dns,INT,2,0,114,0,111111.1072,254,0,50666664.0,0.0,0,0,0.009,0.0,0.0,0.0,0,0,0,0,0.0,0.0,0.0,57,0,0,0,16,2,10,10,10,16,0,0,0,10,16,0,Generic,1
3e-06,udp,dns,INT,2,0,114,0,333333.3215,254,0,152000000.0,0.0,0,0,0.003,0.0,0.0,0.0,0,0,0,0,0.0,0.0,0.0,57,0,0,0,36,2,36,36,23,36,0,0,0,37,36,0,Generic,1
2e-06,udp,dns,INT,2,0,114,0,500000.0013,254,0,228000000.0,0.0,0,0,0.002,0.0,0.0,0.0,0,0,0,0,0.0,0.0,0.0,57,0,0,0,16,2,16,16,16,16,0,0,0,18,16,0,Generic,1
3e-06,udp,dns,INT,2,0,114,0,333333.3215,254,0,152000000.0,0.0,0,0,0.003,0.0,0.0,0.0,0,0,0,0,0.0,0.0,0.0,57,0,0,0,36,2,36,36,13,36,0,0,0,37,36,0,Generic,1
3e-06,udp,dns,INT,2,0,114,0,333333.3215,254,0,152000000.0,0.0,0,0,0.003,0.0,0.0,0.0,0,0,0,0,0.0,0.0,0.0,57,0,0,0,40,2,34,34,16,40,0,0,0,35,40,0,Generic,1
5e-06,udp,dns,INT,2,0,114,0,200000.0051,254,0,91200000.0,0.0,0,0,0.005,0.0,0.0,0.0,0,0,0,0,0.0,0.0,0.0,57,0,0,0,18,2,18,18,18,18,0,0,0,19,18,0,Generic,1
6e-06,udp,dns,INT,2,0,114,0,166666.6608,254,0,76000000.0,0.0,0,0,0.006,0.0,0.0,0.0,0,0,0,0,0.0,0.0,0.0,57,0,0,0,40,2,34,34,18,40,0,0,0,35,40,0,Generic,1
3e-06,udp,dns,INT,2,0,114,0,333333.3215,254,0,152000000.0,0.0,0,0,0.003,0.0,0.0,0.0,0,0,0,0,0.0,0.0,0.0,57,0,0,0,24,2,12,12,12,24,0,0,0,13,24,0,Generic,1
3e-06,udp,dns,INT,2,0,114,0,333333.3215,254,0,152000000.0,0.0,0,0,0.003,0.0,0.0,0.0,0,0,0,0,0.0,0.0,0.0,57,0,0,0,24,2,12,12,7,24,0,0,0,12,24,0,Generic,1
3e-06,udp,dns,INT,2,0,114,0,333333.3215,254,0,152000000.0,0.0,0,0,0.003,0.0,0.0,0.0,0,0,0,0,0.0,0.0,0.0,57,0,0,0,15,2,15,15,15,15,0,0,0,15,15,0,Generic,1
3e-06,udp,dns,INT,2,0,114,0,333333.3215,254,0,152000000.0,0.0,0,0,0.003,0.0,0.0,0.0,0,0,0,0,0.0,0.0,0.0,57,0,0,0,26,2,22,22,9,26,0,0,0,22,26,0,Generic,1
9e-06,udp,dns,INT,2,0,114,0,111111.1072,254,0,50666664.0,0.0,0,0,0.009,0.0,0.0,0.0,0,0,0,0,0.0,0.0,0.0,57,0,0,0,26,2,22,22,13,26,0,0,0,22,26,0,Generic,1
2e-06,udp,dns,INT,2,0,114,0,500000.0013,254,0,228000000.0,0.0,0,0,0.002,0.0,0.0,0.0,0,0,0,0,0.0,0.0,0.0,57,0,0,0,23,2,7,7,7,23,0,0,0,7,23,0,Generic,1
7e-06,udp,dns,INT,2,0,114,0,142857.1409,254,0,65142856.0,0.0,0,0,0.007,0.0,0.0,0.0,0,0,0,0,0.0,0.0,0.0,57,0,0,0,34,2,19,16,16,34,0,0,0,16,34,0,Generic,1
2e-06,udp,dns,INT,2,0,114,0,500000.0013,254,0,228000000.0,0.0,0,0,0.002,0.0,0.0,0.0,0,0,0,0,0.0,0.0,0.0,57,0,0,0,25,2,11,11,11,25,0,0,0,11,25,0,Generic,1
9e-06,udp,dns,INT,2,0,114,0,111111.1072,254,0,50666664.0,0.0,0,0,0.009,0.0,0.0,0.0,0,0,0,0,0.0,0.0,0.0,57,0,0,0,25,2,9,9,9,25,0,0,0,9,25,0,Generic,1
8e-06,udp,dns,INT,2,0,114,0,125000.0003,254,0,57000000.0,0.0,0,0,0.008,0.0,0.0,0.0,0,0,0,0,0.0,0.0,0.0,57,0,0,0,27,2,27,27,13,27,0,0,0,28,27,0,Generic,1
9e-06,udp,dns,INT,2,0,114,0,111111.1072,254,0,50666664.0,0.0,0,0,0.009,0.0,0.0,0.0,0,0,0,0,0.0,0.0,0.0,57,0,0,0,9,2,10,9,9,9,0,0,0,9,9,0,Generic,1
9e-06,udp,dns,INT,2,0,114,0,111111.1072,254,0,50666664.0,0.0,0,0,0.009,0.0,0.0,0.0,0,0,0,0,0.0,0.0,0.0,57,0,0,0,27,2,27,27,14,27,0,0,0,28,27,0,Generic,1
4e-06,udp,dns,INT,2,0,114,0,250000.0006,254,0,114000000.0,0.0,0,0,0.004,0.0,0.0,0.0,0,0,0,0,0.0,0.0,0.0,57,0,0,0,28,2,12,12,12,28,0,0,0,12,28,0,Generic,1
2e-06,udp,dns,INT,2,0,114,0,500000.0013,254,0,228000000.0,0.0,0,0,0.002,0.0,0.0,0.0,0,0,0,0,0.0,0.0,0.0,57,0,0,0,21,2,19,18,18,21,0,0,0,20,20,0,Generic,1
5e-06,udp,dns,INT,2,0,114,0,200000.0051,254,0,91200000.0,0.0,0,0,0.005,0.0,0.0,0.0,0,0,0,0,0.0,0.0,0.0,57,0,0,0,24,2,18,16,16,25,0,0,0,17,24,0,Generic,1
1e-05,udp,dns,INT,2,0,114,0,100000.0025,254,0,45600000.0,0.0,0,0,0.01,0.0,0.0,0.0,0,0,0,0,0.0,0.0,0.0,57,0,0,0,34,2,21,21,10,34,0,0,0,21,34,0,Generic,1
2.800185,tcp,http,FIN,134,32,170491,5130,58.924679,254,252,483450.9063,14199.0625,64,3,21.054022,87.507322,2682.679141,5473.576047,255,1884447517,4249913385,255,0.10916,0.063637,0.045523,1272,160,1,1693,1,1,1,1,1,2,0,0,1,3,1,0,Generic,1
1e-05,udp,dns,INT,2,0,114,0,100000.0025,254,0,45600000.0,0.0,0,0,0.01,0.0,0.0,0.0,0,0,0,0,0.0,0.0,0.0,57,0,0,0,46,2,45,45,24,46,0,0,0,46,46,0,Generic,1
9e-06,udp,dns,INT,2,0,114,0,111111.1072,254,0,50666664.0,0.0,0,0,0.009,0.0,0.0,0.0,0,0,0,0,0.0,0.0,0.0,57,0,0,0,19,2,12,12,12,19,0,0,0,13,19,0,Generic,1
9e-06,udp,dns,INT,2,0,114,0,111111.1072,254,0,50666664.0,0.0,0,0,0.009,0.0,0.0,0.0,0,0,0,0,0.0,0.0,0.0,57,0,0,0,40,2,6,6,6,40,0,0,0,6,40,0,Generic,1
3e-06,unas,-,INT,2,0,200,0,333333.3215,254,0,266666656.0,0.0,0,0,0.003,0.0,0.0,0.0,0,0,0,0,0.0,0.0,0.0,100,0,0,0,3,2,1,1,1,3,0,0,0,3,3,0,Generic,1
9e-06,udp,dns,INT,2,0,114,0,111111.1072,254,0,50666664.0,0.0,0,0,0.009,0.0,0.0,0.0,0,0,0,0,0.0,0.0,0.0,57,0,0,0,26,2,17,16,16,26,0,0,0,17,26,0,Generic,1
3e-06,udp,dns,INT,2,0,114,0,333333.3215,254,0,152000000.0,0.0,0,0,0.003,0.0,0.0,0.0,0,0,0,0,0.0,0.0,0.0,57,0,0,0,31,2,31,31,15,31,0,0,0,31,31,0,Generic,1
9e-06,udp,dns,INT,2,0,114,0,111111.1072,254,0,50666664.0,0.0,0,0,0.009,0.0,0.0,0.0,0,0,0,0,0.0,0.0,0.0,57,0,0,0,19,2,7,7,7,19,0,0,0,8,19,0,Generic,1
6e-06,udp,dns,INT,2,0,114,0,166666.6608,254,0,76000000.0,0.0,0,0,0.006,0.0,0.0,0.0,0,0,0,0,0.0,0.0,0.0,57,0,0,0,33,2,16,16,16,33,0,0,0,16,33,0,Generic,1
9e-06,udp,dns,INT,2,0,114,0,111111.1072,254,0,50666664.0,0.0,0,0,0.009,0.0,0.0,0.0,0,0,0,0,0.0,0.0,0.0,57,0,0,0,32,2,9,9,9,32,0,0,0,9,32,0,Generic,1
8e-06,udp,dns,INT,2,0,114,0,125000.0003,254,0,57000000.0,0.0,0,0,0.008,0.0,0.0,0.0,0,0,0,0,0.0,0.0,0.0,57,0,0,0,25,2,15,14,14,25,0,0,0,14,25,0,Generic,1
9e-06,udp,dns,INT,2,0,114,0,111111.1072,254,0,50666664.0,0.0,0,0,0.009,0.0,0.0,0.0,0,0,0,0,0.0,0.0,0.0,57,0,0,0,21,2,17,17,17,21,0,0,0,17,21,0,Generic,1
4e-06,udp,dns,INT,2,0,114,0,250000.0006,254,0,114000000.0,0.0,0,0,0.004,0.0,0.0,0.0,0,0,0,0,0.0,0.0,0.0,57,0,0,0,18,2,18,18,18,18,0,0,0,19,18,0,Generic,1
9e-06,udp,dns,INT,2,0,114,0,111111.1072,254,0,50666664.0,0.0,0,0,0.009,0.0,0.0,0.0,0,0,0,0,0.0,0.0,0.0,57,0,0,0,43,2,34,34,18,43,0,0,0,34,43,0,Generic,1
9e-06,udp,dns,INT,2,0,114,0,111111.1072,254,0,50666664.0,0.0,0,0,0.009,0.0,0.0,0.0,0,0,0,0,0.0,0.0,0.0,57,0,0,0,28,2,14,14,14,28,0,0,0,14,28,0,Generic,1
5e-06,udp,dns,INT,2,0,114,0,200000.0051,254,0,91200000.0,0.0,0,0,0.005,0.0,0.0,0.0,0,0,0,0,0.0,0.0,0.0,57,0,0,0,26,2,16,16,16,26,0,0,0,16,26,0,Generic,1
6e-06,udp,dns,INT,2,0,114,0,166666.6608,254,0,76000000.0,0.0,0,0,0.006,0.0,0.0,0.0,0,0,0,0,0.0,0.0,0.0,57,0,0,0,27,2,11,11,11,27,0,0,0,11,27,0,Generic,1
5e-06,udp,dns,INT,2,0,114,0,200000.0051,254,0,91200000.0,0.0,0,0,0.005,0.0,0.0,0.0,0,0,0,0,0.0,0.0,0.0,57,0,0,0,21,2,4,4,4,21,0,0,0,4,21,0,Generic,1
6e-06,udp,dns,INT,2,0,114,0,166666.6608,254,0,76000000.0,0.0,0,0,0.006,0.0,0.0,0.0,0,0,0,0,0.0,0.0,0.0,57,0,0,0,6,2,6,6,6,6,0,0,0,6,6,0,Generic,1
9e-06,udp,dns,INT,2,0,114,0,111111.1072,254,0,50666664.0,0.0,0,0,0.009,0.0,0.0,0.0,0,0,0,0,0.0,0.0,0.0,57,0,0,0,15,2,2,2,2,15,0,0,0,5,15,0,Generic,1
6e-06,udp,dns,INT,2,0,114,0,166666.6608,254,0,76000000.0,0.0,0,0,0.006,0.0,0.0,0.0,0,0,0,0,0.0,0.0,0.0,57,0,0,0,30,2,18,18,18,30,0,0,0,18,30,0,Generic,1
9e-06,udp,dns,INT,2,0,114,0,111111.1072,254,0,50666664.0,0.0,0,0,0.009,0.0,0.0,0.0,0,0,0,0,0.0,0.0,0.0,57,0,0,0,8,2,4,4,4,8,0,0,0,4,8,0,Generic,1
2e-05,udp,dns,INT,2,0,114,0,50000.00126,254,0,22800000.0,0.0,0,0,0.02,0.0,0.0,0.0,0,0,0,0,0.0,0.0,0.0,57,0,0,0,30,2,7,7,7,30,0,0,0,7,30,0,Generic,1
2e-06,udp,dns,INT,2,0,114,0,500000.0013,254,0,228000000.0,0.0,0,0,0.002,0.0,0.0,0.0,0,0,0,0,0.0,0.0,0.0,57,0,0,0,30,2,14,14,14,30,0,0,0,15,30,0,Generic,1
4e-06,udp,dns,INT,2,0,114,0,250000.0006,254,0,114000000.0,0.0,0,0,0.004,0.0,0.0,0.0,0,0,0,0,0.0,0.0,0.0,57,0,0,0,30,2,12,12,12,30,0,0,0,12,30,0,Generic,1
4e-06,udp,dns,INT,2,0,114,0,250000.0006,254,0,114000000.0,0.0,0,0,0.004,0.0,0.0,0.0,0,0,0,0,0.0,0.0,0.0,57,0,0,0,21,2,16,16,16,21,0,0,0,16,21,0,Generic,1
2e-05,udp,dns,INT,2,0,114,0,50000.00126,254,0,22800000.0,0.0,0,0,0.02,0.0,0.0,0.0,0,0,0,0,0.0,0.0,0.0,57,0,0,0,9,2,9,9,9,9,0,0,0,9,9,0,Generic,1
2e-06,udp,dns,INT,2,0,114,0,500000.0013,254,0,228000000.0,0.0,0,0,0.002,0.0,0.0,0.0,0,0,0,0,0.0,0.0,0.0,57,0,0,0,8,2,4,4,4,8,0,0,0,4,8,0,Generic,1
4e-06,udp,dns,INT,2,0,114,0,250000.0006,254,0,114000000.0,0.0,0,0,0.004,0.0,0.0,0.0,0,0,0,0,0.0,0.0,0.0,57,0,0,0,10,2,10,10,10,11,0,0,0,10,10,0,Generic,1
3e-06,udp,dns,INT,2,0,114,0,333333.3215,254,0,152000000.0,0.0,0,0,0.003,0.0,0.0,0.0,0,0,0,0,0.0,0.0,0.0,57,0,0,0,17,2,18,17,17,17,0,0,0,19,17,0,Generic,1
9e-06,udp,dns,INT,2,0,114,0,111111.1072,254,0,50666664.0,0.0,0,0,0.009,0.0,0.0,0.0,0,0,0,0,0.0,0.0,0.0,57,0,0,0,27,2,16,16,16,27,0,0,0,17,27,0,Generic,1
1e-06,udp,dns,INT,2,0,114,0,1000000.003,254,0,456000000.0,0.0,0,0,0.001,0.0,0.0,0.0,0,0,0,0,0.0,0.0,0.0,57,0,0,0,26,2,18,18,18,26,0,0,0,19,26,0,Generic,1
3e-06,udp,dns,INT,2,0,114,0,333333.3215,254,0,152000000.0,0.0,0,0,0.003,0.0,0.0,0.0,0,0,0,0,0.0,0.0,0.0,57,0,0,0,26,2,6,6,6,26,0,0,0,6,26,0,Generic,1
1e-05,udp,dns,INT,2,0,114,0,100000.0025,254,0,45600000.0,0.0,0,0,0.01,0.0,0.0,0.0,0,0,0,0,0.0,0.0,0.0,57,0,0,0,14,2,8,8,8,14,0,0,0,8,14,0,Generic,1
3e-06,udp,dns,INT,2,0,114,0,333333.3215,254,0,152000000.0,0.0,0,0,0.003,0.0,0.0,0.0,0,0,0,0,0.0,0.0,0.0,57,0,0,0,28,2,10,10,10,28,0,0,0,10,28,0,Generic,1
3e-06,udp,dns,INT,2,0,114,0,333333.3215,254,0,152000000.0,0.0,0,0,0.003,0.0,0.0,0.0,0,0,0,0,0.0,0.0,0.0,57,0,0,0,14,2,4,4,4,14,0,0,0,5,14,0,Generic,1
5e-06,udp,dns,INT,2,0,114,0,200000.0051,254,0,91200000.0,0.0,0,0,0.005,0.0,0.0,0.0,0,0,0,0,0.0,0.0,0.0,57,0,0,0,16,2,16,16,16,16,0,0,0,19,16,0,Generic,1
6e-06,udp,dns,INT,2,0,114,0,166666.6608,254,0,76000000.0,0.0,0,0,0.006,0.0,0.0,0.0,0,0,0,0,0.0,0.0,0.0,57,0,0,0,37,2,16,16,16,37,0,0,0,16,37,0,Generic,1
2.7e-05,udp,dns,INT,2,0,114,0,37037.03698,254,0,16888888.0,0.0,0,0,0.027,0.0,0.0,0.0,0,0,0,0,0.0,0.0,0.0,57,0,0,0,29,2,18,18,18,29,0,0,0,21,29,0,Generic,1
3e-06,udp,dns,INT,2,0,114,0,333333.3215,254,0,152000000.0,0.0,0,0,0.003,0.0,0.0,0.0,0,0,0,0,0.0,0.0,0.0,57,0,0,0,22,2,15,15,15,22,0,0,0,15,22,0,Generic,1
8e-06,udp,dns,INT,2,0,114,0,125000.0003,254,0,57000000.0,0.0,0,0,0.008,0.0,0.0,0.0,0,0,0,0,0.0,0.0,0.0,57,0,0,0,37,2,21,21,11,37,0,0,0,21,37,0,Generic,1
3e-06,udp,dns,INT,2,0,114,0,333333.3215,254,0,152000000.0,0.0,0,0,0.003,0.0,0.0,0.0,0,0,0,0,0.0,0.0,0.0,57,0,0,0,29,2,11,11,11,29,0,0,0,13,29,0,Generic,1
3e-06,udp,dns,INT,2,0,114,0,333333.3215,254,0,152000000.0,0.0,0,0,0.003,0.0,0.0,0.0,0,0,0,0,0.0,0.0,0.0,57,0,0,0,29,2,17,17,17,29,0,0,0,17,29,0,Generic,1
3e-06,udp,dns,INT,2,0,114,0,333333.3215,254,0,152000000.0,0.0,0,0,0.003,0.0,0.0,0.0,0,0,0,0,0.0,0.0,0.0,57,0,0,0,34,2,6,6,6,34,0,0,0,6,34,0,Generic,1
3e-06,udp,dns,INT,2,0,114,0,333333.3215,254,0,152000000.0,0.0,0,0,0.003,0.0,0.0,0.0,0,0,0,0,0.0,0.0,0.0,57,0,0,0,25,2,25,25,11,25,0,0,0,25,25,0,Generic,1
8e-06,udp,dns,INT,2,0,114,0,125000.0003,254,0,57000000.0,0.0,0,0,0.008,0.0,0.0,0.0,0,0,0,0,0.0,0.0,0.0,57,0,0,0,17,2,9,9,4,17,0,0,0,9,17,0,Generic,1
1e-06,sep,-,INT,2,0,104,0,1000000.003,254,0,416000000.0,0.0,0,0,0.001,0.0,0.0,0.0,0,0,0,0,0.0,0.0,0.0,52,0,0,0,1,2,2,1,1,1,0,0,0,1,1,0,Generic,1
8e-06,udp,dns,INT,2,0,114,0,125000.0003,254,0,57000000.0,0.0,0,0,0.008,0.0,0.0,0.0,0,0,0,0,0.0,0.0,0.0,57,0,0,0,25,2,25,25,14,25,0,0,0,25,25,0,Generic,1
8e-06,udp,dns,INT,2,0,114,0,125000.0003,254,0,57000000.0,0.0,0,0,0.008,0.0,0.0,0.0,0,0,0,0,0.0,0.0,0.0,57,0,0,0,17,2,8,8,8,17,0,0,0,8,17,0,Generic,1
9e-06,udp,dns,INT,2,0,114,0,111111.1072,254,0,50666664.0,0.0,0,0,0.009,0.0,0.0,0.0,0,0,0,0,0.0,0.0,0.0,57,0,0,0,28,2,9,9,9,28,0,0,0,9,28,0,Generic,1
8e-06,udp,dns,INT,2,0,114,0,125000.0003,254,0,57000000.0,0.0,0,0,0.008,0.0,0.0,0.0,0,0,0,0,0.0,0.0,0.0,57,0,0,0,26,2,10,10,10,26,0,0,0,10,26,0,Generic,1
5e-06,udp,dns,INT,2,0,114,0,200000.0051,254,0,91200000.0,0.0,0,0,0.005,0.0,0.0,0.0,0,0,0,0,0.0,0.0,0.0,57,0,0,0,14,2,15,14,7,15,0,0,0,15,14,0,Generic,1
3e-06,udp,dns,INT,2,0,114,0,333333.3215,254,0,152000000.0,0.0,0,0,0.003,0.0,0.0,0.0,0,0,0,0,0.0,0.0,0.0,57,0,0,0,28,2,16,16,16,28,0,0,0,17,28,0,Generic,1
1e-05,udp,dns,INT,2,0,114,0,100000.0025,254,0,45600000.0,0.0,0,0,0.01,0.0,0.0,0.0,0,0,0,0,0.0,0.0,0.0,57,0,0,0,32,2,32,32,15,32,0,0,0,32,32,0,Generic,1
3e-06,udp,dns,INT,2,0,114,0,333333.3215,254,0,152000000.0,0.0,0,0,0.003,0.0,0.0,0.0,0,0,0,0,0.0,0.0,0.0,57,0,0,0,19,2,10,9,9,19,0,0,0,9,19,0,Generic,1
8e-06,udp,dns,INT,2,0,114,0,125000.0003,254,0,57000000.0,0.0,0,0,0.008,0.0,0.0,0.0,0,0,0,0,0.0,0.0,0.0,57,0,0,0,20,2,18,18,18,20,0,0,0,19,20,0,Generic,1
2e-06,udp,dns,INT,2,0,114,0,500000.0013,254,0,228000000.0,0.0,0,0,0.002,0.0,0.0,0.0,0,0,0,0,0.0,0.0,0.0,57,0,0,0,34,2,34,34,18,34,0,0,0,34,34,0,Generic,1
3e-06,udp,dns,INT,2,0,114,0,333333.3215,254,0,152000000.0,0.0,0,0,0.003,0.0,0.0,0.0,0,0,0,0,0.0,0.0,0.0,57,0,0,0,7,2,7,7,7,7,0,0,0,7,7,0,Generic,1
4e-06,udp,dns,INT,2,0,114,0,250000.0006,254,0,114000000.0,0.0,0,0,0.004,0.0,0.0,0.0,0,0,0,0,0.0,0.0,0.0,57,0,0,0,24,2,14,14,14,24,0,0,0,14,24,0,Generic,1
9e-06,udp,dns,INT,2,0,114,0,111111.1072,254,0,50666664.0,0.0,0,0,0.009,0.0,0.0,0.0,0,0,0,0,0.0,0.0,0.0,57,0,0,0,23,2,23,23,11,23,0,0,0,24,23,0,Generic,1
3e-06,udp,dns,INT,2,0,114,0,333333.3215,254,0,152000000.0,0.0,0,0,0.003,0.0,0.0,0.0,0,0,0,0,0.0,0.0,0.0,57,0,0,0,22,2,22,22,12,22,0,0,0,22,22,0,Generic,1
3e-06,udp,dns,INT,2,0,114,0,333333.3215,254,0,152000000.0,0.0,0,0,0.003,0.0,0.0,0.0,0,0,0,0,0.0,0.0,0.0,57,0,0,0,23,2,12,12,4,23,0,0,0,12,23,0,Generic,1
8e-06,udp,dns,INT,2,0,114,0,125000.0003,254,0,57000000.0,0.0,0,0,0.008,0.0,0.0,0.0,0,0,0,0,0.0,0.0,0.0,57,0,0,0,22,2,22,22,10,22,0,0,0,22,22,0,Generic,1
1e-06,udp,dns,INT,2,0,114,0,1000000.003,254,0,456000000.0,0.0,0,0,0.001,0.0,0.0,0.0,0,0,0,0,0.0,0.0,0.0,57,0,0,0,12,2,12,12,12,12,0,0,0,13,12,0,Generic,1
3e-06,udp,dns,INT,2,0,114,0,333333.3215,254,0,152000000.0,0.0,0,0,0.003,0.0,0.0,0.0,0,0,0,0,0.0,0.0,0.0,57,0,0,0,16,2,8,8,8,16,0,0,0,8,16,0,Generic,1
9e-06,udp,dns,INT,2,0,114,0,111111.1072,254,0,50666664.0,0.0,0,0,0.009,0.0,0.0,0.0,0,0,0,0,0.0,0.0,0.0,57,0,0,0,22,2,16,16,16,22,0,0,0,17,22,0,Generic,1
1e-06,udp,dns,INT,2,0,114,0,1000000.003,254,0,456000000.0,0.0,0,0,0.001,0.0,0.0,0.0,0,0,0,0,0.0,0.0,0.0,57,0,0,0,16,2,8,8,8,16,0,0,0,8,16,0,Generic,1
8e-06,udp,dns,INT,2,0,114,0,125000.0003,254,0,57000000.0,0.0,0,0,0.008,0.0,0.0,0.0,0,0,0,0,0.0,0.0,0.0,57,0,0,0,15,2,15,15,15,15,0,0,0,15,15,0,Generic,1
6e-06,udp,dns,INT,2,0,114,0,166666.6608,254,0,76000000.0,0.0,0,0,0.006,0.0,0.0,0.0,0,0,0,0,0.0,0.0,0.0,57,0,0,0,34,2,16,16,16,34,0,0,0,18,34,0,Generic,1
3e-06,udp,dns,INT,2,0,114,0,333333.3215,254,0,152000000.0,0.0,0,0,0.003,0.0,0.0,0.0,0,0,0,0,0.0,0.0,0.0,57,0,0,0,17,2,1,1,1,17,0,0,0,1,17,0,Generic,1
9e-06,udp,dns,INT,2,0,114,0,111111.1072,254,0,50666664.0,0.0,0,0,0.009,0.0,0.0,0.0,0,0,0,0,0.0,0.0,0.0,57,0,0,0,19,2,18,18,18,19,0,0,0,19,19,0,Generic,1
3e-06,udp,dns,INT,2,0,114,0,333333.3215,254,0,152000000.0,0.0,0,0,0.003,0.0,0.0,0.0,0,0,0,0,0.0,0.0,0.0,57,0,0,0,19,2,16,16,16,19,0,0,0,16,19,0,Generic,1
3e-06,udp,dns,INT,2,0,114,0,333333.3215,254,0,152000000.0,0.0,0,0,0.003,0.0,0.0,0.0,0,0,0,0,0.0,0.0,0.0,57,0,0,0,22,2,4,4,4,22,0,0,0,4,22,0,Generic,1
8e-06,udp,dns,INT,2,0,114,0,125000.0003,254,0,57000000.0,0.0,0,0,0.008,0.0,0.0,0.0,0,0,0,0,0.0,0.0,0.0,57,0,0,0,29,2,13,13,13,29,0,0,0,13,29,0,Generic,1
8e-06,udp,dns,INT,2,0,114,0,125000.0003,254,0,57000000.0,0.0,0,0,0.008,0.0,0.0,0.0,0,0,0,0,0.0,0.0,0.0,57,0,0,0,5,2,5,5,5,5,0,0,0,5,5,0,Generic,1
3e-06,udp,dns,INT,2,0,114,0,333333.3215,254,0,152000000.0,0.0,0,0,0.003,0.0,0.0,0.0,0,0,0,0,0.0,0.0,0.0,57,0,0,0,29,2,16,16,16,29,0,0,0,18,29,0,Generic,1
8e-06,udp,dns,INT,2,0,114,0,125000.0003,254,0,57000000.0,0.0,0,0,0.008,0.0,0.0,0.0,0,0,0,0,0.0,0.0,0.0,57,0,0,0,20,2,7,7,5,20,0,0,0,7,20,0,Generic,1
8e-06,udp,dns,INT,2,0,114,0,125000.0003,254,0,57000000.0,0.0,0,0,0.008,0.0,0.0,0.0,0,0,0,0,0.0,0.0,0.0,57,0,0,0,27,2,28,27,13,28,0,0,0,29,27,0,Generic,1
1.334548,tcp,http,FIN,10,8,812,2722,12.738395,62,252,4382.007812,14278.99219,2,2,148.154667,178.138281,7660.375146,312.5025,255,1927266813,3315079092,255,0.269286,0.087579,0.181707,81,340,1,963,2,1,2,2,2,2,0,0,4,2,2,0,Generic,1
9e-06,udp,dns,INT,2,0,114,0,111111.1072,254,0,50666664.0,0.0,0,0,0.009,0.0,0.0,0.0,0,0,0,0,0.0,0.0,0.0,57,0,0,0,25,2,11,10,10,25,0,0,0,10,25,0,Generic,1
8e-06,udp,dns,INT,2,0,114,0,125000.0003,254,0,57000000.0,0.0,0,0,0.008,0.0,0.0,0.0,0,0,0,0,0.0,0.0,0.0,57,0,0,0,30,2,30,30,13,30,0,0,0,30,30,0,Generic,1
8e-06,udp,dns,INT,2,0,114,0,125000.0003,254,0,57000000.0,0.0,0,0,0.008,0.0,0.0,0.0,0,0,0,0,0.0,0.0,0.0,57,0,0,0,30,2,30,30,17,30,0,0,0,30,30,0,Generic,1
7e-06,udp,dns,INT,2,0,114,0,142857.1409,254,0,65142856.0,0.0,0,0,0.007,0.0,0.0,0.0,0,0,0,0,0.0,0.0,0.0,57,0,0,0,15,2,15,15,15,15,0,0,0,15,15,0,Generic,1
3e-06,udp,dns,INT,2,0,114,0,333333.3215,254,0,152000000.0,0.0,0,0,0.003,0.0,0.0,0.0,0,0,0,0,0.0,0.0,0.0,57,0,0,0,20,2,16,16,16,20,0,0,0,16,20,0,Generic,1
6e-06,udp,dns,INT,2,0,114,0,166666.6608,254,0,76000000.0,0.0,0,0,0.006,0.0,0.0,0.0,0,0,0,0,0.0,0.0,0.0,57,0,0,0,33,2,17,17,17,33,0,0,0,17,33,0,Generic,1
3e-06,udp,dns,INT,2,0,114,0,333333.3215,254,0,152000000.0,0.0,0,0,0.003,0.0,0.0,0.0,0,0,0,0,0.0,0.0,0.0,57,0,0,0,20,2,16,16,16,20,0,0,0,18,20,0,Generic,1
0.791138,tcp,-,FIN,10,10,998,444,24.016038,254,252,9090.702148,4044.806396,2,2,87.904222,77.304781,6070.841644,115.077859,255,1660898356,440139229,255,0.117135,0.068539,0.048596,100,44,0,0,3,1,1,1,1,1,0,0,0,2,1,0,Generic,1
8e-06,udp,dns,INT,2,0,114,0,125000.0003,254,0,57000000.0,0.0,0,0,0.008,0.0,0.0,0.0,0,0,0,0,0.0,0.0,0.0,57,0,0,0,30,2,16,16,16,30,0,0,0,17,30,0,Generic,1
3e-06,udp,dns,INT,2,0,114,0,333333.3215,254,0,152000000.0,0.0,0,0,0.003,0.0,0.0,0.0,0,0,0,0,0.0,0.0,0.0,57,0,0,0,28,2,15,15,15,29,0,0,0,15,28,0,Generic,1
8e-06,udp,dns,INT,2,0,114,0,125000.0003,254,0,57000000.0,0.0,0,0,0.008,0.0,0.0,0.0,0,0,0,0,0.0,0.0,0.0,57,0,0,0,28,2,14,13,13,29,0,0,0,14,28,0,Generic,1
0.844137,tcp,-,FIN,10,8,500,354,20.138911,254,252,4264.710449,2937.911621,2,1,91.548444,111.373859,5787.874464,151.258469,255,1527550250,1084472270,255,0.138005,0.064515,0.07349,50,44,0,0,1,1,1,1,1,1,0,0,0,1,4,0,Generic,1
4e-06,dgp,-,INT,2,0,200,0,250000.0006,254,0,200000000.0,0.0,0,0,0.004,0.0,0.0,0.0,0,0,0,0,0.0,0.0,0.0,100,0,0,0,7,2,4,4,4,7,0,0,0,6,7,0,Generic,1
5e-06,udp,dns,INT,2,0,114,0,200000.0051,254,0,91200000.0,0.0,0,0,0.005,0.0,0.0,0.0,0,0,0,0,0.0,0.0,0.0,57,0,0,0,25,2,14,14,14,25,0,0,0,14,25,0,Generic,1
5e-06,udp,dns,INT,2,0,114,0,200000.0051,254,0,91200000.0,0.0,0,0,0.005,0.0,0.0,0.0,0,0,0,0,0.0,0.0,0.0,57,0,0,0,25,2,15,15,15,25,0,0,0,15,25,0,Generic,1
5e-06,udp,dns,INT,2,0,114,0,200000.0051,254,0,91200000.0,0.0,0,0,0.005,0.0,0.0,0.0,0,0,0,0,0.0,0.0,0.0,57,0,0,0,28,2,3,3,3,28,0,0,0,3,28,0,Generic,1
3.2e-05,udp,dns,INT,2,0,114,0,31250.00008,254,0,14250000.0,0.0,0,0,0.032,0.0,0.0,0.0,0,0,0,0,0.0,0.0,0.0,57,0,0,0,34,2,36,34,16,34,0,0,0,34,34,0,Generic,1
9e-06,udp,dns,INT,2,0,114,0,111111.1072,254,0,50666664.0,0.0,0,0,0.009,0.0,0.0,0.0,0,0,0,0,0.0,0.0,0.0,57,0,0,0,22,2,5,5,5,22,0,0,0,5,22,0,Generic,1
8e-06,udp,dns,INT,2,0,114,0,125000.0003,254,0,57000000.0,0.0,0,0,0.008,0.0,0.0,0.0,0,0,0,0,0.0,0.0,0.0,57,0,0,0,34,2,36,34,18,34,0,0,0,34,34,0,Generic,1
33.305622,tcp,ssl,FIN,80,376,4134,498506,13.661357,254,252,980.735352,119422.7188,4,185,421.58888,88.535165,87544.12055,40764.447,255,3758802576,2365689884,255,0.231272,0.104929,0.126343,52,1326,0,0,4,1,3,3,1,4,0,0,0,3,4,0,Generic,1
5e-06,udp,dns,INT,2,0,114,0,200000.0051,254,0,91200000.0,0.0,0,0,0.005,0.0,0.0,0.0,0,0,0,0,0.0,0.0,0.0,57,0,0,0,24,2,24,24,9,24,0,0,0,24,24,0,Generic,1
8e-06,udp,dns,INT,2,0,114,0,125000.0003,254,0,57000000.0,0.0,0,0,0.008,0.0,0.0,0.0,0,0,0,0,0.0,0.0,0.0,57,0,0,0,18,2,10,10,10,18,0,0,0,10,18,0,Generic,1
4e-06,udp,dns,INT,2,0,114,0,250000.0006,254,0,114000000.0,0.0,0,0,0.004,0.0,0.0,0.0,0,0,0,0,0.0,0.0,0.0,57,0,0,0,19,2,8,8,8,19,0,0,0,8,19,0,Generic,1
4e-06,udp,dns,INT,2,0,114,0,250000.0006,254,0,114000000.0,0.0,0,0,0.004,0.0,0.0,0.0,0,0,0,0,0.0,0.0,0.0,57,0,0,0,24,2,10,10,10,24,0,0,0,10,24,0,Generic,1
9e-06,udp,dns,INT,2,0,114,0,111111.1072,254,0,50666664.0,0.0,0,0,0.009,0.0,0.0,0.0,0,0,0,0,0.0,0.0,0.0,57,0,0,0,21,2,6,5,5,21,0,0,0,5,21,0,Generic,1
4e-06,udp,-,INT,2,0,1346,0,250000.0006,254,0,1346000000.0,0.0,0,0,0.004,0.0,0.0,0.0,0,0,0,0,0.0,0.0,0.0,673,0,0,0,4,2,1,1,1,1,0,0,0,3,1,0,Generic,1
6e-06,udp,dns,INT,2,0,114,0,166666.6608,254,0,76000000.0,0.0,0,0,0.006,0.0,0.0,0.0,0,0,0,0,0.0,0.0,0.0,57,0,0,0,17,2,5,5,5,17,0,0,0,5,17,0,Generic,1
6e-06,udp,dns,INT,2,0,114,0,166666.6608,254,0,76000000.0,0.0,0,0,0.006,0.0,0.0,0.0,0,0,0,0,0.0,0.0,0.0,57,0,0,0,19,2,11,11,11,19,0,0,0,11,19,0,Generic,1
9e-06,udp,dns,INT,2,0,114,0,111111.1072,254,0,50666664.0,0.0,0,0,0.009,0.0,0.0,0.0,0,0,0,0,0.0,0.0,0.0,57,0,0,0,17,2,17,16,16,17,0,0,0,17,17,0,Generic,1
8e-06,udp,dns,INT,2,0,114,0,125000.0003,254,0,57000000.0,0.0,0,0,0.008,0.0,0.0,0.0,0,0,0,0,0.0,0.0,0.0,57,0,0,0,33,2,19,18,18,33,0,0,0,19,33,0,Generic,1
1e-06,udp,dns,INT,2,0,114,0,1000000.003,254,0,456000000.0,0.0,0,0,0.001,0.0,0.0,0.0,0,0,0,0,0.0,0.0,0.0,57,0,0,0,18,2,18,18,18,18,0,0,0,20,18,0,Generic,1
9e-06,udp,dns,INT,2,0,114,0,111111.1072,254,0,50666664.0,0.0,0,0,0.009,0.0,0.0,0.0,0,0,0,0,0.0,0.0,0.0,57,0,0,0,25,2,6,6,6,25,0,0,0,6,25,0,Generic,1
6e-06,ospf,-,INT,2,0,200,0,166666.6608,254,0,133333328.0,0.0,0,0,0.006,0.0,0.0,0.0,0,0,0,0,0.0,0.0,0.0,100,0,0,0,7,2,3,3,3,7,0,0,0,3,7,0,Generic,1
1.875256,tcp,http,FIN,10,10,936,3152,10.13195,254,252,3596.309082,12102.88086,2,2,208.302889,197.449891,12730.99008,311.250031,255,2446460465,197311327,255,0.144254,0.098206,0.046048,94,315,1,1081,1,1,1,1,1,1,0,0,1,2,1,0,Generic,1
9e-06,udp,dns,INT,2,0,114,0,111111.1072,254,0,50666664.0,0.0,0,0,0.009,0.0,0.0,0.0,0,0,0,0,0.0,0.0,0.0,57,0,0,0,34,2,12,12,12,34,0,0,0,12,34,0,Generic,1
1e-05,udp,-,INT,2,0,1414,0,100000.0025,254,0,565600000.0,0.0,0,0,0.01,0.0,0.0,0.0,0,0,0,0,0.0,0.0,0.0,707,0,0,0,2,2,1,1,1,1,0,0,0,1,1,0,Generic,1
9e-06,udp,dns,INT,2,0,114,0,111111.1072,254,0,50666664.0,0.0,0,0,0.009,0.0,0.0,0.0,0,0,0,0,0.0,0.0,0.0,57,0,0,0,25,2,11,11,11,25,0,0,0,11,25,0,Generic,1
8e-06,unas,-,INT,2,0,200,0,125000.0003,254,0,100000000.0,0.0,0,0,0.008,0.0,0.0,0.0,0,0,0,0,0.0,0.0,0.0,100,0,0,0,6,2,3,3,3,6,0,0,0,4,6,0,Generic,1
8e-06,udp,dns,INT,2,0,114,0,125000.0003,254,0,57000000.0,0.0,0,0,0.008,0.0,0.0,0.0,0,0,0,0,0.0,0.0,0.0,57,0,0,0,33,2,15,15,15,33,0,0,0,15,33,0,Generic,1
8e-06,unas,-,INT,2,0,200,0,125000.0003,254,0,100000000.0,0.0,0,0,0.008,0.0,0.0,0.0,0,0,0,0,0.0,0.0,0.0,100,0,0,0,7,2,3,3,3,7,0,0,0,4,7,0,Generic,1
3e-06,udp,dns,INT,2,0,114,0,333333.3215,254,0,152000000.0,0.0,0,0,0.003,0.0,0.0,0.0,0,0,0,0,0.0,0.0,0.0,57,0,0,0,22,2,17,17,17,22,0,0,0,17,22,0,Generic,1
5e-06,udp,dns,INT,2,0,114,0,200000.0051,254,0,91200000.0,0.0,0,0,0.005,0.0,0.0,0.0,0,0,0,0,0.0,0.0,0.0,57,0,0,0,31,2,30,30,15,31,0,0,0,30,31,0,Generic,1
4e-06,mtp,-,INT,2,0,200,0,250000.0006,254,0,200000000.0,0.0,0,0,0.004,0.0,0.0,0.0,0,0,0,0,0.0,0.0,0.0,100,0,0,0,6,2,3,3,3,6,0,0,0,4,6,0,Generic,1
7e-06,udp,dns,INT,2,0,114,0,142857.1409,254,0,65142856.0,0.0,0,0,0.007,0.0,0.0,0.0,0,0,0,0,0.0,0.0,0.0,57,0,0,0,26,2,18,18,18,26,0,0,0,20,26,0,Generic,1
9e-06,udp,dns,INT,2,0,114,0,111111.1072,254,0,50666664.0,0.0,0,0,0.009,0.0,0.0,0.0,0,0,0,0,0.0,0.0,0.0,57,0,0,0,25,2,25,25,13,25,0,0,0,25,25,0,Generic,1
3e-06,udp,dns,INT,2,0,114,0,333333.3215,254,0,152000000.0,0.0,0,0,0.003,0.0,0.0,0.0,0,0,0,0,0.0,0.0,0.0,57,0,0,0,27,2,18,16,16,27,0,0,0,16,27,0,Generic,1
9e-06,udp,dns,INT,2,0,114,0,111111.1072,254,0,50666664.0,0.0,0,0,0.009,0.0,0.0,0.0,0,0,0,0,0.0,0.0,0.0,57,0,0,0,17,2,12,12,8,17,0,0,0,12,17,0,Generic,1
3e-06,udp,dns,INT,2,0,114,0,333333.3215,254,0,152000000.0,0.0,0,0,0.003,0.0,0.0,0.0,0,0,0,0,0.0,0.0,0.0,57,0,0,0,17,2,18,17,17,17,0,0,0,17,17,0,Generic,1
9e-06,udp,dns,INT,2,0,114,0,111111.1072,254,0,50666664.0,0.0,0,0,0.009,0.0,0.0,0.0,0,0,0,0,0.0,0.0,0.0,57,0,0,0,22,2,22,22,8,22,0,0,0,22,22,0,Generic,1
3e-06,udp,dns,INT,2,0,114,0,333333.3215,254,0,152000000.0,0.0,0,0,0.003,0.0,0.0,0.0,0,0,0,0,0.0,0.0,0.0,57,0,0,0,25,2,25,25,12,25,0,0,0,25,25,0,Generic,1
1.156966,tcp,http,FIN,18,76,1724,90280,80.382658,62,252,11263.94434,616045.75,2,35,68.056824,14.300933,3871.554334,1665.997251,255,3353664040,753411491,255,0.134455,0.083415,0.05104,96,1188,1,43222,1,1,1,1,1,1,0,0,1,2,1,0,Generic,1
4e-06,udp,dns,INT,2,0,114,0,250000.0006,254,0,114000000.0,0.0,0,0,0.004,0.0,0.0,0.0,0,0,0,0,0.0,0.0,0.0,57,0,0,0,20,2,16,16,16,20,0,0,0,16,20,0,Generic,1
3e-06,udp,dns,INT,2,0,114,0,333333.3215,254,0,152000000.0,0.0,0,0,0.003,0.0,0.0,0.0,0,0,0,0,0.0,0.0,0.0,57,0,0,0,16,2,13,12,12,16,0,0,0,12,16,0,Generic,1
9e-06,udp,dns,INT,2,0,114,0,111111.1072,254,0,50666664.0,0.0,0,0,0.009,0.0,0.0,0.0,0,0,0,0,0.0,0.0,0.0,57,0,0,0,22,2,22,22,14,22,0,0,0,22,22,0,Generic,1
4e-06,udp,dns,INT,2,0,114,0,250000.0006,254,0,114000000.0,0.0,0,0,0.004,0.0,0.0,0.0,0,0,0,0,0.0,0.0,0.0,57,0,0,0,29,2,29,29,15,29,0,0,0,29,29,0,Generic,1
4e-06,udp,dns,INT,2,0,114,0,250000.0006,254,0,114000000.0,0.0,0,0,0.004,0.0,0.0,0.0,0,0,0,0,0.0,0.0,0.0,57,0,0,0,23,2,18,18,9,23,0,0,0,19,23,0,Generic,1
2e-06,udp,dns,INT,2,0,114,0,500000.0013,254,0,228000000.0,0.0,0,0,0.002,0.0,0.0,0.0,0,0,0,0,0.0,0.0,0.0,57,0,0,0,27,2,16,16,16,27,0,0,0,17,27,0,Generic,1
4e-06,udp,dns,INT,2,0,114,0,250000.0006,254,0,114000000.0,0.0,0,0,0.004,0.0,0.0,0.0,0,0,0,0,0.0,0.0,0.0,57,0,0,0,34,2,16,16,7,34,0,0,0,16,34,0,Generic,1
3e-05,udp,dns,INT,2,0,114,0,33333.33418,254,0,15200000.0,0.0,0,0,0.03,0.0,0.0,0.0,0,0,0,0,0.0,0.0,0.0,57,0,0,0,24,2,13,13,13,24,0,0,0,13,24,0,Generic,1
1.5e-05,ddp,-,INT,2,0,200,0,66666.66835,254,0,53333336.0,0.0,0,0,0.015,0.0,0.0,0.0,0,0,0,0,0.0,0.0,0.0,100,0,0,0,3,2,1,1,1,3,0,0,0,1,3,0,Generic,1
5e-06,udp,dns,INT,2,0,114,0,200000.0051,254,0,91200000.0,0.0,0,0,0.005,0.0,0.0,0.0,0,0,0,0,0.0,0.0,0.0,57,0,0,0,30,2,10,10,7,30,0,0,0,10,30,0,Generic,1
2e-06,udp,dns,INT,2,0,114,0,500000.0013,254,0,228000000.0,0.0,0,0,0.002,0.0,0.0,0.0,0,0,0,0,0.0,0.0,0.0,57,0,0,0,24,2,24,24,15,24,0,0,0,24,24,0,Generic,1
2e-06,udp,dns,INT,2,0,114,0,500000.0013,254,0,228000000.0,0.0,0,0,0.002,0.0,0.0,0.0,0,0,0,0,0.0,0.0,0.0,57,0,0,0,30,2,10,10,3,30,0,0,0,10,30,0,Generic,1
9e-06,pri-enc,-,INT,2,0,200,0,111111.1072,254,0,88888888.0,0.0,0,0,0.009,0.0,0.0,0.0,0,0,0,0,0.0,0.0,0.0,100,0,0,0,5,2,3,3,3,5,0,0,0,4,5,0,Generic,1
8e-06,udp,dns,INT,2,0,114,0,125000.0003,254,0,57000000.0,0.0,0,0,0.008,0.0,0.0,0.0,0,0,0,0,0.0,0.0,0.0,57,0,0,0,26,2,19,18,18,26,0,0,0,18,26,0,Generic,1
8e-06,udp,dns,INT,2,0,114,0,125000.0003,254,0,57000000.0,0.0,0,0,0.008,0.0,0.0,0.0,0,0,0,0,0.0,0.0,0.0,57,0,0,0,17,2,4,4,4,17,0,0,0,4,17,0,Generic,1
3e-06,udp,dns,INT,2,0,114,0,333333.3215,254,0,152000000.0,0.0,0,0,0.003,0.0,0.0,0.0,0,0,0,0,0.0,0.0,0.0,57,0,0,0,32,2,24,23,14,32,0,0,0,23,32,0,Generic,1
3e-06,udp,dns,INT,2,0,114,0,333333.3215,254,0,152000000.0,0.0,0,0,0.003,0.0,0.0,0.0,0,0,0,0,0.0,0.0,0.0,57,0,0,0,9,2,9,9,6,9,0,0,0,9,9,0,Generic,1
4e-06,udp,dns,INT,2,0,114,0,250000.0006,254,0,114000000.0,0.0,0,0,0.004,0.0,0.0,0.0,0,0,0,0,0.0,0.0,0.0,57,0,0,0,39,2,18,18,18,39,0,0,0,18,39,0,Generic,1
9e-06,udp,dns,INT,2,0,114,0,111111.1072,254,0,50666664.0,0.0,0,0,0.009,0.0,0.0,0.0,0,0,0,0,0.0,0.0,0.0,57,0,0,0,27,2,14,13,13,27,0,0,0,15,27,0,Generic,1
7e-06,udp,dns,INT,2,0,114,0,142857.1409,254,0,65142856.0,0.0,0,0,0.007,0.0,0.0,0.0,0,0,0,0,0.0,0.0,0.0,57,0,0,0,38,2,35,35,15,38,0,0,0,35,38,0,Generic,1
7e-06,ifmp,-,INT,2,0,200,0,142857.1409,254,0,114285712.0,0.0,0,0,0.007,0.0,0.0,0.0,0,0,0,0,0.0,0.0,0.0,100,0,0,0,5,2,2,2,2,5,0,0,0,3,5,0,Generic,1
5e-06,udp,dns,INT,2,0,114,0,200000.0051,254,0,91200000.0,0.0,0,0,0.005,0.0,0.0,0.0,0,0,0,0,0.0,0.0,0.0,57,0,0,0,46,2,14,14,12,46,0,0,0,14,46,0,Generic,1
9e-06,udp,dns,INT,2,0,114,0,111111.1072,254,0,50666664.0,0.0,0,0,0.009,0.0,0.0,0.0,0,0,0,0,0.0,0.0,0.0,57,0,0,0,34,2,34,34,16,34,0,0,0,35,34,0,Generic,1
4e-06,udp,dns,INT,2,0,114,0,250000.0006,254,0,114000000.0,0.0,0,0,0.004,0.0,0.0,0.0,0,0,0,0,0.0,0.0,0.0,57,0,0,0,38,2,35,35,20,38,0,0,0,35,38,0,Generic,1
0.262373,tcp,http,FIN,10,8,1170,1990,64.793252,62,252,32106.96289,53115.22266,2,2,29.152556,34.40157,1600.182128,57.806617,255,2155790591,1441962232,255,0.060235,0.012353,0.047882,117,249,1,441,3,1,1,1,1,1,0,0,1,1,1,0,Generic,1
1e-05,udp,dns,INT,2,0,114,0,100000.0025,254,0,45600000.0,0.0,0,0,0.01,0.0,0.0,0.0,0,0,0,0,0.0,0.0,0.0,57,0,0,0,26,2,10,10,10,26,0,0,0,10,26,0,Generic,1
3e-06,udp,dns,INT,2,0,114,0,333333.3215,254,0,152000000.0,0.0,0,0,0.003,0.0,0.0,0.0,0,0,0,0,0.0,0.0,0.0,57,0,0,0,25,2,16,16,16,25,0,0,0,17,25,0,Generic,1
8e-06,udp,dns,INT,2,0,114,0,125000.0003,254,0,57000000.0,0.0,0,0,0.008,0.0,0.0,0.0,0,0,0,0,0.0,0.0,0.0,57,0,0,0,26,2,16,15,15,26,0,0,0,15,26,0,Generic,1
9e-06,udp,dns,INT,2,0,114,0,111111.1072,254,0,50666664.0,0.0,0,0,0.009,0.0,0.0,0.0,0,0,0,0,0.0,0.0,0.0,57,0,0,0,33,2,17,16,16,33,0,0,0,16,33,0,Generic,1
7e-06,udp,dns,INT,2,0,114,0,142857.1409,254,0,65142856.0,0.0,0,0,0.007,0.0,0.0,0.0,0,0,0,0,0.0,0.0,0.0,57,0,0,0,14,2,14,14,14,14,0,0,0,14,14,0,Generic,1
9e-06,unas,-,INT,2,0,200,0,111111.1072,254,0,88888888.0,0.0,0,0,0.009,0.0,0.0,0.0,0,0,0,0,0.0,0.0,0.0,100,0,0,0,6,2,2,2,2,6,0,0,0,4,6,0,Generic,1
7e-06,udp,dns,INT,2,0,114,0,142857.1409,254,0,65142856.0,0.0,0,0,0.007,0.0,0.0,0.0,0,0,0,0,0.0,0.0,0.0,57,0,0,0,4,2,4,4,4,4,0,0,0,4,4,0,Generic,1
9e-06,udp,dns,INT,2,0,114,0,111111.1072,254,0,50666664.0,0.0,0,0,0.009,0.0,0.0,0.0,0,0,0,0,0.0,0.0,0.0,57,0,0,0,27,2,10,10,6,27,0,0,0,10,27,0,Generic,1
9e-06,udp,dns,INT,2,0,114,0,111111.1072,254,0,50666664.0,0.0,0,0,0.009,0.0,0.0,0.0,0,0,0,0,0.0,0.0,0.0,57,0,0,0,40,2,12,12,8,40,0,0,0,12,40,0,Generic,1
4e-06,udp,dns,INT,2,0,114,0,250000.0006,254,0,114000000.0,0.0,0,0,0.004,0.0,0.0,0.0,0,0,0,0,0.0,0.0,0.0,57,0,0,0,27,2,10,10,4,27,0,0,0,10,27,0,Generic,1
9e-06,udp,dns,INT,2,0,114,0,111111.1072,254,0,50666664.0,0.0,0,0,0.009,0.0,0.0,0.0,0,0,0,0,0.0,0.0,0.0,57,0,0,0,14,2,14,14,6,14,0,0,0,14,14,0,Generic,1
5e-06,udp,dns,INT,2,0,114,0,200000.0051,254,0,91200000.0,0.0,0,0,0.005,0.0,0.0,0.0,0,0,0,0,0.0,0.0,0.0,57,0,0,0,29,2,29,29,13,29,0,0,0,29,29,0,Generic,1
1e-06,udp,dns,INT,2,0,114,0,1000000.003,254,0,456000000.0,0.0,0,0,0.001,0.0,0.0,0.0,0,0,0,0,0.0,0.0,0.0,57,0,0,0,22,2,5,5,5,22,0,0,0,6,22,0,Generic,1
1e-06,udp,dns,INT,2,0,114,0,1000000.003,254,0,456000000.0,0.0,0,0,0.001,0.0,0.0,0.0,0,0,0,0,0.0,0.0,0.0,57,0,0,0,24,2,11,11,11,24,0,0,0,11,24,0,Generic,1
4e-06,udp,dns,INT,2,0,114,0,250000.0006,254,0,114000000.0,0.0,0,0,0.004,0.0,0.0,0.0,0,0,0,0,0.0,0.0,0.0,57,0,0,0,30,2,14,14,14,30,0,0,0,14,30,0,Generic,1
9e-06,udp,dns,INT,2,0,114,0,111111.1072,254,0,50666664.0,0.0,0,0,0.009,0.0,0.0,0.0,0,0,0,0,0.0,0.0,0.0,57,0,0,0,27,2,17,16,16,27,0,0,0,16,27,0,Generic,1
9e-06,udp,dns,INT,2,0,114,0,111111.1072,254,0,50666664.0,0.0,0,0,0.009,0.0,0.0,0.0,0,0,0,0,0.0,0.0,0.0,57,0,0,0,14,2,6,6,6,14,0,0,0,6,14,0,Generic,1
9e-06,udp,dns,INT,2,0,114,0,111111.1072,254,0,50666664.0,0.0,0,0,0.009,0.0,0.0,0.0,0,0,0,0,0.0,0.0,0.0,57,0,0,0,22,2,17,17,17,22,0,0,0,17,22,0,Generic,1
5e-06,udp,dns,INT,2,0,114,0,200000.0051,254,0,91200000.0,0.0,0,0,0.005,0.0,0.0,0.0,0,0,0,0,0.0,0.0,0.0,57,0,0,0,23,2,7,7,7,23,0,0,0,7,23,0,Generic,1
9e-06,udp,dns,INT,2,0,114,0,111111.1072,254,0,50666664.0,0.0,0,0,0.009,0.0,0.0,0.0,0,0,0,0,0.0,0.0,0.0,57,0,0,0,26,2,16,16,16,26,0,0,0,16,26,0,Generic,1
3e-06,udp,dns,INT,2,0,114,0,333333.3215,254,0,152000000.0,0.0,0,0,0.003,0.0,0.0,0.0,0,0,0,0,0.0,0.0,0.0,57,0,0,0,26,2,16,16,16,26,0,0,0,16,26,0,Generic,1
3e-06,udp,dns,INT,2,0,114,0,333333.3215,254,0,152000000.0,0.0,0,0,0.003,0.0,0.0,0.0,0,0,0,0,0.0,0.0,0.0,57,0,0,0,21,2,20,18,18,21,0,0,0,18,21,0,Generic,1
8e-06,udp,dns,INT,2,0,114,0,125000.0003,254,0,57000000.0,0.0,0,0,0.008,0.0,0.0,0.0,0,0,0,0,0.0,0.0,0.0,57,0,0,0,21,2,14,14,14,21,0,0,0,14,21,0,Generic,1
9e-06,udp,dns,INT,2,0,114,0,111111.1072,254,0,50666664.0,0.0,0,0,0.009,0.0,0.0,0.0,0,0,0,0,0.0,0.0,0.0,57,0,0,0,4,2,4,4,4,4,0,0,0,4,4,0,Generic,1
9e-06,udp,dns,INT,2,0,114,0,111111.1072,254,0,50666664.0,0.0,0,0,0.009,0.0,0.0,0.0,0,0,0,0,0.0,0.0,0.0,57,0,0,0,19,2,17,17,17,19,0,0,0,18,19,0,Generic,1
1e-06,udp,dns,INT,2,0,114,0,1000000.003,254,0,456000000.0,0.0,0,0,0.001,0.0,0.0,0.0,0,0,0,0,0.0,0.0,0.0,57,0,0,0,35,2,34,34,18,35,0,0,0,34,35,0,Generic,1
4e-06,udp,dns,INT,2,0,114,0,250000.0006,254,0,114000000.0,0.0,0,0,0.004,0.0,0.0,0.0,0,0,0,0,0.0,0.0,0.0,57,0,0,0,46,2,14,14,12,46,0,0,0,14,46,0,Generic,1
3e-06,udp,dns,INT,2,0,114,0,333333.3215,254,0,152000000.0,0.0,0,0,0.003,0.0,0.0,0.0,0,0,0,0,0.0,0.0,0.0,57,0,0,0,30,2,12,12,12,30,0,0,0,13,30,0,Generic,1
0.980146,tcp,http,FIN,10,10,826,736,19.384867,254,252,6072.564941,5411.438965,2,2,108.905111,95.024336,6624.48693,158.573375,255,2946128955,1282744087,255,0.124963,0.067529,0.057434,83,74,1,0,1,1,1,1,1,1,0,0,1,14,1,0,Generic,1
6e-06,udp,dns,INT,2,0,114,0,166666.6608,254,0,76000000.0,0.0,0,0,0.006,0.0,0.0,0.0,0,0,0,0,0.0,0.0,0.0,57,0,0,0,19,2,17,17,17,19,0,0,0,17,19,0,Generic,1
9e-06,udp,dns,INT,2,0,114,0,111111.1072,254,0,50666664.0,0.0,0,0,0.009,0.0,0.0,0.0,0,0,0,0,0.0,0.0,0.0,57,0,0,0,13,2,13,13,13,13,0,0,0,14,13,0,Generic,1
1e-05,udp,dns,INT,2,0,114,0,100000.0025,254,0,45600000.0,0.0,0,0,0.01,0.0,0.0,0.0,0,0,0,0,0.0,0.0,0.0,57,0,0,0,39,2,39,39,25,39,0,0,0,39,39,0,Generic,1
9e-06,udp,dns,INT,2,0,114,0,111111.1072,254,0,50666664.0,0.0,0,0,0.009,0.0,0.0,0.0,0,0,0,0,0.0,0.0,0.0,57,0,0,0,20,2,4,4,4,20,0,0,0,4,20,0,Generic,1
4e-06,udp,dns,INT,2,0,114,0,250000.0006,254,0,114000000.0,0.0,0,0,0.004,0.0,0.0,0.0,0,0,0,0,0.0,0.0,0.0,57,0,0,0,17,2,16,16,16,17,0,0,0,17,17,0,Generic,1
6e-06,udp,dns,INT,2,0,114,0,166666.6608,254,0,76000000.0,0.0,0,0,0.006,0.0,0.0,0.0,0,0,0,0,0.0,0.0,0.0,57,0,0,0,35,2,8,8,7,35,0,0,0,8,35,0,Generic,1
9e-06,udp,dns,INT,2,0,114,0,111111.1072,254,0,50666664.0,0.0,0,0,0.009,0.0,0.0,0.0,0,0,0,0,0.0,0.0,0.0,57,0,0,0,25,2,9,8,8,26,0,0,0,8,25,0,Generic,1
0.660714,tcp,http,FIN,10,12,844,4030,31.783799,62,252,9202.166992,44739.48047,2,3,73.412667,55.398092,4491.717726,3863.717592,255,3211434452,626406662,255,0.136992,0.050599,0.086393,84,336,1,1506,2,1,2,2,2,2,0,0,4,2,2,0,Generic,1
3e-06,udp,dns,INT,2,0,114,0,333333.3215,254,0,152000000.0,0.0,0,0,0.003,0.0,0.0,0.0,0,0,0,0,0.0,0.0,0.0,57,0,0,0,30,2,18,18,18,30,0,0,0,18,30,0,Generic,1
6e-06,udp,dns,INT,2,0,114,0,166666.6608,254,0,76000000.0,0.0,0,0,0.006,0.0,0.0,0.0,0,0,0,0,0.0,0.0,0.0,57,0,0,0,39,2,39,39,25,39,0,0,0,39,39,0,Generic,1
3e-06,udp,dns,INT,2,0,114,0,333333.3215,254,0,152000000.0,0.0,0,0,0.003,0.0,0.0,0.0,0,0,0,0,0.0,0.0,0.0,57,0,0,0,30,2,30,30,15,30,0,0,0,30,30,0,Generic,1
5e-06,udp,dns,INT,2,0,114,0,200000.0051,254,0,91200000.0,0.0,0,0,0.005,0.0,0.0,0.0,0,0,0,0,0.0,0.0,0.0,57,0,0,0,13,2,9,9,9,13,0,0,0,9,13,0,Generic,1
7e-06,udp,-,INT,2,0,968,0,142857.1409,254,0,553142848.0,0.0,0,0,0.007,0.0,0.0,0.0,0,0,0,0,0.0,0.0,0.0,484,0,0,0,5,2,2,2,2,2,0,0,0,2,2,0,Generic,1
1e-06,udp,dns,INT,2,0,114,0,1000000.003,254,0,456000000.0,0.0,0,0,0.001,0.0,0.0,0.0,0,0,0,0,0.0,0.0,0.0,57,0,0,0,18,2,17,16,16,18,0,0,0,16,18,0,Generic,1
8e-06,udp,-,INT,2,0,1508,0,125000.0003,254,0,754000000.0,0.0,0,0,0.008,0.0,0.0,0.0,0,0,0,0,0.0,0.0,0.0,754,0,0,0,2,2,2,1,1,1,0,0,0,1,3,0,Generic,1
0.827211,tcp,http,FIN,10,10,1160,2754,22.968746,62,252,10096.57715,23974.53516,2,2,91.912333,83.866219,5283.514619,155.434406,255,2187600753,1437223163,255,0.169538,0.071716,0.097822,116,275,1,784,1,1,1,1,1,1,0,0,1,2,1,0,Generic,1
8e-06,udp,dns,INT,2,0,114,0,125000.0003,254,0,57000000.0,0.0,0,0,0.008,0.0,0.0,0.0,0,0,0,0,0.0,0.0,0.0,57,0,0,0,20,2,18,18,18,20,0,0,0,18,20,0,Generic,1
6e-06,udp,dns,INT,2,0,114,0,166666.6608,254,0,76000000.0,0.0,0,0,0.006,0.0,0.0,0.0,0,0,0,0,0.0,0.0,0.0,57,0,0,0,20,2,4,4,4,20,0,0,0,4,20,0,Generic,1
3e-06,udp,dns,INT,2,0,114,0,333333.3215,254,0,152000000.0,0.0,0,0,0.003,0.0,0.0,0.0,0,0,0,0,0.0,0.0,0.0,57,0,0,0,9,2,9,9,9,9,0,0,0,9,9,0,Generic,1
3e-06,udp,-,INT,2,0,92,0,333333.3215,254,0,122666664.0,0.0,0,0,0.003,0.0,0.0,0.0,0,0,0,0,0.0,0.0,0.0,46,0,0,0,3,2,1,1,1,1,0,0,0,1,1,0,Generic,1
9e-06,udp,dns,INT,2,0,114,0,111111.1072,254,0,50666664.0,0.0,0,0,0.009,0.0,0.0,0.0,0,0,0,0,0.0,0.0,0.0,57,0,0,0,34,2,19,18,18,34,0,0,0,18,34,0,Generic,1
3e-06,udp,dns,INT,2,0,114,0,333333.3215,254,0,152000000.0,0.0,0,0,0.003,0.0,0.0,0.0,0,0,0,0,0.0,0.0,0.0,57,0,0,0,20,2,19,18,18,20,0,0,0,18,20,0,Generic,1
6e-06,udp,dns,INT,2,0,114,0,166666.6608,254,0,76000000.0,0.0,0,0,0.006,0.0,0.0,0.0,0,0,0,0,0.0,0.0,0.0,57,0,0,0,27,2,14,14,14,27,0,0,0,14,27,0,Generic,1
5e-06,udp,dns,INT,2,0,114,0,200000.0051,254,0,91200000.0,0.0,0,0,0.005,0.0,0.0,0.0,0,0,0,0,0.0,0.0,0.0,57,0,0,0,25,2,18,17,17,26,0,0,0,17,25,0,Generic,1
7e-06,udp,dns,INT,2,0,114,0,142857.1409,254,0,65142856.0,0.0,0,0,0.007,0.0,0.0,0.0,0,0,0,0,0.0,0.0,0.0,57,0,0,0,20,2,16,16,16,20,0,0,0,17,20,0,Generic,1
8e-06,udp,dns,INT,2,0,114,0,125000.0003,254,0,57000000.0,0.0,0,0,0.008,0.0,0.0,0.0,0,0,0,0,0.0,0.0,0.0,57,0,0,0,15,2,14,14,14,15,0,0,0,14,15,0,Generic,1
2e-06,udp,dns,INT,2,0,114,0,500000.0013,254,0,228000000.0,0.0,0,0,0.002,0.0,0.0,0.0,0,0,0,0,0.0,0.0,0.0,57,0,0,0,16,2,18,16,16,16,0,0,0,16,16,0,Generic,1
3e-06,udp,dns,INT,2,0,114,0,333333.3215,254,0,152000000.0,0.0,0,0,0.003,0.0,0.0,0.0,0,0,0,0,0.0,0.0,0.0,57,0,0,0,30,2,17,17,17,30,0,0,0,17,30,0,Generic,1
8e-06,udp,dns,INT,2,0,114,0,125000.0003,254,0,57000000.0,0.0,0,0,0.008,0.0,0.0,0.0,0,0,0,0,0.0,0.0,0.0,57,0,0,0,21,2,3,3,3,22,0,0,0,3,21,0,Generic,1
9e-06,udp,dns,INT,2,0,114,0,111111.1072,254,0,50666664.0,0.0,0,0,0.009,0.0,0.0,0.0,0,0,0,0,0.0,0.0,0.0,57,0,0,0,22,2,18,18,18,22,0,0,0,19,22,0,Generic,1
8e-06,udp,dns,INT,2,0,114,0,125000.0003,254,0,57000000.0,0.0,0,0,0.008,0.0,0.0,0.0,0,0,0,0,0.0,0.0,0.0,57,0,0,0,30,2,13,13,13,30,0,0,0,13,30,0,Generic,1
3e-06,udp,dns,INT,2,0,114,0,333333.3215,254,0,152000000.0,0.0,0,0,0.003,0.0,0.0,0.0,0,0,0,0,0.0,0.0,0.0,57,0,0,0,33,2,17,17,17,33,0,0,0,17,33,0,Generic,1
6e-06,unas,-,INT,2,0,200,0,166666.6608,254,0,133333328.0,0.0,0,0,0.006,0.0,0.0,0.0,0,0,0,0,0.0,0.0,0.0,100,0,0,0,5,2,4,4,4,5,0,0,0,7,5,0,Generic,1
3e-06,udp,dns,INT,2,0,114,0,333333.3215,254,0,152000000.0,0.0,0,0,0.003,0.0,0.0,0.0,0,0,0,0,0.0,0.0,0.0,57,0,0,0,14,2,15,14,14,14,0,0,0,15,14,0,Generic,1
3e-06,rsvp,-,INT,2,0,200,0,333333.3215,254,0,266666656.0,0.0,0,0,0.003,0.0,0.0,0.0,0,0,0,0,0.0,0.0,0.0,100,0,0,0,4,2,2,2,2,4,0,0,0,3,4,0,Generic,1
4.7e-05,swipe,-,INT,1,0,60,0,0.0,0,0,0.0,0.0,0,0,0.0,0.0,0.0,0.0,0,0,0,0,0.0,0.0,0.0,60,0,0,0,4,2,3,3,3,4,0,0,0,3,4,0,Generic,1
5.760576,ospf,-,REQ,8,0,2176,0,1.215156,254,0,2644.180176,0.0,0,0,983.923875,0.0,1016.10575,0.0,0,0,0,0,0.0,0.0,0.0,272,0,0,0,1,6,1,1,1,23,0,0,0,2,1,0,Generic,1
9e-06,gre,-,INT,2,0,200,0,111111.1072,254,0,88888888.0,0.0,0,0,0.009,0.0,0.0,0.0,0,0,0,0,0.0,0.0,0.0,100,0,0,0,4,2,1,1,1,4,0,0,0,2,4,0,Generic,1
1e-06,udp,dns,INT,2,0,114,0,1000000.003,254,0,456000000.0,0.0,0,0,0.001,0.0,0.0,0.0,0,0,0,0,0.0,0.0,0.0,57,0,0,0,22,2,6,6,6,22,0,0,0,6,22,0,Generic,1
8e-06,udp,dns,INT,2,0,114,0,125000.0003,254,0,57000000.0,0.0,0,0,0.008,0.0,0.0,0.0,0,0,0,0,0.0,0.0,0.0,57,0,0,0,39,2,39,39,14,39,0,0,0,39,39,0,Generic,1
59.879597,ospf,-,INT,128,0,34816,0,2.120923,254,0,4615.12793,0.0,0,0,471.492656,0.0,562.680187,0.0,0,0,0,0,0.0,0.0,0.0,272,0,0,0,1,2,1,1,1,28,0,0,0,1,1,0,Generic,1
5e-06,udp,dns,INT,2,0,114,0,200000.0051,254,0,91200000.0,0.0,0,0,0.005,0.0,0.0,0.0,0,0,0,0,0.0,0.0,0.0,57,0,0,0,17,2,17,17,17,17,0,0,0,17,17,0,Generic,1
8e-06,udp,dns,INT,2,0,114,0,125000.0003,254,0,57000000.0,0.0,0,0,0.008,0.0,0.0,0.0,0,0,0,0,0.0,0.0,0.0,57,0,0,0,21,2,17,17,17,21,0,0,0,18,21,0,Generic,1
0.122067,udp,-,CON,2,2,1432,772,24.576668,254,60,46925.05078,25297.58398,0,0,0.009,0.007,0.0,0.0,0,0,0,0,0.0,0.0,0.0,716,386,0,0,5,0,1,1,1,1,0,0,0,2,2,0,Generic,1
3e-06,swipe,-,INT,2,0,200,0,333333.3215,254,0,266666656.0,0.0,0,0,0.003,0.0,0.0,0.0,0,0,0,0,0.0,0.0,0.0,100,0,0,0,3,2,1,1,1,3,0,0,0,1,3,0,Generic,1
9e-06,udp,dns,INT,2,0,114,0,111111.1072,254,0,50666664.0,0.0,0,0,0.009,0.0,0.0,0.0,0,0,0,0,0.0,0.0,0.0,57,0,0,0,33,2,33,33,17,33,0,0,0,33,33,0,Generic,1
9e-06,mobile,-,INT,2,0,200,0,111111.1072,254,0,88888888.0,0.0,0,0,0.009,0.0,0.0,0.0,0,0,0,0,0.0,0.0,0.0,100,0,0,0,6,2,3,3,3,6,0,0,0,4,6,0,Generic,1
3e-06,udp,dns,INT,2,0,114,0,333333.3215,254,0,152000000.0,0.0,0,0,0.003,0.0,0.0,0.0,0,0,0,0,0.0,0.0,0.0,57,0,0,0,23,2,17,17,7,23,0,0,0,18,23,0,Generic,1
9e-06,udp,dns,INT,2,0,114,0,111111.1072,254,0,50666664.0,0.0,0,0,0.009,0.0,0.0,0.0,0,0,0,0,0.0,0.0,0.0,57,0,0,0,16,2,15,14,14,16,0,0,0,14,16,0,Generic,1
1e-05,udp,dns,INT,2,0,114,0,100000.0025,254,0,45600000.0,0.0,0,0,0.01,0.0,0.0,0.0,0,0,0,0,0.0,0.0,0.0,57,0,0,0,23,2,5,5,2,23,0,0,0,5,23,0,Generic,1
1e-05,udp,dns,INT,2,0,114,0,100000.0025,254,0,45600000.0,0.0,0,0,0.01,0.0,0.0,0.0,0,0,0,0,0.0,0.0,0.0,57,0,0,0,29,2,29,29,14,29,0,0,0,29,29,0,Generic,1
3e-06,udp,dns,INT,2,0,114,0,333333.3215,254,0,152000000.0,0.0,0,0,0.003,0.0,0.0,0.0,0,0,0,0,0.0,0.0,0.0,57,0,0,0,22,2,6,6,6,22,0,0,0,6,22,0,Generic,1
4e-06,udp,dns,INT,2,0,114,0,250000.0006,254,0,114000000.0,0.0,0,0,0.004,0.0,0.0,0.0,0,0,0,0,0.0,0.0,0.0,57,0,0,0,23,2,5,5,3,23,0,0,0,5,23,0,Generic,1
3e-06,udp,dns,INT,2,0,114,0,333333.3215,254,0,152000000.0,0.0,0,0,0.003,0.0,0.0,0.0,0,0,0,0,0.0,0.0,0.0,57,0,0,0,27,2,11,10,10,27,0,0,0,10,27,0,Generic,1
9e-06,udp,dns,INT,2,0,114,0,111111.1072,254,0,50666664.0,0.0,0,0,0.009,0.0,0.0,0.0,0,0,0,0,0.0,0.0,0.0,57,0,0,0,27,2,17,17,17,27,0,0,0,19,27,0,Generic,1
9e-06,udp,dns,INT,2,0,114,0,111111.1072,254,0,50666664.0,0.0,0,0,0.009,0.0,0.0,0.0,0,0,0,0,0.0,0.0,0.0,57,0,0,0,31,2,20,20,10,31,0,0,0,20,31,0,Generic,1
9e-06,udp,dns,INT,2,0,114,0,111111.1072,254,0,50666664.0,0.0,0,0,0.009,0.0,0.0,0.0,0,0,0,0,0.0,0.0,0.0,57,0,0,0,31,2,11,11,11,31,0,0,0,11,31,0,Generic,1
9e-06,udp,dns,INT,2,0,114,0,111111.1072,254,0,50666664.0,0.0,0,0,0.009,0.0,0.0,0.0,0,0,0,0,0.0,0.0,0.0,57,0,0,0,28,2,17,16,16,28,0,0,0,17,28,0,Generic,1
9e-06,udp,dns,INT,2,0,114,0,111111.1072,254,0,50666664.0,0.0,0,0,0.009,0.0,0.0,0.0,0,0,0,0,0.0,0.0,0.0,57,0,0,0,35,2,16,16,16,35,0,0,0,16,35,0,Generic,1
3e-06,tlsp,-,INT,2,0,200,0,333333.3215,254,0,266666656.0,0.0,0,0,0.003,0.0,0.0,0.0,0,0,0,0,0.0,0.0,0.0,100,0,0,0,6,2,3,3,3,6,0,0,0,4,6,0,Generic,1
1e-06,udp,dns,INT,2,0,114,0,1000000.003,254,0,456000000.0,0.0,0,0,0.001,0.0,0.0,0.0,0,0,0,0,0.0,0.0,0.0,57,0,0,0,36,2,37,36,25,36,0,0,0,36,36,0,Generic,1
4e-06,udp,dns,INT,2,0,114,0,250000.0006,254,0,114000000.0,0.0,0,0,0.004,0.0,0.0,0.0,0,0,0,0,0.0,0.0,0.0,57,0,0,0,36,2,37,36,11,36,0,0,0,36,36,0,Generic,1
8e-06,unas,-,INT,2,0,200,0,125000.0003,254,0,100000000.0,0.0,0,0,0.008,0.0,0.0,0.0,0,0,0,0,0.0,0.0,0.0,100,0,0,0,5,2,2,2,2,5,0,0,0,3,5,0,Generic,1
9e-06,udp,dns,INT,2,0,114,0,111111.1072,254,0,50666664.0,0.0,0,0,0.009,0.0,0.0,0.0,0,0,0,0,0.0,0.0,0.0,57,0,0,0,25,2,25,25,14,25,0,0,0,25,25,0,Generic,1
3e-06,udp,dns,INT,2,0,114,0,333333.3215,254,0,152000000.0,0.0,0,0,0.003,0.0,0.0,0.0,0,0,0,0,0.0,0.0,0.0,57,0,0,0,19,2,9,9,7,19,0,0,0,9,19,0,Generic,1
5e-06,udp,dns,INT,2,0,114,0,200000.0051,254,0,91200000.0,0.0,0,0,0.005,0.0,0.0,0.0,0,0,0,0,0.0,0.0,0.0,57,0,0,0,34,2,34,34,18,34,0,0,0,35,34,0,Generic,1
8e-06,udp,dns,INT,2,0,114,0,125000.0003,254,0,57000000.0,0.0,0,0,0.008,0.0,0.0,0.0,0,0,0,0,0.0,0.0,0.0,57,0,0,0,13,2,13,13,7,13,0,0,0,13,13,0,Generic,1
9e-06,udp,dns,INT,2,0,114,0,111111.1072,254,0,50666664.0,0.0,0,0,0.009,0.0,0.0,0.0,0,0,0,0,0.0,0.0,0.0,57,0,0,0,19,2,10,10,10,19,0,0,0,10,19,0,Generic,1
8e-06,udp,dns,INT,2,0,114,0,125000.0003,254,0,57000000.0,0.0,0,0,0.008,0.0,0.0,0.0,0,0,0,0,0.0,0.0,0.0,57,0,0,0,21,2,21,21,9,21,0,0,0,21,21,0,Generic,1
1e-05,udp,dns,INT,2,0,114,0,100000.0025,254,0,45600000.0,0.0,0,0,0.01,0.0,0.0,0.0,0,0,0,0,0.0,0.0,0.0,57,0,0,0,16,2,16,16,16,16,0,0,0,18,16,0,Generic,1
7e-06,udp,dns,INT,2,0,114,0,142857.1409,254,0,65142856.0,0.0,0,0,0.007,0.0,0.0,0.0,0,0,0,0,0.0,0.0,0.0,57,0,0,0,33,2,33,33,16,33,0,0,0,33,33,0,Generic,1
9e-06,udp,dns,INT,2,0,114,0,111111.1072,254,0,50666664.0,0.0,0,0,0.009,0.0,0.0,0.0,0,0,0,0,0.0,0.0,0.0,57,0,0,0,32,2,32,32,17,32,0,0,0,32,32,0,Generic,1
1e-05,udp,dns,INT,2,0,114,0,100000.0025,254,0,45600000.0,0.0,0,0,0.01,0.0,0.0,0.0,0,0,0,0,0.0,0.0,0.0,57,0,0,0,34,2,16,16,16,34,0,0,0,16,34,0,Generic,1
1e-06,udp,dns,INT,2,0,114,0,1000000.003,254,0,456000000.0,0.0,0,0,0.001,0.0,0.0,0.0,0,0,0,0,0.0,0.0,0.0,57,0,0,0,26,2,10,10,10,26,0,0,0,10,26,0,Generic,1
8e-06,udp,dns,INT,2,0,114,0,125000.0003,254,0,57000000.0,0.0,0,0,0.008,0.0,0.0,0.0,0,0,0,0,0.0,0.0,0.0,57,0,0,0,26,2,11,11,11,26,0,0,0,13,26,0,Generic,1
27.99671,ospf,-,INT,20,0,900,0,0.678651,254,0,244.314423,0.0,0,0,1473.511,0.0,1697.5375,0.0,0,0,0,0,0.0,0.0,0.0,45,0,0,0,1,2,1,1,1,1,0,0,0,1,1,0,Generic,1
8e-06,udp,dns,INT,2,0,114,0,125000.0003,254,0,57000000.0,0.0,0,0,0.008,0.0,0.0,0.0,0,0,0,0,0.0,0.0,0.0,57,0,0,0,39,2,5,5,5,39,0,0,0,5,39,0,Generic,1
5e-06,udp,dns,INT,2,0,114,0,200000.0051,254,0,91200000.0,0.0,0,0,0.005,0.0,0.0,0.0,0,0,0,0,0.0,0.0,0.0,57,0,0,0,39,2,34,34,16,39,0,0,0,39,39,0,Generic,1
7e-06,udp,dns,INT,2,0,114,0,142857.1409,254,0,65142856.0,0.0,0,0,0.007,0.0,0.0,0.0,0,0,0,0,0.0,0.0,0.0,57,0,0,0,16,2,16,16,16,16,0,0,0,16,16,0,Generic,1
1e-05,udp,dns,INT,2,0,114,0,100000.0025,254,0,45600000.0,0.0,0,0,0.01,0.0,0.0,0.0,0,0,0,0,0.0,0.0,0.0,57,0,0,0,34,2,34,34,16,34,0,0,0,35,34,0,Generic,1
3e-06,udp,dns,INT,2,0,114,0,333333.3215,254,0,152000000.0,0.0,0,0,0.003,0.0,0.0,0.0,0,0,0,0,0.0,0.0,0.0,57,0,0,0,34,2,34,34,18,34,0,0,0,35,34,0,Generic,1
58.411156,ospf,-,REQ,50,0,13600,0,0.838881,254,0,1825.404785,0.0,0,0,1242.1865,0.0,1452.22875,0.0,0,0,0,0,0.0,0.0,0.0,272,0,0,0,1,6,1,1,1,1,0,0,0,2,1,0,Generic,1
1.545632,tcp,-,FIN,10,8,1052,354,10.998737,254,252,4901.554688,1604.521606,2,1,167.622778,206.551859,9630.93186,338.966281,255,4291804097,1504364365,255,0.166864,0.099768,0.067096,105,44,0,0,4,1,1,1,1,1,0,0,0,3,1,0,Generic,1
3e-06,udp,dns,INT,2,0,114,0,333333.3215,254,0,152000000.0,0.0,0,0,0.003,0.0,0.0,0.0,0,0,0,0,0.0,0.0,0.0,57,0,0,0,16,2,1,1,1,16,0,0,0,1,16,0,Generic,1
3e-06,udp,dns,INT,2,0,114,0,333333.3215,254,0,152000000.0,0.0,0,0,0.003,0.0,0.0,0.0,0,0,0,0,0.0,0.0,0.0,57,0,0,0,32,2,32,32,15,32,0,0,0,32,32,0,Generic,1
1e-06,udp,dns,INT,2,0,114,0,1000000.003,254,0,456000000.0,0.0,0,0,0.001,0.0,0.0,0.0,0,0,0,0,0.0,0.0,0.0,57,0,0,0,33,2,17,17,17,33,0,0,0,17,33,0,Generic,1
9e-06,udp,dns,INT,2,0,114,0,111111.1072,254,0,50666664.0,0.0,0,0,0.009,0.0,0.0,0.0,0,0,0,0,0.0,0.0,0.0,57,0,0,0,16,2,15,15,15,16,0,0,0,16,16,0,Generic,1
0.380495,tcp,http,FIN,10,8,836,1328,44.678641,62,252,15832.00781,24431.33203,2,2,42.277222,48.396145,2158.717445,86.339844,255,1103258113,3756272192,255,0.084765,0.01896,0.065805,84,166,1,240,2,1,2,2,2,2,0,0,4,2,2,0,Generic,1
5e-06,udp,dns,INT,2,0,114,0,200000.0051,254,0,91200000.0,0.0,0,0,0.005,0.0,0.0,0.0,0,0,0,0,0.0,0.0,0.0,57,0,0,0,18,2,2,2,2,18,0,0,0,2,18,0,Generic,1
8e-06,udp,dns,INT,2,0,114,0,125000.0003,254,0,57000000.0,0.0,0,0,0.008,0.0,0.0,0.0,0,0,0,0,0.0,0.0,0.0,57,0,0,0,21,2,11,11,11,21,0,0,0,11,21,0,Generic,1
1e-05,udp,dns,INT,2,0,114,0,100000.0025,254,0,45600000.0,0.0,0,0,0.01,0.0,0.0,0.0,0,0,0,0,0.0,0.0,0.0,57,0,0,0,33,2,16,16,16,33,0,0,0,16,33,0,Generic,1
9e-06,udp,dns,INT,2,0,114,0,111111.1072,254,0,50666664.0,0.0,0,0,0.009,0.0,0.0,0.0,0,0,0,0,0.0,0.0,0.0,57,0,0,0,18,2,16,16,16,18,0,0,0,16,18,0,Generic,1
9e-06,compaq-peer,-,INT,2,0,200,0,111111.1072,254,0,88888888.0,0.0,0,0,0.009,0.0,0.0,0.0,0,0,0,0,0.0,0.0,0.0,100,0,0,0,7,2,3,3,3,8,0,0,0,4,7,0,Generic,1
3e-06,udp,dns,INT,2,0,114,0,333333.3215,254,0,152000000.0,0.0,0,0,0.003,0.0,0.0,0.0,0,0,0,0,0.0,0.0,0.0,57,0,0,0,28,2,6,6,6,28,0,0,0,6,28,0,Generic,1
4e-06,udp,dns,INT,2,0,114,0,250000.0006,254,0,114000000.0,0.0,0,0,0.004,0.0,0.0,0.0,0,0,0,0,0.0,0.0,0.0,57,0,0,0,22,2,12,12,12,22,0,0,0,12,22,0,Generic,1
4e-06,udp,dns,INT,2,0,114,0,250000.0006,254,0,114000000.0,0.0,0,0,0.004,0.0,0.0,0.0,0,0,0,0,0.0,0.0,0.0,57,0,0,0,40,2,6,6,6,40,0,0,0,6,40,0,Generic,1
9e-06,udp,dns,INT,2,0,114,0,111111.1072,254,0,50666664.0,0.0,0,0,0.009,0.0,0.0,0.0,0,0,0,0,0.0,0.0,0.0,57,0,0,0,25,2,25,25,11,25,0,0,0,25,25,0,Generic,1
8e-06,udp,dns,INT,2,0,114,0,125000.0003,254,0,57000000.0,0.0,0,0,0.008,0.0,0.0,0.0,0,0,0,0,0.0,0.0,0.0,57,0,0,0,28,2,13,12,12,28,0,0,0,12,28,0,Generic,1
3e-06,udp,dns,INT,2,0,114,0,333333.3215,254,0,152000000.0,0.0,0,0,0.003,0.0,0.0,0.0,0,0,0,0,0.0,0.0,0.0,57,0,0,0,26,2,17,17,17,26,0,0,0,18,26,0,Generic,1
9e-06,udp,dns,INT,2,0,114,0,111111.1072,254,0,50666664.0,0.0,0,0,0.009,0.0,0.0,0.0,0,0,0,0,0.0,0.0,0.0,57,0,0,0,18,2,17,17,17,18,0,0,0,17,18,0,Generic,1
1e-05,udp,dns,INT,2,0,114,0,100000.0025,254,0,45600000.0,0.0,0,0,0.01,0.0,0.0,0.0,0,0,0,0,0.0,0.0,0.0,57,0,0,0,21,2,21,21,11,21,0,0,0,21,21,0,Generic,1
5e-06,udp,dns,INT,2,0,114,0,200000.0051,254,0,91200000.0,0.0,0,0,0.005,0.0,0.0,0.0,0,0,0,0,0.0,0.0,0.0,57,0,0,0,21,2,6,6,3,21,0,0,0,7,21,0,Generic,1
9e-06,udp,dns,INT,2,0,114,0,111111.1072,254,0,50666664.0,0.0,0,0,0.009,0.0,0.0,0.0,0,0,0,0,0.0,0.0,0.0,57,0,0,0,19,2,18,17,17,19,0,0,0,17,19,0,Generic,1
1e-05,udp,dns,INT,2,0,114,0,100000.0025,254,0,45600000.0,0.0,0,0,0.01,0.0,0.0,0.0,0,0,0,0,0.0,0.0,0.0,57,0,0,0,26,2,13,13,8,26,0,0,0,13,26,0,Generic,1
8e-06,udp,dns,INT,2,0,114,0,125000.0003,254,0,57000000.0,0.0,0,0,0.008,0.0,0.0,0.0,0,0,0,0,0.0,0.0,0.0,57,0,0,0,16,2,16,16,16,16,0,0,0,16,16,0,Generic,1
9e-06,udp,dns,INT,2,0,114,0,111111.1072,254,0,50666664.0,0.0,0,0,0.009,0.0,0.0,0.0,0,0,0,0,0.0,0.0,0.0,57,0,0,0,16,2,17,16,16,16,0,0,0,16,16,0,Generic,1
4e-06,udp,dns,INT,2,0,114,0,250000.0006,254,0,114000000.0,0.0,0,0,0.004,0.0,0.0,0.0,0,0,0,0,0.0,0.0,0.0,57,0,0,0,45,2,42,42,14,45,0,0,0,42,45,0,Generic,1
5e-06,udp,dns,INT,2,0,114,0,200000.0051,254,0,91200000.0,0.0,0,0,0.005,0.0,0.0,0.0,0,0,0,0,0.0,0.0,0.0,57,0,0,0,29,2,16,16,16,29,0,0,0,16,29,0,Generic,1
8e-06,udp,dns,INT,2,0,114,0,125000.0003,254,0,57000000.0,0.0,0,0,0.008,0.0,0.0,0.0,0,0,0,0,0.0,0.0,0.0,57,0,0,0,21,2,18,18,18,21,0,0,0,18,21,0,Generic,1
7e-06,udp,dns,INT,2,0,114,0,142857.1409,254,0,65142856.0,0.0,0,0,0.007,0.0,0.0,0.0,0,0,0,0,0.0,0.0,0.0,57,0,0,0,29,2,13,13,13,29,0,0,0,15,29,0,Generic,1
1e-06,udp,dns,INT,2,0,114,0,1000000.003,254,0,456000000.0,0.0,0,0,0.001,0.0,0.0,0.0,0,0,0,0,0.0,0.0,0.0,57,0,0,0,23,2,18,19,18,23,0,0,0,20,22,0,Generic,1
1e-05,udp,dns,INT,2,0,114,0,100000.0025,254,0,45600000.0,0.0,0,0,0.01,0.0,0.0,0.0,0,0,0,0,0.0,0.0,0.0,57,0,0,0,37,2,7,7,4,37,0,0,0,7,37,0,Generic,1
0.944457,tcp,http,FIN,10,10,1356,1960,20.11738,62,252,10342.45117,14941.91895,2,2,104.934333,94.689,6773.119985,155.021797,255,1156592634,2615214565,255,0.175259,0.092249,0.08301,136,196,1,383,1,1,1,1,1,1,0,0,1,1,1,0,Generic,1
7e-06,udp,dns,INT,2,0,114,0,142857.1409,254,0,65142856.0,0.0,0,0,0.007,0.0,0.0,0.0,0,0,0,0,0.0,0.0,0.0,57,0,0,0,16,2,16,16,16,16,0,0,0,17,16,0,Generic,1
7e-06,udp,dns,INT,2,0,114,0,142857.1409,254,0,65142856.0,0.0,0,0,0.007,0.0,0.0,0.0,0,0,0,0,0.0,0.0,0.0,57,0,0,0,19,2,17,16,16,20,0,0,0,17,19,0,Generic,1
1e-05,udp,dns,INT,2,0,114,0,100000.0025,254,0,45600000.0,0.0,0,0,0.01,0.0,0.0,0.0,0,0,0,0,0.0,0.0,0.0,57,0,0,0,45,2,42,42,28,45,0,0,0,42,45,0,Generic,1
1e-05,udp,dns,INT,2,0,114,0,100000.0025,254,0,45600000.0,0.0,0,0,0.01,0.0,0.0,0.0,0,0,0,0,0.0,0.0,0.0,57,0,0,0,16,2,16,16,16,16,0,0,0,19,16,0,Generic,1
7e-06,udp,dns,INT,2,0,114,0,142857.1409,254,0,65142856.0,0.0,0,0,0.007,0.0,0.0,0.0,0,0,0,0,0.0,0.0,0.0,57,0,0,0,17,2,17,17,17,17,0,0,0,18,17,0,Generic,1
6e-06,udp,dns,INT,2,0,114,0,166666.6608,254,0,76000000.0,0.0,0,0,0.006,0.0,0.0,0.0,0,0,0,0,0.0,0.0,0.0,57,0,0,0,37,2,7,7,4,37,0,0,0,7,37,0,Generic,1
9e-06,udp,dns,INT,2,0,114,0,111111.1072,254,0,50666664.0,0.0,0,0,0.009,0.0,0.0,0.0,0,0,0,0,0.0,0.0,0.0,57,0,0,0,9,2,9,9,5,9,0,0,0,9,9,0,Generic,1
6e-06,udp,dns,INT,2,0,114,0,166666.6608,254,0,76000000.0,0.0,0,0,0.006,0.0,0.0,0.0,0,0,0,0,0.0,0.0,0.0,57,0,0,0,45,2,42,42,28,45,0,0,0,42,45,0,Generic,1
1e-05,udp,dns,INT,2,0,114,0,100000.0025,254,0,45600000.0,0.0,0,0,0.01,0.0,0.0,0.0,0,0,0,0,0.0,0.0,0.0,57,0,0,0,26,2,13,13,13,26,0,0,0,13,26,0,Generic,1
1e-05,udp,dns,INT,2,0,114,0,100000.0025,254,0,45600000.0,0.0,0,0,0.01,0.0,0.0,0.0,0,0,0,0,0.0,0.0,0.0,57,0,0,0,21,2,16,16,16,21,0,0,0,16,21,0,Generic,1
5e-06,udp,dns,INT,2,0,114,0,200000.0051,254,0,91200000.0,0.0,0,0,0.005,0.0,0.0,0.0,0,0,0,0,0.0,0.0,0.0,57,0,0,0,20,2,18,18,18,20,0,0,0,18,20,0,Generic,1
8e-06,udp,dns,INT,2,0,114,0,125000.0003,254,0,57000000.0,0.0,0,0,0.008,0.0,0.0,0.0,0,0,0,0,0.0,0.0,0.0,57,0,0,0,14,2,14,14,14,14,0,0,0,14,14,0,Generic,1
3e-06,udp,dns,INT,2,0,114,0,333333.3215,254,0,152000000.0,0.0,0,0,0.003,0.0,0.0,0.0,0,0,0,0,0.0,0.0,0.0,57,0,0,0,31,2,30,30,15,31,0,0,0,30,31,0,Generic,1
4e-06,udp,dns,INT,2,0,114,0,250000.0006,254,0,114000000.0,0.0,0,0,0.004,0.0,0.0,0.0,0,0,0,0,0.0,0.0,0.0,57,0,0,0,34,2,16,16,9,34,0,0,0,16,34,0,Generic,1
9e-06,udp,dns,INT,2,0,114,0,111111.1072,254,0,50666664.0,0.0,0,0,0.009,0.0,0.0,0.0,0,0,0,0,0.0,0.0,0.0,57,0,0,0,14,2,15,14,14,14,0,0,0,14,14,0,Generic,1
1e-06,udp,dns,INT,2,0,114,0,1000000.003,254,0,456000000.0,0.0,0,0,0.001,0.0,0.0,0.0,0,0,0,0,0.0,0.0,0.0,57,0,0,0,29,2,17,16,16,29,0,0,0,16,29,0,Generic,1
9e-06,udp,dns,INT,2,0,114,0,111111.1072,254,0,50666664.0,0.0,0,0,0.009,0.0,0.0,0.0,0,0,0,0,0.0,0.0,0.0,57,0,0,0,19,2,3,3,3,20,0,0,0,4,19,0,Generic,1
9e-06,sm,-,INT,2,0,200,0,111111.1072,254,0,88888888.0,0.0,0,0,0.009,0.0,0.0,0.0,0,0,0,0,0.0,0.0,0.0,100,0,0,0,6,2,2,2,2,6,0,0,0,4,6,0,Generic,1
4e-06,udp,dns,INT,2,0,114,0,250000.0006,254,0,114000000.0,0.0,0,0,0.004,0.0,0.0,0.0,0,0,0,0,0.0,0.0,0.0,57,0,0,0,29,2,13,13,13,29,0,0,0,13,29,0,Generic,1
9e-06,udp,dns,INT,2,0,114,0,111111.1072,254,0,50666664.0,0.0,0,0,0.009,0.0,0.0,0.0,0,0,0,0,0.0,0.0,0.0,57,0,0,0,33,2,20,20,10,33,0,0,0,20,33,0,Generic,1
9e-06,udp,dns,INT,2,0,114,0,111111.1072,254,0,50666664.0,0.0,0,0,0.009,0.0,0.0,0.0,0,0,0,0,0.0,0.0,0.0,57,0,0,0,37,2,13,13,7,37,0,0,0,13,37,0,Generic,1
3e-06,udp,dns,INT,2,0,114,0,333333.3215,254,0,152000000.0,0.0,0,0,0.003,0.0,0.0,0.0,0,0,0,0,0.0,0.0,0.0,57,0,0,0,39,2,34,34,18,39,0,0,0,39,39,0,Generic,1
2e-06,udp,dns,INT,2,0,114,0,500000.0013,254,0,228000000.0,0.0,0,0,0.002,0.0,0.0,0.0,0,0,0,0,0.0,0.0,0.0,57,0,0,0,21,2,18,18,18,21,0,0,0,22,21,0,Generic,1
9e-06,udp,dns,INT,2,0,114,0,111111.1072,254,0,50666664.0,0.0,0,0,0.009,0.0,0.0,0.0,0,0,0,0,0.0,0.0,0.0,57,0,0,0,37,2,13,13,6,37,0,0,0,13,37,0,Generic,1
3e-06,udp,dns,INT,2,0,114,0,333333.3215,254,0,152000000.0,0.0,0,0,0.003,0.0,0.0,0.0,0,0,0,0,0.0,0.0,0.0,57,0,0,0,21,2,3,3,3,21,0,0,0,6,21,0,Generic,1
3e-06,udp,dns,INT,2,0,114,0,333333.3215,254,0,152000000.0,0.0,0,0,0.003,0.0,0.0,0.0,0,0,0,0,0.0,0.0,0.0,57,0,0,0,27,2,13,13,13,27,0,0,0,15,27,0,Generic,1
3e-06,kryptolan,-,INT,2,0,200,0,333333.3215,254,0,266666656.0,0.0,0,0,0.003,0.0,0.0,0.0,0,0,0,0,0.0,0.0,0.0,100,0,0,0,3,2,2,1,1,3,0,0,0,1,3,0,Generic,1
9e-06,udp,dns,INT,2,0,114,0,111111.1072,254,0,50666664.0,0.0,0,0,0.009,0.0,0.0,0.0,0,0,0,0,0.0,0.0,0.0,57,0,0,0,7,2,7,7,4,7,0,0,0,7,7,0,Generic,1
4e-06,udp,dns,INT,2,0,114,0,250000.0006,254,0,114000000.0,0.0,0,0,0.004,0.0,0.0,0.0,0,0,0,0,0.0,0.0,0.0,57,0,0,0,17,2,17,17,17,17,0,0,0,18,17,0,Generic,1
4e-06,udp,dns,INT,2,0,114,0,250000.0006,254,0,114000000.0,0.0,0,0,0.004,0.0,0.0,0.0,0,0,0,0,0.0,0.0,0.0,57,0,0,0,13,2,9,9,9,13,0,0,0,9,13,0,Generic,1
1.166192,pim,-,INT,8,0,480,0,6.002442,254,0,2881.172119,0.0,0,0,166.598859,0.0,380.464719,0.0,0,0,0,0,0.0,0.0,0.0,60,0,0,0,4,2,1,1,1,4,0,0,0,2,4,0,Generic,1
8e-06,ippc,-,INT,2,0,200,0,125000.0003,254,0,100000000.0,0.0,0,0,0.008,0.0,0.0,0.0,0,0,0,0,0.0,0.0,0.0,100,0,0,0,2,2,1,1,1,2,0,0,0,5,2,0,Generic,1
7e-06,any,-,INT,2,0,200,0,142857.1409,254,0,114285712.0,0.0,0,0,0.007,0.0,0.0,0.0,0,0,0,0,0.0,0.0,0.0,100,0,0,0,4,2,3,3,3,4,0,0,0,4,4,0,Generic,1
5e-06,udp,dns,INT,2,0,114,0,200000.0051,254,0,91200000.0,0.0,0,0,0.005,0.0,0.0,0.0,0,0,0,0,0.0,0.0,0.0,57,0,0,0,32,2,32,32,15,32,0,0,0,32,32,0,Generic,1
9e-06,udp,dns,INT,2,0,114,0,111111.1072,254,0,50666664.0,0.0,0,0,0.009,0.0,0.0,0.0,0,0,0,0,0.0,0.0,0.0,57,0,0,0,24,2,17,17,17,24,0,0,0,17,24,0,Generic,1
1.180134,tcp,ssl,FIN,12,12,1088,2934,19.489311,254,252,6765.333008,18235.2168,3,3,107.284909,101.701547,6216.171081,173.929297,255,3287984328,855979576,255,0.131155,0.060769,0.070386,91,245,0,0,2,1,1,1,1,2,0,0,0,1,2,0,Generic,1
8e-06,udp,dns,INT,2,0,114,0,125000.0003,254,0,57000000.0,0.0,0,0,0.008,0.0,0.0,0.0,0,0,0,0,0.0,0.0,0.0,57,0,0,0,22,2,16,16,16,22,0,0,0,16,22,0,Generic,1
1.8e-05,udp,dns,INT,2,0,114,0,55555.55359,254,0,25333332.0,0.0,0,0,0.018,0.0,0.0,0.0,0,0,0,0,0.0,0.0,0.0,57,0,0,0,29,2,29,29,14,29,0,0,0,30,29,0,Generic,1
2e-06,udp,dns,INT,2,0,114,0,500000.0013,254,0,228000000.0,0.0,0,0,0.002,0.0,0.0,0.0,0,0,0,0,0.0,0.0,0.0,57,0,0,0,29,2,29,29,15,29,0,0,0,30,29,0,Generic,1
2.867842,tcp,http,FIN,42,214,2622,282552,88.917034,62,252,7141.258301,784511.875,2,105,69.947367,13.161259,3429.8634,1624.672809,255,1039285708,3976362989,255,0.131613,0.063689,0.067924,62,1320,1,136586,1,1,1,1,1,1,0,0,1,1,1,0,Generic,1
5e-06,udp,dns,INT,2,0,114,0,200000.0051,254,0,91200000.0,0.0,0,0,0.005,0.0,0.0,0.0,0,0,0,0,0.0,0.0,0.0,57,0,0,0,33,2,33,33,17,33,0,0,0,34,33,0,Generic,1
0.537863,tcp,-,FIN,10,8,564,412,31.606561,254,252,7555.827148,5369.396973,2,2,59.762556,61.118145,3176.896798,108.10032,255,816221492,1554908122,255,0.201554,0.090626,0.110928,56,52,0,0,5,1,1,1,1,2,0,0,0,1,1,0,Generic,1
5e-06,udp,dns,INT,2,0,114,0,200000.0051,254,0,91200000.0,0.0,0,0,0.005,0.0,0.0,0.0,0,0,0,0,0.0,0.0,0.0,57,0,0,0,16,2,17,16,16,17,0,0,0,17,16,0,Generic,1
3e-06,udp,dns,INT,2,0,114,0,333333.3215,254,0,152000000.0,0.0,0,0,0.003,0.0,0.0,0.0,0,0,0,0,0.0,0.0,0.0,57,0,0,0,22,2,6,6,6,22,0,0,0,7,22,0,Generic,1
3e-06,udp,-,INT,2,0,656,0,333333.3215,254,0,874666624.0,0.0,0,0,0.003,0.0,0.0,0.0,0,0,0,0,0.0,0.0,0.0,328,0,0,0,6,2,2,2,2,2,0,0,0,3,2,0,Generic,1
9e-06,udp,dns,INT,2,0,114,0,111111.1072,254,0,50666664.0,0.0,0,0,0.009,0.0,0.0,0.0,0,0,0,0,0.0,0.0,0.0,57,0,0,0,27,2,18,18,18,27,0,0,0,19,27,0,Generic,1
8e-06,udp,dns,INT,2,0,114,0,125000.0003,254,0,57000000.0,0.0,0,0,0.008,0.0,0.0,0.0,0,0,0,0,0.0,0.0,0.0,57,0,0,0,14,2,13,13,13,15,0,0,0,13,14,0,Generic,1
9e-06,udp,dns,INT,2,0,114,0,111111.1072,254,0,50666664.0,0.0,0,0,0.009,0.0,0.0,0.0,0,0,0,0,0.0,0.0,0.0,57,0,0,0,22,2,17,16,16,22,0,0,0,16,22,0,Generic,1
9e-06,udp,dns,INT,2,0,114,0,111111.1072,254,0,50666664.0,0.0,0,0,0.009,0.0,0.0,0.0,0,0,0,0,0.0,0.0,0.0,57,0,0,0,17,2,17,17,17,17,0,0,0,18,17,0,Generic,1
8e-06,udp,dns,INT,2,0,114,0,125000.0003,254,0,57000000.0,0.0,0,0,0.008,0.0,0.0,0.0,0,0,0,0,0.0,0.0,0.0,57,0,0,0,33,2,17,17,17,33,0,0,0,17,33,0,Generic,1
3.6e-05,udp,dns,INT,2,0,114,0,27777.7768,254,0,12666666.0,0.0,0,0,0.036,0.0,0.0,0.0,0,0,0,0,0.0,0.0,0.0,57,0,0,0,27,2,9,9,9,27,0,0,0,9,27,0,Generic,1
5e-06,udp,dns,INT,2,0,114,0,200000.0051,254,0,91200000.0,0.0,0,0,0.005,0.0,0.0,0.0,0,0,0,0,0.0,0.0,0.0,57,0,0,0,36,2,28,28,15,36,0,0,0,28,36,0,Generic,1
1e-05,udp,dns,INT,2,0,114,0,100000.0025,254,0,45600000.0,0.0,0,0,0.01,0.0,0.0,0.0,0,0,0,0,0.0,0.0,0.0,57,0,0,0,18,2,18,18,18,18,0,0,0,20,18,0,Generic,1
2.082089,tcp,-,FIN,12,10,1406,648,10.086024,254,252,4952.718262,2243.900391,3,2,182.284909,219.547781,11182.2266,355.770656,255,562410719,4085015027,255,0.166305,0.10615,0.060155,117,65,0,0,4,1,1,1,1,1,0,0,0,1,1,0,Generic,1
8e-06,udp,dns,INT,2,0,114,0,125000.0003,254,0,57000000.0,0.0,0,0,0.008,0.0,0.0,0.0,0,0,0,0,0.0,0.0,0.0,57,0,0,0,33,2,13,13,13,33,0,0,0,13,33,0,Generic,1
3e-06,udp,dns,INT,2,0,114,0,333333.3215,254,0,152000000.0,0.0,0,0,0.003,0.0,0.0,0.0,0,0,0,0,0.0,0.0,0.0,57,0,0,0,32,2,32,32,17,32,0,0,0,32,32,0,Generic,1
8e-06,udp,dns,INT,2,0,114,0,125000.0003,254,0,57000000.0,0.0,0,0,0.008,0.0,0.0,0.0,0,0,0,0,0.0,0.0,0.0,57,0,0,0,35,2,32,32,22,35,0,0,0,32,35,0,Generic,1
51.357727,tcp,ssl,FIN,68,372,3618,498352,8.547886,254,252,555.320496,77419.78125,4,182,105.218803,138.147455,5593.182222,69528.43066,255,310653723,715439062,255,0.19692,0.105015,0.091905,53,1340,0,0,1,1,1,1,1,1,0,0,0,1,1,0,Generic,1
8e-06,udp,dns,INT,2,0,114,0,125000.0003,254,0,57000000.0,0.0,0,0,0.008,0.0,0.0,0.0,0,0,0,0,0.0,0.0,0.0,57,0,0,0,39,2,18,18,12,39,0,0,0,18,39,0,Generic,1
4e-06,udp,dns,INT,2,0,114,0,250000.0006,254,0,114000000.0,0.0,0,0,0.004,0.0,0.0,0.0,0,0,0,0,0.0,0.0,0.0,57,0,0,0,32,2,32,32,15,32,0,0,0,32,32,0,Generic,1
6e-06,udp,dns,INT,2,0,114,0,166666.6608,254,0,76000000.0,0.0,0,0,0.006,0.0,0.0,0.0,0,0,0,0,0.0,0.0,0.0,57,0,0,0,35,2,32,32,10,35,0,0,0,32,35,0,Generic,1
8e-06,udp,dns,INT,2,0,114,0,125000.0003,254,0,57000000.0,0.0,0,0,0.008,0.0,0.0,0.0,0,0,0,0,0.0,0.0,0.0,57,0,0,0,29,2,12,12,12,29,0,0,0,14,29,0,Generic,1
9e-06,udp,dns,INT,2,0,114,0,111111.1072,254,0,50666664.0,0.0,0,0,0.009,0.0,0.0,0.0,0,0,0,0,0.0,0.0,0.0,57,0,0,0,26,2,26,26,13,26,0,0,0,28,26,0,Generic,1
8e-06,udp,dns,INT,2,0,114,0,125000.0003,254,0,57000000.0,0.0,0,0,0.008,0.0,0.0,0.0,0,0,0,0,0.0,0.0,0.0,57,0,0,0,4,2,4,4,4,4,0,0,0,4,4,0,Generic,1
4e-06,udp,dns,INT,2,0,114,0,250000.0006,254,0,114000000.0,0.0,0,0,0.004,0.0,0.0,0.0,0,0,0,0,0.0,0.0,0.0,57,0,0,0,26,2,26,26,13,26,0,0,0,28,26,0,Generic,1
9e-06,udp,dns,INT,2,0,114,0,111111.1072,254,0,50666664.0,0.0,0,0,0.009,0.0,0.0,0.0,0,0,0,0,0.0,0.0,0.0,57,0,0,0,23,2,16,16,16,23,0,0,0,17,23,0,Generic,1
22.658375,tcp,ssl,FIN,82,368,4220,498186,19.816073,254,252,1471.950195,175417.0,4,181,279.731796,61.494512,47561.75454,23022.12441,255,3915064180,81087866,255,0.163737,0.089881,0.073856,51,1354,0,0,4,1,3,3,1,4,0,0,0,3,4,0,Generic,1
5e-06,udp,dns,INT,2,0,114,0,200000.0051,254,0,91200000.0,0.0,0,0,0.005,0.0,0.0,0.0,0,0,0,0,0.0,0.0,0.0,57,0,0,0,13,2,10,10,4,13,0,0,0,10,13,0,Generic,1
3.6e-05,udp,dns,INT,2,0,114,0,27777.7768,254,0,12666666.0,0.0,0,0,0.036,0.0,0.0,0.0,0,0,0,0,0.0,0.0,0.0,57,0,0,0,7,2,7,7,7,7,0,0,0,8,7,0,Generic,1
5e-06,udp,dns,INT,2,0,114,0,200000.0051,254,0,91200000.0,0.0,0,0,0.005,0.0,0.0,0.0,0,0,0,0,0.0,0.0,0.0,57,0,0,0,24,2,24,24,12,24,0,0,0,25,24,0,Generic,1
6e-06,udp,dns,INT,2,0,114,0,166666.6608,254,0,76000000.0,0.0,0,0,0.006,0.0,0.0,0.0,0,0,0,0,0.0,0.0,0.0,57,0,0,0,27,2,12,11,11,27,0,0,0,11,27,0,Generic,1
9e-06,udp,dns,INT,2,0,114,0,111111.1072,254,0,50666664.0,0.0,0,0,0.009,0.0,0.0,0.0,0,0,0,0,0.0,0.0,0.0,57,0,0,0,13,2,10,10,6,13,0,0,0,10,13,0,Generic,1
3.905847,tcp,http,FIN,14,12,2066,3882,6.40066,62,252,3930.517334,7289.583984,3,3,300.44976,339.188906,19244.75055,542.243375,255,2845094411,506337165,255,0.282288,0.174359,0.107929,148,324,1,848,1,1,1,1,1,1,0,0,1,1,1,0,Generic,1
9e-06,udp,dns,INT,2,0,114,0,111111.1072,254,0,50666664.0,0.0,0,0,0.009,0.0,0.0,0.0,0,0,0,0,0.0,0.0,0.0,57,0,0,0,24,2,24,24,12,24,0,0,0,25,24,0,Generic,1
6e-06,udp,dns,INT,2,0,114,0,166666.6608,254,0,76000000.0,0.0,0,0,0.006,0.0,0.0,0.0,0,0,0,0,0.0,0.0,0.0,57,0,0,0,39,2,18,18,6,39,0,0,0,18,39,0,Generic,1
8e-06,udp,dns,INT,2,0,114,0,125000.0003,254,0,57000000.0,0.0,0,0,0.008,0.0,0.0,0.0,0,0,0,0,0.0,0.0,0.0,57,0,0,0,29,2,18,18,18,29,0,0,0,18,29,0,Generic,1
4e-06,udp,dns,INT,2,0,114,0,250000.0006,254,0,114000000.0,0.0,0,0,0.004,0.0,0.0,0.0,0,0,0,0,0.0,0.0,0.0,57,0,0,0,45,2,17,17,8,45,0,0,0,17,45,0,Generic,1
3e-06,udp,dns,INT,2,0,114,0,333333.3215,254,0,152000000.0,0.0,0,0,0.003,0.0,0.0,0.0,0,0,0,0,0.0,0.0,0.0,57,0,0,0,19,2,5,5,5,19,0,0,0,5,19,0,Generic,1
8e-06,udp,dns,INT,2,0,114,0,125000.0003,254,0,57000000.0,0.0,0,0,0.008,0.0,0.0,0.0,0,0,0,0,0.0,0.0,0.0,57,0,0,0,39,2,21,21,11,39,0,0,0,22,39,0,Generic,1
3e-06,udp,dns,INT,2,0,114,0,333333.3215,254,0,152000000.0,0.0,0,0,0.003,0.0,0.0,0.0,0,0,0,0,0.0,0.0,0.0,57,0,0,0,29,2,17,17,17,29,0,0,0,18,29,0,Generic,1
9e-06,udp,dns,INT,2,0,114,0,111111.1072,254,0,50666664.0,0.0,0,0,0.009,0.0,0.0,0.0,0,0,0,0,0.0,0.0,0.0,57,0,0,0,27,2,16,16,16,27,0,0,0,16,27,0,Generic,1
3e-06,udp,dns,INT,2,0,114,0,333333.3215,254,0,152000000.0,0.0,0,0,0.003,0.0,0.0,0.0,0,0,0,0,0.0,0.0,0.0,57,0,0,0,28,2,4,4,4,28,0,0,0,4,28,0,Generic,1
9e-06,udp,dns,INT,2,0,114,0,111111.1072,254,0,50666664.0,0.0,0,0,0.009,0.0,0.0,0.0,0,0,0,0,0.0,0.0,0.0,57,0,0,0,24,2,12,12,5,24,0,0,0,12,24,0,Generic,1
9e-06,fc,-,INT,2,0,200,0,111111.1072,254,0,88888888.0,0.0,0,0,0.009,0.0,0.0,0.0,0,0,0,0,0.0,0.0,0.0,100,0,0,0,5,2,3,3,3,5,0,0,0,5,5,0,Generic,1
9e-06,udp,dns,INT,2,0,114,0,111111.1072,254,0,50666664.0,0.0,0,0,0.009,0.0,0.0,0.0,0,0,0,0,0.0,0.0,0.0,57,0,0,0,18,2,19,18,18,18,0,0,0,19,18,0,Generic,1
8e-06,udp,dns,INT,2,0,114,0,125000.0003,254,0,57000000.0,0.0,0,0,0.008,0.0,0.0,0.0,0,0,0,0,0.0,0.0,0.0,57,0,0,0,17,2,17,17,17,17,0,0,0,17,17,0,Generic,1
9e-06,udp,dns,INT,2,0,114,0,111111.1072,254,0,50666664.0,0.0,0,0,0.009,0.0,0.0,0.0,0,0,0,0,0.0,0.0,0.0,57,0,0,0,16,2,16,16,16,17,0,0,0,16,16,0,Generic,1
5e-06,udp,dns,INT,2,0,114,0,200000.0051,254,0,91200000.0,0.0,0,0,0.005,0.0,0.0,0.0,0,0,0,0,0.0,0.0,0.0,57,0,0,0,15,2,15,15,7,15,0,0,0,15,15,0,Generic,1
3e-06,udp,dns,INT,2,0,114,0,333333.3215,254,0,152000000.0,0.0,0,0,0.003,0.0,0.0,0.0,0,0,0,0,0.0,0.0,0.0,57,0,0,0,12,2,12,12,6,12,0,0,0,13,12,0,Generic,1
8e-06,udp,dns,INT,2,0,114,0,125000.0003,254,0,57000000.0,0.0,0,0,0.008,0.0,0.0,0.0,0,0,0,0,0.0,0.0,0.0,57,0,0,0,26,2,17,16,16,26,0,0,0,18,26,0,Generic,1
5e-06,udp,dns,INT,2,0,114,0,200000.0051,254,0,91200000.0,0.0,0,0,0.005,0.0,0.0,0.0,0,0,0,0,0.0,0.0,0.0,57,0,0,0,15,2,15,15,8,15,0,0,0,15,15,0,Generic,1
8e-06,udp,dns,INT,2,0,114,0,125000.0003,254,0,57000000.0,0.0,0,0,0.008,0.0,0.0,0.0,0,0,0,0,0.0,0.0,0.0,57,0,0,0,17,2,17,17,17,17,0,0,0,18,17,0,Generic,1
8e-06,udp,dns,INT,2,0,114,0,125000.0003,254,0,57000000.0,0.0,0,0,0.008,0.0,0.0,0.0,0,0,0,0,0.0,0.0,0.0,57,0,0,0,42,2,12,12,6,42,0,0,0,12,42,0,Generic,1
3e-06,udp,dns,INT,2,0,114,0,333333.3215,254,0,152000000.0,0.0,0,0,0.003,0.0,0.0,0.0,0,0,0,0,0.0,0.0,0.0,57,0,0,0,21,2,16,16,16,21,0,0,0,17,21,0,Generic,1
9e-06,udp,dns,INT,2,0,114,0,111111.1072,254,0,50666664.0,0.0,0,0,0.009,0.0,0.0,0.0,0,0,0,0,0.0,0.0,0.0,57,0,0,0,39,2,21,21,10,39,0,0,0,22,39,0,Generic,1
8e-06,udp,dns,INT,2,0,114,0,125000.0003,254,0,57000000.0,0.0,0,0,0.008,0.0,0.0,0.0,0,0,0,0,0.0,0.0,0.0,57,0,0,0,27,2,14,14,14,27,0,0,0,18,27,0,Generic,1
7e-06,udp,dns,INT,2,0,114,0,142857.1409,254,0,65142856.0,0.0,0,0,0.007,0.0,0.0,0.0,0,0,0,0,0.0,0.0,0.0,57,0,0,0,21,2,5,5,5,21,0,0,0,6,21,0,Generic,1
58.062927,ospf,-,REQ,52,0,5616,0,0.878357,254,0,758.900757,0.0,0,0,1170.50325,0.0,1428.380625,0.0,0,0,0,0,0.0,0.0,0.0,108,0,0,0,1,6,1,1,1,1,0,0,0,2,1,0,Generic,1
9e-06,udp,dns,INT,2,0,114,0,111111.1072,254,0,50666664.0,0.0,0,0,0.009,0.0,0.0,0.0,0,0,0,0,0.0,0.0,0.0,57,0,0,0,42,2,12,12,6,42,0,0,0,12,42,0,Generic,1
7e-06,udp,dns,INT,2,0,114,0,142857.1409,254,0,65142856.0,0.0,0,0,0.007,0.0,0.0,0.0,0,0,0,0,0.0,0.0,0.0,57,0,0,0,42,2,12,12,12,42,0,0,0,12,42,0,Generic,1
9e-06,udp,dns,INT,2,0,114,0,111111.1072,254,0,50666664.0,0.0,0,0,0.009,0.0,0.0,0.0,0,0,0,0,0.0,0.0,0.0,57,0,0,0,45,2,36,36,19,45,0,0,0,36,45,0,Generic,1
2.361504,tcp,smtp,FIN,24,22,8364,1906,19.055652,254,252,27155.57422,6165.562012,9,8,102.674087,109.764234,5874.837788,138.095281,255,3956590930,357858737,255,0.196836,0.055732,0.141104,349,87,0,0,1,1,1,1,1,1,0,0,0,2,1,0,Generic,1
1e-06,udp,dns,INT,2,0,114,0,1000000.003,254,0,456000000.0,0.0,0,0,0.001,0.0,0.0,0.0,0,0,0,0,0.0,0.0,0.0,57,0,0,0,33,2,17,16,16,33,0,0,0,16,33,0,Generic,1
1e-06,udp,dns,INT,2,0,114,0,1000000.003,254,0,456000000.0,0.0,0,0,0.001,0.0,0.0,0.0,0,0,0,0,0.0,0.0,0.0,57,0,0,0,33,2,18,18,18,33,0,0,0,19,33,0,Generic,1
0.235187,tcp,http,FIN,10,8,1370,1798,72.282909,62,252,41941.09375,53540.375,2,2,26.131889,30.200715,1371.786024,53.129969,255,529811227,3825163392,255,0.050907,0.00706,0.043847,137,225,1,350,1,1,1,1,1,1,0,0,1,1,1,0,Generic,1
3e-06,udp,dns,INT,2,0,114,0,333333.3215,254,0,152000000.0,0.0,0,0,0.003,0.0,0.0,0.0,0,0,0,0,0.0,0.0,0.0,57,0,0,0,26,2,14,14,14,26,0,0,0,14,26,0,Generic,1
5e-06,udp,dns,INT,2,0,114,0,200000.0051,254,0,91200000.0,0.0,0,0,0.005,0.0,0.0,0.0,0,0,0,0,0.0,0.0,0.0,57,0,0,0,33,2,33,33,17,33,0,0,0,33,33,0,Generic,1
6e-06,udp,dns,INT,2,0,114,0,166666.6608,254,0,76000000.0,0.0,0,0,0.006,0.0,0.0,0.0,0,0,0,0,0.0,0.0,0.0,57,0,0,0,29,2,16,16,16,29,0,0,0,17,29,0,Generic,1
9e-06,udp,dns,INT,2,0,114,0,111111.1072,254,0,50666664.0,0.0,0,0,0.009,0.0,0.0,0.0,0,0,0,0,0.0,0.0,0.0,57,0,0,0,26,2,27,26,15,26,0,0,0,26,26,0,Generic,1
9e-06,udp,dns,INT,2,0,114,0,111111.1072,254,0,50666664.0,0.0,0,0,0.009,0.0,0.0,0.0,0,0,0,0,0.0,0.0,0.0,57,0,0,0,36,2,8,8,3,36,0,0,0,8,36,0,Generic,1
3e-06,udp,dns,INT,2,0,114,0,333333.3215,254,0,152000000.0,0.0,0,0,0.003,0.0,0.0,0.0,0,0,0,0,0.0,0.0,0.0,57,0,0,0,33,2,33,33,16,33,0,0,0,33,33,0,Generic,1
8e-06,udp,dns,INT,2,0,114,0,125000.0003,254,0,57000000.0,0.0,0,0,0.008,0.0,0.0,0.0,0,0,0,0,0.0,0.0,0.0,57,0,0,0,42,2,30,30,15,42,0,0,0,30,42,0,Generic,1
8e-06,udp,dns,INT,2,0,114,0,125000.0003,254,0,57000000.0,0.0,0,0,0.008,0.0,0.0,0.0,0,0,0,0,0.0,0.0,0.0,57,0,0,0,45,2,36,36,19,45,0,0,0,36,45,0,Generic,1
3e-06,udp,dns,INT,2,0,114,0,333333.3215,254,0,152000000.0,0.0,0,0,0.003,0.0,0.0,0.0,0,0,0,0,0.0,0.0,0.0,57,0,0,0,4,2,4,4,4,4,0,0,0,4,4,0,Generic,1
9e-06,udp,dns,INT,2,0,114,0,111111.1072,254,0,50666664.0,0.0,0,0,0.009,0.0,0.0,0.0,0,0,0,0,0.0,0.0,0.0,57,0,0,0,42,2,30,30,15,42,0,0,0,30,42,0,Generic,1
2e-06,udp,dns,INT,2,0,114,0,500000.0013,254,0,228000000.0,0.0,0,0,0.002,0.0,0.0,0.0,0,0,0,0,0.0,0.0,0.0,57,0,0,0,26,2,12,12,12,26,0,0,0,12,26,0,Generic,1
3e-06,udp,dns,INT,2,0,114,0,333333.3215,254,0,152000000.0,0.0,0,0,0.003,0.0,0.0,0.0,0,0,0,0,0.0,0.0,0.0,57,0,0,0,26,2,9,9,9,26,0,0,0,9,26,0,Generic,1
3e-06,udp,dns,INT,2,0,114,0,333333.3215,254,0,152000000.0,0.0,0,0,0.003,0.0,0.0,0.0,0,0,0,0,0.0,0.0,0.0,57,0,0,0,7,2,8,7,7,7,0,0,0,8,7,0,Generic,1
4e-06,udp,dns,INT,2,0,114,0,250000.0006,254,0,114000000.0,0.0,0,0,0.004,0.0,0.0,0.0,0,0,0,0,0.0,0.0,0.0,57,0,0,0,33,2,15,15,15,33,0,0,0,16,33,0,Generic,1
2.448402,tcp,http,FIN,74,434,4282,580983,207.073844,254,252,13804.92285,1893953.75,2,215,33.525986,5.639023,1753.551266,707.077998,255,1377368365,2463992940,255,0.054684,0.006696,0.047988,58,1339,1,281412,1,1,1,1,1,1,0,0,1,2,1,0,Generic,1
8e-06,udp,dns,INT,2,0,114,0,125000.0003,254,0,57000000.0,0.0,0,0,0.008,0.0,0.0,0.0,0,0,0,0,0.0,0.0,0.0,57,0,0,0,30,2,30,30,12,30,0,0,0,31,30,0,Generic,1
3.25424,ospf,-,REQ,8,0,864,0,2.15104,254,0,1858.498413,0.0,0,0,568.887625,0.0,660.465812,0.0,0,0,0,0,0.0,0.0,0.0,108,0,0,0,1,6,1,1,1,1,0,0,0,4,1,0,Generic,1
3e-06,udp,dns,INT,2,0,114,0,333333.3215,254,0,152000000.0,0.0,0,0,0.003,0.0,0.0,0.0,0,0,0,0,0.0,0.0,0.0,57,0,0,0,33,2,33,33,17,33,0,0,0,34,33,0,Generic,1
0.263654,tcp,http,FIN,12,24,1112,26344,132.749743,62,252,30949.6543,766064.625,2,10,23.968545,11.100522,1245.031484,1151.109848,255,348140901,2013489799,255,0.054154,0.007569,0.046585,93,1098,1,12288,1,1,1,1,1,2,0,0,1,1,2,0,Generic,1
8e-06,udp,dns,INT,2,0,114,0,125000.0003,254,0,57000000.0,0.0,0,0,0.008,0.0,0.0,0.0,0,0,0,0,0.0,0.0,0.0,57,0,0,0,44,2,10,10,7,44,0,0,0,10,44,0,Generic,1
2e-06,udp,dns,INT,2,0,114,0,500000.0013,254,0,228000000.0,0.0,0,0,0.002,0.0,0.0,0.0,0,0,0,0,0.0,0.0,0.0,57,0,0,0,37,2,33,33,17,37,0,0,0,33,37,0,Generic,1
1.1e-05,udp,-,INT,2,0,1302,0,90909.0902,254,0,473454528.0,0.0,0,0,0.011,0.0,0.0,0.0,0,0,0,0,0.0,0.0,0.0,651,0,0,0,2,2,1,1,1,1,0,0,0,1,1,0,Generic,1
4e-06,udp,dns,INT,2,0,114,0,250000.0006,254,0,114000000.0,0.0,0,0,0.004,0.0,0.0,0.0,0,0,0,0,0.0,0.0,0.0,57,0,0,0,30,2,30,30,18,30,0,0,0,31,30,0,Generic,1
3e-06,udp,dns,INT,2,0,114,0,333333.3215,254,0,152000000.0,0.0,0,0,0.003,0.0,0.0,0.0,0,0,0,0,0.0,0.0,0.0,57,0,0,0,33,2,33,33,16,33,0,0,0,34,33,0,Generic,1
4e-06,udp,dns,INT,2,0,114,0,250000.0006,254,0,114000000.0,0.0,0,0,0.004,0.0,0.0,0.0,0,0,0,0,0.0,0.0,0.0,57,0,0,0,44,2,10,10,7,44,0,0,0,10,44,0,Generic,1
5e-06,udp,dns,INT,2,0,114,0,200000.0051,254,0,91200000.0,0.0,0,0,0.005,0.0,0.0,0.0,0,0,0,0,0.0,0.0,0.0,57,0,0,0,26,2,17,17,17,26,0,0,0,18,26,0,Generic,1
9e-06,unas,-,INT,2,0,200,0,111111.1072,254,0,88888888.0,0.0,0,0,0.009,0.0,0.0,0.0,0,0,0,0,0.0,0.0,0.0,100,0,0,0,5,2,3,2,2,5,0,0,0,5,5,0,Generic,1
9e-06,udp,dns,INT,2,0,114,0,111111.1072,254,0,50666664.0,0.0,0,0,0.009,0.0,0.0,0.0,0,0,0,0,0.0,0.0,0.0,57,0,0,0,20,2,17,16,16,20,0,0,0,16,20,0,Generic,1
5e-06,unas,-,INT,2,0,200,0,200000.0051,254,0,160000000.0,0.0,0,0,0.005,0.0,0.0,0.0,0,0,0,0,0.0,0.0,0.0,100,0,0,0,4,2,2,2,2,4,0,0,0,2,4,0,Generic,1
9e-06,udp,dns,INT,2,0,114,0,111111.1072,254,0,50666664.0,0.0,0,0,0.009,0.0,0.0,0.0,0,0,0,0,0.0,0.0,0.0,57,0,0,0,34,2,16,16,16,34,0,0,0,17,34,0,Generic,1
8e-06,udp,dns,INT,2,0,114,0,125000.0003,254,0,57000000.0,0.0,0,0,0.008,0.0,0.0,0.0,0,0,0,0,0.0,0.0,0.0,57,0,0,0,18,2,17,16,16,18,0,0,0,17,18,0,Generic,1
1e-06,udp,dns,INT,2,0,114,0,1000000.003,254,0,456000000.0,0.0,0,0,0.001,0.0,0.0,0.0,0,0,0,0,0.0,0.0,0.0,57,0,0,0,18,2,4,4,4,18,0,0,0,6,18,0,Generic,1
1e-05,udp,-,INT,2,0,1496,0,100000.0025,254,0,598400000.0,0.0,0,0,0.01,0.0,0.0,0.0,0,0,0,0,0.0,0.0,0.0,748,0,0,0,1,2,1,1,1,1,0,0,0,1,2,0,Generic,1
1e-06,udp,dns,INT,2,0,114,0,1000000.003,254,0,456000000.0,0.0,0,0,0.001,0.0,0.0,0.0,0,0,0,0,0.0,0.0,0.0,57,0,0,0,37,2,33,33,16,37,0,0,0,33,37,0,Generic,1
9e-06,udp,dns,INT,2,0,114,0,111111.1072,254,0,50666664.0,0.0,0,0,0.009,0.0,0.0,0.0,0,0,0,0,0.0,0.0,0.0,57,0,0,0,29,2,12,12,12,29,0,0,0,12,29,0,Generic,1
0.97594,tcp,-,FIN,16,8,12268,354,23.567023,254,252,94284.48438,2541.139893,5,1,65.062669,129.66957,6437.888621,206.378781,255,2530802001,95576218,255,0.117313,0.067596,0.049717,767,44,0,0,1,1,1,1,1,2,0,0,0,1,1,0,Generic,1
9e-06,udp,dns,INT,2,0,114,0,111111.1072,254,0,50666664.0,0.0,0,0,0.009,0.0,0.0,0.0,0,0,0,0,0.0,0.0,0.0,57,0,0,0,37,2,4,4,4,37,0,0,0,4,37,0,Generic,1
8e-06,udp,dns,INT,2,0,114,0,125000.0003,254,0,57000000.0,0.0,0,0,0.008,0.0,0.0,0.0,0,0,0,0,0.0,0.0,0.0,57,0,0,0,12,2,12,12,12,12,0,0,0,12,12,0,Generic,1
3e-06,udp,dns,INT,2,0,114,0,333333.3215,254,0,152000000.0,0.0,0,0,0.003,0.0,0.0,0.0,0,0,0,0,0.0,0.0,0.0,57,0,0,0,7,2,7,7,7,7,0,0,0,9,7,0,Generic,1
8e-06,udp,dns,INT,2,0,114,0,125000.0003,254,0,57000000.0,0.0,0,0,0.008,0.0,0.0,0.0,0,0,0,0,0.0,0.0,0.0,57,0,0,0,28,2,4,4,4,28,0,0,0,4,28,0,Generic,1
9e-06,udp,dns,INT,2,0,114,0,111111.1072,254,0,50666664.0,0.0,0,0,0.009,0.0,0.0,0.0,0,0,0,0,0.0,0.0,0.0,57,0,0,0,3,2,3,3,2,3,0,0,0,3,3,0,Generic,1
9e-06,udp,dns,INT,2,0,114,0,111111.1072,254,0,50666664.0,0.0,0,0,0.009,0.0,0.0,0.0,0,0,0,0,0.0,0.0,0.0,57,0,0,0,42,2,30,30,14,42,0,0,0,31,42,0,Generic,1
4e-06,udp,dns,INT,2,0,114,0,250000.0006,254,0,114000000.0,0.0,0,0,0.004,0.0,0.0,0.0,0,0,0,0,0.0,0.0,0.0,57,0,0,0,22,2,4,4,3,22,0,0,0,4,22,0,Generic,1
5e-06,udp,dns,INT,2,0,114,0,200000.0051,254,0,91200000.0,0.0,0,0,0.005,0.0,0.0,0.0,0,0,0,0,0.0,0.0,0.0,57,0,0,0,27,2,16,16,16,27,0,0,0,18,27,0,Generic,1
2e-06,udp,dns,INT,2,0,114,0,500000.0013,254,0,228000000.0,0.0,0,0,0.002,0.0,0.0,0.0,0,0,0,0,0.0,0.0,0.0,57,0,0,0,28,2,19,18,18,28,0,0,0,18,28,0,Generic,1
0.876973,tcp,-,FIN,10,6,1486,268,17.10429,254,252,12205.62109,2043.392456,2,1,94.129556,165.248797,6368.349702,288.632563,255,2908728219,3160595278,255,0.128423,0.050727,0.077696,149,45,0,0,1,1,1,1,1,1,0,0,0,1,1,0,Generic,1
9e-06,udp,dns,INT,2,0,114,0,111111.1072,254,0,50666664.0,0.0,0,0,0.009,0.0,0.0,0.0,0,0,0,0,0.0,0.0,0.0,57,0,0,0,40,2,34,34,18,40,0,0,0,34,40,0,Generic,1
0.783588,tcp,http,FIN,18,16,5764,4394,42.113968,62,252,55580.23047,42062.92188,6,6,46.093412,51.251535,2202.287485,58.590461,255,1840168131,2213008078,255,0.065731,0.01423,0.051501,320,275,1,579,3,1,1,1,1,1,0,0,1,1,1,0,Generic,1
1e-05,udp,dns,INT,2,0,114,0,100000.0025,254,0,45600000.0,0.0,0,0,0.01,0.0,0.0,0.0,0,0,0,0,0.0,0.0,0.0,57,0,0,0,30,2,10,10,10,30,0,0,0,11,30,0,Generic,1
5e-06,udp,dns,INT,2,0,114,0,200000.0051,254,0,91200000.0,0.0,0,0,0.005,0.0,0.0,0.0,0,0,0,0,0.0,0.0,0.0,57,0,0,0,18,2,18,18,8,18,0,0,0,18,18,0,Generic,1
9e-06,udp,dns,INT,2,0,114,0,111111.1072,254,0,50666664.0,0.0,0,0,0.009,0.0,0.0,0.0,0,0,0,0,0.0,0.0,0.0,57,0,0,0,39,2,16,16,8,39,0,0,0,16,39,0,Generic,1
6e-06,udp,dns,INT,2,0,114,0,166666.6608,254,0,76000000.0,0.0,0,0,0.006,0.0,0.0,0.0,0,0,0,0,0.0,0.0,0.0,57,0,0,0,30,2,16,16,16,30,0,0,0,17,30,0,Generic,1
9e-06,udp,dns,INT,2,0,114,0,111111.1072,254,0,50666664.0,0.0,0,0,0.009,0.0,0.0,0.0,0,0,0,0,0.0,0.0,0.0,57,0,0,0,44,2,34,34,8,44,0,0,0,34,44,0,Generic,1
8e-06,udp,dns,INT,2,0,114,0,125000.0003,254,0,57000000.0,0.0,0,0,0.008,0.0,0.0,0.0,0,0,0,0,0.0,0.0,0.0,57,0,0,0,35,2,26,26,10,35,0,0,0,26,35,0,Generic,1
1e-05,udp,dns,INT,2,0,114,0,100000.0025,254,0,45600000.0,0.0,0,0,0.01,0.0,0.0,0.0,0,0,0,0,0.0,0.0,0.0,57,0,0,0,26,2,14,14,14,26,0,0,0,14,26,0,Generic,1
9e-06,cpnx,-,INT,2,0,200,0,111111.1072,254,0,88888888.0,0.0,0,0,0.009,0.0,0.0,0.0,0,0,0,0,0.0,0.0,0.0,100,0,0,0,3,2,2,2,2,3,0,0,0,3,3,0,Generic,1
9e-06,udp,dns,INT,2,0,114,0,111111.1072,254,0,50666664.0,0.0,0,0,0.009,0.0,0.0,0.0,0,0,0,0,0.0,0.0,0.0,57,0,0,0,29,2,29,29,16,29,0,0,0,29,29,0,Generic,1
8e-06,udp,dns,INT,2,0,114,0,125000.0003,254,0,57000000.0,0.0,0,0,0.008,0.0,0.0,0.0,0,0,0,0,0.0,0.0,0.0,57,0,0,0,39,2,23,23,7,39,0,0,0,23,39,0,Generic,1
9e-06,udp,dns,INT,2,0,114,0,111111.1072,254,0,50666664.0,0.0,0,0,0.009,0.0,0.0,0.0,0,0,0,0,0.0,0.0,0.0,57,0,0,0,18,2,18,18,18,18,0,0,0,19,18,0,Generic,1
9e-06,udp,dns,INT,2,0,114,0,111111.1072,254,0,50666664.0,0.0,0,0,0.009,0.0,0.0,0.0,0,0,0,0,0.0,0.0,0.0,57,0,0,0,35,2,26,26,16,35,0,0,0,26,35,0,Generic,1
8e-06,udp,dns,INT,2,0,114,0,125000.0003,254,0,57000000.0,0.0,0,0,0.008,0.0,0.0,0.0,0,0,0,0,0.0,0.0,0.0,57,0,0,0,24,2,9,9,9,24,0,0,0,9,24,0,Generic,1
8e-06,udp,dns,INT,2,0,114,0,125000.0003,254,0,57000000.0,0.0,0,0,0.008,0.0,0.0,0.0,0,0,0,0,0.0,0.0,0.0,57,0,0,0,35,2,26,26,16,35,0,0,0,26,35,0,Generic,1
5e-06,udp,dns,INT,2,0,114,0,200000.0051,254,0,91200000.0,0.0,0,0,0.005,0.0,0.0,0.0,0,0,0,0,0.0,0.0,0.0,57,0,0,0,16,2,4,4,4,16,0,0,0,5,16,0,Generic,1
7e-06,udp,dns,INT,2,0,114,0,142857.1409,254,0,65142856.0,0.0,0,0,0.007,0.0,0.0,0.0,0,0,0,0,0.0,0.0,0.0,57,0,0,0,28,2,11,10,10,28,0,0,0,11,28,0,Generic,1
3e-06,udp,dns,INT,2,0,114,0,333333.3215,254,0,152000000.0,0.0,0,0,0.003,0.0,0.0,0.0,0,0,0,0,0.0,0.0,0.0,57,0,0,0,24,2,15,15,15,24,0,0,0,15,24,0,Generic,1
7e-06,udp,dns,INT,2,0,114,0,142857.1409,254,0,65142856.0,0.0,0,0,0.007,0.0,0.0,0.0,0,0,0,0,0.0,0.0,0.0,57,0,0,0,6,2,6,6,6,7,0,0,0,6,6,0,Generic,1
4e-06,udp,dns,INT,2,0,114,0,250000.0006,254,0,114000000.0,0.0,0,0,0.004,0.0,0.0,0.0,0,0,0,0,0.0,0.0,0.0,57,0,0,0,28,2,12,12,12,28,0,0,0,13,28,0,Generic,1
1.29356,tcp,-,FIN,24,22,3538,1868,34.787717,254,252,20971.58203,11033.11719,9,8,54.325089,58.345953,3295.047069,78.296664,255,104025009,3217982384,255,0.105583,0.06829,0.037293,147,85,0,0,6,1,1,1,1,1,0,0,0,12,2,0,Generic,1
1e-05,udp,dns,INT,2,0,114,0,100000.0025,254,0,45600000.0,0.0,0,0,0.01,0.0,0.0,0.0,0,0,0,0,0.0,0.0,0.0,57,0,0,0,36,2,4,4,4,36,0,0,0,4,36,0,Generic,1
6e-06,udp,dns,INT,2,0,114,0,166666.6608,254,0,76000000.0,0.0,0,0,0.006,0.0,0.0,0.0,0,0,0,0,0.0,0.0,0.0,57,0,0,0,36,2,32,32,16,36,0,0,0,32,36,0,Generic,1
5e-06,udp,dns,INT,2,0,114,0,200000.0051,254,0,91200000.0,0.0,0,0,0.005,0.0,0.0,0.0,0,0,0,0,0.0,0.0,0.0,57,0,0,0,23,2,19,19,13,23,0,0,0,19,23,0,Generic,1
8e-06,udp,dns,INT,2,0,114,0,125000.0003,254,0,57000000.0,0.0,0,0,0.008,0.0,0.0,0.0,0,0,0,0,0.0,0.0,0.0,57,0,0,0,28,2,16,16,16,28,0,0,0,17,28,0,Generic,1
4e-06,udp,dns,INT,2,0,114,0,250000.0006,254,0,114000000.0,0.0,0,0,0.004,0.0,0.0,0.0,0,0,0,0,0.0,0.0,0.0,57,0,0,0,36,2,32,32,16,36,0,0,0,32,36,0,Generic,1
8e-06,udp,dns,INT,2,0,114,0,125000.0003,254,0,57000000.0,0.0,0,0,0.008,0.0,0.0,0.0,0,0,0,0,0.0,0.0,0.0,57,0,0,0,39,2,23,23,16,39,0,0,0,23,39,0,Generic,1
1e-06,udp,dns,INT,2,0,114,0,1000000.003,254,0,456000000.0,0.0,0,0,0.001,0.0,0.0,0.0,0,0,0,0,0.0,0.0,0.0,57,0,0,0,29,2,13,13,13,29,0,0,0,14,29,0,Generic,1
8e-06,udp,dns,INT,2,0,114,0,125000.0003,254,0,57000000.0,0.0,0,0,0.008,0.0,0.0,0.0,0,0,0,0,0.0,0.0,0.0,57,0,0,0,37,2,37,37,26,37,0,0,0,37,37,0,Generic,1
9e-06,udp,dns,INT,2,0,114,0,111111.1072,254,0,50666664.0,0.0,0,0,0.009,0.0,0.0,0.0,0,0,0,0,0.0,0.0,0.0,57,0,0,0,21,2,18,18,18,21,0,0,0,19,21,0,Generic,1
1.7e-05,udp,dns,INT,2,0,114,0,58823.52838,254,0,26823528.0,0.0,0,0,0.017,0.0,0.0,0.0,0,0,0,0,0.0,0.0,0.0,57,0,0,0,37,2,37,37,26,37,0,0,0,37,37,0,Generic,1
8e-06,udp,dns,INT,2,0,114,0,125000.0003,254,0,57000000.0,0.0,0,0,0.008,0.0,0.0,0.0,0,0,0,0,0.0,0.0,0.0,57,0,0,0,37,2,37,37,11,37,0,0,0,37,37,0,Generic,1
0.589085,tcp,http,FIN,22,92,1712,115688,191.822917,62,252,22203.92773,1554016.875,2,44,28.051667,6.386406,1368.040652,790.604515,255,3905360670,2300036963,255,0.05284,0.007141,0.045699,78,1257,1,55622,1,1,1,1,1,1,0,0,1,1,2,0,Generic,1
1e-06,udp,dns,INT,2,0,114,0,1000000.003,254,0,456000000.0,0.0,0,0,0.001,0.0,0.0,0.0,0,0,0,0,0.0,0.0,0.0,57,0,0,0,18,2,14,14,14,18,0,0,0,15,18,0,Generic,1
5e-06,udp,dns,INT,2,0,114,0,200000.0051,254,0,91200000.0,0.0,0,0,0.005,0.0,0.0,0.0,0,0,0,0,0.0,0.0,0.0,57,0,0,0,27,2,19,18,18,27,0,0,0,18,27,0,Generic,1
0.390687,tcp,-,FIN,18,16,1212,1684,84.466596,254,252,23445.87891,32332.78906,6,6,22.981588,24.891,1121.311993,33.293016,255,3082163173,530204555,255,0.030976,0.016672,0.014304,67,105,0,0,1,1,1,1,1,1,0,0,0,1,1,0,Generic,1
9e-06,udp,dns,INT,2,0,114,0,111111.1072,254,0,50666664.0,0.0,0,0,0.009,0.0,0.0,0.0,0,0,0,0,0.0,0.0,0.0,57,0,0,0,15,2,14,14,6,16,0,0,0,14,15,0,Generic,1
9e-06,udp,dns,INT,2,0,114,0,111111.1072,254,0,50666664.0,0.0,0,0,0.009,0.0,0.0,0.0,0,0,0,0,0.0,0.0,0.0,57,0,0,0,14,2,7,7,7,14,0,0,0,7,14,0,Generic,1
9e-06,udp,dns,INT,2,0,114,0,111111.1072,254,0,50666664.0,0.0,0,0,0.009,0.0,0.0,0.0,0,0,0,0,0.0,0.0,0.0,57,0,0,0,20,2,20,20,10,20,0,0,0,21,20,0,Generic,1
5e-06,udp,dns,INT,2,0,114,0,200000.0051,254,0,91200000.0,0.0,0,0,0.005,0.0,0.0,0.0,0,0,0,0,0.0,0.0,0.0,57,0,0,0,27,2,16,16,16,27,0,0,0,17,27,0,Generic,1
5e-06,udp,dns,INT,2,0,114,0,200000.0051,254,0,91200000.0,0.0,0,0,0.005,0.0,0.0,0.0,0,0,0,0,0.0,0.0,0.0,57,0,0,0,20,2,20,20,10,20,0,0,0,21,20,0,Generic,1
9e-06,udp,dns,INT,2,0,114,0,111111.1072,254,0,50666664.0,0.0,0,0,0.009,0.0,0.0,0.0,0,0,0,0,0.0,0.0,0.0,57,0,0,0,35,2,34,34,16,35,0,0,0,34,35,0,Generic,1
4e-06,udp,dns,INT,2,0,114,0,250000.0006,254,0,114000000.0,0.0,0,0,0.004,0.0,0.0,0.0,0,0,0,0,0.0,0.0,0.0,57,0,0,0,28,2,10,10,10,28,0,0,0,14,28,0,Generic,1
3e-06,udp,dns,INT,2,0,114,0,333333.3215,254,0,152000000.0,0.0,0,0,0.003,0.0,0.0,0.0,0,0,0,0,0.0,0.0,0.0,57,0,0,0,35,2,34,34,18,35,0,0,0,34,35,0,Generic,1
5.41791,tcp,-,FIN,398,72,545980,3202,86.564744,254,252,804161.0,4663.052734,196,3,13.594997,75.647969,1558.32888,87.204531,255,803708840,1413576519,255,0.072799,0.046895,0.025904,1372,44,0,0,3,1,2,1,1,1,0,0,0,1,1,0,Generic,1
9e-06,udp,dns,INT,2,0,114,0,111111.1072,254,0,50666664.0,0.0,0,0,0.009,0.0,0.0,0.0,0,0,0,0,0.0,0.0,0.0,57,0,0,0,26,2,27,26,11,26,0,0,0,26,26,0,Generic,1
2.184955,tcp,smtp,FIN,38,22,30994,1726,27.002846,254,252,110497.4766,6033.991699,16,8,59.05284,99.823906,5110.715935,183.158641,255,2304693363,3506615548,255,0.167618,0.087988,0.07963,816,78,0,0,1,1,1,1,1,1,0,0,0,2,1,0,Generic,1
9e-06,udp,dns,INT,2,0,114,0,111111.1072,254,0,50666664.0,0.0,0,0,0.009,0.0,0.0,0.0,0,0,0,0,0.0,0.0,0.0,57,0,0,0,38,2,24,24,16,38,0,0,0,24,38,0,Generic,1
0.824887,tcp,http,FIN,14,36,1344,42036,59.402077,254,252,12103.47656,396359.75,2,16,61.647767,21.7026,3606.864597,2307.643814,255,844244068,3696385696,255,0.136093,0.065291,0.070802,96,1168,1,19968,1,1,1,1,1,1,0,0,1,1,1,0,Generic,1
9e-06,udp,dns,INT,2,0,114,0,111111.1072,254,0,50666664.0,0.0,0,0,0.009,0.0,0.0,0.0,0,0,0,0,0.0,0.0,0.0,57,0,0,0,46,2,42,42,18,46,0,0,0,42,46,0,Generic,1
9e-06,udp,dns,INT,2,0,114,0,111111.1072,254,0,50666664.0,0.0,0,0,0.009,0.0,0.0,0.0,0,0,0,0,0.0,0.0,0.0,57,0,0,0,46,2,42,42,24,46,0,0,0,42,46,0,Generic,1
0.256761,tcp,http,FIN,10,8,1366,1522,66.209428,62,252,38323.57422,41501.62891,2,2,28.529,33.671855,1531.745292,58.807664,255,2108598520,2530895923,255,0.060142,0.012007,0.048135,137,190,1,212,2,1,1,1,1,1,0,0,1,1,1,0,Generic,1
9e-06,udp,dns,INT,2,0,114,0,111111.1072,254,0,50666664.0,0.0,0,0,0.009,0.0,0.0,0.0,0,0,0,0,0.0,0.0,0.0,57,0,0,0,32,2,16,16,16,32,0,0,0,17,32,0,Generic,1
0.699439,tcp,-,FIN,10,8,2510,576,24.305194,254,252,25837.84961,5764.620117,2,2,73.700556,83.20357,4038.748135,100.252391,255,877941897,988879019,255,0.149335,0.116999,0.032336,251,72,0,0,1,1,1,1,1,1,0,0,0,13,1,0,Generic,1
1.1e-05,udp,dns,INT,2,0,114,0,90909.0902,254,0,41454544.0,0.0,0,0,0.011,0.0,0.0,0.0,0,0,0,0,0.0,0.0,0.0,57,0,0,0,23,2,8,7,7,23,0,0,0,7,23,0,Generic,1
1e-06,udp,dns,INT,2,0,114,0,1000000.003,254,0,456000000.0,0.0,0,0,0.001,0.0,0.0,0.0,0,0,0,0,0.0,0.0,0.0,57,0,0,0,14,2,14,14,14,14,0,0,0,14,14,0,Generic,1
3e-06,udp,dns,INT,2,0,114,0,333333.3215,254,0,152000000.0,0.0,0,0,0.003,0.0,0.0,0.0,0,0,0,0,0.0,0.0,0.0,57,0,0,0,34,2,18,18,18,34,0,0,0,19,34,0,Generic,1
1e-06,udp,dns,INT,2,0,114,0,1000000.003,254,0,456000000.0,0.0,0,0,0.001,0.0,0.0,0.0,0,0,0,0,0.0,0.0,0.0,57,0,0,0,19,2,2,2,2,19,0,0,0,2,19,0,Generic,1
5e-06,udp,-,INT,2,0,592,0,200000.0051,254,0,473600000.0,0.0,0,0,0.005,0.0,0.0,0.0,0,0,0,0,0.0,0.0,0.0,296,0,0,0,1,2,1,1,1,1,0,0,0,1,4,0,Generic,1
1.298662,tcp,http,FIN,10,10,964,2050,14.630443,62,252,5347.041992,11365.54395,2,2,144.295778,135.105672,9561.282627,202.300062,255,2603400160,895255736,255,0.162352,0.082043,0.080309,96,205,1,516,1,1,2,1,1,3,0,0,1,2,1,0,Generic,1
3e-06,udp,dns,INT,2,0,114,0,333333.3215,254,0,152000000.0,0.0,0,0,0.003,0.0,0.0,0.0,0,0,0,0,0.0,0.0,0.0,57,0,0,0,46,2,42,42,24,46,0,0,0,42,46,0,Generic,1
9e-06,udp,dns,INT,2,0,114,0,111111.1072,254,0,50666664.0,0.0,0,0,0.009,0.0,0.0,0.0,0,0,0,0,0.0,0.0,0.0,57,0,0,0,19,2,17,17,17,19,0,0,0,19,19,0,Generic,1
8e-06,udp,dns,INT,2,0,114,0,125000.0003,254,0,57000000.0,0.0,0,0,0.008,0.0,0.0,0.0,0,0,0,0,0.0,0.0,0.0,57,0,0,0,32,2,19,19,11,32,0,0,0,19,32,0,Generic,1
9e-06,udp,dns,INT,2,0,114,0,111111.1072,254,0,50666664.0,0.0,0,0,0.009,0.0,0.0,0.0,0,0,0,0,0.0,0.0,0.0,57,0,0,0,29,2,18,18,18,29,0,0,0,20,29,0,Generic,1
9e-06,udp,dns,INT,2,0,114,0,111111.1072,254,0,50666664.0,0.0,0,0,0.009,0.0,0.0,0.0,0,0,0,0,0.0,0.0,0.0,57,0,0,0,32,2,19,19,8,32,0,0,0,19,32,0,Generic,1
9e-06,udp,dns,INT,2,0,114,0,111111.1072,254,0,50666664.0,0.0,0,0,0.009,0.0,0.0,0.0,0,0,0,0,0.0,0.0,0.0,57,0,0,0,38,2,14,14,8,38,0,0,0,14,38,0,Generic,1
9e-06,udp,dns,INT,2,0,114,0,111111.1072,254,0,50666664.0,0.0,0,0,0.009,0.0,0.0,0.0,0,0,0,0,0.0,0.0,0.0,57,0,0,0,36,2,8,8,5,36,0,0,0,8,36,0,Generic,1
2e-06,udp,dns,INT,2,0,114,0,500000.0013,254,0,228000000.0,0.0,0,0,0.002,0.0,0.0,0.0,0,0,0,0,0.0,0.0,0.0,57,0,0,0,34,2,17,16,16,34,0,0,0,17,34,0,Generic,1
9e-06,udp,dns,INT,2,0,114,0,111111.1072,254,0,50666664.0,0.0,0,0,0.009,0.0,0.0,0.0,0,0,0,0,0.0,0.0,0.0,57,0,0,0,26,2,10,10,10,26,0,0,0,10,26,0,Generic,1
9e-06,udp,dns,INT,2,0,114,0,111111.1072,254,0,50666664.0,0.0,0,0,0.009,0.0,0.0,0.0,0,0,0,0,0.0,0.0,0.0,57,0,0,0,26,2,16,16,16,26,0,0,0,17,26,0,Generic,1
8e-06,eigrp,-,INT,2,0,200,0,125000.0003,254,0,100000000.0,0.0,0,0,0.008,0.0,0.0,0.0,0,0,0,0,0.0,0.0,0.0,100,0,0,0,7,2,3,3,3,7,0,0,0,3,7,0,Generic,1
8e-06,udp,dns,INT,2,0,114,0,125000.0003,254,0,57000000.0,0.0,0,0,0.008,0.0,0.0,0.0,0,0,0,0,0.0,0.0,0.0,57,0,0,0,29,2,12,11,11,29,0,0,0,11,29,0,Generic,1
9e-06,udp,dns,INT,2,0,114,0,111111.1072,254,0,50666664.0,0.0,0,0,0.009,0.0,0.0,0.0,0,0,0,0,0.0,0.0,0.0,57,0,0,0,34,2,20,20,11,34,0,0,0,20,34,0,Generic,1
0.262569,tcp,http,FIN,10,8,560,426,64.744884,254,252,15355.96289,11364.63086,2,2,29.174333,36.507715,1415.155468,51.414289,255,3295960878,453476608,255,0.051493,0.006167,0.045326,56,53,1,0,1,1,1,1,1,1,0,0,1,1,1,0,Generic,1
9e-06,udp,dns,INT,2,0,114,0,111111.1072,254,0,50666664.0,0.0,0,0,0.009,0.0,0.0,0.0,0,0,0,0,0.0,0.0,0.0,57,0,0,0,34,2,20,20,9,34,0,0,0,20,34,0,Generic,1
9e-06,udp,dns,INT,2,0,114,0,111111.1072,254,0,50666664.0,0.0,0,0,0.009,0.0,0.0,0.0,0,0,0,0,0.0,0.0,0.0,57,0,0,0,32,2,19,19,11,32,0,0,0,19,32,0,Generic,1
3e-06,larp,-,INT,2,0,200,0,333333.3215,254,0,266666656.0,0.0,0,0,0.003,0.0,0.0,0.0,0,0,0,0,0.0,0.0,0.0,100,0,0,0,6,2,3,3,3,6,0,0,0,4,6,0,Generic,1
9e-06,udp,dns,INT,2,0,114,0,111111.1072,254,0,50666664.0,0.0,0,0,0.009,0.0,0.0,0.0,0,0,0,0,0.0,0.0,0.0,57,0,0,0,34,2,14,14,6,34,0,0,0,15,34,0,Generic,1
2e-06,udp,dns,INT,2,0,114,0,500000.0013,254,0,228000000.0,0.0,0,0,0.002,0.0,0.0,0.0,0,0,0,0,0.0,0.0,0.0,57,0,0,0,24,2,8,8,8,24,0,0,0,8,24,0,Generic,1
9e-06,udp,dns,INT,2,0,114,0,111111.1072,254,0,50666664.0,0.0,0,0,0.009,0.0,0.0,0.0,0,0,0,0,0.0,0.0,0.0,57,0,0,0,26,2,18,18,18,26,0,0,0,21,26,0,Generic,1
3e-06,udp,dns,INT,2,0,114,0,333333.3215,254,0,152000000.0,0.0,0,0,0.003,0.0,0.0,0.0,0,0,0,0,0.0,0.0,0.0,57,0,0,0,34,2,14,14,8,34,0,0,0,15,34,0,Generic,1
5e-06,udp,-,INT,2,0,172,0,200000.0051,254,0,137600000.0,0.0,0,0,0.005,0.0,0.0,0.0,0,0,0,0,0.0,0.0,0.0,86,0,0,0,1,2,1,1,1,1,0,0,0,1,1,0,Generic,1
2e-06,udp,dns,INT,2,0,114,0,500000.0013,254,0,228000000.0,0.0,0,0,0.002,0.0,0.0,0.0,0,0,0,0,0.0,0.0,0.0,57,0,0,0,9,2,9,9,9,9,0,0,0,9,9,0,Generic,1
8e-06,udp,dns,INT,2,0,114,0,125000.0003,254,0,57000000.0,0.0,0,0,0.008,0.0,0.0,0.0,0,0,0,0,0.0,0.0,0.0,57,0,0,0,26,2,8,8,8,26,0,0,0,8,26,0,Generic,1
4e-06,udp,dns,INT,2,0,114,0,250000.0006,254,0,114000000.0,0.0,0,0,0.004,0.0,0.0,0.0,0,0,0,0,0.0,0.0,0.0,57,0,0,0,18,2,10,10,3,18,0,0,0,10,18,0,Generic,1
9e-06,udp,dns,INT,2,0,114,0,111111.1072,254,0,50666664.0,0.0,0,0,0.009,0.0,0.0,0.0,0,0,0,0,0.0,0.0,0.0,57,0,0,0,30,2,11,11,11,30,0,0,0,13,30,0,Generic,1
9e-06,udp,dns,INT,2,0,114,0,111111.1072,254,0,50666664.0,0.0,0,0,0.009,0.0,0.0,0.0,0,0,0,0,0.0,0.0,0.0,57,0,0,0,32,2,13,13,6,32,0,0,0,14,32,0,Generic,1
4e-06,udp,dns,INT,2,0,114,0,250000.0006,254,0,114000000.0,0.0,0,0,0.004,0.0,0.0,0.0,0,0,0,0,0.0,0.0,0.0,57,0,0,0,24,2,24,24,13,24,0,0,0,26,24,0,Generic,1
1e-05,udp,dns,INT,2,0,114,0,100000.0025,254,0,45600000.0,0.0,0,0,0.01,0.0,0.0,0.0,0,0,0,0,0.0,0.0,0.0,57,0,0,0,40,2,20,20,9,40,0,0,0,20,40,0,Generic,1
5e-06,udp,dns,INT,2,0,114,0,200000.0051,254,0,91200000.0,0.0,0,0,0.005,0.0,0.0,0.0,0,0,0,0,0.0,0.0,0.0,57,0,0,0,2,2,2,2,2,2,0,0,0,3,2,0,Generic,1
5e-06,udp,dns,INT,2,0,114,0,200000.0051,254,0,91200000.0,0.0,0,0,0.005,0.0,0.0,0.0,0,0,0,0,0.0,0.0,0.0,57,0,0,0,34,2,19,18,18,34,0,0,0,18,34,0,Generic,1
5e-06,udp,dns,INT,2,0,114,0,200000.0051,254,0,91200000.0,0.0,0,0,0.005,0.0,0.0,0.0,0,0,0,0,0.0,0.0,0.0,57,0,0,0,13,2,3,3,3,13,0,0,0,3,13,0,Generic,1
1e-05,udp,dns,INT,2,0,114,0,100000.0025,254,0,45600000.0,0.0,0,0,0.01,0.0,0.0,0.0,0,0,0,0,0.0,0.0,0.0,57,0,0,0,34,2,17,16,16,34,0,0,0,16,34,0,Generic,1
5e-06,udp,dns,INT,2,0,114,0,200000.0051,254,0,91200000.0,0.0,0,0,0.005,0.0,0.0,0.0,0,0,0,0,0.0,0.0,0.0,57,0,0,0,28,2,15,15,15,28,0,0,0,16,28,0,Generic,1
9e-06,udp,dns,INT,2,0,114,0,111111.1072,254,0,50666664.0,0.0,0,0,0.009,0.0,0.0,0.0,0,0,0,0,0.0,0.0,0.0,57,0,0,0,40,2,20,20,12,40,0,0,0,20,40,0,Generic,1
8e-06,gmtp,-,INT,2,0,200,0,125000.0003,254,0,100000000.0,0.0,0,0,0.008,0.0,0.0,0.0,0,0,0,0,0.0,0.0,0.0,100,0,0,0,5,2,2,2,2,5,0,0,0,3,5,0,Generic,1
5e-06,udp,dns,INT,2,0,114,0,200000.0051,254,0,91200000.0,0.0,0,0,0.005,0.0,0.0,0.0,0,0,0,0,0.0,0.0,0.0,57,0,0,0,34,2,34,34,16,34,0,0,0,35,34,0,Generic,1
6e-06,udp,dns,INT,2,0,114,0,166666.6608,254,0,76000000.0,0.0,0,0,0.006,0.0,0.0,0.0,0,0,0,0,0.0,0.0,0.0,57,0,0,0,23,2,3,3,3,23,0,0,0,3,23,0,Generic,1
9e-06,udp,dns,INT,2,0,114,0,111111.1072,254,0,50666664.0,0.0,0,0,0.009,0.0,0.0,0.0,0,0,0,0,0.0,0.0,0.0,57,0,0,0,38,2,25,25,15,38,0,0,0,25,38,0,Generic,1
3e-06,udp,dns,INT,2,0,114,0,333333.3215,254,0,152000000.0,0.0,0,0,0.003,0.0,0.0,0.0,0,0,0,0,0.0,0.0,0.0,57,0,0,0,38,2,25,25,15,38,0,0,0,25,38,0,Generic,1
0.605914,tcp,http,FIN,10,10,1018,1054,31.357586,62,252,12107.3291,12529.83106,2,2,67.323778,56.191109,4299.000314,100.904313,255,2447628426,3301508602,255,0.147997,0.078552,0.069445,102,105,1,0,1,1,1,1,1,1,0,0,1,1,1,0,Generic,1
9e-06,udp,dns,INT,2,0,114,0,111111.1072,254,0,50666664.0,0.0,0,0,0.009,0.0,0.0,0.0,0,0,0,0,0.0,0.0,0.0,57,0,0,0,41,2,27,27,15,41,0,0,0,27,41,0,Generic,1
1e-05,udp,-,INT,2,0,686,0,100000.0025,62,0,274400000.0,0.0,0,0,0.01,0.0,0.0,0.0,0,0,0,0,0.0,0.0,0.0,343,0,0,0,21,2,1,1,1,1,0,0,0,3,1,0,Generic,1
0.259722,tcp,http,FIN,10,8,1296,2622,65.454603,254,252,35946.12891,70690.96875,2,2,28.858,35.98243,1435.533299,52.072379,255,1987589808,3079620141,255,0.052313,0.007037,0.045276,130,328,1,950,1,1,1,1,1,1,0,0,1,1,1,0,Generic,1
5e-06,udp,dns,INT,2,0,114,0,200000.0051,254,0,91200000.0,0.0,0,0,0.005,0.0,0.0,0.0,0,0,0,0,0.0,0.0,0.0,57,0,0,0,1,2,1,1,1,1,0,0,0,1,1,0,Generic,1
3e-06,udp,dns,INT,2,0,114,0,333333.3215,254,0,152000000.0,0.0,0,0,0.003,0.0,0.0,0.0,0,0,0,0,0.0,0.0,0.0,57,0,0,0,17,2,12,12,5,17,0,0,0,13,17,0,Generic,1
3e-06,udp,dns,INT,2,0,114,0,333333.3215,254,0,152000000.0,0.0,0,0,0.003,0.0,0.0,0.0,0,0,0,0,0.0,0.0,0.0,57,0,0,0,33,2,17,17,17,33,0,0,0,19,33,0,Generic,1
8e-06,udp,dns,INT,2,0,114,0,125000.0003,254,0,57000000.0,0.0,0,0,0.008,0.0,0.0,0.0,0,0,0,0,0.0,0.0,0.0,57,0,0,0,16,2,14,14,8,16,0,0,0,14,16,0,Generic,1
1e-05,udp,dns,INT,2,0,114,0,100000.0025,254,0,45600000.0,0.0,0,0,0.01,0.0,0.0,0.0,0,0,0,0,0.0,0.0,0.0,57,0,0,0,34,2,34,34,18,34,0,0,0,35,34,0,Generic,1
9e-06,udp,dns,INT,2,0,114,0,111111.1072,254,0,50666664.0,0.0,0,0,0.009,0.0,0.0,0.0,0,0,0,0,0.0,0.0,0.0,57,0,0,0,24,2,25,24,10,24,0,0,0,24,24,0,Generic,1
4e-06,udp,dns,INT,2,0,114,0,250000.0006,254,0,114000000.0,0.0,0,0,0.004,0.0,0.0,0.0,0,0,0,0,0.0,0.0,0.0,57,0,0,0,24,2,25,24,14,24,0,0,0,24,24,0,Generic,1
6e-06,udp,dns,INT,2,0,114,0,166666.6608,254,0,76000000.0,0.0,0,0,0.006,0.0,0.0,0.0,0,0,0,0,0.0,0.0,0.0,57,0,0,0,28,2,13,13,13,28,0,0,0,13,28,0,Generic,1
9e-06,udp,dns,INT,2,0,114,0,111111.1072,254,0,50666664.0,0.0,0,0,0.009,0.0,0.0,0.0,0,0,0,0,0.0,0.0,0.0,57,0,0,0,25,2,17,16,16,25,0,0,0,16,25,0,Generic,1
8e-06,udp,dns,INT,2,0,114,0,125000.0003,254,0,57000000.0,0.0,0,0,0.008,0.0,0.0,0.0,0,0,0,0,0.0,0.0,0.0,57,0,0,0,20,2,20,20,8,20,0,0,0,20,20,0,Generic,1
2e-06,udp,-,INT,2,0,1338,0,500000.0013,254,0,2676000000.0,0.0,0,0,0.002,0.0,0.0,0.0,0,0,0,0,0.0,0.0,0.0,669,0,0,0,1,2,1,1,1,1,0,0,0,1,1,0,Generic,1
1e-05,udp,dns,INT,2,0,114,0,100000.0025,254,0,45600000.0,0.0,0,0,0.01,0.0,0.0,0.0,0,0,0,0,0.0,0.0,0.0,57,0,0,0,16,2,14,14,6,16,0,0,0,14,16,0,Generic,1
8e-06,udp,dns,INT,2,0,114,0,125000.0003,254,0,57000000.0,0.0,0,0,0.008,0.0,0.0,0.0,0,0,0,0,0.0,0.0,0.0,57,0,0,0,19,2,14,14,14,19,0,0,0,14,19,0,Generic,1
8e-06,udp,dns,INT,2,0,114,0,125000.0003,254,0,57000000.0,0.0,0,0,0.008,0.0,0.0,0.0,0,0,0,0,0.0,0.0,0.0,57,0,0,0,23,2,19,18,18,23,0,0,0,18,23,0,Generic,1
9e-06,udp,dns,INT,2,0,114,0,111111.1072,254,0,50666664.0,0.0,0,0,0.009,0.0,0.0,0.0,0,0,0,0,0.0,0.0,0.0,57,0,0,0,47,2,41,41,22,47,0,0,0,41,47,0,Generic,1
8e-06,udp,dns,INT,2,0,114,0,125000.0003,254,0,57000000.0,0.0,0,0,0.008,0.0,0.0,0.0,0,0,0,0,0.0,0.0,0.0,57,0,0,0,23,2,2,2,2,23,0,0,0,2,23,0,Generic,1
2.081198,tcp,smtp,FIN,38,22,30940,1816,28.349057,254,252,115802.5313,6665.391602,16,8,56.221514,98.16,7263.831824,262.657031,255,173001298,2710529996,255,0.06475,0.019829,0.044921,814,83,0,0,1,1,1,1,1,1,0,0,0,1,1,0,Generic,1
8e-06,udp,dns,INT,2,0,114,0,125000.0003,254,0,57000000.0,0.0,0,0,0.008,0.0,0.0,0.0,0,0,0,0,0.0,0.0,0.0,57,0,0,0,28,2,27,27,12,28,0,0,0,27,28,0,Generic,1
8e-06,udp,dns,INT,2,0,114,0,125000.0003,254,0,57000000.0,0.0,0,0,0.008,0.0,0.0,0.0,0,0,0,0,0.0,0.0,0.0,57,0,0,0,27,2,16,16,16,28,0,0,0,17,27,0,Generic,1
8e-06,udp,dns,INT,2,0,114,0,125000.0003,254,0,57000000.0,0.0,0,0,0.008,0.0,0.0,0.0,0,0,0,0,0.0,0.0,0.0,57,0,0,0,47,2,6,6,5,47,0,0,0,6,47,0,Generic,1
3e-06,udp,dns,INT,2,0,114,0,333333.3215,254,0,152000000.0,0.0,0,0,0.003,0.0,0.0,0.0,0,0,0,0,0.0,0.0,0.0,57,0,0,0,28,2,27,27,15,28,0,0,0,27,28,0,Generic,1
9e-06,udp,dns,INT,2,0,114,0,111111.1072,254,0,50666664.0,0.0,0,0,0.009,0.0,0.0,0.0,0,0,0,0,0.0,0.0,0.0,57,0,0,0,2,2,2,2,2,2,0,0,0,2,2,0,Generic,1
9e-06,udp,dns,INT,2,0,114,0,111111.1072,254,0,50666664.0,0.0,0,0,0.009,0.0,0.0,0.0,0,0,0,0,0.0,0.0,0.0,57,0,0,0,19,2,9,9,2,19,0,0,0,9,19,0,Generic,1
0.521981,tcp,http,FIN,10,10,1366,2452,36.399792,62,252,18851.26172,33824.98438,2,2,57.997889,56.310332,3908.802492,112.148078,255,1831242895,1539519555,255,0.079194,0.01448,0.064714,137,245,1,632,1,1,1,1,1,1,0,0,1,1,1,0,Generic,1
8e-06,udp,dns,INT,2,0,114,0,125000.0003,254,0,57000000.0,0.0,0,0,0.008,0.0,0.0,0.0,0,0,0,0,0.0,0.0,0.0,57,0,0,0,5,2,5,5,5,5,0,0,0,6,5,0,Generic,1
3e-06,udp,dns,INT,2,0,114,0,333333.3215,254,0,152000000.0,0.0,0,0,0.003,0.0,0.0,0.0,0,0,0,0,0.0,0.0,0.0,57,0,0,0,25,2,9,9,9,25,0,0,0,9,25,0,Generic,1
9e-06,udp,dns,INT,2,0,114,0,111111.1072,254,0,50666664.0,0.0,0,0,0.009,0.0,0.0,0.0,0,0,0,0,0.0,0.0,0.0,57,0,0,0,23,2,5,5,2,23,0,0,0,5,23,0,Generic,1
8e-06,udp,dns,INT,2,0,114,0,125000.0003,254,0,57000000.0,0.0,0,0,0.008,0.0,0.0,0.0,0,0,0,0,0.0,0.0,0.0,57,0,0,0,20,2,12,12,5,20,0,0,0,13,20,0,Generic,1
8e-06,udp,dns,INT,2,0,114,0,125000.0003,254,0,57000000.0,0.0,0,0,0.008,0.0,0.0,0.0,0,0,0,0,0.0,0.0,0.0,57,0,0,0,19,2,12,11,11,19,0,0,0,11,19,0,Generic,1
23.063616,tcp,smtp,FIN,2700,420,3591293,18876,135.23465,254,252,1245238.625,6532.193359,1347,8,8.557925,55.047703,1067.413573,65.843711,255,4042671882,1982264390,255,0.106047,0.052921,0.053126,1330,45,0,0,1,1,1,1,1,2,0,0,0,1,1,0,Generic,1
7e-06,udp,dns,INT,2,0,114,0,142857.1409,254,0,65142856.0,0.0,0,0,0.007,0.0,0.0,0.0,0,0,0,0,0.0,0.0,0.0,57,0,0,0,25,2,16,16,16,25,0,0,0,16,25,0,Generic,1
0.4314,tcp,http,FIN,18,58,1984,67738,173.852573,62,252,34751.96875,1234510.875,3,27,25.376471,7.362842,1324.6068,824.370889,255,2571095118,969902901,255,0.058069,0.006911,0.051158,110,1168,1,31958,1,1,1,1,1,1,0,0,1,1,2,0,Generic,1
1e-06,udp,dns,INT,2,0,114,0,1000000.003,254,0,456000000.0,0.0,0,0,0.001,0.0,0.0,0.0,0,0,0,0,0.0,0.0,0.0,57,0,0,0,10,2,10,10,10,10,0,0,0,10,10,0,Generic,1
3e-06,udp,dns,INT,2,0,114,0,333333.3215,254,0,152000000.0,0.0,0,0,0.003,0.0,0.0,0.0,0,0,0,0,0.0,0.0,0.0,57,0,0,0,6,2,6,6,6,7,0,0,0,6,6,0,Generic,1
1e-06,udp,dns,INT,2,0,114,0,1000000.003,254,0,456000000.0,0.0,0,0,0.001,0.0,0.0,0.0,0,0,0,0,0.0,0.0,0.0,57,0,0,0,24,2,6,6,6,24,0,0,0,6,24,0,Generic,1
9e-06,udp,dns,INT,2,0,114,0,111111.1072,254,0,50666664.0,0.0,0,0,0.009,0.0,0.0,0.0,0,0,0,0,0.0,0.0,0.0,57,0,0,0,36,2,32,32,16,36,0,0,0,32,36,0,Generic,1
3e-06,udp,dns,INT,2,0,114,0,333333.3215,254,0,152000000.0,0.0,0,0,0.003,0.0,0.0,0.0,0,0,0,0,0.0,0.0,0.0,57,0,0,0,20,2,8,8,8,20,0,0,0,8,20,0,Generic,1
7e-06,udp,dns,INT,2,0,114,0,142857.1409,254,0,65142856.0,0.0,0,0,0.007,0.0,0.0,0.0,0,0,0,0,0.0,0.0,0.0,57,0,0,0,28,2,16,16,16,28,0,0,0,17,28,0,Generic,1
5e-06,udp,dns,INT,2,0,114,0,200000.0051,254,0,91200000.0,0.0,0,0,0.005,0.0,0.0,0.0,0,0,0,0,0.0,0.0,0.0,57,0,0,0,28,2,10,10,10,28,0,0,0,10,28,0,Generic,1
5e-06,udp,dns,INT,2,0,114,0,200000.0051,254,0,91200000.0,0.0,0,0,0.005,0.0,0.0,0.0,0,0,0,0,0.0,0.0,0.0,57,0,0,0,6,2,6,6,6,6,0,0,0,7,6,0,Generic,1
1.373434,tcp,http,FIN,10,14,1720,12246,16.746346,62,252,9016.81543,66239.80469,2,5,152.603778,100.189153,10659.79327,10879.78972,255,4207868008,4148686138,255,0.119764,0.070337,0.049427,172,875,1,5461,1,1,1,1,1,1,0,0,1,1,1,0,Generic,1
1.421855,tcp,smtp,FIN,24,20,8234,1652,30.242184,254,252,44398.33984,8833.53125,9,8,61.819783,75.479,3627.493726,98.485844,255,1480127045,2590193177,255,0.113181,0.062497,0.050684,343,83,0,0,1,1,1,1,1,1,0,0,0,1,1,0,Generic,1
8e-06,udp,dns,INT,2,0,114,0,125000.0003,254,0,57000000.0,0.0,0,0,0.008,0.0,0.0,0.0,0,0,0,0,0.0,0.0,0.0,57,0,0,0,28,2,11,11,11,28,0,0,0,12,28,0,Generic,1
3e-06,udp,dns,INT,2,0,114,0,333333.3215,254,0,152000000.0,0.0,0,0,0.003,0.0,0.0,0.0,0,0,0,0,0.0,0.0,0.0,57,0,0,0,42,2,34,34,16,42,0,0,0,34,42,0,Generic,1
5e-06,udp,dns,INT,2,0,114,0,200000.0051,254,0,91200000.0,0.0,0,0,0.005,0.0,0.0,0.0,0,0,0,0,0.0,0.0,0.0,57,0,0,0,19,2,12,10,10,19,0,0,0,10,19,0,Generic,1
9e-06,udp,dns,INT,2,0,114,0,111111.1072,254,0,50666664.0,0.0,0,0,0.009,0.0,0.0,0.0,0,0,0,0,0.0,0.0,0.0,57,0,0,0,21,2,8,8,8,21,0,0,0,8,21,0,Generic,1
8e-06,udp,dns,INT,2,0,114,0,125000.0003,254,0,57000000.0,0.0,0,0,0.008,0.0,0.0,0.0,0,0,0,0,0.0,0.0,0.0,57,0,0,0,35,2,21,21,12,35,0,0,0,22,35,0,Generic,1
5e-06,udp,dns,INT,2,0,114,0,200000.0051,254,0,91200000.0,0.0,0,0,0.005,0.0,0.0,0.0,0,0,0,0,0.0,0.0,0.0,57,0,0,0,19,2,8,8,8,19,0,0,0,8,19,0,Generic,1
1.508209,tcp,http,FIN,10,10,1226,1850,12.597724,62,252,5855.952148,8831.666992,2,2,167.575667,161.127672,12334.71104,248.136281,255,1915654284,792344433,255,0.092721,0.058054,0.034667,123,185,1,328,1,1,1,1,1,1,0,0,1,1,1,0,Generic,1
8e-06,udp,dns,INT,2,0,114,0,125000.0003,254,0,57000000.0,0.0,0,0,0.008,0.0,0.0,0.0,0,0,0,0,0.0,0.0,0.0,57,0,0,0,7,2,7,7,7,7,0,0,0,7,7,0,Generic,1
6e-06,udp,dns,INT,2,0,114,0,166666.6608,254,0,76000000.0,0.0,0,0,0.006,0.0,0.0,0.0,0,0,0,0,0.0,0.0,0.0,57,0,0,0,29,2,29,29,14,29,0,0,0,29,29,0,Generic,1
3e-06,udp,dns,INT,2,0,114,0,333333.3215,254,0,152000000.0,0.0,0,0,0.003,0.0,0.0,0.0,0,0,0,0,0.0,0.0,0.0,57,0,0,0,35,2,21,21,9,35,0,0,0,22,35,0,Generic,1
8e-06,udp,dns,INT,2,0,114,0,125000.0003,254,0,57000000.0,0.0,0,0,0.008,0.0,0.0,0.0,0,0,0,0,0.0,0.0,0.0,57,0,0,0,29,2,29,29,15,29,0,0,0,29,29,0,Generic,1
9e-06,udp,dns,INT,2,0,114,0,111111.1072,254,0,50666664.0,0.0,0,0,0.009,0.0,0.0,0.0,0,0,0,0,0.0,0.0,0.0,57,0,0,0,35,2,14,14,14,35,0,0,0,15,35,0,Generic,1
8e-06,udp,dns,INT,2,0,114,0,125000.0003,254,0,57000000.0,0.0,0,0,0.008,0.0,0.0,0.0,0,0,0,0,0.0,0.0,0.0,57,0,0,0,38,2,33,33,17,38,0,0,0,33,38,0,Generic,1
5e-06,udp,dns,INT,2,0,114,0,200000.0051,254,0,91200000.0,0.0,0,0,0.005,0.0,0.0,0.0,0,0,0,0,0.0,0.0,0.0,57,0,0,0,29,2,18,18,18,29,0,0,0,18,29,0,Generic,1
7e-06,udp,dns,INT,2,0,114,0,142857.1409,254,0,65142856.0,0.0,0,0,0.007,0.0,0.0,0.0,0,0,0,0,0.0,0.0,0.0,57,0,0,0,36,2,32,32,16,36,0,0,0,32,36,0,Generic,1
8e-06,udp,dns,INT,2,0,114,0,125000.0003,254,0,57000000.0,0.0,0,0,0.008,0.0,0.0,0.0,0,0,0,0,0.0,0.0,0.0,57,0,0,0,38,2,33,33,16,38,0,0,0,33,38,0,Generic,1
9e-06,udp,dns,INT,2,0,114,0,111111.1072,254,0,50666664.0,0.0,0,0,0.009,0.0,0.0,0.0,0,0,0,0,0.0,0.0,0.0,57,0,0,0,25,2,16,16,16,25,0,0,0,16,25,0,Generic,1
9e-06,udp,dns,INT,2,0,114,0,111111.1072,254,0,50666664.0,0.0,0,0,0.009,0.0,0.0,0.0,0,0,0,0,0.0,0.0,0.0,57,0,0,0,7,2,7,7,6,7,0,0,0,7,7,0,Generic,1
9e-06,udp,dns,INT,2,0,114,0,111111.1072,254,0,50666664.0,0.0,0,0,0.009,0.0,0.0,0.0,0,0,0,0,0.0,0.0,0.0,57,0,0,0,37,2,29,29,15,37,0,0,0,30,37,0,Generic,1
9e-06,udp,dns,INT,2,0,114,0,111111.1072,254,0,50666664.0,0.0,0,0,0.009,0.0,0.0,0.0,0,0,0,0,0.0,0.0,0.0,57,0,0,0,21,2,17,16,16,21,0,0,0,16,21,0,Generic,1
9e-06,udp,dns,INT,2,0,114,0,111111.1072,254,0,50666664.0,0.0,0,0,0.009,0.0,0.0,0.0,0,0,0,0,0.0,0.0,0.0,57,0,0,0,14,2,14,14,8,14,0,0,0,14,14,0,Generic,1
9e-06,udp,dns,INT,2,0,114,0,111111.1072,254,0,50666664.0,0.0,0,0,0.009,0.0,0.0,0.0,0,0,0,0,0.0,0.0,0.0,57,0,0,0,37,2,29,29,14,37,0,0,0,30,37,0,Generic,1
3e-06,udp,dns,INT,2,0,114,0,333333.3215,254,0,152000000.0,0.0,0,0,0.003,0.0,0.0,0.0,0,0,0,0,0.0,0.0,0.0,57,0,0,0,22,2,16,16,16,22,0,0,0,16,22,0,Generic,1
1e-05,udp,dns,INT,2,0,114,0,100000.0025,254,0,45600000.0,0.0,0,0,0.01,0.0,0.0,0.0,0,0,0,0,0.0,0.0,0.0,57,0,0,0,18,2,19,18,18,18,0,0,0,19,18,0,Generic,1
9e-06,udp,dns,INT,2,0,114,0,111111.1072,254,0,50666664.0,0.0,0,0,0.009,0.0,0.0,0.0,0,0,0,0,0.0,0.0,0.0,57,0,0,0,42,2,34,34,18,42,0,0,0,34,42,0,Generic,1
6e-06,udp,dns,INT,2,0,114,0,166666.6608,254,0,76000000.0,0.0,0,0,0.006,0.0,0.0,0.0,0,0,0,0,0.0,0.0,0.0,57,0,0,0,29,2,17,16,16,29,0,0,0,16,29,0,Generic,1
3e-06,udp,dns,INT,2,0,114,0,333333.3215,254,0,152000000.0,0.0,0,0,0.003,0.0,0.0,0.0,0,0,0,0,0.0,0.0,0.0,57,0,0,0,32,2,32,32,17,32,0,0,0,34,32,0,Generic,1
3e-06,udp,dns,INT,2,0,114,0,333333.3215,254,0,152000000.0,0.0,0,0,0.003,0.0,0.0,0.0,0,0,0,0,0.0,0.0,0.0,57,0,0,0,15,2,3,3,3,15,0,0,0,3,15,0,Generic,1
8e-06,udp,dns,INT,2,0,114,0,125000.0003,254,0,57000000.0,0.0,0,0,0.008,0.0,0.0,0.0,0,0,0,0,0.0,0.0,0.0,57,0,0,0,25,2,15,15,15,25,0,0,0,16,25,0,Generic,1
3e-06,udp,dns,INT,2,0,114,0,333333.3215,254,0,152000000.0,0.0,0,0,0.003,0.0,0.0,0.0,0,0,0,0,0.0,0.0,0.0,57,0,0,0,34,2,14,14,14,34,0,0,0,14,34,0,Generic,1
8e-06,udp,dns,INT,2,0,114,0,125000.0003,254,0,57000000.0,0.0,0,0,0.008,0.0,0.0,0.0,0,0,0,0,0.0,0.0,0.0,57,0,0,0,42,2,3,3,3,42,0,0,0,3,42,0,Generic,1
9e-06,udp,dns,INT,2,0,114,0,111111.1072,254,0,50666664.0,0.0,0,0,0.009,0.0,0.0,0.0,0,0,0,0,0.0,0.0,0.0,57,0,0,0,37,2,30,30,17,37,0,0,0,31,37,0,Generic,1
9e-06,udp,dns,INT,2,0,114,0,111111.1072,254,0,50666664.0,0.0,0,0,0.009,0.0,0.0,0.0,0,0,0,0,0.0,0.0,0.0,57,0,0,0,22,2,8,8,8,22,0,0,0,8,22,0,Generic,1
8e-06,udp,dns,INT,2,0,114,0,125000.0003,254,0,57000000.0,0.0,0,0,0.008,0.0,0.0,0.0,0,0,0,0,0.0,0.0,0.0,57,0,0,0,26,2,18,18,18,26,0,0,0,18,26,0,Generic,1
5e-06,ddx,-,INT,2,0,200,0,200000.0051,254,0,160000000.0,0.0,0,0,0.005,0.0,0.0,0.0,0,0,0,0,0.0,0.0,0.0,100,0,0,0,6,2,2,2,2,6,0,0,0,3,6,0,Generic,1
8e-06,udp,dns,INT,2,0,114,0,125000.0003,254,0,57000000.0,0.0,0,0,0.008,0.0,0.0,0.0,0,0,0,0,0.0,0.0,0.0,57,0,0,0,13,2,13,13,13,13,0,0,0,14,13,0,Generic,1
5e-06,udp,dns,INT,2,0,114,0,200000.0051,254,0,91200000.0,0.0,0,0,0.005,0.0,0.0,0.0,0,0,0,0,0.0,0.0,0.0,57,0,0,0,37,2,30,30,13,37,0,0,0,31,37,0,Generic,1
0.902159,tcp,http,FIN,12,10,2174,3278,23.277494,62,252,17673.16016,26168.33594,3,3,82.014455,92.130336,4037.152671,107.9455,255,2642057847,4271249100,255,0.11551,0.072252,0.043258,181,328,1,671,1,1,1,1,1,1,0,0,1,3,1,0,Generic,1
6e-06,udp,dns,INT,2,0,114,0,166666.6608,254,0,76000000.0,0.0,0,0,0.006,0.0,0.0,0.0,0,0,0,0,0.0,0.0,0.0,57,0,0,0,22,2,16,16,16,22,0,0,0,17,22,0,Generic,1
5e-06,udp,dns,INT,2,0,114,0,200000.0051,254,0,91200000.0,0.0,0,0,0.005,0.0,0.0,0.0,0,0,0,0,0.0,0.0,0.0,57,0,0,0,29,2,12,11,11,29,0,0,0,12,29,0,Generic,1
8e-06,udp,dns,INT,2,0,114,0,125000.0003,254,0,57000000.0,0.0,0,0,0.008,0.0,0.0,0.0,0,0,0,0,0.0,0.0,0.0,57,0,0,0,34,2,25,25,14,34,0,0,0,26,34,0,Generic,1
1.7e-05,udp,dns,INT,2,0,114,0,58823.52838,254,0,26823528.0,0.0,0,0,0.017,0.0,0.0,0.0,0,0,0,0,0.0,0.0,0.0,57,0,0,0,31,2,18,18,18,31,0,0,0,18,31,0,Generic,1
9e-06,udp,dns,INT,2,0,114,0,111111.1072,254,0,50666664.0,0.0,0,0,0.009,0.0,0.0,0.0,0,0,0,0,0.0,0.0,0.0,57,0,0,0,34,2,25,25,11,34,0,0,0,26,34,0,Generic,1
8e-06,udp,dns,INT,2,0,114,0,125000.0003,254,0,57000000.0,0.0,0,0,0.008,0.0,0.0,0.0,0,0,0,0,0.0,0.0,0.0,57,0,0,0,15,2,12,12,12,15,0,0,0,13,15,0,Generic,1
7e-06,udp,dns,INT,2,0,114,0,142857.1409,254,0,65142856.0,0.0,0,0,0.007,0.0,0.0,0.0,0,0,0,0,0.0,0.0,0.0,57,0,0,0,30,2,3,3,3,31,0,0,0,3,30,0,Generic,1
9e-06,udp,dns,INT,2,0,114,0,111111.1072,254,0,50666664.0,0.0,0,0,0.009,0.0,0.0,0.0,0,0,0,0,0.0,0.0,0.0,57,0,0,0,34,2,26,26,13,34,0,0,0,26,34,0,Generic,1
8e-06,udp,dns,INT,2,0,114,0,125000.0003,254,0,57000000.0,0.0,0,0,0.008,0.0,0.0,0.0,0,0,0,0,0.0,0.0,0.0,57,0,0,0,21,2,4,4,4,21,0,0,0,4,21,0,Generic,1
3e-06,udp,dns,INT,2,0,114,0,333333.3215,254,0,152000000.0,0.0,0,0,0.003,0.0,0.0,0.0,0,0,0,0,0.0,0.0,0.0,57,0,0,0,21,2,17,17,17,21,0,0,0,17,21,0,Generic,1
9e-06,udp,dns,INT,2,0,114,0,111111.1072,254,0,50666664.0,0.0,0,0,0.009,0.0,0.0,0.0,0,0,0,0,0.0,0.0,0.0,57,0,0,0,37,2,7,7,3,37,0,0,0,7,37,0,Generic,1
8e-06,udp,dns,INT,2,0,114,0,125000.0003,254,0,57000000.0,0.0,0,0,0.008,0.0,0.0,0.0,0,0,0,0,0.0,0.0,0.0,57,0,0,0,28,2,18,17,17,28,0,0,0,18,28,0,Generic,1
5e-06,udp,dns,INT,2,0,114,0,200000.0051,254,0,91200000.0,0.0,0,0,0.005,0.0,0.0,0.0,0,0,0,0,0.0,0.0,0.0,57,0,0,0,24,2,6,6,6,24,0,0,0,6,24,0,Generic,1
8e-06,udp,dns,INT,2,0,114,0,125000.0003,254,0,57000000.0,0.0,0,0,0.008,0.0,0.0,0.0,0,0,0,0,0.0,0.0,0.0,57,0,0,0,25,2,25,25,12,25,0,0,0,26,25,0,Generic,1
3e-06,udp,dns,INT,2,0,114,0,333333.3215,254,0,152000000.0,0.0,0,0,0.003,0.0,0.0,0.0,0,0,0,0,0.0,0.0,0.0,57,0,0,0,25,2,10,10,10,25,0,0,0,10,25,0,Generic,1
9e-06,udp,dns,INT,2,0,114,0,111111.1072,254,0,50666664.0,0.0,0,0,0.009,0.0,0.0,0.0,0,0,0,0,0.0,0.0,0.0,57,0,0,0,22,2,18,17,17,22,0,0,0,18,22,0,Generic,1
9e-06,udp,dns,INT,2,0,114,0,111111.1072,254,0,50666664.0,0.0,0,0,0.009,0.0,0.0,0.0,0,0,0,0,0.0,0.0,0.0,57,0,0,0,11,2,9,9,5,11,0,0,0,9,11,0,Generic,1
0.911397,sctp,-,CON,4,2,528,392,5.486084,254,60,3475.982666,1720.435791,0,0,303.799,0.001,429.626781,0.0,0,0,0,0,0.0,0.0,0.0,132,196,0,0,1,0,1,1,1,2,0,0,0,1,1,0,Generic,1
4e-06,udp,-,INT,2,0,2122,0,250000.0006,254,0,2122000000.0,0.0,0,0,0.004,0.0,0.0,0.0,0,0,0,0,0.0,0.0,0.0,1061,0,0,0,1,2,1,1,1,1,0,0,0,1,1,0,Generic,1
8e-06,udp,dns,INT,2,0,114,0,125000.0003,254,0,57000000.0,0.0,0,0,0.008,0.0,0.0,0.0,0,0,0,0,0.0,0.0,0.0,57,0,0,0,26,2,2,2,2,26,0,0,0,2,26,0,Generic,1
9e-06,udp,dns,INT,2,0,114,0,111111.1072,254,0,50666664.0,0.0,0,0,0.009,0.0,0.0,0.0,0,0,0,0,0.0,0.0,0.0,57,0,0,0,34,2,25,25,15,34,0,0,0,25,34,0,Generic,1
9e-06,udp,dns,INT,2,0,114,0,111111.1072,254,0,50666664.0,0.0,0,0,0.009,0.0,0.0,0.0,0,0,0,0,0.0,0.0,0.0,57,0,0,0,30,2,30,30,15,30,0,0,0,30,30,0,Generic,1
9e-06,udp,dns,INT,2,0,114,0,111111.1072,254,0,50666664.0,0.0,0,0,0.009,0.0,0.0,0.0,0,0,0,0,0.0,0.0,0.0,57,0,0,0,28,2,16,16,16,28,0,0,0,16,28,0,Generic,1
3e-06,udp,dns,INT,2,0,114,0,333333.3215,254,0,152000000.0,0.0,0,0,0.003,0.0,0.0,0.0,0,0,0,0,0.0,0.0,0.0,57,0,0,0,4,2,4,4,3,4,0,0,0,4,4,0,Generic,1
9e-06,udp,dns,INT,2,0,114,0,111111.1072,254,0,50666664.0,0.0,0,0,0.009,0.0,0.0,0.0,0,0,0,0,0.0,0.0,0.0,57,0,0,0,34,2,25,25,10,34,0,0,0,25,34,0,Generic,1
9e-06,udp,dns,INT,2,0,114,0,111111.1072,254,0,50666664.0,0.0,0,0,0.009,0.0,0.0,0.0,0,0,0,0,0.0,0.0,0.0,57,0,0,0,39,2,33,33,17,39,0,0,0,34,39,0,Generic,1
3e-06,udp,dns,INT,2,0,114,0,333333.3215,254,0,152000000.0,0.0,0,0,0.003,0.0,0.0,0.0,0,0,0,0,0.0,0.0,0.0,57,0,0,0,39,2,33,33,16,39,0,0,0,34,39,0,Generic,1
3e-06,udp,dns,INT,2,0,114,0,333333.3215,254,0,152000000.0,0.0,0,0,0.003,0.0,0.0,0.0,0,0,0,0,0.0,0.0,0.0,57,0,0,0,27,2,11,11,11,27,0,0,0,12,27,0,Generic,1
9e-06,udp,dns,INT,2,0,114,0,111111.1072,254,0,50666664.0,0.0,0,0,0.009,0.0,0.0,0.0,0,0,0,0,0.0,0.0,0.0,57,0,0,0,25,2,25,25,13,25,0,0,0,26,25,0,Generic,1
9e-06,udp,dns,INT,2,0,114,0,111111.1072,254,0,50666664.0,0.0,0,0,0.009,0.0,0.0,0.0,0,0,0,0,0.0,0.0,0.0,57,0,0,0,37,2,8,8,5,37,0,0,0,8,37,0,Generic,1
4e-06,ax.25,-,INT,2,0,200,0,250000.0006,254,0,200000000.0,0.0,0,0,0.004,0.0,0.0,0.0,0,0,0,0,0.0,0.0,0.0,100,0,0,0,6,2,3,3,3,6,0,0,0,4,6,0,Generic,1
9e-06,udp,dns,INT,2,0,114,0,111111.1072,254,0,50666664.0,0.0,0,0,0.009,0.0,0.0,0.0,0,0,0,0,0.0,0.0,0.0,57,0,0,0,10,2,10,10,7,10,0,0,0,10,10,0,Generic,1
9e-06,smp,-,INT,2,0,200,0,111111.1072,254,0,88888888.0,0.0,0,0,0.009,0.0,0.0,0.0,0,0,0,0,0.0,0.0,0.0,100,0,0,0,6,2,2,2,2,6,0,0,0,4,6,0,Generic,1
9e-06,udp,dns,INT,2,0,114,0,111111.1072,254,0,50666664.0,0.0,0,0,0.009,0.0,0.0,0.0,0,0,0,0,0.0,0.0,0.0,57,0,0,0,34,2,24,24,13,34,0,0,0,24,34,0,Generic,1
9e-06,udp,dns,INT,2,0,114,0,111111.1072,254,0,50666664.0,0.0,0,0,0.009,0.0,0.0,0.0,0,0,0,0,0.0,0.0,0.0,57,0,0,0,34,2,24,24,11,34,0,0,0,24,34,0,Generic,1
5e-06,udp,dns,INT,2,0,114,0,200000.0051,254,0,91200000.0,0.0,0,0,0.005,0.0,0.0,0.0,0,0,0,0,0.0,0.0,0.0,57,0,0,0,27,2,10,10,10,27,0,0,0,10,27,0,Generic,1
9e-06,uti,-,INT,2,0,200,0,111111.1072,254,0,88888888.0,0.0,0,0,0.009,0.0,0.0,0.0,0,0,0,0,0.0,0.0,0.0,100,0,0,0,6,2,1,1,1,6,0,0,0,1,6,0,Generic,1
8e-06,udp,dns,INT,2,0,114,0,125000.0003,254,0,57000000.0,0.0,0,0,0.008,0.0,0.0,0.0,0,0,0,0,0.0,0.0,0.0,57,0,0,0,27,2,17,17,17,27,0,0,0,17,27,0,Generic,1
3e-06,udp,dns,INT,2,0,114,0,333333.3215,254,0,152000000.0,0.0,0,0,0.003,0.0,0.0,0.0,0,0,0,0,0.0,0.0,0.0,57,0,0,0,33,2,18,17,17,33,0,0,0,18,33,0,Generic,1
9e-06,udp,dns,INT,2,0,114,0,111111.1072,254,0,50666664.0,0.0,0,0,0.009,0.0,0.0,0.0,0,0,0,0,0.0,0.0,0.0,57,0,0,0,34,2,9,9,5,34,0,0,0,9,34,0,Generic,1
8e-06,udp,dns,INT,2,0,114,0,125000.0003,254,0,57000000.0,0.0,0,0,0.008,0.0,0.0,0.0,0,0,0,0,0.0,0.0,0.0,57,0,0,0,28,2,28,28,19,28,0,0,0,28,28,0,Generic,1
9e-06,udp,dns,INT,2,0,114,0,111111.1072,254,0,50666664.0,0.0,0,0,0.009,0.0,0.0,0.0,0,0,0,0,0.0,0.0,0.0,57,0,0,0,28,2,11,11,11,28,0,0,0,11,28,0,Generic,1
0.253626,tcp,http,FIN,42,24,45578,18600,256.282884,254,252,1403420.875,562245.25,17,8,6.186,10.267,560.175783,927.690077,255,2266194002,857167126,255,0.052193,0.007091,0.045102,1085,775,1,8446,1,1,1,1,1,1,0,0,1,2,1,0,Generic,1
3e-06,udp,dns,INT,2,0,114,0,333333.3215,254,0,152000000.0,0.0,0,0,0.003,0.0,0.0,0.0,0,0,0,0,0.0,0.0,0.0,57,0,0,0,28,2,28,28,19,28,0,0,0,28,28,0,Generic,1
9e-06,udp,dns,INT,2,0,114,0,111111.1072,254,0,50666664.0,0.0,0,0,0.009,0.0,0.0,0.0,0,0,0,0,0.0,0.0,0.0,57,0,0,0,18,2,1,1,1,18,0,0,0,1,18,0,Generic,1
8e-06,udp,dns,INT,2,0,114,0,125000.0003,254,0,57000000.0,0.0,0,0,0.008,0.0,0.0,0.0,0,0,0,0,0.0,0.0,0.0,57,0,0,0,23,2,11,11,11,23,0,0,0,11,23,0,Generic,1
8e-06,udp,dns,INT,2,0,114,0,125000.0003,254,0,57000000.0,0.0,0,0,0.008,0.0,0.0,0.0,0,0,0,0,0.0,0.0,0.0,57,0,0,0,17,2,17,17,8,17,0,0,0,17,17,0,Generic,1
9e-06,udp,dns,INT,2,0,114,0,111111.1072,254,0,50666664.0,0.0,0,0,0.009,0.0,0.0,0.0,0,0,0,0,0.0,0.0,0.0,57,0,0,0,19,2,16,16,16,19,0,0,0,16,19,0,Generic,1
8e-06,udp,dns,INT,2,0,114,0,125000.0003,254,0,57000000.0,0.0,0,0,0.008,0.0,0.0,0.0,0,0,0,0,0.0,0.0,0.0,57,0,0,0,26,2,16,16,16,26,0,0,0,16,26,0,Generic,1
6e-06,udp,dns,INT,2,0,114,0,166666.6608,254,0,76000000.0,0.0,0,0,0.006,0.0,0.0,0.0,0,0,0,0,0.0,0.0,0.0,57,0,0,0,34,2,34,34,16,34,0,0,0,34,34,0,Generic,1
0.278142,tcp,smtp,FIN,14,10,1194,1396,82.691573,254,252,31897.375,36154.19531,4,3,21.395538,28.539445,1069.03249,38.365957,255,3988571098,485462569,255,0.035214,0.020497,0.014717,85,140,0,0,1,1,1,1,1,1,0,0,0,1,1,0,Generic,1
3e-06,udp,dns,INT,2,0,114,0,333333.3215,254,0,152000000.0,0.0,0,0,0.003,0.0,0.0,0.0,0,0,0,0,0.0,0.0,0.0,57,0,0,0,34,2,10,10,6,34,0,0,0,10,34,0,Generic,1
9e-06,udp,dns,INT,2,0,114,0,111111.1072,254,0,50666664.0,0.0,0,0,0.009,0.0,0.0,0.0,0,0,0,0,0.0,0.0,0.0,57,0,0,0,49,2,38,38,18,49,0,0,0,38,49,0,Generic,1
9e-06,ipip,-,INT,2,0,200,0,111111.1072,254,0,88888888.0,0.0,0,0,0.009,0.0,0.0,0.0,0,0,0,0,0.0,0.0,0.0,100,0,0,0,6,2,3,3,3,6,0,0,0,4,6,0,Generic,1
9e-06,udp,dns,INT,2,0,114,0,111111.1072,254,0,50666664.0,0.0,0,0,0.009,0.0,0.0,0.0,0,0,0,0,0.0,0.0,0.0,57,0,0,0,17,2,17,17,9,17,0,0,0,17,17,0,Generic,1
2e-06,udp,dns,INT,2,0,114,0,500000.0013,254,0,228000000.0,0.0,0,0,0.002,0.0,0.0,0.0,0,0,0,0,0.0,0.0,0.0,57,0,0,0,37,2,28,28,16,37,0,0,0,28,37,0,Generic,1
8e-06,udp,dns,INT,2,0,114,0,125000.0003,254,0,57000000.0,0.0,0,0,0.008,0.0,0.0,0.0,0,0,0,0,0.0,0.0,0.0,57,0,0,0,25,2,25,25,14,25,0,0,0,36,25,0,Generic,1
1e-06,udp,dns,INT,2,0,114,0,1000000.003,254,0,456000000.0,0.0,0,0,0.001,0.0,0.0,0.0,0,0,0,0,0.0,0.0,0.0,57,0,0,0,17,2,18,17,17,17,0,0,0,17,17,0,Generic,1
3e-06,udp,dns,INT,2,0,114,0,333333.3215,254,0,152000000.0,0.0,0,0,0.003,0.0,0.0,0.0,0,0,0,0,0.0,0.0,0.0,57,0,0,0,21,2,4,4,4,21,0,0,0,4,21,0,Generic,1
8e-06,udp,dns,INT,2,0,114,0,125000.0003,254,0,57000000.0,0.0,0,0,0.008,0.0,0.0,0.0,0,0,0,0,0.0,0.0,0.0,57,0,0,0,18,2,15,15,15,18,0,0,0,17,18,0,Generic,1
9e-06,udp,dns,INT,2,0,114,0,111111.1072,254,0,50666664.0,0.0,0,0,0.009,0.0,0.0,0.0,0,0,0,0,0.0,0.0,0.0,57,0,0,0,27,2,11,11,11,27,0,0,0,12,27,0,Generic,1
3e-06,udp,dns,INT,2,0,114,0,333333.3215,254,0,152000000.0,0.0,0,0,0.003,0.0,0.0,0.0,0,0,0,0,0.0,0.0,0.0,57,0,0,0,21,2,20,18,18,21,0,0,0,19,21,0,Generic,1
6e-06,udp,dns,INT,2,0,114,0,166666.6608,254,0,76000000.0,0.0,0,0,0.006,0.0,0.0,0.0,0,0,0,0,0.0,0.0,0.0,57,0,0,0,37,2,28,28,12,37,0,0,0,28,37,0,Generic,1
5e-06,udp,dns,INT,2,0,114,0,200000.0051,254,0,91200000.0,0.0,0,0,0.005,0.0,0.0,0.0,0,0,0,0,0.0,0.0,0.0,57,0,0,0,13,2,13,13,13,13,0,0,0,13,13,0,Generic,1
9e-06,udp,dns,INT,2,0,114,0,111111.1072,254,0,50666664.0,0.0,0,0,0.009,0.0,0.0,0.0,0,0,0,0,0.0,0.0,0.0,57,0,0,0,20,2,20,20,9,20,0,0,0,20,20,0,Generic,1
5e-06,udp,dns,INT,2,0,114,0,200000.0051,254,0,91200000.0,0.0,0,0,0.005,0.0,0.0,0.0,0,0,0,0,0.0,0.0,0.0,57,0,0,0,18,2,3,3,3,18,0,0,0,4,18,0,Generic,1
8e-06,udp,dns,INT,2,0,114,0,125000.0003,254,0,57000000.0,0.0,0,0,0.008,0.0,0.0,0.0,0,0,0,0,0.0,0.0,0.0,57,0,0,0,9,2,9,9,2,9,0,0,0,9,9,0,Generic,1
6e-06,udp,dns,INT,2,0,114,0,166666.6608,254,0,76000000.0,0.0,0,0,0.006,0.0,0.0,0.0,0,0,0,0,0.0,0.0,0.0,57,0,0,0,49,2,38,38,20,49,0,0,0,38,49,0,Generic,1
3e-06,udp,dns,INT,2,0,114,0,333333.3215,254,0,152000000.0,0.0,0,0,0.003,0.0,0.0,0.0,0,0,0,0,0.0,0.0,0.0,57,0,0,0,21,2,21,21,12,21,0,0,0,21,21,0,Generic,1
8e-06,udp,dns,INT,2,0,114,0,125000.0003,254,0,57000000.0,0.0,0,0,0.008,0.0,0.0,0.0,0,0,0,0,0.0,0.0,0.0,57,0,0,0,31,2,31,31,23,31,0,0,0,32,31,0,Generic,1
5e-06,udp,dns,INT,2,0,114,0,200000.0051,254,0,91200000.0,0.0,0,0,0.005,0.0,0.0,0.0,0,0,0,0,0.0,0.0,0.0,57,0,0,0,17,2,12,12,7,17,0,0,0,13,17,0,Generic,1
7e-06,udp,dns,INT,2,0,114,0,142857.1409,254,0,65142856.0,0.0,0,0,0.007,0.0,0.0,0.0,0,0,0,0,0.0,0.0,0.0,57,0,0,0,31,2,31,31,23,31,0,0,0,32,31,0,Generic,1
9e-06,udp,dns,INT,2,0,114,0,111111.1072,254,0,50666664.0,0.0,0,0,0.009,0.0,0.0,0.0,0,0,0,0,0.0,0.0,0.0,57,0,0,0,25,2,25,25,11,25,0,0,0,36,25,0,Generic,1
5e-06,udp,dns,INT,2,0,114,0,200000.0051,254,0,91200000.0,0.0,0,0,0.005,0.0,0.0,0.0,0,0,0,0,0.0,0.0,0.0,57,0,0,0,21,2,21,21,9,21,0,0,0,21,21,0,Generic,1
9e-06,udp,dns,INT,2,0,114,0,111111.1072,254,0,50666664.0,0.0,0,0,0.009,0.0,0.0,0.0,0,0,0,0,0.0,0.0,0.0,57,0,0,0,9,2,9,9,7,9,0,0,0,9,9,0,Generic,1
4e-06,udp,dns,INT,2,0,114,0,250000.0006,254,0,114000000.0,0.0,0,0,0.004,0.0,0.0,0.0,0,0,0,0,0.0,0.0,0.0,57,0,0,0,34,2,9,9,9,34,0,0,0,9,34,0,Generic,1
3e-06,udp,dns,INT,2,0,114,0,333333.3215,254,0,152000000.0,0.0,0,0,0.003,0.0,0.0,0.0,0,0,0,0,0.0,0.0,0.0,57,0,0,0,27,2,19,19,8,27,0,0,0,19,27,0,Generic,1
3e-06,udp,dns,INT,2,0,114,0,333333.3215,254,0,152000000.0,0.0,0,0,0.003,0.0,0.0,0.0,0,0,0,0,0.0,0.0,0.0,57,0,0,0,39,2,14,14,9,39,0,0,0,14,39,0,Generic,1
2e-06,udp,dns,INT,2,0,114,0,500000.0013,254,0,228000000.0,0.0,0,0,0.002,0.0,0.0,0.0,0,0,0,0,0.0,0.0,0.0,57,0,0,0,27,2,19,19,11,27,0,0,0,19,27,0,Generic,1
4e-06,udp,dns,INT,2,0,114,0,250000.0006,254,0,114000000.0,0.0,0,0,0.004,0.0,0.0,0.0,0,0,0,0,0.0,0.0,0.0,57,0,0,0,31,2,31,31,8,31,0,0,0,32,31,0,Generic,1
4e-06,udp,dns,INT,2,0,114,0,250000.0006,254,0,114000000.0,0.0,0,0,0.004,0.0,0.0,0.0,0,0,0,0,0.0,0.0,0.0,57,0,0,0,51,2,10,10,5,51,0,0,0,10,51,0,Generic,1
8e-06,udp,dns,INT,2,0,114,0,125000.0003,254,0,57000000.0,0.0,0,0,0.008,0.0,0.0,0.0,0,0,0,0,0.0,0.0,0.0,57,0,0,0,51,2,41,41,20,51,0,0,0,41,51,0,Generic,1
1.2e-05,udp,dns,INT,2,0,114,0,83333.33039,254,0,38000000.0,0.0,0,0,0.012,0.0,0.0,0.0,0,0,0,0,0.0,0.0,0.0,57,0,0,0,31,2,16,16,16,31,0,0,0,17,31,0,Generic,1
1e-06,udp,dns,INT,2,0,114,0,1000000.003,254,0,456000000.0,0.0,0,0,0.001,0.0,0.0,0.0,0,0,0,0,0.0,0.0,0.0,57,0,0,0,22,2,8,8,8,22,0,0,0,8,22,0,Generic,1
1e-06,udp,dns,INT,2,0,114,0,1000000.003,254,0,456000000.0,0.0,0,0,0.001,0.0,0.0,0.0,0,0,0,0,0.0,0.0,0.0,57,0,0,0,14,2,10,10,10,14,0,0,0,11,14,0,Generic,1
4e-06,udp,dns,INT,2,0,114,0,250000.0006,254,0,114000000.0,0.0,0,0,0.004,0.0,0.0,0.0,0,0,0,0,0.0,0.0,0.0,57,0,0,0,20,2,18,18,18,20,0,0,0,18,20,0,Generic,1
6e-06,udp,dns,INT,2,0,114,0,166666.6608,254,0,76000000.0,0.0,0,0,0.006,0.0,0.0,0.0,0,0,0,0,0.0,0.0,0.0,57,0,0,0,14,2,14,14,14,14,0,0,0,15,14,0,Generic,1
1e-05,udp,dns,INT,2,0,114,0,100000.0025,254,0,45600000.0,0.0,0,0,0.01,0.0,0.0,0.0,0,0,0,0,0.0,0.0,0.0,57,0,0,0,37,2,4,4,4,37,0,0,0,4,37,0,Generic,1
9e-06,udp,dns,INT,2,0,114,0,111111.1072,254,0,50666664.0,0.0,0,0,0.009,0.0,0.0,0.0,0,0,0,0,0.0,0.0,0.0,57,0,0,0,16,2,16,16,16,17,0,0,0,17,16,0,Generic,1
3e-06,udp,dns,INT,2,0,114,0,333333.3215,254,0,152000000.0,0.0,0,0,0.003,0.0,0.0,0.0,0,0,0,0,0.0,0.0,0.0,57,0,0,0,26,2,25,25,14,26,0,0,0,25,26,0,Generic,1
3e-06,udp,dns,INT,2,0,114,0,333333.3215,254,0,152000000.0,0.0,0,0,0.003,0.0,0.0,0.0,0,0,0,0,0.0,0.0,0.0,57,0,0,0,51,2,41,41,20,51,0,0,0,41,51,0,Generic,1
3e-06,udp,dns,INT,2,0,114,0,333333.3215,254,0,152000000.0,0.0,0,0,0.003,0.0,0.0,0.0,0,0,0,0,0.0,0.0,0.0,57,0,0,0,17,2,9,9,5,17,0,0,0,9,17,0,Generic,1
9e-06,udp,dns,INT,2,0,114,0,111111.1072,254,0,50666664.0,0.0,0,0,0.009,0.0,0.0,0.0,0,0,0,0,0.0,0.0,0.0,57,0,0,0,51,2,41,41,21,51,0,0,0,41,51,0,Generic,1
8e-06,ipx-n-ip,-,INT,2,0,200,0,125000.0003,254,0,100000000.0,0.0,0,0,0.008,0.0,0.0,0.0,0,0,0,0,0.0,0.0,0.0,100,0,0,0,7,2,3,3,3,8,0,0,0,4,7,0,Generic,1
4e-06,udp,dns,INT,2,0,114,0,250000.0006,254,0,114000000.0,0.0,0,0,0.004,0.0,0.0,0.0,0,0,0,0,0.0,0.0,0.0,57,0,0,0,17,2,5,5,5,17,0,0,0,5,17,0,Generic,1
4e-06,udp,dns,INT,2,0,114,0,250000.0006,254,0,114000000.0,0.0,0,0,0.004,0.0,0.0,0.0,0,0,0,0,0.0,0.0,0.0,57,0,0,0,28,2,11,11,11,28,0,0,0,12,28,0,Generic,1
8e-06,udp,dns,INT,2,0,114,0,125000.0003,254,0,57000000.0,0.0,0,0,0.008,0.0,0.0,0.0,0,0,0,0,0.0,0.0,0.0,57,0,0,0,16,2,16,16,16,16,0,0,0,18,16,0,Generic,1
9e-06,udp,dns,INT,2,0,114,0,111111.1072,254,0,50666664.0,0.0,0,0,0.009,0.0,0.0,0.0,0,0,0,0,0.0,0.0,0.0,57,0,0,0,28,2,17,17,17,28,0,0,0,19,28,0,Generic,1
9e-06,udp,dns,INT,2,0,114,0,111111.1072,254,0,50666664.0,0.0,0,0,0.009,0.0,0.0,0.0,0,0,0,0,0.0,0.0,0.0,57,0,0,0,18,2,18,18,18,18,0,0,0,21,18,0,Generic,1
0.310357,tcp,http,FIN,14,40,1464,47744,170.771077,62,252,35056.40234,1199934.25,2,18,23.873616,7.482,1246.139437,955.109236,255,4079960246,4113169687,255,0.058365,0.009941,0.048424,105,1194,1,22682,1,1,1,1,1,1,0,0,1,1,2,0,Generic,1
8e-06,udp,dns,INT,2,0,114,0,125000.0003,254,0,57000000.0,0.0,0,0,0.008,0.0,0.0,0.0,0,0,0,0,0.0,0.0,0.0,57,0,0,0,23,2,21,21,10,23,0,0,0,23,23,0,Generic,1
0.429136,tcp,ssl,FIN,14,10,3864,1964,53.596062,254,252,66887.88281,32959.24609,4,3,31.724308,46.654109,1631.137511,61.607859,255,315762615,244662247,255,0.057842,0.009246,0.048596,276,196,0,0,1,1,1,1,1,1,0,0,0,1,1,0,Generic,1
5e-06,udp,dns,INT,2,0,114,0,200000.0051,254,0,91200000.0,0.0,0,0,0.005,0.0,0.0,0.0,0,0,0,0,0.0,0.0,0.0,57,0,0,0,5,2,5,5,5,5,0,0,0,5,5,0,Generic,1
3e-06,udp,dns,INT,2,0,114,0,333333.3215,254,0,152000000.0,0.0,0,0,0.003,0.0,0.0,0.0,0,0,0,0,0.0,0.0,0.0,57,0,0,0,31,2,19,18,18,31,0,0,0,18,31,0,Generic,1
5e-06,udp,dns,INT,2,0,114,0,200000.0051,254,0,91200000.0,0.0,0,0,0.005,0.0,0.0,0.0,0,0,0,0,0.0,0.0,0.0,57,0,0,0,23,2,21,21,11,23,0,0,0,23,23,0,Generic,1
3e-06,vrrp,-,INT,2,0,200,0,333333.3215,254,0,266666656.0,0.0,0,0,0.003,0.0,0.0,0.0,0,0,0,0,0.0,0.0,0.0,100,0,0,0,7,2,2,1,1,8,0,0,0,3,7,0,Generic,1
6e-06,udp,dns,INT,2,0,114,0,166666.6608,254,0,76000000.0,0.0,0,0,0.006,0.0,0.0,0.0,0,0,0,0,0.0,0.0,0.0,57,0,0,0,26,2,25,25,11,26,0,0,0,25,26,0,Generic,1
7e-06,udp,dns,INT,2,0,114,0,142857.1409,254,0,65142856.0,0.0,0,0,0.007,0.0,0.0,0.0,0,0,0,0,0.0,0.0,0.0,57,0,0,0,3,2,3,3,3,3,0,0,0,3,3,0,Generic,1
4e-06,udp,dns,INT,2,0,114,0,250000.0006,254,0,114000000.0,0.0,0,0,0.004,0.0,0.0,0.0,0,0,0,0,0.0,0.0,0.0,57,0,0,0,32,2,32,32,17,32,0,0,0,32,32,0,Generic,1
6e-06,udp,dns,INT,2,0,114,0,166666.6608,254,0,76000000.0,0.0,0,0,0.006,0.0,0.0,0.0,0,0,0,0,0.0,0.0,0.0,57,0,0,0,51,2,41,41,21,51,0,0,0,41,51,0,Generic,1
0.807948,tcp,smtp,FIN,24,20,8194,1858,53.221247,254,252,77757.47656,17486.27344,9,8,35.128174,42.144684,1836.081261,47.469086,255,3359899710,132406566,255,0.053502,0.006385,0.047117,341,93,0,0,1,1,1,1,1,1,0,0,0,1,1,0,Generic,1
1e-06,udp,dns,INT,2,0,114,0,1000000.003,254,0,456000000.0,0.0,0,0,0.001,0.0,0.0,0.0,0,0,0,0,0.0,0.0,0.0,57,0,0,0,5,2,5,5,5,5,0,0,0,5,5,0,Generic,1
3e-06,udp,dns,INT,2,0,114,0,333333.3215,254,0,152000000.0,0.0,0,0,0.003,0.0,0.0,0.0,0,0,0,0,0.0,0.0,0.0,57,0,0,0,29,2,16,16,16,29,0,0,0,25,29,0,Generic,1
1e-05,udp,dns,INT,2,0,114,0,100000.0025,254,0,45600000.0,0.0,0,0,0.01,0.0,0.0,0.0,0,0,0,0,0.0,0.0,0.0,57,0,0,0,20,2,20,20,12,20,0,0,0,20,20,0,Generic,1
5e-06,udp,dns,INT,2,0,114,0,200000.0051,254,0,91200000.0,0.0,0,0,0.005,0.0,0.0,0.0,0,0,0,0,0.0,0.0,0.0,57,0,0,0,3,2,3,3,3,3,0,0,0,4,3,0,Generic,1
5e-06,udp,dns,INT,2,0,114,0,200000.0051,254,0,91200000.0,0.0,0,0,0.005,0.0,0.0,0.0,0,0,0,0,0.0,0.0,0.0,57,0,0,0,31,2,13,13,13,31,0,0,0,13,31,0,Generic,1
9e-06,unas,-,INT,2,0,200,0,111111.1072,254,0,88888888.0,0.0,0,0,0.009,0.0,0.0,0.0,0,0,0,0,0.0,0.0,0.0,100,0,0,0,6,2,2,2,2,6,0,0,0,3,6,0,Generic,1
7e-06,udp,dns,INT,2,0,114,0,142857.1409,254,0,65142856.0,0.0,0,0,0.007,0.0,0.0,0.0,0,0,0,0,0.0,0.0,0.0,57,0,0,0,31,2,14,13,13,31,0,0,0,13,31,0,Generic,1
1.1e-05,udp,-,INT,2,0,1348,0,90909.0902,254,0,490181824.0,0.0,0,0,0.011,0.0,0.0,0.0,0,0,0,0,0.0,0.0,0.0,674,0,0,0,2,2,1,1,1,1,0,0,0,1,1,0,Generic,1
1e-06,udp,dns,INT,2,0,114,0,1000000.003,254,0,456000000.0,0.0,0,0,0.001,0.0,0.0,0.0,0,0,0,0,0.0,0.0,0.0,57,0,0,0,10,2,10,10,10,10,0,0,0,11,10,0,Generic,1
8e-06,udp,dns,INT,2,0,114,0,125000.0003,254,0,57000000.0,0.0,0,0,0.008,0.0,0.0,0.0,0,0,0,0,0.0,0.0,0.0,57,0,0,0,18,2,17,16,16,18,0,0,0,16,18,0,Generic,1
3e-06,l2tp,-,INT,2,0,200,0,333333.3215,254,0,266666656.0,0.0,0,0,0.003,0.0,0.0,0.0,0,0,0,0,0.0,0.0,0.0,100,0,0,0,6,2,2,2,2,6,0,0,0,3,6,0,Generic,1
1e-06,udp,dns,INT,2,0,114,0,1000000.003,254,0,456000000.0,0.0,0,0,0.001,0.0,0.0,0.0,0,0,0,0,0.0,0.0,0.0,57,0,0,0,24,2,8,8,8,24,0,0,0,8,24,0,Generic,1
1e-06,udp,dns,INT,2,0,114,0,1000000.003,254,0,456000000.0,0.0,0,0,0.001,0.0,0.0,0.0,0,0,0,0,0.0,0.0,0.0,57,0,0,0,26,2,16,16,16,26,0,0,0,16,26,0,Generic,1
3e-06,udp,dns,INT,2,0,114,0,333333.3215,254,0,152000000.0,0.0,0,0,0.003,0.0,0.0,0.0,0,0,0,0,0.0,0.0,0.0,57,0,0,0,2,2,2,2,2,2,0,0,0,3,2,0,Generic,1
5e-06,udp,dns,INT,2,0,114,0,200000.0051,254,0,91200000.0,0.0,0,0,0.005,0.0,0.0,0.0,0,0,0,0,0.0,0.0,0.0,57,0,0,0,28,2,11,11,11,28,0,0,0,11,28,0,Generic,1
7e-06,udp,dns,INT,2,0,114,0,142857.1409,254,0,65142856.0,0.0,0,0,0.007,0.0,0.0,0.0,0,0,0,0,0.0,0.0,0.0,57,0,0,0,26,2,10,10,10,26,0,0,0,10,26,0,Generic,1
3e-06,udp,dns,INT,2,0,114,0,333333.3215,254,0,152000000.0,0.0,0,0,0.003,0.0,0.0,0.0,0,0,0,0,0.0,0.0,0.0,57,0,0,0,18,2,17,16,16,18,0,0,0,16,18,0,Generic,1
9e-06,udp,-,INT,2,0,94,0,111111.1072,254,0,41777776.0,0.0,0,0,0.009,0.0,0.0,0.0,0,0,0,0,0.0,0.0,0.0,47,0,0,0,4,2,1,1,1,1,0,0,0,3,1,0,Generic,1
9e-06,udp,dns,INT,2,0,114,0,111111.1072,254,0,50666664.0,0.0,0,0,0.009,0.0,0.0,0.0,0,0,0,0,0.0,0.0,0.0,57,0,0,0,32,2,16,16,16,33,0,0,0,16,32,0,Generic,1
0.964967,tcp,http,FIN,10,18,1126,14578,27.980231,62,252,8406.504883,114151.0547,2,6,107.218556,51.627175,6101.050374,4612.454111,255,3267880592,53716491,255,0.149695,0.086585,0.06311,113,810,1,6605,1,1,1,1,1,1,0,0,1,2,1,0,Generic,1
9e-06,udp,dns,INT,2,0,114,0,111111.1072,254,0,50666664.0,0.0,0,0,0.009,0.0,0.0,0.0,0,0,0,0,0.0,0.0,0.0,57,0,0,0,25,2,24,24,13,25,0,0,0,24,25,0,Generic,1
3e-06,udp,dns,INT,2,0,114,0,333333.3215,254,0,152000000.0,0.0,0,0,0.003,0.0,0.0,0.0,0,0,0,0,0.0,0.0,0.0,57,0,0,0,24,2,16,16,16,24,0,0,0,16,24,0,Generic,1
9e-06,udp,dns,INT,2,0,134,0,111111.1072,254,0,59555552.0,0.0,0,0,0.009,0.0,0.0,0.0,0,0,0,0,0.0,0.0,0.0,67,0,0,0,4,2,2,2,2,4,0,0,0,2,4,0,Generic,1
5e-06,udp,dns,INT,2,0,114,0,200000.0051,254,0,91200000.0,0.0,0,0,0.005,0.0,0.0,0.0,0,0,0,0,0.0,0.0,0.0,57,0,0,0,18,2,18,18,18,18,0,0,0,18,18,0,Generic,1
3e-06,udp,dns,INT,2,0,114,0,333333.3215,254,0,152000000.0,0.0,0,0,0.003,0.0,0.0,0.0,0,0,0,0,0.0,0.0,0.0,57,0,0,0,24,2,23,23,8,24,0,0,0,23,24,0,Generic,1
9e-06,udp,dns,INT,2,0,114,0,111111.1072,254,0,50666664.0,0.0,0,0,0.009,0.0,0.0,0.0,0,0,0,0,0.0,0.0,0.0,57,0,0,0,30,2,14,14,14,30,0,0,0,15,30,0,Generic,1
9e-06,udp,dns,INT,2,0,114,0,111111.1072,254,0,50666664.0,0.0,0,0,0.009,0.0,0.0,0.0,0,0,0,0,0.0,0.0,0.0,57,0,0,0,5,2,2,2,2,5,0,0,0,2,5,0,Generic,1
3e-06,udp,dns,INT,2,0,114,0,333333.3215,254,0,152000000.0,0.0,0,0,0.003,0.0,0.0,0.0,0,0,0,0,0.0,0.0,0.0,57,0,0,0,24,2,16,16,16,24,0,0,0,17,24,0,Generic,1
4e-06,udp,dns,INT,2,0,114,0,250000.0006,254,0,114000000.0,0.0,0,0,0.004,0.0,0.0,0.0,0,0,0,0,0.0,0.0,0.0,57,0,0,0,34,2,33,33,16,34,0,0,0,33,34,0,Generic,1
0.280568,tcp,http,FIN,12,12,2114,5246,81.976561,62,252,55259.33203,137121.8438,3,4,25.506182,24.347909,1337.276594,1731.213057,255,1691136486,4154456019,255,0.052024,0.006848,0.045176,176,437,1,477,1,1,1,1,1,2,0,0,1,1,1,0,Generic,1
1e-06,udp,dns,INT,2,0,114,0,1000000.003,254,0,456000000.0,0.0,0,0,0.001,0.0,0.0,0.0,0,0,0,0,0.0,0.0,0.0,57,0,0,0,30,2,10,10,7,30,0,0,0,10,30,0,Generic,1
8e-06,udp,dns,INT,2,0,114,0,125000.0003,254,0,57000000.0,0.0,0,0,0.008,0.0,0.0,0.0,0,0,0,0,0.0,0.0,0.0,57,0,0,0,5,2,4,4,3,5,0,0,0,4,5,0,Generic,1
2e-06,udp,dns,INT,2,0,114,0,500000.0013,254,0,228000000.0,0.0,0,0,0.002,0.0,0.0,0.0,0,0,0,0,0.0,0.0,0.0,57,0,0,0,28,2,10,10,10,28,0,0,0,11,28,0,Generic,1
3e-06,udp,dns,INT,2,0,114,0,333333.3215,254,0,152000000.0,0.0,0,0,0.003,0.0,0.0,0.0,0,0,0,0,0.0,0.0,0.0,57,0,0,0,25,2,20,20,9,25,0,0,0,20,25,0,Generic,1
9.517505,ospf,-,INT,40,0,10880,0,4.097713,254,0,8916.623047,0.0,0,0,244.038594,0.0,304.207719,0.0,0,0,0,0,0.0,0.0,0.0,272,0,0,0,1,2,1,1,1,1,0,0,0,1,1,0,Generic,1
9e-06,udp,dns,INT,2,0,114,0,111111.1072,254,0,50666664.0,0.0,0,0,0.009,0.0,0.0,0.0,0,0,0,0,0.0,0.0,0.0,57,0,0,0,14,2,14,14,7,14,0,0,0,14,14,0,Generic,1
1e-06,udp,dns,INT,2,0,114,0,1000000.003,254,0,456000000.0,0.0,0,0,0.001,0.0,0.0,0.0,0,0,0,0,0.0,0.0,0.0,57,0,0,0,34,2,34,34,16,34,0,0,0,34,34,0,Generic,1
2.357627,tcp,smtp,FIN,14,14,776,948,11.452194,254,252,2446.527832,2989.446777,4,4,181.355928,176.193078,14341.62244,359.36725,255,2967944579,3488021602,255,0.099127,0.062946,0.036181,55,68,0,0,1,1,2,1,1,2,0,0,0,2,1,0,Generic,1
0.53335,tcp,dns,FIN,10,10,510,2714,35.623887,254,252,6884.785156,36643.85547,2,2,59.261111,51.736668,3922.467593,96.43868,255,2379194189,2024766642,255,0.105863,0.066186,0.039677,51,271,0,0,1,1,2,1,1,2,0,0,0,2,1,0,Generic,1
6e-06,udp,dns,INT,2,0,114,0,166666.6608,254,0,76000000.0,0.0,0,0,0.006,0.0,0.0,0.0,0,0,0,0,0.0,0.0,0.0,57,0,0,0,5,2,1,1,1,5,0,0,0,1,5,0,Generic,1
0.849548,tcp,smtp,FIN,24,20,8362,1820,50.615152,254,252,75466.01563,16281.59961,9,8,36.936868,43.164051,1955.781681,51.286582,255,1664592003,2259501022,255,0.063162,0.012614,0.050548,348,91,0,0,1,1,1,1,1,1,0,0,0,1,1,0,Generic,1
3.2e-05,udp,dns,INT,2,0,114,0,31250.00008,254,0,14250000.0,0.0,0,0,0.032,0.0,0.0,0.0,0,0,0,0,0.0,0.0,0.0,57,0,0,0,34,2,34,34,18,34,0,0,0,34,34,0,Generic,1
4e-06,udp,dns,INT,2,0,114,0,250000.0006,254,0,114000000.0,0.0,0,0,0.004,0.0,0.0,0.0,0,0,0,0,0.0,0.0,0.0,57,0,0,0,7,2,6,6,6,7,0,0,0,6,7,0,Generic,1
3.159669,tcp,-,FIN,14,12,762,843,7.912221,254,252,1792.592896,1957.167114,4,4,241.039851,270.473281,20439.62491,649.368563,255,1146667108,2992504430,255,0.297943,0.184462,0.113481,54,70,0,0,6,1,1,1,1,1,0,0,0,2,2,0,Generic,1
3e-06,udp,dns,INT,2,0,114,0,333333.3215,254,0,152000000.0,0.0,0,0,0.003,0.0,0.0,0.0,0,0,0,0,0.0,0.0,0.0,57,0,0,0,17,2,17,17,17,17,0,0,0,18,17,0,Generic,1
2e-06,udp,dns,INT,2,0,114,0,500000.0013,254,0,228000000.0,0.0,0,0,0.002,0.0,0.0,0.0,0,0,0,0,0.0,0.0,0.0,57,0,0,0,39,2,14,14,5,39,0,0,0,14,39,0,Generic,1
9e-06,udp,dns,INT,2,0,114,0,111111.1072,254,0,50666664.0,0.0,0,0,0.009,0.0,0.0,0.0,0,0,0,0,0.0,0.0,0.0,57,0,0,0,39,2,25,25,12,39,0,0,0,25,39,0,Generic,1
5e-06,udp,dns,INT,2,0,114,0,200000.0051,254,0,91200000.0,0.0,0,0,0.005,0.0,0.0,0.0,0,0,0,0,0.0,0.0,0.0,57,0,0,0,22,2,6,6,6,22,0,0,0,7,22,0,Generic,1
6e-06,udp,dns,INT,2,0,114,0,166666.6608,254,0,76000000.0,0.0,0,0,0.006,0.0,0.0,0.0,0,0,0,0,0.0,0.0,0.0,57,0,0,0,14,2,7,7,7,14,0,0,0,7,14,0,Generic,1
0.779435,tcp,smtp,FIN,32,22,19586,1908,67.997975,254,252,194746.2031,18700.72656,13,8,25.143065,36.590762,1571.59674,47.777066,255,1944051542,880668394,255,0.051541,0.006867,0.044674,612,87,0,0,1,1,1,1,1,1,0,0,0,1,1,0,Generic,1
9e-06,udp,dns,INT,2,0,114,0,111111.1072,254,0,50666664.0,0.0,0,0,0.009,0.0,0.0,0.0,0,0,0,0,0.0,0.0,0.0,57,0,0,0,49,2,41,41,22,49,0,0,0,42,49,0,Generic,1
5e-06,udp,dns,INT,2,0,114,0,200000.0051,254,0,91200000.0,0.0,0,0,0.005,0.0,0.0,0.0,0,0,0,0,0.0,0.0,0.0,57,0,0,0,27,2,11,11,11,27,0,0,0,12,27,0,Generic,1
3e-06,udp,dns,INT,2,0,114,0,333333.3215,254,0,152000000.0,0.0,0,0,0.003,0.0,0.0,0.0,0,0,0,0,0.0,0.0,0.0,57,0,0,0,22,2,17,16,16,22,0,0,0,17,22,0,Generic,1
8e-06,udp,dns,INT,2,0,114,0,125000.0003,254,0,57000000.0,0.0,0,0,0.008,0.0,0.0,0.0,0,0,0,0,0.0,0.0,0.0,57,0,0,0,39,2,25,25,12,39,0,0,0,25,39,0,Generic,1
5e-06,udp,dns,INT,2,0,114,0,200000.0051,254,0,91200000.0,0.0,0,0,0.005,0.0,0.0,0.0,0,0,0,0,0.0,0.0,0.0,57,0,0,0,27,2,12,12,12,27,0,0,0,12,27,0,Generic,1
4e-06,udp,dns,INT,2,0,114,0,250000.0006,254,0,114000000.0,0.0,0,0,0.004,0.0,0.0,0.0,0,0,0,0,0.0,0.0,0.0,57,0,0,0,26,2,10,9,9,26,0,0,0,10,26,0,Generic,1
6e-06,udp,dns,INT,2,0,114,0,166666.6608,254,0,76000000.0,0.0,0,0,0.006,0.0,0.0,0.0,0,0,0,0,0.0,0.0,0.0,57,0,0,0,26,2,17,17,17,26,0,0,0,17,26,0,Generic,1
6e-06,udp,dns,INT,2,0,114,0,166666.6608,254,0,76000000.0,0.0,0,0,0.006,0.0,0.0,0.0,0,0,0,0,0.0,0.0,0.0,57,0,0,0,13,2,13,13,13,13,0,0,0,13,13,0,Generic,1
1e-05,udp,dns,INT,2,0,114,0,100000.0025,254,0,45600000.0,0.0,0,0,0.01,0.0,0.0,0.0,0,0,0,0,0.0,0.0,0.0,57,0,0,0,22,2,22,22,8,22,0,0,0,22,22,0,Generic,1
0.57868,udp,-,CON,12,10,4264,3386,36.289488,254,60,54040.23047,42137.28125,0,0,52.607273,50.763332,65.686688,58.727922,0,0,0,0,0.0,0.0,0.0,355,339,0,0,1,0,1,1,1,1,0,0,0,1,1,0,Generic,1
8e-06,udp,dns,INT,2,0,114,0,125000.0003,254,0,57000000.0,0.0,0,0,0.008,0.0,0.0,0.0,0,0,0,0,0.0,0.0,0.0,57,0,0,0,49,2,41,41,22,49,0,0,0,42,49,0,Generic,1
1e-06,udp,dns,INT,2,0,114,0,1000000.003,254,0,456000000.0,0.0,0,0,0.001,0.0,0.0,0.0,0,0,0,0,0.0,0.0,0.0,57,0,0,0,16,2,16,16,16,17,0,0,0,16,16,0,Generic,1
8e-06,udp,dns,INT,2,0,114,0,125000.0003,254,0,57000000.0,0.0,0,0,0.008,0.0,0.0,0.0,0,0,0,0,0.0,0.0,0.0,57,0,0,0,17,2,18,17,17,17,0,0,0,18,17,0,Generic,1
9e-06,udp,dns,INT,2,0,114,0,111111.1072,254,0,50666664.0,0.0,0,0,0.009,0.0,0.0,0.0,0,0,0,0,0.0,0.0,0.0,57,0,0,0,20,2,17,17,17,20,0,0,0,19,20,0,Generic,1
1.924558,tcp,http,FIN,10,10,2342,1196,9.872396,254,252,8762.53125,4476.87207,2,2,213.839778,204.829781,15666.57649,356.537,255,3973178391,3771150412,255,0.218148,0.080442,0.137706,234,120,1,0,1,1,1,1,1,1,0,0,1,2,1,0,Generic,1
5e-06,udp,dns,INT,2,0,114,0,200000.0051,254,0,91200000.0,0.0,0,0,0.005,0.0,0.0,0.0,0,0,0,0,0.0,0.0,0.0,57,0,0,0,31,2,14,14,14,31,0,0,0,14,31,0,Generic,1
8e-06,udp,dns,INT,2,0,114,0,125000.0003,254,0,57000000.0,0.0,0,0,0.008,0.0,0.0,0.0,0,0,0,0,0.0,0.0,0.0,57,0,0,0,32,2,16,16,16,32,0,0,0,16,32,0,Generic,1
0.655837,tcp,smtp,FIN,16,16,988,1312,47.267843,254,252,11307.6875,15003.72852,5,6,43.722466,43.059398,2058.383426,47.657418,255,2349188723,3521616500,255,0.056368,0.009064,0.047304,62,82,0,0,1,1,1,1,1,1,0,0,0,1,1,0,Generic,1
8e-06,udp,dns,INT,2,0,114,0,125000.0003,254,0,57000000.0,0.0,0,0,0.008,0.0,0.0,0.0,0,0,0,0,0.0,0.0,0.0,57,0,0,0,49,2,11,11,7,49,0,0,0,11,49,0,Generic,1
9e-06,udp,dns,INT,2,0,114,0,111111.1072,254,0,50666664.0,0.0,0,0,0.009,0.0,0.0,0.0,0,0,0,0,0.0,0.0,0.0,57,0,0,0,37,2,28,28,16,37,0,0,0,28,37,0,Generic,1
8e-06,emcon,-,INT,2,0,180,0,125000.0003,254,0,90000000.0,0.0,0,0,0.008,0.0,0.0,0.0,0,0,0,0,0.0,0.0,0.0,90,0,0,0,10,2,9,8,8,10,0,0,0,8,10,0,Generic,1
6e-06,udp,dns,INT,2,0,114,0,166666.6608,254,0,76000000.0,0.0,0,0,0.006,0.0,0.0,0.0,0,0,0,0,0.0,0.0,0.0,57,0,0,0,31,2,17,17,17,31,0,0,0,17,31,0,Generic,1
1e-06,udp,dns,INT,2,0,114,0,1000000.003,254,0,456000000.0,0.0,0,0,0.001,0.0,0.0,0.0,0,0,0,0,0.0,0.0,0.0,57,0,0,0,13,2,10,10,10,13,0,0,0,11,13,0,Generic,1
8e-06,udp,dns,INT,2,0,114,0,125000.0003,254,0,57000000.0,0.0,0,0,0.008,0.0,0.0,0.0,0,0,0,0,0.0,0.0,0.0,57,0,0,0,16,2,2,2,2,16,0,0,0,2,16,0,Generic,1
8e-06,udp,dns,INT,2,0,114,0,125000.0003,254,0,57000000.0,0.0,0,0,0.008,0.0,0.0,0.0,0,0,0,0,0.0,0.0,0.0,57,0,0,0,32,2,32,32,14,32,0,0,0,32,32,0,Generic,1
7e-06,udp,dns,INT,2,0,114,0,142857.1409,254,0,65142856.0,0.0,0,0,0.007,0.0,0.0,0.0,0,0,0,0,0.0,0.0,0.0,57,0,0,0,29,2,7,7,7,29,0,0,0,7,29,0,Generic,1
9e-06,udp,dns,INT,2,0,114,0,111111.1072,254,0,50666664.0,0.0,0,0,0.009,0.0,0.0,0.0,0,0,0,0,0.0,0.0,0.0,57,0,0,0,25,2,9,8,8,25,0,0,0,8,25,0,Generic,1
1e-05,udp,dns,INT,2,0,114,0,100000.0025,254,0,45600000.0,0.0,0,0,0.01,0.0,0.0,0.0,0,0,0,0,0.0,0.0,0.0,57,0,0,0,32,2,32,32,18,32,0,0,0,32,32,0,Generic,1
0.237798,tcp,http,FIN,10,10,1380,4142,79.899745,62,252,41783.36328,125417.3672,2,3,26.422,24.929333,1263.344691,1758.884013,255,1337816824,3141266342,255,0.059387,0.01279,0.046597,138,414,1,1476,1,1,1,1,1,1,0,0,1,1,2,0,Generic,1
2e-06,udp,dns,INT,2,0,114,0,500000.0013,254,0,228000000.0,0.0,0,0,0.002,0.0,0.0,0.0,0,0,0,0,0.0,0.0,0.0,57,0,0,0,18,2,9,9,9,18,0,0,0,10,18,0,Generic,1
9e-06,udp,dns,INT,2,0,114,0,111111.1072,254,0,50666664.0,0.0,0,0,0.009,0.0,0.0,0.0,0,0,0,0,0.0,0.0,0.0,57,0,0,0,30,2,11,11,11,30,0,0,0,11,30,0,Generic,1
9e-06,udp,dns,INT,2,0,114,0,111111.1072,254,0,50666664.0,0.0,0,0,0.009,0.0,0.0,0.0,0,0,0,0,0.0,0.0,0.0,57,0,0,0,14,2,14,14,9,14,0,0,0,14,14,0,Generic,1
4e-06,udp,dns,INT,2,0,114,0,250000.0006,254,0,114000000.0,0.0,0,0,0.004,0.0,0.0,0.0,0,0,0,0,0.0,0.0,0.0,57,0,0,0,34,2,18,18,18,34,0,0,0,19,34,0,Generic,1
1e-06,nvp,-,INT,2,0,180,0,1000000.003,254,0,720000000.0,0.0,0,0,0.001,0.0,0.0,0.0,0,0,0,0,0.0,0.0,0.0,90,0,0,0,10,2,9,8,8,10,0,0,0,8,10,0,Generic,1
9e-06,udp,dns,INT,2,0,114,0,111111.1072,254,0,50666664.0,0.0,0,0,0.009,0.0,0.0,0.0,0,0,0,0,0.0,0.0,0.0,57,0,0,0,32,2,18,16,16,32,0,0,0,17,32,0,Generic,1
2.899595,tcp,http,FIN,46,248,3082,332677,101.048594,62,252,8318.40332,914158.0,2,122,64.435448,11.452907,3170.390642,1483.088374,255,493379294,1425711395,255,0.127863,0.070061,0.057802,67,1341,1,160986,1,1,1,1,1,1,0,0,1,1,1,0,Generic,1
3e-06,udp,dns,INT,2,0,114,0,333333.3215,254,0,152000000.0,0.0,0,0,0.003,0.0,0.0,0.0,0,0,0,0,0.0,0.0,0.0,57,0,0,0,35,2,10,10,10,35,0,0,0,10,35,0,Generic,1
9e-06,udp,dns,INT,2,0,114,0,111111.1072,254,0,50666664.0,0.0,0,0,0.009,0.0,0.0,0.0,0,0,0,0,0.0,0.0,0.0,57,0,0,0,23,2,11,11,5,23,0,0,0,11,23,0,Generic,1
2e-06,udp,dns,INT,2,0,114,0,500000.0013,254,0,228000000.0,0.0,0,0,0.002,0.0,0.0,0.0,0,0,0,0,0.0,0.0,0.0,57,0,0,0,49,2,38,38,18,49,0,0,0,38,49,0,Generic,1
3e-06,udp,dns,INT,2,0,114,0,333333.3215,254,0,152000000.0,0.0,0,0,0.003,0.0,0.0,0.0,0,0,0,0,0.0,0.0,0.0,57,0,0,0,17,2,18,16,16,17,0,0,0,16,17,0,Generic,1
9e-06,udp,dns,INT,2,0,114,0,111111.1072,254,0,50666664.0,0.0,0,0,0.009,0.0,0.0,0.0,0,0,0,0,0.0,0.0,0.0,57,0,0,0,15,2,14,14,5,15,0,0,0,14,15,0,Generic,1
8e-06,chaos,-,INT,2,0,200,0,125000.0003,254,0,100000000.0,0.0,0,0,0.008,0.0,0.0,0.0,0,0,0,0,0.0,0.0,0.0,100,0,0,0,10,2,2,2,2,10,0,0,0,2,10,0,Generic,1
9e-06,udp,dns,INT,2,0,114,0,111111.1072,254,0,50666664.0,0.0,0,0,0.009,0.0,0.0,0.0,0,0,0,0,0.0,0.0,0.0,57,0,0,0,49,2,38,38,20,49,0,0,0,38,49,0,Generic,1
9e-06,udp,dns,INT,2,0,114,0,111111.1072,254,0,50666664.0,0.0,0,0,0.009,0.0,0.0,0.0,0,0,0,0,0.0,0.0,0.0,57,0,0,0,34,2,35,34,16,34,0,0,0,34,34,0,Generic,1
5e-06,udp,dns,INT,2,0,114,0,200000.0051,254,0,91200000.0,0.0,0,0,0.005,0.0,0.0,0.0,0,0,0,0,0.0,0.0,0.0,57,0,0,0,4,2,4,4,4,4,0,0,0,4,4,0,Generic,1
0.964263,tcp,-,FIN,12,10,2590,574,21.77829,254,252,19704.16797,4289.286133,3,3,87.574457,95.963445,4518.037024,120.988836,255,3067729508,396205581,255,0.22085,0.10057,0.12028,216,57,0,0,1,1,1,1,1,1,0,0,0,1,1,0,Generic,1
1e-06,udp,dns,INT,2,0,114,0,1000000.003,254,0,456000000.0,0.0,0,0,0.001,0.0,0.0,0.0,0,0,0,0,0.0,0.0,0.0,57,0,0,0,23,2,11,11,6,23,0,0,0,11,23,0,Generic,1
4e-06,udp,dns,INT,2,0,114,0,250000.0006,254,0,114000000.0,0.0,0,0,0.004,0.0,0.0,0.0,0,0,0,0,0.0,0.0,0.0,57,0,0,0,18,2,9,9,9,18,0,0,0,9,18,0,Generic,1
1e-06,udp,dns,INT,2,0,114,0,1000000.003,254,0,456000000.0,0.0,0,0,0.001,0.0,0.0,0.0,0,0,0,0,0.0,0.0,0.0,57,0,0,0,23,2,23,23,12,23,0,0,0,24,23,0,Generic,1
0.026909,udp,-,CON,2,2,1164,710,111.486866,254,60,173027.6094,105540.8984,0,0,0.019,0.016,0.0,0.0,0,0,0,0,0.0,0.0,0.0,582,355,0,0,2,0,1,1,1,1,0,0,0,1,1,0,Generic,1
6e-06,udp,dns,INT,2,0,114,0,166666.6608,254,0,76000000.0,0.0,0,0,0.006,0.0,0.0,0.0,0,0,0,0,0.0,0.0,0.0,57,0,0,0,11,2,11,11,11,11,0,0,0,11,11,0,Generic,1
4e-06,udp,dns,INT,2,0,114,0,250000.0006,254,0,114000000.0,0.0,0,0,0.004,0.0,0.0,0.0,0,0,0,0,0.0,0.0,0.0,57,0,0,0,22,2,18,18,8,22,0,0,0,18,22,0,Generic,1
4e-06,udp,dns,INT,2,0,114,0,250000.0006,254,0,114000000.0,0.0,0,0,0.004,0.0,0.0,0.0,0,0,0,0,0.0,0.0,0.0,57,0,0,0,7,2,7,7,7,7,0,0,0,7,7,0,Generic,1
9e-06,udp,dns,INT,2,0,114,0,111111.1072,254,0,50666664.0,0.0,0,0,0.009,0.0,0.0,0.0,0,0,0,0,0.0,0.0,0.0,57,0,0,0,12,2,3,3,3,12,0,0,0,3,12,0,Generic,1
2e-06,unas,-,INT,2,0,200,0,500000.0013,254,0,400000000.0,0.0,0,0,0.002,0.0,0.0,0.0,0,0,0,0,0.0,0.0,0.0,100,0,0,0,5,2,2,2,2,5,0,0,0,2,5,0,Generic,1
9e-06,udp,dns,INT,2,0,114,0,111111.1072,254,0,50666664.0,0.0,0,0,0.009,0.0,0.0,0.0,0,0,0,0,0.0,0.0,0.0,57,0,0,0,32,2,14,14,7,32,0,0,0,14,32,0,Generic,1
9e-06,udp,dns,INT,2,0,114,0,111111.1072,254,0,50666664.0,0.0,0,0,0.009,0.0,0.0,0.0,0,0,0,0,0.0,0.0,0.0,57,0,0,0,7,2,7,7,7,7,0,0,0,8,7,0,Generic,1
3e-06,udp,dns,INT,2,0,114,0,333333.3215,254,0,152000000.0,0.0,0,0,0.003,0.0,0.0,0.0,0,0,0,0,0.0,0.0,0.0,57,0,0,0,32,2,18,18,18,32,0,0,0,18,32,0,Generic,1
3e-06,udp,dns,INT,2,0,114,0,333333.3215,254,0,152000000.0,0.0,0,0,0.003,0.0,0.0,0.0,0,0,0,0,0.0,0.0,0.0,57,0,0,0,47,2,41,41,19,47,0,0,0,41,47,0,Generic,1
2e-06,udp,dns,INT,2,0,114,0,500000.0013,254,0,228000000.0,0.0,0,0,0.002,0.0,0.0,0.0,0,0,0,0,0.0,0.0,0.0,57,0,0,0,38,2,25,25,10,38,0,0,0,25,38,0,Generic,1
8e-06,udp,dns,INT,2,0,114,0,125000.0003,254,0,57000000.0,0.0,0,0,0.008,0.0,0.0,0.0,0,0,0,0,0.0,0.0,0.0,57,0,0,0,26,2,18,17,17,26,0,0,0,17,26,0,Generic,1
9e-06,udp,dns,INT,2,0,114,0,111111.1072,254,0,50666664.0,0.0,0,0,0.009,0.0,0.0,0.0,0,0,0,0,0.0,0.0,0.0,57,0,0,0,33,2,33,33,16,33,0,0,0,34,33,0,Generic,1
0.77528,tcp,smtp,FIN,38,22,30046,1838,76.101538,254,252,301888.3438,18109.58594,16,8,20.953514,36.124285,1401.604631,44.837824,255,3267456591,2515389578,255,0.052197,0.006741,0.045456,791,84,0,0,1,1,1,1,1,1,0,0,0,1,1,0,Generic,1
8e-06,udp,dns,INT,2,0,114,0,125000.0003,254,0,57000000.0,0.0,0,0,0.008,0.0,0.0,0.0,0,0,0,0,0.0,0.0,0.0,57,0,0,0,24,2,7,7,7,24,0,0,0,7,24,0,Generic,1
6e-06,udp,dns,INT,2,0,114,0,166666.6608,254,0,76000000.0,0.0,0,0,0.006,0.0,0.0,0.0,0,0,0,0,0.0,0.0,0.0,57,0,0,0,30,2,15,14,14,30,0,0,0,16,30,0,Generic,1
3e-06,udp,-,INT,2,0,1512,0,333333.3215,254,0,2015999872.0,0.0,0,0,0.003,0.0,0.0,0.0,0,0,0,0,0.0,0.0,0.0,756,0,0,0,1,2,2,1,1,1,0,0,0,1,2,0,Generic,1
5e-06,udp,dns,INT,2,0,114,0,200000.0051,254,0,91200000.0,0.0,0,0,0.005,0.0,0.0,0.0,0,0,0,0,0.0,0.0,0.0,57,0,0,0,49,2,41,41,19,49,0,0,0,42,49,0,Generic,1
4e-06,udp,dns,INT,2,0,114,0,250000.0006,254,0,114000000.0,0.0,0,0,0.004,0.0,0.0,0.0,0,0,0,0,0.0,0.0,0.0,57,0,0,0,37,2,9,9,3,37,0,0,0,9,37,0,Generic,1
3e-06,udp,dns,INT,2,0,114,0,333333.3215,254,0,152000000.0,0.0,0,0,0.003,0.0,0.0,0.0,0,0,0,0,0.0,0.0,0.0,57,0,0,0,39,2,25,25,13,39,0,0,0,25,39,0,Generic,1
9e-06,udp,dns,INT,2,0,114,0,111111.1072,254,0,50666664.0,0.0,0,0,0.009,0.0,0.0,0.0,0,0,0,0,0.0,0.0,0.0,57,0,0,0,31,2,25,25,14,31,0,0,0,25,31,0,Generic,1
4e-06,udp,dns,INT,2,0,114,0,250000.0006,254,0,114000000.0,0.0,0,0,0.004,0.0,0.0,0.0,0,0,0,0,0.0,0.0,0.0,57,0,0,0,32,2,16,16,8,32,0,0,0,16,32,0,Generic,1
9e-06,udp,dns,INT,2,0,114,0,111111.1072,254,0,50666664.0,0.0,0,0,0.009,0.0,0.0,0.0,0,0,0,0,0.0,0.0,0.0,57,0,0,0,24,2,17,17,17,24,0,0,0,18,24,0,Generic,1
1.8e-05,trunk-2,-,INT,2,0,200,0,55555.55359,254,0,44444444.0,0.0,0,0,0.018,0.0,0.0,0.0,0,0,0,0,0.0,0.0,0.0,100,0,0,0,4,2,1,1,1,4,0,0,0,3,4,0,Generic,1
1e-05,udp,dns,INT,2,0,114,0,100000.0025,254,0,45600000.0,0.0,0,0,0.01,0.0,0.0,0.0,0,0,0,0,0.0,0.0,0.0,57,0,0,0,18,2,16,16,16,18,0,0,0,16,18,0,Generic,1
9e-06,udp,dns,INT,2,0,114,0,111111.1072,254,0,50666664.0,0.0,0,0,0.009,0.0,0.0,0.0,0,0,0,0,0.0,0.0,0.0,57,0,0,0,30,2,19,19,8,30,0,0,0,19,30,0,Generic,1
9e-06,udp,dns,INT,2,0,114,0,111111.1072,254,0,50666664.0,0.0,0,0,0.009,0.0,0.0,0.0,0,0,0,0,0.0,0.0,0.0,57,0,0,0,14,2,14,14,5,14,0,0,0,14,14,0,Generic,1
1e-05,udp,dns,INT,2,0,114,0,100000.0025,254,0,45600000.0,0.0,0,0,0.01,0.0,0.0,0.0,0,0,0,0,0.0,0.0,0.0,57,0,0,0,28,2,12,12,8,28,0,0,0,12,28,0,Generic,1
9e-06,udp,dns,INT,2,0,114,0,111111.1072,254,0,50666664.0,0.0,0,0,0.009,0.0,0.0,0.0,0,0,0,0,0.0,0.0,0.0,57,0,0,0,33,2,17,16,16,34,0,0,0,17,33,0,Generic,1
9e-06,udp,dns,INT,2,0,114,0,111111.1072,254,0,50666664.0,0.0,0,0,0.009,0.0,0.0,0.0,0,0,0,0,0.0,0.0,0.0,57,0,0,0,23,2,7,7,7,23,0,0,0,7,23,0,Generic,1
9e-06,udp,dns,INT,2,0,114,0,111111.1072,254,0,50666664.0,0.0,0,0,0.009,0.0,0.0,0.0,0,0,0,0,0.0,0.0,0.0,57,0,0,0,30,2,19,19,11,30,0,0,0,19,30,0,Generic,1
4e-06,udp,dns,INT,2,0,114,0,250000.0006,254,0,114000000.0,0.0,0,0,0.004,0.0,0.0,0.0,0,0,0,0,0.0,0.0,0.0,57,0,0,0,22,2,22,22,14,22,0,0,0,22,22,0,Generic,1
9e-06,udp,dns,INT,2,0,114,0,111111.1072,254,0,50666664.0,0.0,0,0,0.009,0.0,0.0,0.0,0,0,0,0,0.0,0.0,0.0,57,0,0,0,27,2,15,15,15,27,0,0,0,15,27,0,Generic,1
6e-06,udp,dns,INT,2,0,114,0,166666.6608,254,0,76000000.0,0.0,0,0,0.006,0.0,0.0,0.0,0,0,0,0,0.0,0.0,0.0,57,0,0,0,28,2,16,16,10,28,0,0,0,16,28,0,Generic,1
9e-06,udp,dns,INT,2,0,114,0,111111.1072,254,0,50666664.0,0.0,0,0,0.009,0.0,0.0,0.0,0,0,0,0,0.0,0.0,0.0,57,0,0,0,33,2,17,17,17,34,0,0,0,18,33,0,Generic,1
6e-06,udp,dns,INT,2,0,114,0,166666.6608,254,0,76000000.0,0.0,0,0,0.006,0.0,0.0,0.0,0,0,0,0,0.0,0.0,0.0,57,0,0,0,37,2,34,34,16,37,0,0,0,34,37,0,Generic,1
9e-06,udp,dns,INT,2,0,114,0,111111.1072,254,0,50666664.0,0.0,0,0,0.009,0.0,0.0,0.0,0,0,0,0,0.0,0.0,0.0,57,0,0,0,49,2,8,8,3,49,0,0,0,8,49,0,Generic,1
4e-06,udp,dns,INT,2,0,114,0,250000.0006,254,0,114000000.0,0.0,0,0,0.004,0.0,0.0,0.0,0,0,0,0,0.0,0.0,0.0,57,0,0,0,24,2,4,4,4,24,0,0,0,4,24,0,Generic,1
9e-06,udp,dns,INT,2,0,114,0,111111.1072,254,0,50666664.0,0.0,0,0,0.009,0.0,0.0,0.0,0,0,0,0,0.0,0.0,0.0,57,0,0,0,37,2,34,34,18,37,0,0,0,34,37,0,Generic,1
4e-06,udp,dns,INT,2,0,114,0,250000.0006,254,0,114000000.0,0.0,0,0,0.004,0.0,0.0,0.0,0,0,0,0,0.0,0.0,0.0,57,0,0,0,32,2,27,27,15,32,0,0,0,27,32,0,Generic,1
9e-06,udp,dns,INT,2,0,114,0,111111.1072,254,0,50666664.0,0.0,0,0,0.009,0.0,0.0,0.0,0,0,0,0,0.0,0.0,0.0,57,0,0,0,31,2,6,6,4,31,0,0,0,6,31,0,Generic,1
9e-06,udp,dns,INT,2,0,114,0,111111.1072,254,0,50666664.0,0.0,0,0,0.009,0.0,0.0,0.0,0,0,0,0,0.0,0.0,0.0,57,0,0,0,44,2,28,28,14,44,0,0,0,28,44,0,Generic,1
8e-06,udp,dns,INT,2,0,114,0,125000.0003,254,0,57000000.0,0.0,0,0,0.008,0.0,0.0,0.0,0,0,0,0,0.0,0.0,0.0,57,0,0,0,22,2,4,4,4,22,0,0,0,4,22,0,Generic,1
8e-06,udp,dns,INT,2,0,114,0,125000.0003,254,0,57000000.0,0.0,0,0,0.008,0.0,0.0,0.0,0,0,0,0,0.0,0.0,0.0,57,0,0,0,19,2,17,17,17,19,0,0,0,17,19,0,Generic,1
9e-06,mfe-nsp,-,INT,2,0,200,0,111111.1072,254,0,88888888.0,0.0,0,0,0.009,0.0,0.0,0.0,0,0,0,0,0.0,0.0,0.0,100,0,0,0,4,2,1,1,1,4,0,0,0,3,4,0,Generic,1
5e-06,udp,dns,INT,2,0,114,0,200000.0051,254,0,91200000.0,0.0,0,0,0.005,0.0,0.0,0.0,0,0,0,0,0.0,0.0,0.0,57,0,0,0,7,2,7,7,7,7,0,0,0,7,7,0,Generic,1
9e-06,udp,dns,INT,2,0,114,0,111111.1072,254,0,50666664.0,0.0,0,0,0.009,0.0,0.0,0.0,0,0,0,0,0.0,0.0,0.0,57,0,0,0,16,2,5,5,5,16,0,0,0,5,16,0,Generic,1
9e-06,udp,dns,INT,2,0,114,0,111111.1072,254,0,50666664.0,0.0,0,0,0.009,0.0,0.0,0.0,0,0,0,0,0.0,0.0,0.0,57,0,0,0,26,2,25,25,11,26,0,0,0,25,26,0,Generic,1
1e-06,udp,dns,INT,2,0,114,0,1000000.003,254,0,456000000.0,0.0,0,0,0.001,0.0,0.0,0.0,0,0,0,0,0.0,0.0,0.0,57,0,0,0,8,2,8,8,8,8,0,0,0,8,8,0,Generic,1
9e-06,udp,dns,INT,2,0,114,0,111111.1072,254,0,50666664.0,0.0,0,0,0.009,0.0,0.0,0.0,0,0,0,0,0.0,0.0,0.0,57,0,0,0,32,2,5,5,2,32,0,0,0,5,32,0,Generic,1
9e-06,udp,dns,INT,2,0,114,0,111111.1072,254,0,50666664.0,0.0,0,0,0.009,0.0,0.0,0.0,0,0,0,0,0.0,0.0,0.0,57,0,0,0,50,2,50,50,28,50,0,0,0,50,50,0,Generic,1
0.409361,udp,dhcp,INT,4,0,5476,0,7.328495,254,0,80261.67188,0.0,0,0,136.453672,0.0,192.964016,0.0,0,0,0,0,0.0,0.0,0.0,1369,0,0,0,2,2,2,2,2,2,0,0,0,4,2,0,Generic,1
1e-06,idpr,-,INT,2,0,200,0,1000000.003,254,0,800000000.0,0.0,0,0,0.001,0.0,0.0,0.0,0,0,0,0,0.0,0.0,0.0,100,0,0,0,3,2,1,1,1,3,0,0,0,3,3,0,Generic,1
9e-06,udp,dns,INT,2,0,114,0,111111.1072,254,0,50666664.0,0.0,0,0,0.009,0.0,0.0,0.0,0,0,0,0,0.0,0.0,0.0,57,0,0,0,29,2,18,17,17,29,0,0,0,18,29,0,Generic,1
8e-06,udp,dns,INT,2,0,114,0,125000.0003,254,0,57000000.0,0.0,0,0,0.008,0.0,0.0,0.0,0,0,0,0,0.0,0.0,0.0,57,0,0,0,11,2,9,9,4,11,0,0,0,9,11,0,Generic,1
1e-05,udp,-,INT,2,0,1380,0,100000.0025,254,0,552000000.0,0.0,0,0,0.01,0.0,0.0,0.0,0,0,0,0,0.0,0.0,0.0,690,0,0,0,1,2,1,1,1,1,0,0,0,1,1,0,Generic,1
8e-06,udp,dns,INT,2,0,114,0,125000.0003,254,0,57000000.0,0.0,0,0,0.008,0.0,0.0,0.0,0,0,0,0,0.0,0.0,0.0,57,0,0,0,29,2,8,8,8,29,0,0,0,8,29,0,Generic,1
4e-06,udp,dns,INT,2,0,114,0,250000.0006,254,0,114000000.0,0.0,0,0,0.004,0.0,0.0,0.0,0,0,0,0,0.0,0.0,0.0,57,0,0,0,32,2,14,14,14,32,0,0,0,14,32,0,Generic,1
9e-06,udp,dns,INT,2,0,114,0,111111.1072,254,0,50666664.0,0.0,0,0,0.009,0.0,0.0,0.0,0,0,0,0,0.0,0.0,0.0,57,0,0,0,18,2,17,16,16,18,0,0,0,17,18,0,Generic,1
8e-06,udp,dns,INT,2,0,114,0,125000.0003,254,0,57000000.0,0.0,0,0,0.008,0.0,0.0,0.0,0,0,0,0,0.0,0.0,0.0,57,0,0,0,32,2,32,32,15,32,0,0,0,32,32,0,Generic,1
9e-06,udp,dns,INT,2,0,114,0,111111.1072,254,0,50666664.0,0.0,0,0,0.009,0.0,0.0,0.0,0,0,0,0,0.0,0.0,0.0,57,0,0,0,34,2,36,34,16,34,0,0,0,34,34,0,Generic,1
1e-05,udp,dns,INT,2,0,114,0,100000.0025,254,0,45600000.0,0.0,0,0,0.01,0.0,0.0,0.0,0,0,0,0,0.0,0.0,0.0,57,0,0,0,13,2,13,13,13,13,0,0,0,14,13,0,Generic,1
9e-06,udp,dns,INT,2,0,114,0,111111.1072,254,0,50666664.0,0.0,0,0,0.009,0.0,0.0,0.0,0,0,0,0,0.0,0.0,0.0,57,0,0,0,17,2,19,17,17,17,0,0,0,18,17,0,Generic,1
1.590309,tcp,http,FIN,16,56,1788,65231,44.645411,62,252,8436.09668,322287.0625,2,25,106.020601,26.187582,6404.196449,3515.360189,255,2330598444,1292613950,255,0.151817,0.104683,0.047134,112,1165,1,31107,1,1,1,1,1,1,0,0,1,1,1,0,Generic,1
5e-06,udp,dns,INT,2,0,114,0,200000.0051,254,0,91200000.0,0.0,0,0,0.005,0.0,0.0,0.0,0,0,0,0,0.0,0.0,0.0,57,0,0,0,3,2,3,3,3,3,0,0,0,3,3,0,Generic,1
9e-06,udp,dns,INT,2,0,114,0,111111.1072,254,0,50666664.0,0.0,0,0,0.009,0.0,0.0,0.0,0,0,0,0,0.0,0.0,0.0,57,0,0,0,37,2,1,1,1,37,0,0,0,1,37,0,Generic,1
5e-06,udp,dns,INT,2,0,114,0,200000.0051,254,0,91200000.0,0.0,0,0,0.005,0.0,0.0,0.0,0,0,0,0,0.0,0.0,0.0,57,0,0,0,34,2,33,33,17,34,0,0,0,33,34,0,Generic,1
8e-06,udp,dns,INT,2,0,114,0,125000.0003,254,0,57000000.0,0.0,0,0,0.008,0.0,0.0,0.0,0,0,0,0,0.0,0.0,0.0,57,0,0,0,51,2,51,51,27,51,0,0,0,51,51,0,Generic,1
3e-06,udp,dns,INT,2,0,114,0,333333.3215,254,0,152000000.0,0.0,0,0,0.003,0.0,0.0,0.0,0,0,0,0,0.0,0.0,0.0,57,0,0,0,23,2,8,8,8,23,0,0,0,8,23,0,Generic,1
3e-05,udp,dns,INT,2,0,114,0,33333.33418,254,0,15200000.0,0.0,0,0,0.03,0.0,0.0,0.0,0,0,0,0,0.0,0.0,0.0,57,0,0,0,20,2,4,4,4,20,0,0,0,4,20,0,Generic,1
8e-06,mhrp,-,INT,2,0,200,0,125000.0003,254,0,100000000.0,0.0,0,0,0.008,0.0,0.0,0.0,0,0,0,0,0.0,0.0,0.0,100,0,0,0,4,2,1,1,1,4,0,0,0,2,4,0,Generic,1
3e-06,udp,dns,INT,2,0,114,0,333333.3215,254,0,152000000.0,0.0,0,0,0.003,0.0,0.0,0.0,0,0,0,0,0.0,0.0,0.0,57,0,0,0,37,2,15,15,7,37,0,0,0,15,37,0,Generic,1
0.75866,tcp,-,FIN,10,8,812,1960,22.407929,254,252,7708.327637,18084.51758,2,2,84.295556,102.726289,5216.250325,197.040375,255,2054023466,1337717177,255,0.088647,0.038746,0.049901,81,245,0,0,2,1,2,1,1,1,0,0,0,1,1,0,Generic,1
3e-06,udp,dns,INT,2,0,114,0,333333.3215,254,0,152000000.0,0.0,0,0,0.003,0.0,0.0,0.0,0,0,0,0,0.0,0.0,0.0,57,0,0,0,51,2,51,51,27,51,0,0,0,51,51,0,Generic,1
1e-05,udp,dns,INT,2,0,114,0,100000.0025,254,0,45600000.0,0.0,0,0,0.01,0.0,0.0,0.0,0,0,0,0,0.0,0.0,0.0,57,0,0,0,8,2,9,8,8,8,0,0,0,8,8,0,Generic,1
5e-06,udp,dns,INT,2,0,114,0,200000.0051,254,0,91200000.0,0.0,0,0,0.005,0.0,0.0,0.0,0,0,0,0,0.0,0.0,0.0,57,0,0,0,26,2,4,4,4,26,0,0,0,4,26,0,Generic,1
3e-06,udp,dns,INT,2,0,114,0,333333.3215,254,0,152000000.0,0.0,0,0,0.003,0.0,0.0,0.0,0,0,0,0,0.0,0.0,0.0,57,0,0,0,18,2,7,7,7,18,0,0,0,7,18,0,Generic,1
9e-06,i-nlsp,-,INT,2,0,200,0,111111.1072,254,0,88888888.0,0.0,0,0,0.009,0.0,0.0,0.0,0,0,0,0,0.0,0.0,0.0,100,0,0,0,3,2,1,1,1,3,0,0,0,2,3,0,Generic,1
0.251408,tcp,http,FIN,10,8,2222,730,67.619166,254,252,63641.56641,20333.48047,2,2,27.934222,32.663715,1515.914623,54.048719,255,1335972331,1477081750,255,0.062383,0.016476,0.045907,222,91,1,0,3,1,1,1,1,2,0,0,1,1,2,0,Generic,1
1.3e-05,udp,dns,INT,2,0,114,0,76923.07779,254,0,35076924.0,0.0,0,0,0.013,0.0,0.0,0.0,0,0,0,0,0.0,0.0,0.0,57,0,0,0,17,2,17,17,17,17,0,0,0,17,17,0,Generic,1
8e-06,udp,dns,INT,2,0,114,0,125000.0003,254,0,57000000.0,0.0,0,0,0.008,0.0,0.0,0.0,0,0,0,0,0.0,0.0,0.0,57,0,0,0,37,2,15,15,7,37,0,0,0,15,37,0,Generic,1
4e-06,udp,dns,INT,2,0,114,0,250000.0006,254,0,114000000.0,0.0,0,0,0.004,0.0,0.0,0.0,0,0,0,0,0.0,0.0,0.0,57,0,0,0,21,2,5,5,5,21,0,0,0,5,21,0,Generic,1
9e-06,udp,dns,INT,2,0,114,0,111111.1072,254,0,50666664.0,0.0,0,0,0.009,0.0,0.0,0.0,0,0,0,0,0.0,0.0,0.0,57,0,0,0,37,2,15,15,8,37,0,0,0,15,37,0,Generic,1
3e-06,udp,dns,INT,2,0,114,0,333333.3215,254,0,152000000.0,0.0,0,0,0.003,0.0,0.0,0.0,0,0,0,0,0.0,0.0,0.0,57,0,0,0,11,2,11,11,11,11,0,0,0,11,11,0,Generic,1
5e-06,udp,dns,INT,2,0,114,0,200000.0051,254,0,91200000.0,0.0,0,0,0.005,0.0,0.0,0.0,0,0,0,0,0.0,0.0,0.0,57,0,0,0,22,2,16,16,16,22,0,0,0,16,22,0,Generic,1
7e-06,udp,dns,INT,2,0,114,0,142857.1409,254,0,65142856.0,0.0,0,0,0.007,0.0,0.0,0.0,0,0,0,0,0.0,0.0,0.0,57,0,0,0,51,2,51,51,24,51,0,0,0,51,51,0,Generic,1
3e-06,udp,dns,INT,2,0,114,0,333333.3215,254,0,152000000.0,0.0,0,0,0.003,0.0,0.0,0.0,0,0,0,0,0.0,0.0,0.0,57,0,0,0,24,2,8,8,8,24,0,0,0,8,24,0,Generic,1
5e-06,udp,dns,INT,2,0,114,0,200000.0051,254,0,91200000.0,0.0,0,0,0.005,0.0,0.0,0.0,0,0,0,0,0.0,0.0,0.0,57,0,0,0,22,2,18,17,17,22,0,0,0,17,22,0,Generic,1
7e-06,udp,dns,INT,2,0,114,0,142857.1409,254,0,65142856.0,0.0,0,0,0.007,0.0,0.0,0.0,0,0,0,0,0.0,0.0,0.0,57,0,0,0,11,2,11,11,11,11,0,0,0,11,11,0,Generic,1
3e-06,udp,dns,INT,2,0,114,0,333333.3215,254,0,152000000.0,0.0,0,0,0.003,0.0,0.0,0.0,0,0,0,0,0.0,0.0,0.0,57,0,0,0,39,2,11,11,7,39,0,0,0,11,39,0,Generic,1
2e-06,udp,dns,INT,2,0,114,0,500000.0013,254,0,228000000.0,0.0,0,0,0.002,0.0,0.0,0.0,0,0,0,0,0.0,0.0,0.0,57,0,0,0,39,2,28,28,12,39,0,0,0,28,39,0,Generic,1
9e-06,unas,-,INT,2,0,200,0,111111.1072,254,0,88888888.0,0.0,0,0,0.009,0.0,0.0,0.0,0,0,0,0,0.0,0.0,0.0,100,0,0,0,3,2,2,2,2,3,0,0,0,3,3,0,Generic,1
1e-06,udp,dns,INT,2,0,114,0,1000000.003,254,0,456000000.0,0.0,0,0,0.001,0.0,0.0,0.0,0,0,0,0,0.0,0.0,0.0,57,0,0,0,37,2,22,21,16,37,0,0,0,21,37,0,Generic,1
1e-06,udp,dns,INT,2,0,114,0,1000000.003,254,0,456000000.0,0.0,0,0,0.001,0.0,0.0,0.0,0,0,0,0,0.0,0.0,0.0,57,0,0,0,39,2,28,28,16,39,0,0,0,28,39,0,Generic,1
1.345318,tcp,http,FIN,30,102,4588,127964,97.37475,62,252,26378.89453,753487.3125,5,49,46.390276,12.54397,2430.749796,1298.339743,255,1081317438,1375701848,255,0.07453,0.042872,0.031658,153,1255,1,181,1,1,1,1,1,1,0,0,1,19,1,0,Generic,1
9e-06,udp,dns,INT,2,0,114,0,111111.1072,254,0,50666664.0,0.0,0,0,0.009,0.0,0.0,0.0,0,0,0,0,0.0,0.0,0.0,57,0,0,0,51,2,51,51,24,51,0,0,0,51,51,0,Generic,1
4e-06,udp,dns,INT,2,0,114,0,250000.0006,254,0,114000000.0,0.0,0,0,0.004,0.0,0.0,0.0,0,0,0,0,0.0,0.0,0.0,57,0,0,0,34,2,27,27,9,34,0,0,0,27,34,0,Generic,1
3e-06,udp,dns,INT,2,0,114,0,333333.3215,254,0,152000000.0,0.0,0,0,0.003,0.0,0.0,0.0,0,0,0,0,0.0,0.0,0.0,57,0,0,0,14,2,14,14,14,14,0,0,0,14,14,0,Generic,1
9e-06,udp,dns,INT,2,0,114,0,111111.1072,254,0,50666664.0,0.0,0,0,0.009,0.0,0.0,0.0,0,0,0,0,0.0,0.0,0.0,57,0,0,0,16,2,17,16,16,17,0,0,0,17,16,0,Generic,1
3e-06,udp,dns,INT,2,0,114,0,333333.3215,254,0,152000000.0,0.0,0,0,0.003,0.0,0.0,0.0,0,0,0,0,0.0,0.0,0.0,57,0,0,0,19,2,3,3,3,19,0,0,0,3,19,0,Generic,1
1e-06,udp,dns,INT,2,0,114,0,1000000.003,254,0,456000000.0,0.0,0,0,0.001,0.0,0.0,0.0,0,0,0,0,0.0,0.0,0.0,57,0,0,0,26,2,9,9,9,26,0,0,0,9,26,0,Generic,1
5e-06,udp,dns,INT,2,0,114,0,200000.0051,254,0,91200000.0,0.0,0,0,0.005,0.0,0.0,0.0,0,0,0,0,0.0,0.0,0.0,57,0,0,0,34,2,27,27,18,34,0,0,0,27,34,0,Generic,1
3e-06,udp,dns,INT,2,0,114,0,333333.3215,254,0,152000000.0,0.0,0,0,0.003,0.0,0.0,0.0,0,0,0,0,0.0,0.0,0.0,57,0,0,0,31,2,7,7,7,31,0,0,0,7,31,0,Generic,1
9e-06,udp,dns,INT,2,0,114,0,111111.1072,254,0,50666664.0,0.0,0,0,0.009,0.0,0.0,0.0,0,0,0,0,0.0,0.0,0.0,57,0,0,0,43,2,43,43,31,43,0,0,0,43,43,0,Generic,1
9e-06,udp,dns,INT,2,0,114,0,111111.1072,254,0,50666664.0,0.0,0,0,0.009,0.0,0.0,0.0,0,0,0,0,0.0,0.0,0.0,57,0,0,0,31,2,24,24,9,31,0,0,0,24,31,0,Generic,1
5e-06,udp,dns,INT,2,0,114,0,200000.0051,254,0,91200000.0,0.0,0,0,0.005,0.0,0.0,0.0,0,0,0,0,0.0,0.0,0.0,57,0,0,0,43,2,43,43,31,43,0,0,0,43,43,0,Generic,1
3e-06,udp,dns,INT,2,0,114,0,333333.3215,254,0,152000000.0,0.0,0,0,0.003,0.0,0.0,0.0,0,0,0,0,0.0,0.0,0.0,57,0,0,0,43,2,43,43,12,43,0,0,0,43,43,0,Generic,1
3e-06,udp,dns,INT,2,0,114,0,333333.3215,254,0,152000000.0,0.0,0,0,0.003,0.0,0.0,0.0,0,0,0,0,0.0,0.0,0.0,57,0,0,0,14,2,15,14,7,15,0,0,0,15,14,0,Generic,1
5e-06,udp,dns,INT,2,0,114,0,200000.0051,254,0,91200000.0,0.0,0,0,0.005,0.0,0.0,0.0,0,0,0,0,0.0,0.0,0.0,57,0,0,0,26,2,20,20,11,26,0,0,0,20,26,0,Generic,1
9e-06,any,-,INT,2,0,200,0,111111.1072,254,0,88888888.0,0.0,0,0,0.009,0.0,0.0,0.0,0,0,0,0,0.0,0.0,0.0,100,0,0,0,2,2,1,1,1,2,0,0,0,2,2,0,Generic,1
2e-06,udp,dns,INT,2,0,114,0,500000.0013,254,0,228000000.0,0.0,0,0,0.002,0.0,0.0,0.0,0,0,0,0,0.0,0.0,0.0,57,0,0,0,26,2,18,17,17,26,0,0,0,17,26,0,Generic,1
1e-05,udp,dns,INT,2,0,114,0,100000.0025,254,0,45600000.0,0.0,0,0,0.01,0.0,0.0,0.0,0,0,0,0,0.0,0.0,0.0,57,0,0,0,31,2,16,16,16,31,0,0,0,18,31,0,Generic,1
0.643747,tcp,-,FIN,12,8,1900,468,29.514702,254,252,21648.25781,5095.169434,3,2,57.937999,90.998859,4585.581466,198.826797,255,1314896554,1309363866,255,0.057474,0.006746,0.050728,158,59,0,0,1,1,1,1,1,1,0,0,0,19,1,0,Generic,1
3e-06,udp,dns,INT,2,0,114,0,333333.3215,254,0,152000000.0,0.0,0,0,0.003,0.0,0.0,0.0,0,0,0,0,0.0,0.0,0.0,57,0,0,0,42,2,9,9,9,42,0,0,0,9,42,0,Generic,1
6e-06,udp,dns,INT,2,0,114,0,166666.6608,254,0,76000000.0,0.0,0,0,0.006,0.0,0.0,0.0,0,0,0,0,0.0,0.0,0.0,57,0,0,0,42,2,33,33,17,42,0,0,0,34,42,0,Generic,1
3e-06,unas,-,INT,2,0,200,0,333333.3215,254,0,266666656.0,0.0,0,0,0.003,0.0,0.0,0.0,0,0,0,0,0.0,0.0,0.0,100,0,0,0,6,2,3,3,3,6,0,0,0,7,6,0,Generic,1
7e-06,udp,dns,INT,2,0,114,0,142857.1409,254,0,65142856.0,0.0,0,0,0.007,0.0,0.0,0.0,0,0,0,0,0.0,0.0,0.0,57,0,0,0,14,2,14,14,7,14,0,0,0,15,14,0,Generic,1
9e-06,any,-,INT,2,0,200,0,111111.1072,254,0,88888888.0,0.0,0,0,0.009,0.0,0.0,0.0,0,0,0,0,0.0,0.0,0.0,100,0,0,0,3,2,2,2,2,3,0,0,0,4,3,0,Generic,1
5e-06,udp,dns,INT,2,0,114,0,200000.0051,254,0,91200000.0,0.0,0,0,0.005,0.0,0.0,0.0,0,0,0,0,0.0,0.0,0.0,57,0,0,0,42,2,33,33,16,42,0,0,0,34,42,0,Generic,1
5e-06,udp,dns,INT,2,0,114,0,200000.0051,254,0,91200000.0,0.0,0,0,0.005,0.0,0.0,0.0,0,0,0,0,0.0,0.0,0.0,57,0,0,0,30,2,14,14,9,30,0,0,0,14,30,0,Generic,1
5e-06,udp,dns,INT,2,0,114,0,200000.0051,254,0,91200000.0,0.0,0,0,0.005,0.0,0.0,0.0,0,0,0,0,0.0,0.0,0.0,57,0,0,0,35,2,35,35,23,35,0,0,0,35,35,0,Generic,1
3e-06,udp,dns,INT,2,0,114,0,333333.3215,254,0,152000000.0,0.0,0,0,0.003,0.0,0.0,0.0,0,0,0,0,0.0,0.0,0.0,57,0,0,0,34,2,36,34,18,34,0,0,0,34,34,0,Generic,1
9e-06,unas,-,INT,2,0,200,0,111111.1072,254,0,88888888.0,0.0,0,0,0.009,0.0,0.0,0.0,0,0,0,0,0.0,0.0,0.0,100,0,0,0,4,2,2,2,2,4,0,0,0,5,4,0,Generic,1
7e-06,udp,dns,INT,2,0,114,0,142857.1409,254,0,65142856.0,0.0,0,0,0.007,0.0,0.0,0.0,0,0,0,0,0.0,0.0,0.0,57,0,0,0,22,2,6,6,6,22,0,0,0,8,22,0,Generic,1
8e-06,unas,-,INT,2,0,200,0,125000.0003,254,0,100000000.0,0.0,0,0,0.008,0.0,0.0,0.0,0,0,0,0,0.0,0.0,0.0,100,0,0,0,6,2,2,2,2,6,0,0,0,3,6,0,Generic,1
8e-06,udp,dns,INT,2,0,114,0,125000.0003,254,0,57000000.0,0.0,0,0,0.008,0.0,0.0,0.0,0,0,0,0,0.0,0.0,0.0,57,0,0,0,27,2,16,16,16,27,0,0,0,16,27,0,Generic,1
9e-06,udp,dns,INT,2,0,114,0,111111.1072,254,0,50666664.0,0.0,0,0,0.009,0.0,0.0,0.0,0,0,0,0,0.0,0.0,0.0,57,0,0,0,11,2,12,11,6,11,0,0,0,11,11,0,Generic,1
2e-06,udp,dns,INT,2,0,114,0,500000.0013,254,0,228000000.0,0.0,0,0,0.002,0.0,0.0,0.0,0,0,0,0,0.0,0.0,0.0,57,0,0,0,27,2,11,11,11,27,0,0,0,11,27,0,Generic,1
6e-06,udp,dns,INT,2,0,114,0,166666.6608,254,0,76000000.0,0.0,0,0,0.006,0.0,0.0,0.0,0,0,0,0,0.0,0.0,0.0,57,0,0,0,26,2,7,6,6,26,0,0,0,6,26,0,Generic,1
6e-06,udp,dns,INT,2,0,114,0,166666.6608,254,0,76000000.0,0.0,0,0,0.006,0.0,0.0,0.0,0,0,0,0,0.0,0.0,0.0,57,0,0,0,1,2,1,1,1,1,0,0,0,2,1,0,Generic,1
8e-06,unas,-,INT,2,0,200,0,125000.0003,254,0,100000000.0,0.0,0,0,0.008,0.0,0.0,0.0,0,0,0,0,0.0,0.0,0.0,100,0,0,0,4,2,2,2,2,4,0,0,0,5,4,0,Generic,1
3e-06,udp,dns,INT,2,0,114,0,333333.3215,254,0,152000000.0,0.0,0,0,0.003,0.0,0.0,0.0,0,0,0,0,0.0,0.0,0.0,57,0,0,0,16,2,7,7,7,16,0,0,0,7,16,0,Generic,1
1e-06,udp,dns,INT,2,0,114,0,1000000.003,254,0,456000000.0,0.0,0,0,0.001,0.0,0.0,0.0,0,0,0,0,0.0,0.0,0.0,57,0,0,0,22,2,18,18,18,22,0,0,0,18,22,0,Generic,1
2.593186,tcp,smtp,FIN,22,20,4300,1538,15.810667,254,252,12663.95898,4510.282227,8,8,123.485047,128.532312,6535.073021,172.931891,255,1359789671,3703681803,255,0.286733,0.149535,0.137198,195,77,0,0,1,1,2,1,1,1,0,0,0,1,1,0,Generic,1
0.372445,tcp,http,FIN,10,14,1250,10856,61.754087,62,252,24164.64258,216536.6719,2,5,41.257889,24.370001,2230.350488,0.0,255,2236313018,913005012,255,0.143896,0.055625,0.088271,125,775,1,4772,1,1,2,1,1,2,0,0,1,3,1,0,Generic,1
2e-06,udp,dns,INT,2,0,114,0,500000.0013,254,0,228000000.0,0.0,0,0,0.002,0.0,0.0,0.0,0,0,0,0,0.0,0.0,0.0,57,0,0,0,28,2,16,16,16,28,0,0,0,16,28,0,Generic,1
8e-06,udp,dns,INT,2,0,114,0,125000.0003,254,0,57000000.0,0.0,0,0,0.008,0.0,0.0,0.0,0,0,0,0,0.0,0.0,0.0,57,0,0,0,27,2,19,18,18,27,0,0,0,19,27,0,Generic,1
3e-06,udp,dns,INT,2,0,114,0,333333.3215,254,0,152000000.0,0.0,0,0,0.003,0.0,0.0,0.0,0,0,0,0,0.0,0.0,0.0,57,0,0,0,38,2,6,6,6,38,0,0,0,6,38,0,Generic,1
9e-06,udp,dns,INT,2,0,114,0,111111.1072,254,0,50666664.0,0.0,0,0,0.009,0.0,0.0,0.0,0,0,0,0,0.0,0.0,0.0,57,0,0,0,38,2,32,32,16,38,0,0,0,32,38,0,Generic,1
8e-06,udp,dns,INT,2,0,114,0,125000.0003,254,0,57000000.0,0.0,0,0,0.008,0.0,0.0,0.0,0,0,0,0,0.0,0.0,0.0,57,0,0,0,16,2,18,16,16,16,0,0,0,16,16,0,Generic,1
5e-06,udp,dns,INT,2,0,114,0,200000.0051,254,0,91200000.0,0.0,0,0,0.005,0.0,0.0,0.0,0,0,0,0,0.0,0.0,0.0,57,0,0,0,11,2,12,11,5,11,0,0,0,11,11,0,Generic,1
3e-06,udp,dns,INT,2,0,114,0,333333.3215,254,0,152000000.0,0.0,0,0,0.003,0.0,0.0,0.0,0,0,0,0,0.0,0.0,0.0,57,0,0,0,10,2,10,10,3,10,0,0,0,10,10,0,Generic,1
8e-06,udp,dns,INT,2,0,114,0,125000.0003,254,0,57000000.0,0.0,0,0,0.008,0.0,0.0,0.0,0,0,0,0,0.0,0.0,0.0,57,0,0,0,34,2,27,27,18,34,0,0,0,27,34,0,Generic,1
3e-06,udp,dns,INT,2,0,114,0,333333.3215,254,0,152000000.0,0.0,0,0,0.003,0.0,0.0,0.0,0,0,0,0,0.0,0.0,0.0,57,0,0,0,31,2,24,24,15,31,0,0,0,24,31,0,Generic,1
5e-06,udp,dns,INT,2,0,114,0,200000.0051,254,0,91200000.0,0.0,0,0,0.005,0.0,0.0,0.0,0,0,0,0,0.0,0.0,0.0,57,0,0,0,27,2,22,22,11,27,0,0,0,22,27,0,Generic,1
5e-06,udp,dns,INT,2,0,114,0,200000.0051,254,0,91200000.0,0.0,0,0,0.005,0.0,0.0,0.0,0,0,0,0,0.0,0.0,0.0,57,0,0,0,19,2,13,13,6,19,0,0,0,13,19,0,Generic,1
8e-06,udp,dns,INT,2,0,114,0,125000.0003,254,0,57000000.0,0.0,0,0,0.008,0.0,0.0,0.0,0,0,0,0,0.0,0.0,0.0,57,0,0,0,44,2,28,28,14,44,0,0,0,28,44,0,Generic,1
6e-06,udp,dns,INT,2,0,114,0,166666.6608,254,0,76000000.0,0.0,0,0,0.006,0.0,0.0,0.0,0,0,0,0,0.0,0.0,0.0,57,0,0,0,30,2,30,30,11,30,0,0,0,31,30,0,Generic,1
9e-06,udp,dns,INT,2,0,114,0,111111.1072,254,0,50666664.0,0.0,0,0,0.009,0.0,0.0,0.0,0,0,0,0,0.0,0.0,0.0,57,0,0,0,37,2,33,33,17,37,0,0,0,34,37,0,Generic,1
9e-06,udp,dns,INT,2,0,114,0,111111.1072,254,0,50666664.0,0.0,0,0,0.009,0.0,0.0,0.0,0,0,0,0,0.0,0.0,0.0,57,0,0,0,21,2,14,14,7,21,0,0,0,14,21,0,Generic,1
9e-06,udp,dns,INT,2,0,114,0,111111.1072,254,0,50666664.0,0.0,0,0,0.009,0.0,0.0,0.0,0,0,0,0,0.0,0.0,0.0,57,0,0,0,37,2,33,33,16,37,0,0,0,34,37,0,Generic,1
8e-06,udp,dns,INT,2,0,114,0,125000.0003,254,0,57000000.0,0.0,0,0,0.008,0.0,0.0,0.0,0,0,0,0,0.0,0.0,0.0,57,0,0,0,12,2,12,12,12,12,0,0,0,13,12,0,Generic,1
9e-06,udp,dns,INT,2,0,114,0,111111.1072,254,0,50666664.0,0.0,0,0,0.009,0.0,0.0,0.0,0,0,0,0,0.0,0.0,0.0,57,0,0,0,25,2,19,19,10,25,0,0,0,19,25,0,Generic,1
3e-06,udp,dns,INT,2,0,114,0,333333.3215,254,0,152000000.0,0.0,0,0,0.003,0.0,0.0,0.0,0,0,0,0,0.0,0.0,0.0,57,0,0,0,21,2,7,7,7,21,0,0,0,7,21,0,Generic,1
9e-06,udp,dns,INT,2,0,114,0,111111.1072,254,0,50666664.0,0.0,0,0,0.009,0.0,0.0,0.0,0,0,0,0,0.0,0.0,0.0,57,0,0,0,17,2,5,5,5,17,0,0,0,5,17,0,Generic,1
9e-06,udp,dns,INT,2,0,114,0,111111.1072,254,0,50666664.0,0.0,0,0,0.009,0.0,0.0,0.0,0,0,0,0,0.0,0.0,0.0,57,0,0,0,28,2,12,12,12,28,0,0,0,12,28,0,Generic,1
9e-06,udp,dns,INT,2,0,114,0,111111.1072,254,0,50666664.0,0.0,0,0,0.009,0.0,0.0,0.0,0,0,0,0,0.0,0.0,0.0,57,0,0,0,35,2,33,33,17,35,0,0,0,33,35,0,Generic,1
3e-06,udp,dns,INT,2,0,114,0,333333.3215,254,0,152000000.0,0.0,0,0,0.003,0.0,0.0,0.0,0,0,0,0,0.0,0.0,0.0,57,0,0,0,35,2,33,33,16,35,0,0,0,33,35,0,Generic,1
7e-06,udp,dns,INT,2,0,114,0,142857.1409,254,0,65142856.0,0.0,0,0,0.007,0.0,0.0,0.0,0,0,0,0,0.0,0.0,0.0,57,0,0,0,17,2,12,12,12,17,0,0,0,12,17,0,Generic,1
9e-06,udp,dns,INT,2,0,114,0,111111.1072,254,0,50666664.0,0.0,0,0,0.009,0.0,0.0,0.0,0,0,0,0,0.0,0.0,0.0,57,0,0,0,35,2,2,2,1,35,0,0,0,2,35,0,Generic,1
9e-06,udp,dns,INT,2,0,114,0,111111.1072,254,0,50666664.0,0.0,0,0,0.009,0.0,0.0,0.0,0,0,0,0,0.0,0.0,0.0,57,0,0,0,27,2,5,5,2,27,0,0,0,5,27,0,Generic,1
9e-06,udp,dns,INT,2,0,114,0,111111.1072,254,0,50666664.0,0.0,0,0,0.009,0.0,0.0,0.0,0,0,0,0,0.0,0.0,0.0,57,0,0,0,36,2,36,36,18,36,0,0,0,37,36,0,Generic,1
3e-06,udp,dns,INT,2,0,114,0,333333.3215,254,0,152000000.0,0.0,0,0,0.003,0.0,0.0,0.0,0,0,0,0,0.0,0.0,0.0,57,0,0,0,44,2,16,16,9,44,0,0,0,16,44,0,Generic,1
9e-06,udp,dns,INT,2,0,114,0,111111.1072,254,0,50666664.0,0.0,0,0,0.009,0.0,0.0,0.0,0,0,0,0,0.0,0.0,0.0,57,0,0,0,47,2,28,28,15,47,0,0,0,28,47,0,Generic,1
9e-06,udp,dns,INT,2,0,114,0,111111.1072,254,0,50666664.0,0.0,0,0,0.009,0.0,0.0,0.0,0,0,0,0,0.0,0.0,0.0,57,0,0,0,17,2,17,17,9,17,0,0,0,18,17,0,Generic,1
5e-06,udp,dns,INT,2,0,114,0,200000.0051,254,0,91200000.0,0.0,0,0,0.005,0.0,0.0,0.0,0,0,0,0,0.0,0.0,0.0,57,0,0,0,16,2,9,9,9,16,0,0,0,9,16,0,Generic,1
5e-06,udp,dns,INT,2,0,114,0,200000.0051,254,0,91200000.0,0.0,0,0,0.005,0.0,0.0,0.0,0,0,0,0,0.0,0.0,0.0,57,0,0,0,36,2,36,36,18,36,0,0,0,37,36,0,Generic,1
1e-06,udp,dns,INT,2,0,114,0,1000000.003,254,0,456000000.0,0.0,0,0,0.001,0.0,0.0,0.0,0,0,0,0,0.0,0.0,0.0,57,0,0,0,18,2,2,2,2,18,0,0,0,2,18,0,Generic,1
3e-06,udp,dns,INT,2,0,114,0,333333.3215,254,0,152000000.0,0.0,0,0,0.003,0.0,0.0,0.0,0,0,0,0,0.0,0.0,0.0,57,0,0,0,26,2,18,18,18,26,0,0,0,18,26,0,Generic,1
5e-06,udp,dns,INT,2,0,114,0,200000.0051,254,0,91200000.0,0.0,0,0,0.005,0.0,0.0,0.0,0,0,0,0,0.0,0.0,0.0,57,0,0,0,24,2,7,7,7,24,0,0,0,7,24,0,Generic,1
9e-06,udp,dns,INT,2,0,114,0,111111.1072,254,0,50666664.0,0.0,0,0,0.009,0.0,0.0,0.0,0,0,0,0,0.0,0.0,0.0,57,0,0,0,27,2,18,18,18,27,0,0,0,18,27,0,Generic,1
9e-06,unas,-,INT,2,0,200,0,111111.1072,254,0,88888888.0,0.0,0,0,0.009,0.0,0.0,0.0,0,0,0,0,0.0,0.0,0.0,100,0,0,0,6,2,3,3,3,6,0,0,0,3,6,0,Generic,1
7e-06,udp,dns,INT,2,0,114,0,142857.1409,254,0,65142856.0,0.0,0,0,0.007,0.0,0.0,0.0,0,0,0,0,0.0,0.0,0.0,57,0,0,0,24,2,8,8,8,24,0,0,0,9,24,0,Generic,1
2e-06,udp,dns,INT,2,0,114,0,500000.0013,254,0,228000000.0,0.0,0,0,0.002,0.0,0.0,0.0,0,0,0,0,0.0,0.0,0.0,57,0,0,0,33,2,17,17,17,33,0,0,0,17,33,0,Generic,1
9e-06,udp,dns,INT,2,0,114,0,111111.1072,254,0,50666664.0,0.0,0,0,0.009,0.0,0.0,0.0,0,0,0,0,0.0,0.0,0.0,57,0,0,0,44,2,16,16,7,44,0,0,0,16,44,0,Generic,1
9e-06,udp,dns,INT,2,0,114,0,111111.1072,254,0,50666664.0,0.0,0,0,0.009,0.0,0.0,0.0,0,0,0,0,0.0,0.0,0.0,57,0,0,0,32,2,5,5,5,32,0,0,0,5,32,0,Generic,1
3e-06,udp,dns,INT,2,0,114,0,333333.3215,254,0,152000000.0,0.0,0,0,0.003,0.0,0.0,0.0,0,0,0,0,0.0,0.0,0.0,57,0,0,0,35,2,33,33,17,35,0,0,0,33,35,0,Generic,1
8e-06,udp,dns,INT,2,0,114,0,125000.0003,254,0,57000000.0,0.0,0,0,0.008,0.0,0.0,0.0,0,0,0,0,0.0,0.0,0.0,57,0,0,0,24,2,17,17,17,24,0,0,0,17,24,0,Generic,1
1e-06,udp,dns,INT,2,0,114,0,1000000.003,254,0,456000000.0,0.0,0,0,0.001,0.0,0.0,0.0,0,0,0,0,0.0,0.0,0.0,57,0,0,0,7,2,7,7,7,9,0,0,0,7,7,0,Generic,1
5e-06,udp,dns,INT,2,0,114,0,200000.0051,254,0,91200000.0,0.0,0,0,0.005,0.0,0.0,0.0,0,0,0,0,0.0,0.0,0.0,57,0,0,0,23,2,21,21,10,23,0,0,0,21,23,0,Generic,1
6e-06,udp,dns,INT,2,0,114,0,166666.6608,254,0,76000000.0,0.0,0,0,0.006,0.0,0.0,0.0,0,0,0,0,0.0,0.0,0.0,57,0,0,0,23,2,7,7,7,23,0,0,0,7,23,0,Generic,1
7e-06,udp,dns,INT,2,0,114,0,142857.1409,254,0,65142856.0,0.0,0,0,0.007,0.0,0.0,0.0,0,0,0,0,0.0,0.0,0.0,57,0,0,0,11,2,10,10,10,11,0,0,0,10,11,0,Generic,1
4e-06,udp,dns,INT,2,0,114,0,250000.0006,254,0,114000000.0,0.0,0,0,0.004,0.0,0.0,0.0,0,0,0,0,0.0,0.0,0.0,57,0,0,0,16,2,16,16,16,16,0,0,0,16,16,0,Generic,1
9e-06,udp,dns,INT,2,0,114,0,111111.1072,254,0,50666664.0,0.0,0,0,0.009,0.0,0.0,0.0,0,0,0,0,0.0,0.0,0.0,57,0,0,0,23,2,21,21,11,23,0,0,0,21,23,0,Generic,1
7e-06,udp,dns,INT,2,0,114,0,142857.1409,254,0,65142856.0,0.0,0,0,0.007,0.0,0.0,0.0,0,0,0,0,0.0,0.0,0.0,57,0,0,0,23,2,7,7,7,23,0,0,0,7,23,0,Generic,1
3e-06,udp,dns,INT,2,0,114,0,333333.3215,254,0,152000000.0,0.0,0,0,0.003,0.0,0.0,0.0,0,0,0,0,0.0,0.0,0.0,57,0,0,0,35,2,2,2,1,35,0,0,0,2,35,0,Generic,1
8e-06,udp,dns,INT,2,0,114,0,125000.0003,254,0,57000000.0,0.0,0,0,0.008,0.0,0.0,0.0,0,0,0,0,0.0,0.0,0.0,57,0,0,0,21,2,21,21,12,21,0,0,0,21,21,0,Generic,1
3e-06,udp,dns,INT,2,0,114,0,333333.3215,254,0,152000000.0,0.0,0,0,0.003,0.0,0.0,0.0,0,0,0,0,0.0,0.0,0.0,57,0,0,0,36,2,36,36,18,36,0,0,0,37,36,0,Generic,1
8e-06,udp,dns,INT,2,0,114,0,125000.0003,254,0,57000000.0,0.0,0,0,0.008,0.0,0.0,0.0,0,0,0,0,0.0,0.0,0.0,57,0,0,0,26,2,8,8,8,26,0,0,0,10,26,0,Generic,1
9e-06,udp,dns,INT,2,0,114,0,111111.1072,254,0,50666664.0,0.0,0,0,0.009,0.0,0.0,0.0,0,0,0,0,0.0,0.0,0.0,57,0,0,0,47,2,19,19,10,47,0,0,0,19,47,0,Generic,1
9e-06,udp,dns,INT,2,0,114,0,111111.1072,254,0,50666664.0,0.0,0,0,0.009,0.0,0.0,0.0,0,0,0,0,0.0,0.0,0.0,57,0,0,0,14,2,5,5,3,14,0,0,0,5,14,0,Generic,1
8e-06,udp,dns,INT,2,0,114,0,125000.0003,254,0,57000000.0,0.0,0,0,0.008,0.0,0.0,0.0,0,0,0,0,0.0,0.0,0.0,57,0,0,0,8,2,8,8,8,8,0,0,0,8,8,0,Generic,1
7e-06,udp,dns,INT,2,0,114,0,142857.1409,254,0,65142856.0,0.0,0,0,0.007,0.0,0.0,0.0,0,0,0,0,0.0,0.0,0.0,57,0,0,0,29,2,14,14,7,29,0,0,0,14,29,0,Generic,1
3e-06,udp,dns,INT,2,0,114,0,333333.3215,254,0,152000000.0,0.0,0,0,0.003,0.0,0.0,0.0,0,0,0,0,0.0,0.0,0.0,57,0,0,0,12,2,12,12,9,12,0,0,0,12,12,0,Generic,1
3e-06,udp,dns,INT,2,0,114,0,333333.3215,254,0,152000000.0,0.0,0,0,0.003,0.0,0.0,0.0,0,0,0,0,0.0,0.0,0.0,57,0,0,0,27,2,15,15,15,27,0,0,0,15,27,0,Generic,1
3e-06,udp,dns,INT,2,0,114,0,333333.3215,254,0,152000000.0,0.0,0,0,0.003,0.0,0.0,0.0,0,0,0,0,0.0,0.0,0.0,57,0,0,0,32,2,9,9,9,32,0,0,0,9,32,0,Generic,1
9e-06,udp,dns,INT,2,0,114,0,111111.1072,254,0,50666664.0,0.0,0,0,0.009,0.0,0.0,0.0,0,0,0,0,0.0,0.0,0.0,57,0,0,0,10,2,10,10,5,10,0,0,0,11,10,0,Generic,1
8e-06,udp,dns,INT,2,0,114,0,125000.0003,254,0,57000000.0,0.0,0,0,0.008,0.0,0.0,0.0,0,0,0,0,0.0,0.0,0.0,57,0,0,0,35,2,33,33,16,35,0,0,0,33,35,0,Generic,1
3e-06,udp,dns,INT,2,0,114,0,333333.3215,254,0,152000000.0,0.0,0,0,0.003,0.0,0.0,0.0,0,0,0,0,0.0,0.0,0.0,57,0,0,0,11,2,1,1,1,11,0,0,0,1,11,0,Generic,1
3e-06,udp,dns,INT,2,0,114,0,333333.3215,254,0,152000000.0,0.0,0,0,0.003,0.0,0.0,0.0,0,0,0,0,0.0,0.0,0.0,57,0,0,0,32,2,15,15,15,32,0,0,0,16,32,0,Generic,1
8e-06,udp,dns,INT,2,0,114,0,125000.0003,254,0,57000000.0,0.0,0,0,0.008,0.0,0.0,0.0,0,0,0,0,0.0,0.0,0.0,57,0,0,0,32,2,18,17,17,32,0,0,0,18,32,0,Generic,1
1e-06,udp,dns,INT,2,0,114,0,1000000.003,254,0,456000000.0,0.0,0,0,0.001,0.0,0.0,0.0,0,0,0,0,0.0,0.0,0.0,57,0,0,0,11,2,6,6,6,11,0,0,0,6,11,0,Generic,1
9e-06,udp,dns,INT,2,0,114,0,111111.1072,254,0,50666664.0,0.0,0,0,0.009,0.0,0.0,0.0,0,0,0,0,0.0,0.0,0.0,57,0,0,0,26,2,12,12,12,26,0,0,0,12,26,0,Generic,1
7e-06,udp,dns,INT,2,0,114,0,142857.1409,254,0,65142856.0,0.0,0,0,0.007,0.0,0.0,0.0,0,0,0,0,0.0,0.0,0.0,57,0,0,0,16,2,11,11,6,16,0,0,0,11,16,0,Generic,1
3e-06,unas,-,INT,2,0,200,0,333333.3215,254,0,266666656.0,0.0,0,0,0.003,0.0,0.0,0.0,0,0,0,0,0.0,0.0,0.0,100,0,0,0,2,2,2,2,2,2,0,0,0,6,2,0,Generic,1
3e-06,udp,dns,INT,2,0,114,0,333333.3215,254,0,152000000.0,0.0,0,0,0.003,0.0,0.0,0.0,0,0,0,0,0.0,0.0,0.0,57,0,0,0,16,2,11,11,5,16,0,0,0,11,16,0,Generic,1
5e-06,udp,dns,INT,2,0,114,0,200000.0051,254,0,91200000.0,0.0,0,0,0.005,0.0,0.0,0.0,0,0,0,0,0.0,0.0,0.0,57,0,0,0,29,2,12,12,12,29,0,0,0,12,29,0,Generic,1
8e-06,udp,dns,INT,2,0,114,0,125000.0003,254,0,57000000.0,0.0,0,0,0.008,0.0,0.0,0.0,0,0,0,0,0.0,0.0,0.0,57,0,0,0,29,2,15,15,15,29,0,0,0,15,29,0,Generic,1
2e-06,udp,dns,INT,2,0,114,0,500000.0013,254,0,228000000.0,0.0,0,0,0.002,0.0,0.0,0.0,0,0,0,0,0.0,0.0,0.0,57,0,0,0,33,2,33,33,17,33,0,0,0,34,33,0,Generic,1
8e-06,udp,dns,INT,2,0,114,0,125000.0003,254,0,57000000.0,0.0,0,0,0.008,0.0,0.0,0.0,0,0,0,0,0.0,0.0,0.0,57,0,0,0,33,2,2,2,2,33,0,0,0,2,33,0,Generic,1
4e-06,cphb,-,INT,2,0,200,0,250000.0006,254,0,200000000.0,0.0,0,0,0.004,0.0,0.0,0.0,0,0,0,0,0.0,0.0,0.0,100,0,0,0,3,2,2,2,2,3,0,0,0,3,3,0,Generic,1
3e-06,udp,dns,INT,2,0,114,0,333333.3215,254,0,152000000.0,0.0,0,0,0.003,0.0,0.0,0.0,0,0,0,0,0.0,0.0,0.0,57,0,0,0,33,2,31,31,17,33,0,0,0,32,33,0,Generic,1
9e-06,udp,dns,INT,2,0,114,0,111111.1072,254,0,50666664.0,0.0,0,0,0.009,0.0,0.0,0.0,0,0,0,0,0.0,0.0,0.0,57,0,0,0,34,2,14,13,13,34,0,0,0,13,34,0,Generic,1
3e-06,udp,dns,INT,2,0,114,0,333333.3215,254,0,152000000.0,0.0,0,0,0.003,0.0,0.0,0.0,0,0,0,0,0.0,0.0,0.0,57,0,0,0,37,2,22,21,16,37,0,0,0,21,37,0,Generic,1
8e-06,udp,dns,INT,2,0,114,0,125000.0003,254,0,57000000.0,0.0,0,0,0.008,0.0,0.0,0.0,0,0,0,0,0.0,0.0,0.0,57,0,0,0,34,2,17,17,17,34,0,0,0,17,34,0,Generic,1
9e-06,udp,dns,INT,2,0,114,0,111111.1072,254,0,50666664.0,0.0,0,0,0.009,0.0,0.0,0.0,0,0,0,0,0.0,0.0,0.0,57,0,0,0,31,2,16,16,16,31,0,0,0,16,31,0,Generic,1
3e-06,udp,dns,INT,2,0,114,0,333333.3215,254,0,152000000.0,0.0,0,0,0.003,0.0,0.0,0.0,0,0,0,0,0.0,0.0,0.0,57,0,0,0,39,2,28,28,16,39,0,0,0,28,39,0,Generic,1
9e-06,udp,dns,INT,2,0,114,0,111111.1072,254,0,50666664.0,0.0,0,0,0.009,0.0,0.0,0.0,0,0,0,0,0.0,0.0,0.0,57,0,0,0,15,2,15,15,15,15,0,0,0,16,15,0,Generic,1
3e-06,udp,dns,INT,2,0,114,0,333333.3215,254,0,152000000.0,0.0,0,0,0.003,0.0,0.0,0.0,0,0,0,0,0.0,0.0,0.0,57,0,0,0,30,2,14,14,5,30,0,0,0,14,30,0,Generic,1
9e-06,udp,dns,INT,2,0,114,0,111111.1072,254,0,50666664.0,0.0,0,0,0.009,0.0,0.0,0.0,0,0,0,0,0.0,0.0,0.0,57,0,0,0,32,2,17,17,10,32,0,0,0,17,32,0,Generic,1
3e-06,udp,dns,INT,2,0,114,0,333333.3215,254,0,152000000.0,0.0,0,0,0.003,0.0,0.0,0.0,0,0,0,0,0.0,0.0,0.0,57,0,0,0,35,2,35,35,12,35,0,0,0,35,35,0,Generic,1
3e-06,udp,dns,INT,2,0,114,0,333333.3215,254,0,152000000.0,0.0,0,0,0.003,0.0,0.0,0.0,0,0,0,0,0.0,0.0,0.0,57,0,0,0,18,2,18,18,12,18,0,0,0,19,18,0,Generic,1
8e-06,udp,dns,INT,2,0,114,0,125000.0003,254,0,57000000.0,0.0,0,0,0.008,0.0,0.0,0.0,0,0,0,0,0.0,0.0,0.0,57,0,0,0,33,2,31,31,14,33,0,0,0,32,33,0,Generic,1
9e-06,udp,dns,INT,2,0,114,0,111111.1072,254,0,50666664.0,0.0,0,0,0.009,0.0,0.0,0.0,0,0,0,0,0.0,0.0,0.0,57,0,0,0,41,2,40,39,15,41,0,0,0,39,41,0,Generic,1
8e-06,udp,dns,INT,2,0,114,0,125000.0003,254,0,57000000.0,0.0,0,0,0.008,0.0,0.0,0.0,0,0,0,0,0.0,0.0,0.0,57,0,0,0,35,2,35,35,23,35,0,0,0,35,35,0,Generic,1
3e-06,udp,dns,INT,2,0,114,0,333333.3215,254,0,152000000.0,0.0,0,0,0.003,0.0,0.0,0.0,0,0,0,0,0.0,0.0,0.0,57,0,0,0,32,2,14,14,14,32,0,0,0,14,32,0,Generic,1
9e-06,udp,dns,INT,2,0,114,0,111111.1072,254,0,50666664.0,0.0,0,0,0.009,0.0,0.0,0.0,0,0,0,0,0.0,0.0,0.0,57,0,0,0,27,2,12,12,12,27,0,0,0,12,27,0,Generic,1
9e-06,udp,dns,INT,2,0,114,0,111111.1072,254,0,50666664.0,0.0,0,0,0.009,0.0,0.0,0.0,0,0,0,0,0.0,0.0,0.0,57,0,0,0,41,2,40,39,24,41,0,0,0,39,41,0,Generic,1
9e-06,udp,dns,INT,2,0,114,0,111111.1072,254,0,50666664.0,0.0,0,0,0.009,0.0,0.0,0.0,0,0,0,0,0.0,0.0,0.0,57,0,0,0,12,2,12,12,12,12,0,0,0,13,12,0,Generic,1
0.65628,tcp,http,FIN,10,8,1044,878,25.903578,254,252,11458.52441,9374.047852,2,2,72.92,92.016289,5248.630607,179.115672,255,1345141603,3353829400,255,0.029225,0.011474,0.017751,104,110,1,0,1,1,1,1,1,1,0,0,1,17,1,0,Generic,1
3e-06,udp,dns,INT,2,0,114,0,333333.3215,254,0,152000000.0,0.0,0,0,0.003,0.0,0.0,0.0,0,0,0,0,0.0,0.0,0.0,57,0,0,0,22,2,22,22,13,22,0,0,0,22,22,0,Generic,1
3e-06,udp,dns,INT,2,0,114,0,333333.3215,254,0,152000000.0,0.0,0,0,0.003,0.0,0.0,0.0,0,0,0,0,0.0,0.0,0.0,57,0,0,0,34,2,22,22,11,34,0,0,0,22,34,0,Generic,1
9e-06,udp,dns,INT,2,0,114,0,111111.1072,254,0,50666664.0,0.0,0,0,0.009,0.0,0.0,0.0,0,0,0,0,0.0,0.0,0.0,57,0,0,0,22,2,6,6,6,22,0,0,0,7,22,0,Generic,1
8e-06,udp,dns,INT,2,0,114,0,125000.0003,254,0,57000000.0,0.0,0,0,0.008,0.0,0.0,0.0,0,0,0,0,0.0,0.0,0.0,57,0,0,0,13,2,13,13,6,13,0,0,0,22,13,0,Generic,1
3e-06,udp,dns,INT,2,0,114,0,333333.3215,254,0,152000000.0,0.0,0,0,0.003,0.0,0.0,0.0,0,0,0,0,0.0,0.0,0.0,57,0,0,0,22,2,22,22,9,22,0,0,0,22,22,0,Generic,1
9.991968,tcp,http,FIN,236,1500,10878,2026793,173.639465,62,252,8672.56543,1621656.125,2,748,42.519012,6.663699,2084.221006,844.658162,255,3049706269,2592809335,255,0.020903,0.009072,0.011831,46,1351,1,982959,1,1,1,1,1,1,0,0,1,1,1,0,Generic,1
9e-06,udp,dns,INT,2,0,114,0,111111.1072,254,0,50666664.0,0.0,0,0,0.009,0.0,0.0,0.0,0,0,0,0,0.0,0.0,0.0,57,0,0,0,33,2,33,33,16,34,0,0,0,33,33,0,Generic,1
5e-06,udp,dns,INT,2,0,114,0,200000.0051,254,0,91200000.0,0.0,0,0,0.005,0.0,0.0,0.0,0,0,0,0,0.0,0.0,0.0,57,0,0,0,13,2,13,13,7,13,0,0,0,22,13,0,Generic,1
8e-06,udp,dns,INT,2,0,114,0,125000.0003,254,0,57000000.0,0.0,0,0,0.008,0.0,0.0,0.0,0,0,0,0,0.0,0.0,0.0,57,0,0,0,16,2,16,16,16,17,0,0,0,16,16,0,Generic,1
8e-06,udp,dns,INT,2,0,114,0,125000.0003,254,0,57000000.0,0.0,0,0,0.008,0.0,0.0,0.0,0,0,0,0,0.0,0.0,0.0,57,0,0,0,41,2,40,39,24,41,0,0,0,39,41,0,Generic,1
3e-06,udp,dns,INT,2,0,114,0,333333.3215,254,0,152000000.0,0.0,0,0,0.003,0.0,0.0,0.0,0,0,0,0,0.0,0.0,0.0,57,0,0,0,32,2,17,15,5,32,0,0,0,15,32,0,Generic,1
2e-06,udp,dns,INT,2,0,114,0,500000.0013,254,0,228000000.0,0.0,0,0,0.002,0.0,0.0,0.0,0,0,0,0,0.0,0.0,0.0,57,0,0,0,32,2,32,32,17,32,0,0,0,34,32,0,Generic,1
4e-06,unas,-,INT,2,0,200,0,250000.0006,254,0,200000000.0,0.0,0,0,0.004,0.0,0.0,0.0,0,0,0,0,0.0,0.0,0.0,100,0,0,0,5,2,3,3,3,5,0,0,0,5,5,0,Generic,1
9e-06,udp,dns,INT,2,0,114,0,111111.1072,254,0,50666664.0,0.0,0,0,0.009,0.0,0.0,0.0,0,0,0,0,0.0,0.0,0.0,57,0,0,0,42,2,32,32,16,42,0,0,0,33,42,0,Generic,1
6e-06,udp,dns,INT,2,0,114,0,166666.6608,254,0,76000000.0,0.0,0,0,0.006,0.0,0.0,0.0,0,0,0,0,0.0,0.0,0.0,57,0,0,0,18,2,18,18,6,18,0,0,0,19,18,0,Generic,1
6e-06,udp,dns,INT,2,0,114,0,166666.6608,254,0,76000000.0,0.0,0,0,0.006,0.0,0.0,0.0,0,0,0,0,0.0,0.0,0.0,57,0,0,0,32,2,17,15,10,32,0,0,0,15,32,0,Generic,1
3e-06,udp,dns,INT,2,0,114,0,333333.3215,254,0,152000000.0,0.0,0,0,0.003,0.0,0.0,0.0,0,0,0,0,0.0,0.0,0.0,57,0,0,0,29,2,12,12,12,29,0,0,0,12,29,0,Generic,1
9e-06,udp,dns,INT,2,0,114,0,111111.1072,254,0,50666664.0,0.0,0,0,0.009,0.0,0.0,0.0,0,0,0,0,0.0,0.0,0.0,57,0,0,0,31,2,15,15,15,31,0,0,0,15,31,0,Generic,1
4e-06,udp,dns,INT,2,0,114,0,250000.0006,254,0,114000000.0,0.0,0,0,0.004,0.0,0.0,0.0,0,0,0,0,0.0,0.0,0.0,57,0,0,0,42,2,34,33,17,42,0,0,0,34,42,0,Generic,1
1e-06,udp,dns,INT,2,0,114,0,1000000.003,254,0,456000000.0,0.0,0,0,0.001,0.0,0.0,0.0,0,0,0,0,0.0,0.0,0.0,57,0,0,0,18,2,16,16,16,18,0,0,0,16,18,0,Generic,1
9e-06,udp,dns,INT,2,0,114,0,111111.1072,254,0,50666664.0,0.0,0,0,0.009,0.0,0.0,0.0,0,0,0,0,0.0,0.0,0.0,57,0,0,0,42,2,34,33,16,42,0,0,0,34,42,0,Generic,1
9e-06,udp,dns,INT,2,0,114,0,111111.1072,254,0,50666664.0,0.0,0,0,0.009,0.0,0.0,0.0,0,0,0,0,0.0,0.0,0.0,57,0,0,0,14,2,14,14,14,14,0,0,0,16,14,0,Generic,1
5e-06,udp,dns,INT,2,0,114,0,200000.0051,254,0,91200000.0,0.0,0,0,0.005,0.0,0.0,0.0,0,0,0,0,0.0,0.0,0.0,57,0,0,0,12,2,12,12,12,12,0,0,0,12,12,0,Generic,1
9e-06,udp,dns,INT,2,0,114,0,111111.1072,254,0,50666664.0,0.0,0,0,0.009,0.0,0.0,0.0,0,0,0,0,0.0,0.0,0.0,57,0,0,0,27,2,10,10,4,27,0,0,0,10,27,0,Generic,1
4e-06,udp,dns,INT,2,0,114,0,250000.0006,254,0,114000000.0,0.0,0,0,0.004,0.0,0.0,0.0,0,0,0,0,0.0,0.0,0.0,57,0,0,0,16,2,15,15,15,16,0,0,0,16,16,0,Generic,1
9e-06,udp,dns,INT,2,0,114,0,111111.1072,254,0,50666664.0,0.0,0,0,0.009,0.0,0.0,0.0,0,0,0,0,0.0,0.0,0.0,57,0,0,0,23,2,24,22,13,23,0,0,0,22,23,0,Generic,1
1e-06,udp,dns,INT,2,0,114,0,1000000.003,254,0,456000000.0,0.0,0,0,0.001,0.0,0.0,0.0,0,0,0,0,0.0,0.0,0.0,57,0,0,0,25,2,6,6,6,25,0,0,0,6,25,0,Generic,1
4e-06,udp,dns,INT,2,0,114,0,250000.0006,254,0,114000000.0,0.0,0,0,0.004,0.0,0.0,0.0,0,0,0,0,0.0,0.0,0.0,57,0,0,0,29,2,16,16,16,29,0,0,0,16,29,0,Generic,1
9e-06,udp,dns,INT,2,0,114,0,111111.1072,254,0,50666664.0,0.0,0,0,0.009,0.0,0.0,0.0,0,0,0,0,0.0,0.0,0.0,57,0,0,0,25,2,19,19,9,25,0,0,0,19,25,0,Generic,1
3e-06,udp,dns,INT,2,0,114,0,333333.3215,254,0,152000000.0,0.0,0,0,0.003,0.0,0.0,0.0,0,0,0,0,0.0,0.0,0.0,57,0,0,0,25,2,17,17,17,25,0,0,0,17,25,0,Generic,1
6e-06,udp,dns,INT,2,0,114,0,166666.6608,254,0,76000000.0,0.0,0,0,0.006,0.0,0.0,0.0,0,0,0,0,0.0,0.0,0.0,57,0,0,0,29,2,13,13,13,29,0,0,0,13,29,0,Generic,1
5e-06,udp,dns,INT,2,0,114,0,200000.0051,254,0,91200000.0,0.0,0,0,0.005,0.0,0.0,0.0,0,0,0,0,0.0,0.0,0.0,57,0,0,0,32,2,14,14,14,32,0,0,0,14,32,0,Generic,1
9e-06,udp,dns,INT,2,0,114,0,111111.1072,254,0,50666664.0,0.0,0,0,0.009,0.0,0.0,0.0,0,0,0,0,0.0,0.0,0.0,57,0,0,0,21,2,19,18,18,21,0,0,0,18,21,0,Generic,1
3e-06,udp,dns,INT,2,0,114,0,333333.3215,254,0,152000000.0,0.0,0,0,0.003,0.0,0.0,0.0,0,0,0,0,0.0,0.0,0.0,57,0,0,0,24,2,10,9,9,24,0,0,0,9,24,0,Generic,1
9e-06,udp,dns,INT,2,0,114,0,111111.1072,254,0,50666664.0,0.0,0,0,0.009,0.0,0.0,0.0,0,0,0,0,0.0,0.0,0.0,57,0,0,0,23,2,2,2,2,23,0,0,0,2,23,0,Generic,1
8e-06,udp,dns,INT,2,0,114,0,125000.0003,254,0,57000000.0,0.0,0,0,0.008,0.0,0.0,0.0,0,0,0,0,0.0,0.0,0.0,57,0,0,0,21,2,3,3,3,21,0,0,0,3,21,0,Generic,1
1.6e-05,udp,dns,INT,2,0,114,0,62500.00016,254,0,28500000.0,0.0,0,0,0.016,0.0,0.0,0.0,0,0,0,0,0.0,0.0,0.0,57,0,0,0,33,2,16,16,16,33,0,0,0,16,33,0,Generic,1
2e-06,udp,dns,INT,2,0,114,0,500000.0013,254,0,228000000.0,0.0,0,0,0.002,0.0,0.0,0.0,0,0,0,0,0.0,0.0,0.0,57,0,0,0,24,2,7,6,6,24,0,0,0,6,24,0,Generic,1
9e-06,udp,dns,INT,2,0,114,0,111111.1072,254,0,50666664.0,0.0,0,0,0.009,0.0,0.0,0.0,0,0,0,0,0.0,0.0,0.0,57,0,0,0,20,2,5,5,5,20,0,0,0,5,20,0,Generic,1
9e-06,udp,dns,INT,2,0,114,0,111111.1072,254,0,50666664.0,0.0,0,0,0.009,0.0,0.0,0.0,0,0,0,0,0.0,0.0,0.0,57,0,0,0,22,2,13,13,13,22,0,0,0,14,22,0,Generic,1
9e-06,udp,dns,INT,2,0,114,0,111111.1072,254,0,50666664.0,0.0,0,0,0.009,0.0,0.0,0.0,0,0,0,0,0.0,0.0,0.0,57,0,0,0,22,2,9,9,9,22,0,0,0,9,22,0,Generic,1
9e-06,udp,dns,INT,2,0,114,0,111111.1072,254,0,50666664.0,0.0,0,0,0.009,0.0,0.0,0.0,0,0,0,0,0.0,0.0,0.0,57,0,0,0,25,2,16,16,16,25,0,0,0,17,25,0,Generic,1
9e-06,udp,dns,INT,2,0,114,0,111111.1072,254,0,50666664.0,0.0,0,0,0.009,0.0,0.0,0.0,0,0,0,0,0.0,0.0,0.0,57,0,0,0,24,2,16,15,15,24,0,0,0,15,24,0,Generic,1
9e-06,udp,dns,INT,2,0,114,0,111111.1072,254,0,50666664.0,0.0,0,0,0.009,0.0,0.0,0.0,0,0,0,0,0.0,0.0,0.0,57,0,0,0,37,2,7,7,7,37,0,0,0,7,37,0,Generic,1
8e-06,udp,dns,INT,2,0,114,0,125000.0003,254,0,57000000.0,0.0,0,0,0.008,0.0,0.0,0.0,0,0,0,0,0.0,0.0,0.0,57,0,0,0,14,2,12,12,12,14,0,0,0,13,14,0,Generic,1
3e-05,udp,dns,INT,2,0,114,0,33333.33418,254,0,15200000.0,0.0,0,0,0.03,0.0,0.0,0.0,0,0,0,0,0.0,0.0,0.0,57,0,0,0,29,2,4,4,4,29,0,0,0,4,29,0,Generic,1
3e-06,udp,dns,INT,2,0,114,0,333333.3215,254,0,152000000.0,0.0,0,0,0.003,0.0,0.0,0.0,0,0,0,0,0.0,0.0,0.0,57,0,0,0,14,2,2,2,2,14,0,0,0,2,14,0,Generic,1
3e-06,udp,dns,INT,2,0,114,0,333333.3215,254,0,152000000.0,0.0,0,0,0.003,0.0,0.0,0.0,0,0,0,0,0.0,0.0,0.0,57,0,0,0,31,2,14,14,14,31,0,0,0,14,31,0,Generic,1
9e-06,udp,dns,INT,2,0,114,0,111111.1072,254,0,50666664.0,0.0,0,0,0.009,0.0,0.0,0.0,0,0,0,0,0.0,0.0,0.0,57,0,0,0,32,2,17,17,17,32,0,0,0,18,32,0,Generic,1
3e-06,udp,dns,INT,2,0,114,0,333333.3215,254,0,152000000.0,0.0,0,0,0.003,0.0,0.0,0.0,0,0,0,0,0.0,0.0,0.0,57,0,0,0,34,2,35,34,18,34,0,0,0,34,34,0,Generic,1
9e-06,udp,dns,INT,2,0,114,0,111111.1072,254,0,50666664.0,0.0,0,0,0.009,0.0,0.0,0.0,0,0,0,0,0.0,0.0,0.0,57,0,0,0,32,2,18,17,17,32,0,0,0,17,32,0,Generic,1
0.251855,tcp,-,FIN,10,8,1476,412,67.49916,254,252,42214.76953,11466.91602,2,2,25.982111,34.71657,1465.720507,46.517996,255,1302601793,1940082549,255,0.055721,0.008833,0.046888,148,52,0,0,1,1,1,1,1,2,0,0,0,1,1,0,Generic,1
9e-06,udp,dns,INT,2,0,114,0,111111.1072,254,0,50666664.0,0.0,0,0,0.009,0.0,0.0,0.0,0,0,0,0,0.0,0.0,0.0,57,0,0,0,28,2,15,15,15,28,0,0,0,16,28,0,Generic,1
1e-06,udp,dns,INT,2,0,114,0,1000000.003,254,0,456000000.0,0.0,0,0,0.001,0.0,0.0,0.0,0,0,0,0,0.0,0.0,0.0,57,0,0,0,27,2,27,27,14,27,0,0,0,27,27,0,Generic,1
9e-06,udp,dns,INT,2,0,114,0,111111.1072,254,0,50666664.0,0.0,0,0,0.009,0.0,0.0,0.0,0,0,0,0,0.0,0.0,0.0,57,0,0,0,16,2,2,2,2,16,0,0,0,2,16,0,Generic,1
3e-06,udp,dns,INT,2,0,114,0,333333.3215,254,0,152000000.0,0.0,0,0,0.003,0.0,0.0,0.0,0,0,0,0,0.0,0.0,0.0,57,0,0,0,27,2,27,27,13,27,0,0,0,27,27,0,Generic,1
9e-06,udp,dns,INT,2,0,114,0,111111.1072,254,0,50666664.0,0.0,0,0,0.009,0.0,0.0,0.0,0,0,0,0,0.0,0.0,0.0,57,0,0,0,16,2,10,10,10,17,0,0,0,10,16,0,Generic,1
9e-06,udp,dns,INT,2,0,114,0,111111.1072,254,0,50666664.0,0.0,0,0,0.009,0.0,0.0,0.0,0,0,0,0,0.0,0.0,0.0,57,0,0,0,26,2,4,4,4,26,0,0,0,4,26,0,Generic,1
9e-06,udp,dns,INT,2,0,114,0,111111.1072,254,0,50666664.0,0.0,0,0,0.009,0.0,0.0,0.0,0,0,0,0,0.0,0.0,0.0,57,0,0,0,28,2,13,13,13,28,0,0,0,13,28,0,Generic,1
9e-06,udp,dns,INT,2,0,114,0,111111.1072,254,0,50666664.0,0.0,0,0,0.009,0.0,0.0,0.0,0,0,0,0,0.0,0.0,0.0,57,0,0,0,30,2,16,16,12,30,0,0,0,16,30,0,Generic,1
9e-06,udp,dns,INT,2,0,114,0,111111.1072,254,0,50666664.0,0.0,0,0,0.009,0.0,0.0,0.0,0,0,0,0,0.0,0.0,0.0,57,0,0,0,32,2,17,17,7,32,0,0,0,17,32,0,Generic,1
9e-06,udp,dns,INT,2,0,114,0,111111.1072,254,0,50666664.0,0.0,0,0,0.009,0.0,0.0,0.0,0,0,0,0,0.0,0.0,0.0,57,0,0,0,23,2,7,6,6,23,0,0,0,6,23,0,Generic,1
0.483232,ospf,-,INT,20,0,1040,0,39.318589,254,0,16356.5332,0.0,0,0,25.433264,0.0,28.871186,0.0,0,0,0,0,0.0,0.0,0.0,52,0,0,0,1,2,1,1,1,1,0,0,0,1,1,0,Generic,1
9e-06,udp,dns,INT,2,0,114,0,111111.1072,254,0,50666664.0,0.0,0,0,0.009,0.0,0.0,0.0,0,0,0,0,0.0,0.0,0.0,57,0,0,0,4,2,3,3,3,4,0,0,0,3,4,0,Generic,1
5e-06,udp,dns,INT,2,0,114,0,200000.0051,254,0,91200000.0,0.0,0,0,0.005,0.0,0.0,0.0,0,0,0,0,0.0,0.0,0.0,57,0,0,0,49,2,11,11,4,49,0,0,0,11,49,0,Generic,1
9e-06,udp,dns,INT,2,0,114,0,111111.1072,254,0,50666664.0,0.0,0,0,0.009,0.0,0.0,0.0,0,0,0,0,0.0,0.0,0.0,57,0,0,0,37,2,17,16,9,37,0,0,0,16,37,0,Generic,1
9e-06,udp,dns,INT,2,0,114,0,111111.1072,254,0,50666664.0,0.0,0,0,0.009,0.0,0.0,0.0,0,0,0,0,0.0,0.0,0.0,57,0,0,0,14,2,4,4,4,14,0,0,0,4,14,0,Generic,1
9e-06,udp,dns,INT,2,0,114,0,111111.1072,254,0,50666664.0,0.0,0,0,0.009,0.0,0.0,0.0,0,0,0,0,0.0,0.0,0.0,57,0,0,0,38,2,2,2,2,38,0,0,0,2,38,0,Generic,1
0.236298,tcp,http,FIN,12,20,2354,18170,131.19028,62,252,73060.28906,584414.625,3,8,21.481637,11.547474,1176.863007,994.839708,255,2134768311,116487608,255,0.018617,0.013272,0.005345,196,909,1,2851,1,1,1,1,1,1,0,0,1,1,1,0,Generic,1
9e-06,udp,dns,INT,2,0,114,0,111111.1072,254,0,50666664.0,0.0,0,0,0.009,0.0,0.0,0.0,0,0,0,0,0.0,0.0,0.0,57,0,0,0,30,2,30,30,19,30,0,0,0,31,30,0,Generic,1
9e-06,udp,dns,INT,2,0,114,0,111111.1072,254,0,50666664.0,0.0,0,0,0.009,0.0,0.0,0.0,0,0,0,0,0.0,0.0,0.0,57,0,0,0,27,2,17,16,16,27,0,0,0,17,27,0,Generic,1
6e-06,udp,dns,INT,2,0,114,0,166666.6608,254,0,76000000.0,0.0,0,0,0.006,0.0,0.0,0.0,0,0,0,0,0.0,0.0,0.0,57,0,0,0,30,2,16,16,12,30,0,0,0,16,30,0,Generic,1
6e-06,udp,dns,INT,2,0,114,0,166666.6608,254,0,76000000.0,0.0,0,0,0.006,0.0,0.0,0.0,0,0,0,0,0.0,0.0,0.0,57,0,0,0,30,2,30,30,19,30,0,0,0,31,30,0,Generic,1
6e-06,udp,dns,INT,2,0,114,0,166666.6608,254,0,76000000.0,0.0,0,0,0.006,0.0,0.0,0.0,0,0,0,0,0.0,0.0,0.0,57,0,0,0,37,2,4,4,3,37,0,0,0,4,37,0,Generic,1
7e-06,udp,dns,INT,2,0,114,0,142857.1409,254,0,65142856.0,0.0,0,0,0.007,0.0,0.0,0.0,0,0,0,0,0.0,0.0,0.0,57,0,0,0,17,2,17,17,17,17,0,0,0,17,17,0,Generic,1
6e-06,udp,dns,INT,2,0,114,0,166666.6608,254,0,76000000.0,0.0,0,0,0.006,0.0,0.0,0.0,0,0,0,0,0.0,0.0,0.0,57,0,0,0,16,2,10,10,10,16,0,0,0,10,16,0,Generic,1
6e-06,udp,dns,INT,2,0,114,0,166666.6608,254,0,76000000.0,0.0,0,0,0.006,0.0,0.0,0.0,0,0,0,0,0.0,0.0,0.0,57,0,0,0,23,2,6,6,6,23,0,0,0,6,23,0,Generic,1
0.497221,tcp,-,FIN,20,10,14540,578,58.324167,254,252,222243.2344,8382.59082,7,3,25.328632,46.307555,1729.744295,55.430633,255,3603182488,1636264298,255,0.132765,0.080444,0.052321,727,58,0,0,7,1,2,1,1,6,0,0,0,2,6,0,Generic,1
9e-06,unas,-,INT,2,0,200,0,111111.1072,254,0,88888888.0,0.0,0,0,0.009,0.0,0.0,0.0,0,0,0,0,0.0,0.0,0.0,100,0,0,0,7,2,3,3,3,7,0,0,0,4,7,0,Generic,1
2e-06,udp,dns,INT,2,0,114,0,500000.0013,254,0,228000000.0,0.0,0,0,0.002,0.0,0.0,0.0,0,0,0,0,0.0,0.0,0.0,57,0,0,0,25,2,9,9,9,25,0,0,0,12,25,0,Generic,1
9e-06,udp,dns,INT,2,0,114,0,111111.1072,254,0,50666664.0,0.0,0,0,0.009,0.0,0.0,0.0,0,0,0,0,0.0,0.0,0.0,57,0,0,0,17,2,12,12,4,17,0,0,0,12,17,0,Generic,1
3e-06,udp,dns,INT,2,0,114,0,333333.3215,254,0,152000000.0,0.0,0,0,0.003,0.0,0.0,0.0,0,0,0,0,0.0,0.0,0.0,57,0,0,0,27,2,16,16,16,27,0,0,0,17,27,0,Generic,1
2e-06,udp,dns,INT,2,0,114,0,500000.0013,254,0,228000000.0,0.0,0,0,0.002,0.0,0.0,0.0,0,0,0,0,0.0,0.0,0.0,57,0,0,0,33,2,17,16,16,33,0,0,0,17,33,0,Generic,1
6e-06,udp,dns,INT,2,0,114,0,166666.6608,254,0,76000000.0,0.0,0,0,0.006,0.0,0.0,0.0,0,0,0,0,0.0,0.0,0.0,57,0,0,0,20,2,16,16,16,20,0,0,0,17,20,0,Generic,1
0.885081,tcp,smtp,FIN,16,12,8734,910,30.505683,254,252,74018.08594,7547.332031,5,4,59.005398,75.541906,3251.653156,92.84568,255,2716970908,1209611966,255,0.123853,0.053292,0.070561,546,76,0,0,1,1,1,1,1,1,0,0,0,2,1,0,Generic,1
6e-06,udp,dns,INT,2,0,114,0,166666.6608,254,0,76000000.0,0.0,0,0,0.006,0.0,0.0,0.0,0,0,0,0,0.0,0.0,0.0,57,0,0,0,30,2,16,16,4,30,0,0,0,16,30,0,Generic,1
3e-06,udp,dns,INT,2,0,114,0,333333.3215,254,0,152000000.0,0.0,0,0,0.003,0.0,0.0,0.0,0,0,0,0,0.0,0.0,0.0,57,0,0,0,23,2,18,16,16,23,0,0,0,17,23,0,Generic,1
3e-06,udp,dns,INT,2,0,114,0,333333.3215,254,0,152000000.0,0.0,0,0,0.003,0.0,0.0,0.0,0,0,0,0,0.0,0.0,0.0,57,0,0,0,12,2,12,12,12,12,0,0,0,12,12,0,Generic,1
2.912164,tcp,-,FIN,38,42,1868,6624,27.127593,254,252,4996.971191,17765.48242,16,18,78.707138,69.375999,3908.573834,3435.292234,255,342774019,307922924,255,0.168227,0.118547,0.04968,49,158,0,0,2,1,1,1,1,1,0,0,0,1,1,0,Generic,1
3e-06,udp,dns,INT,2,0,114,0,333333.3215,254,0,152000000.0,0.0,0,0,0.003,0.0,0.0,0.0,0,0,0,0,0.0,0.0,0.0,57,0,0,0,34,2,1,1,1,34,0,0,0,1,34,0,Generic,1
7e-06,udp,dns,INT,2,0,114,0,142857.1409,254,0,65142856.0,0.0,0,0,0.007,0.0,0.0,0.0,0,0,0,0,0.0,0.0,0.0,57,0,0,0,24,2,16,16,16,24,0,0,0,16,24,0,Generic,1
9e-06,udp,dns,INT,2,0,114,0,111111.1072,254,0,50666664.0,0.0,0,0,0.009,0.0,0.0,0.0,0,0,0,0,0.0,0.0,0.0,57,0,0,0,21,2,13,13,13,21,0,0,0,13,21,0,Generic,1
2e-06,udp,dns,INT,2,0,114,0,500000.0013,254,0,228000000.0,0.0,0,0,0.002,0.0,0.0,0.0,0,0,0,0,0.0,0.0,0.0,57,0,0,0,34,2,26,26,13,34,0,0,0,26,34,0,Generic,1
2e-06,udp,dns,INT,2,0,114,0,500000.0013,254,0,228000000.0,0.0,0,0,0.002,0.0,0.0,0.0,0,0,0,0,0.0,0.0,0.0,57,0,0,0,37,2,7,7,4,37,0,0,0,7,37,0,Generic,1
5e-06,udp,dns,INT,2,0,114,0,200000.0051,254,0,91200000.0,0.0,0,0,0.005,0.0,0.0,0.0,0,0,0,0,0.0,0.0,0.0,57,0,0,0,13,2,10,9,9,13,0,0,0,9,13,0,Generic,1
4e-06,udp,dns,INT,2,0,114,0,250000.0006,254,0,114000000.0,0.0,0,0,0.004,0.0,0.0,0.0,0,0,0,0,0.0,0.0,0.0,57,0,0,0,27,2,9,9,9,27,0,0,0,9,27,0,Generic,1
0.284016,tcp,http,FIN,10,10,1296,5060,66.897636,62,252,32871.38672,128274.4609,2,3,31.557333,24.737556,1735.960728,1494.839144,255,1162540187,1821358565,255,0.108551,0.060578,0.047973,130,506,1,2052,1,1,1,1,1,1,0,0,1,34,1,0,Generic,1
5e-06,udp,dns,INT,2,0,114,0,200000.0051,254,0,91200000.0,0.0,0,0,0.005,0.0,0.0,0.0,0,0,0,0,0.0,0.0,0.0,57,0,0,0,22,2,9,9,9,22,0,0,0,9,22,0,Generic,1
7e-06,udp,dns,INT,2,0,114,0,142857.1409,254,0,65142856.0,0.0,0,0,0.007,0.0,0.0,0.0,0,0,0,0,0.0,0.0,0.0,57,0,0,0,17,2,6,6,6,17,0,0,0,7,17,0,Generic,1
1.8e-05,udp,dns,INT,2,0,114,0,55555.55359,254,0,25333332.0,0.0,0,0,0.018,0.0,0.0,0.0,0,0,0,0,0.0,0.0,0.0,57,0,0,0,29,2,13,13,13,29,0,0,0,15,29,0,Generic,1
7e-06,udp,dns,INT,2,0,114,0,142857.1409,254,0,65142856.0,0.0,0,0,0.007,0.0,0.0,0.0,0,0,0,0,0.0,0.0,0.0,57,0,0,0,27,2,11,11,11,27,0,0,0,11,27,0,Generic,1
3e-06,udp,dns,INT,2,0,114,0,333333.3215,254,0,152000000.0,0.0,0,0,0.003,0.0,0.0,0.0,0,0,0,0,0.0,0.0,0.0,57,0,0,0,17,2,11,11,11,17,0,0,0,12,17,0,Generic,1
1.8e-05,udp,dns,INT,2,0,114,0,55555.55359,254,0,25333332.0,0.0,0,0,0.018,0.0,0.0,0.0,0,0,0,0,0.0,0.0,0.0,57,0,0,0,5,2,5,5,5,5,0,0,0,5,5,0,Generic,1
9e-06,udp,dns,INT,2,0,114,0,111111.1072,254,0,50666664.0,0.0,0,0,0.009,0.0,0.0,0.0,0,0,0,0,0.0,0.0,0.0,57,0,0,0,34,2,8,8,2,34,0,0,0,8,34,0,Generic,1
8e-06,udp,dns,INT,2,0,114,0,125000.0003,254,0,57000000.0,0.0,0,0,0.008,0.0,0.0,0.0,0,0,0,0,0.0,0.0,0.0,57,0,0,0,22,2,17,17,17,23,0,0,0,18,22,0,Generic,1
4e-06,udp,dns,INT,2,0,114,0,250000.0006,254,0,114000000.0,0.0,0,0,0.004,0.0,0.0,0.0,0,0,0,0,0.0,0.0,0.0,57,0,0,0,27,2,9,8,8,27,0,0,0,8,27,0,Generic,1
5e-06,udp,dns,INT,2,0,114,0,200000.0051,254,0,91200000.0,0.0,0,0,0.005,0.0,0.0,0.0,0,0,0,0,0.0,0.0,0.0,57,0,0,0,14,2,10,10,10,14,0,0,0,10,14,0,Generic,1
0.620451,tcp,http,FIN,10,8,1270,1144,27.399425,254,252,14737.66699,12906.74121,2,2,68.939,83.04357,3675.748036,150.888172,255,3097648247,454288747,255,0.097153,0.038199,0.058954,127,143,1,211,1,1,1,1,1,1,0,0,1,3,1,0,Generic,1
0.395119,tcp,http,FIN,10,8,1200,2130,43.025011,62,252,21866.83008,37740.52734,2,2,43.902111,55.054145,2936.76578,113.664391,255,2986381408,823182937,255,0.055758,0.009051,0.046707,120,266,1,578,2,1,1,2,1,1,0,0,1,15,1,0,Generic,1
3e-06,udp,dns,INT,2,0,114,0,333333.3215,254,0,152000000.0,0.0,0,0,0.003,0.0,0.0,0.0,0,0,0,0,0.0,0.0,0.0,57,0,0,0,32,2,32,32,15,32,0,0,0,34,32,0,Generic,1
9e-06,udp,dns,INT,2,0,114,0,111111.1072,254,0,50666664.0,0.0,0,0,0.009,0.0,0.0,0.0,0,0,0,0,0.0,0.0,0.0,57,0,0,0,42,2,10,9,9,42,0,0,0,10,42,0,Generic,1
8e-06,udp,dns,INT,2,0,114,0,125000.0003,254,0,57000000.0,0.0,0,0,0.008,0.0,0.0,0.0,0,0,0,0,0.0,0.0,0.0,57,0,0,0,34,2,34,33,17,34,0,0,0,33,34,0,Generic,1
8e-06,udp,dns,INT,2,0,114,0,125000.0003,254,0,57000000.0,0.0,0,0,0.008,0.0,0.0,0.0,0,0,0,0,0.0,0.0,0.0,57,0,0,0,13,2,13,13,6,13,0,0,0,13,13,0,Generic,1
4e-06,udp,dns,INT,2,0,114,0,250000.0006,254,0,114000000.0,0.0,0,0,0.004,0.0,0.0,0.0,0,0,0,0,0.0,0.0,0.0,57,0,0,0,13,2,4,4,4,13,0,0,0,4,13,0,Generic,1
6e-06,udp,dns,INT,2,0,114,0,166666.6608,254,0,76000000.0,0.0,0,0,0.006,0.0,0.0,0.0,0,0,0,0,0.0,0.0,0.0,57,0,0,0,33,2,33,33,17,33,0,0,0,33,33,0,Generic,1
1e-06,udp,dns,INT,2,0,114,0,1000000.003,254,0,456000000.0,0.0,0,0,0.001,0.0,0.0,0.0,0,0,0,0,0.0,0.0,0.0,57,0,0,0,16,2,6,6,6,16,0,0,0,6,16,0,Generic,1
9e-06,udp,dns,INT,2,0,114,0,111111.1072,254,0,50666664.0,0.0,0,0,0.009,0.0,0.0,0.0,0,0,0,0,0.0,0.0,0.0,57,0,0,0,33,2,33,33,16,33,0,0,0,33,33,0,Generic,1
8e-06,udp,dns,INT,2,0,114,0,125000.0003,254,0,57000000.0,0.0,0,0,0.008,0.0,0.0,0.0,0,0,0,0,0.0,0.0,0.0,57,0,0,0,30,2,19,18,18,30,0,0,0,18,30,0,Generic,1
3e-06,udp,dns,INT,2,0,114,0,333333.3215,254,0,152000000.0,0.0,0,0,0.003,0.0,0.0,0.0,0,0,0,0,0.0,0.0,0.0,57,0,0,0,24,2,7,7,2,24,0,0,0,7,24,0,Generic,1
3e-06,udp,dns,INT,2,0,114,0,333333.3215,254,0,152000000.0,0.0,0,0,0.003,0.0,0.0,0.0,0,0,0,0,0.0,0.0,0.0,57,0,0,0,17,2,5,4,4,17,0,0,0,4,17,0,Generic,1
8e-06,udp,dns,INT,2,0,114,0,125000.0003,254,0,57000000.0,0.0,0,0,0.008,0.0,0.0,0.0,0,0,0,0,0.0,0.0,0.0,57,0,0,0,34,2,34,33,16,34,0,0,0,33,34,0,Generic,1
3e-06,udp,dns,INT,2,0,114,0,333333.3215,254,0,152000000.0,0.0,0,0,0.003,0.0,0.0,0.0,0,0,0,0,0.0,0.0,0.0,57,0,0,0,26,2,27,26,15,26,0,0,0,27,26,0,Generic,1
9e-06,udp,dns,INT,2,0,114,0,111111.1072,254,0,50666664.0,0.0,0,0,0.009,0.0,0.0,0.0,0,0,0,0,0.0,0.0,0.0,57,0,0,0,27,2,28,27,13,27,0,0,0,27,27,0,Generic,1
9e-06,udp,-,INT,2,0,1296,0,111111.1072,254,0,576000000.0,0.0,0,0,0.009,0.0,0.0,0.0,0,0,0,0,0.0,0.0,0.0,648,0,0,0,1,2,1,1,1,1,0,0,0,1,1,0,Generic,1
1e-06,udp,dns,INT,2,0,114,0,1000000.003,254,0,456000000.0,0.0,0,0,0.001,0.0,0.0,0.0,0,0,0,0,0.0,0.0,0.0,57,0,0,0,27,2,28,27,14,27,0,0,0,27,27,0,Generic,1
5e-06,udp,dns,INT,2,0,114,0,200000.0051,254,0,91200000.0,0.0,0,0,0.005,0.0,0.0,0.0,0,0,0,0,0.0,0.0,0.0,57,0,0,0,47,2,28,28,15,47,0,0,0,28,47,0,Generic,1
9e-06,udp,dns,INT,2,0,114,0,111111.1072,254,0,50666664.0,0.0,0,0,0.009,0.0,0.0,0.0,0,0,0,0,0.0,0.0,0.0,57,0,0,0,47,2,28,28,13,47,0,0,0,28,47,0,Generic,1
1e-06,udp,dns,INT,2,0,114,0,1000000.003,254,0,456000000.0,0.0,0,0,0.001,0.0,0.0,0.0,0,0,0,0,0.0,0.0,0.0,57,0,0,0,25,2,17,17,17,25,0,0,0,17,25,0,Generic,1
8e-06,udp,dns,INT,2,0,114,0,125000.0003,254,0,57000000.0,0.0,0,0,0.008,0.0,0.0,0.0,0,0,0,0,0.0,0.0,0.0,57,0,0,0,38,2,33,33,17,38,0,0,0,34,38,0,Generic,1
3e-06,udp,dns,INT,2,0,114,0,333333.3215,254,0,152000000.0,0.0,0,0,0.003,0.0,0.0,0.0,0,0,0,0,0.0,0.0,0.0,57,0,0,0,21,2,16,16,16,21,0,0,0,16,21,0,Generic,1
3e-06,udp,dns,INT,2,0,114,0,333333.3215,254,0,152000000.0,0.0,0,0,0.003,0.0,0.0,0.0,0,0,0,0,0.0,0.0,0.0,57,0,0,0,38,2,33,33,16,38,0,0,0,34,38,0,Generic,1
4e-06,udp,dns,INT,2,0,114,0,250000.0006,254,0,114000000.0,0.0,0,0,0.004,0.0,0.0,0.0,0,0,0,0,0.0,0.0,0.0,57,0,0,0,24,2,7,7,7,24,0,0,0,7,24,0,Generic,1
3e-06,unas,-,INT,2,0,200,0,333333.3215,254,0,266666656.0,0.0,0,0,0.003,0.0,0.0,0.0,0,0,0,0,0.0,0.0,0.0,100,0,0,0,4,2,2,2,2,5,0,0,0,5,4,0,Generic,1
1e-05,udp,dns,INT,2,0,114,0,100000.0025,254,0,45600000.0,0.0,0,0,0.01,0.0,0.0,0.0,0,0,0,0,0.0,0.0,0.0,57,0,0,0,16,2,16,16,16,16,0,0,0,16,16,0,Generic,1
1e-05,udp,dns,INT,2,0,114,0,100000.0025,254,0,45600000.0,0.0,0,0,0.01,0.0,0.0,0.0,0,0,0,0,0.0,0.0,0.0,57,0,0,0,24,2,18,16,16,24,0,0,0,17,24,0,Generic,1
9e-06,udp,dns,INT,2,0,114,0,111111.1072,254,0,50666664.0,0.0,0,0,0.009,0.0,0.0,0.0,0,0,0,0,0.0,0.0,0.0,57,0,0,0,29,2,17,15,15,32,0,0,0,17,29,0,Generic,1
2e-06,udp,dns,INT,2,0,114,0,500000.0013,254,0,228000000.0,0.0,0,0,0.002,0.0,0.0,0.0,0,0,0,0,0.0,0.0,0.0,57,0,0,0,20,2,4,4,4,20,0,0,0,4,20,0,Generic,1
6e-06,udp,dns,INT,2,0,114,0,166666.6608,254,0,76000000.0,0.0,0,0,0.006,0.0,0.0,0.0,0,0,0,0,0.0,0.0,0.0,57,0,0,0,30,2,21,19,11,33,0,0,0,21,30,0,Generic,1
1e-06,udp,dns,INT,2,0,114,0,1000000.003,254,0,456000000.0,0.0,0,0,0.001,0.0,0.0,0.0,0,0,0,0,0.0,0.0,0.0,57,0,0,0,16,2,16,16,16,16,0,0,0,17,16,0,Generic,1
1.134956,tcp,http,FIN,10,12,1264,7500,18.50292,62,252,8021.456543,48460.02734,2,4,126.086333,94.612724,6281.643231,0.0,255,2351033581,1538253878,255,0.191483,0.094215,0.097268,126,625,1,3175,2,1,1,2,1,1,0,0,1,4,1,0,Generic,1
4e-06,udp,dns,INT,2,0,114,0,250000.0006,254,0,114000000.0,0.0,0,0,0.004,0.0,0.0,0.0,0,0,0,0,0.0,0.0,0.0,57,0,0,0,17,2,19,17,17,17,0,0,0,18,17,0,Generic,1
9e-06,udp,dns,INT,2,0,114,0,111111.1072,254,0,50666664.0,0.0,0,0,0.009,0.0,0.0,0.0,0,0,0,0,0.0,0.0,0.0,57,0,0,0,29,2,14,14,7,29,0,0,0,14,29,0,Generic,1
8e-06,vines,-,INT,2,0,200,0,125000.0003,254,0,100000000.0,0.0,0,0,0.008,0.0,0.0,0.0,0,0,0,0,0.0,0.0,0.0,100,0,0,0,4,2,2,2,2,4,0,0,0,2,4,0,Generic,1
9e-06,udp,dns,INT,2,0,114,0,111111.1072,254,0,50666664.0,0.0,0,0,0.009,0.0,0.0,0.0,0,0,0,0,0.0,0.0,0.0,57,0,0,0,21,2,4,4,4,21,0,0,0,4,21,0,Generic,1
5e-06,udp,dns,INT,2,0,490,0,200000.0051,254,0,392000000.0,0.0,0,0,0.005,0.0,0.0,0.0,0,0,0,0,0.0,0.0,0.0,245,0,0,0,1,2,1,1,1,1,0,0,0,1,1,0,Generic,1
3e-06,udp,dns,INT,2,0,114,0,333333.3215,254,0,152000000.0,0.0,0,0,0.003,0.0,0.0,0.0,0,0,0,0,0.0,0.0,0.0,57,0,0,0,28,2,11,11,11,28,0,0,0,11,28,0,Generic,1
4e-06,udp,dns,INT,2,0,114,0,250000.0006,254,0,114000000.0,0.0,0,0,0.004,0.0,0.0,0.0,0,0,0,0,0.0,0.0,0.0,57,0,0,0,29,2,16,14,8,32,0,0,0,15,29,0,Generic,1
3e-06,udp,dns,INT,2,0,114,0,333333.3215,254,0,152000000.0,0.0,0,0,0.003,0.0,0.0,0.0,0,0,0,0,0.0,0.0,0.0,57,0,0,0,38,2,5,5,5,38,0,0,0,5,38,0,Generic,1
4e-06,udp,dns,INT,2,0,114,0,250000.0006,254,0,114000000.0,0.0,0,0,0.004,0.0,0.0,0.0,0,0,0,0,0.0,0.0,0.0,57,0,0,0,30,2,21,19,8,33,0,0,0,21,30,0,Generic,1
1e-05,udp,dns,INT,2,0,114,0,100000.0025,254,0,45600000.0,0.0,0,0,0.01,0.0,0.0,0.0,0,0,0,0,0.0,0.0,0.0,57,0,0,0,30,2,13,11,11,33,0,0,0,12,30,0,Generic,1
3e-06,udp,dns,INT,2,0,114,0,333333.3215,254,0,152000000.0,0.0,0,0,0.003,0.0,0.0,0.0,0,0,0,0,0.0,0.0,0.0,57,0,0,0,27,2,1,1,1,27,0,0,0,1,27,0,Generic,1
6e-06,udp,dns,INT,2,0,114,0,166666.6608,254,0,76000000.0,0.0,0,0,0.006,0.0,0.0,0.0,0,0,0,0,0.0,0.0,0.0,57,0,0,0,17,2,17,17,17,17,0,0,0,18,17,0,Generic,1
7e-06,udp,dns,INT,2,0,114,0,142857.1409,254,0,65142856.0,0.0,0,0,0.007,0.0,0.0,0.0,0,0,0,0,0.0,0.0,0.0,57,0,0,0,33,2,18,17,17,33,0,0,0,17,33,0,Generic,1
7e-06,udp,dns,INT,2,0,114,0,142857.1409,254,0,65142856.0,0.0,0,0,0.007,0.0,0.0,0.0,0,0,0,0,0.0,0.0,0.0,57,0,0,0,47,2,19,19,9,47,0,0,0,19,47,0,Generic,1
6e-06,udp,dns,INT,2,0,114,0,166666.6608,254,0,76000000.0,0.0,0,0,0.006,0.0,0.0,0.0,0,0,0,0,0.0,0.0,0.0,57,0,0,0,28,2,17,17,17,28,0,0,0,18,28,0,Generic,1
30.050091,ospf,-,INT,20,0,1280,0,0.632278,254,0,323.726135,0.0,0,0,1581.583625,0.0,1876.1445,0.0,0,0,0,0,0.0,0.0,0.0,64,0,0,0,1,2,1,1,1,1,0,0,0,1,1,0,Generic,1
5e-06,udp,dns,INT,2,0,114,0,200000.0051,254,0,91200000.0,0.0,0,0,0.005,0.0,0.0,0.0,0,0,0,0,0.0,0.0,0.0,57,0,0,0,19,2,11,11,11,19,0,0,0,11,19,0,Generic,1
3e-06,udp,dns,INT,2,0,114,0,333333.3215,254,0,152000000.0,0.0,0,0,0.003,0.0,0.0,0.0,0,0,0,0,0.0,0.0,0.0,57,0,0,0,27,2,16,16,16,27,0,0,0,16,27,0,Generic,1
7e-06,udp,dns,INT,2,0,114,0,142857.1409,254,0,65142856.0,0.0,0,0,0.007,0.0,0.0,0.0,0,0,0,0,0.0,0.0,0.0,57,0,0,0,17,2,18,17,17,17,0,0,0,18,17,0,Generic,1
4e-06,udp,dns,INT,2,0,114,0,250000.0006,254,0,114000000.0,0.0,0,0,0.004,0.0,0.0,0.0,0,0,0,0,0.0,0.0,0.0,57,0,0,0,24,2,21,17,17,28,0,0,0,21,24,0,Generic,1
8e-06,udp,dns,INT,2,0,114,0,125000.0003,254,0,57000000.0,0.0,0,0,0.008,0.0,0.0,0.0,0,0,0,0,0.0,0.0,0.0,57,0,0,0,19,2,8,8,8,19,0,0,0,8,19,0,Generic,1
9e-06,udp,dns,INT,2,0,114,0,111111.1072,254,0,50666664.0,0.0,0,0,0.009,0.0,0.0,0.0,0,0,0,0,0.0,0.0,0.0,57,0,0,0,31,2,17,14,14,36,0,0,0,16,31,0,Generic,1
3.363968,tcp,-,FIN,22,22,3904,2764,12.782524,254,252,8863.342773,6275.921875,8,8,160.141616,155.961281,8454.224395,211.951328,255,3070514203,2126143998,255,0.180045,0.088773,0.091272,177,126,0,0,1,1,2,1,1,1,0,0,0,2,2,0,Generic,1
8e-06,udp,dns,INT,2,0,114,0,125000.0003,254,0,57000000.0,0.0,0,0,0.008,0.0,0.0,0.0,0,0,0,0,0.0,0.0,0.0,57,0,0,0,32,2,9,9,9,32,0,0,0,9,32,0,Generic,1
3e-06,udp,dns,INT,2,0,114,0,333333.3215,254,0,152000000.0,0.0,0,0,0.003,0.0,0.0,0.0,0,0,0,0,0.0,0.0,0.0,57,0,0,0,26,2,26,26,13,26,0,0,0,27,26,0,Generic,1
8e-06,udp,dns,INT,2,0,114,0,125000.0003,254,0,57000000.0,0.0,0,0,0.008,0.0,0.0,0.0,0,0,0,0,0.0,0.0,0.0,57,0,0,0,26,2,26,26,13,26,0,0,0,27,26,0,Generic,1
5e-06,udp,dns,INT,2,0,114,0,200000.0051,254,0,91200000.0,0.0,0,0,0.005,0.0,0.0,0.0,0,0,0,0,0.0,0.0,0.0,57,0,0,0,39,2,25,25,13,39,0,0,0,25,39,0,Generic,1
8e-06,udp,dns,INT,2,0,114,0,125000.0003,254,0,57000000.0,0.0,0,0,0.008,0.0,0.0,0.0,0,0,0,0,0.0,0.0,0.0,57,0,0,0,33,2,33,33,17,33,0,0,0,34,33,0,Generic,1
3e-06,udp,dns,INT,2,0,114,0,333333.3215,254,0,152000000.0,0.0,0,0,0.003,0.0,0.0,0.0,0,0,0,0,0.0,0.0,0.0,57,0,0,0,49,2,41,41,19,49,0,0,0,42,49,0,Generic,1
9e-06,udp,dns,INT,2,0,114,0,111111.1072,254,0,50666664.0,0.0,0,0,0.009,0.0,0.0,0.0,0,0,0,0,0.0,0.0,0.0,57,0,0,0,42,2,10,10,2,42,0,0,0,10,42,0,Generic,1
4.022837,tcp,smtp,FIN,24,22,8116,1802,11.186135,254,252,15467.69043,3422.460205,9,8,174.896266,185.525187,10692.85988,267.863875,255,3104358139,2014866853,255,0.236212,0.126803,0.109409,338,82,0,0,1,1,1,1,1,1,0,0,0,1,1,0,Generic,1
9e-06,udp,dns,INT,2,0,114,0,111111.1072,254,0,50666664.0,0.0,0,0,0.009,0.0,0.0,0.0,0,0,0,0,0.0,0.0,0.0,57,0,0,0,42,2,10,10,8,42,0,0,0,10,42,0,Generic,1
3e-06,udp,dns,INT,2,0,114,0,333333.3215,254,0,152000000.0,0.0,0,0,0.003,0.0,0.0,0.0,0,0,0,0,0.0,0.0,0.0,57,0,0,0,25,2,15,15,15,25,0,0,0,15,25,0,Generic,1
1.1e-05,udp,-,INT,2,0,1430,0,90909.0902,254,0,520000000.0,0.0,0,0,0.011,0.0,0.0,0.0,0,0,0,0,0.0,0.0,0.0,715,0,0,0,1,2,1,1,1,1,0,0,0,1,1,0,Generic,1
3e-06,udp,dns,INT,2,0,114,0,333333.3215,254,0,152000000.0,0.0,0,0,0.003,0.0,0.0,0.0,0,0,0,0,0.0,0.0,0.0,57,0,0,0,49,2,8,8,5,49,0,0,0,8,49,0,Generic,1
3e-06,udp,dns,INT,2,0,114,0,333333.3215,254,0,152000000.0,0.0,0,0,0.003,0.0,0.0,0.0,0,0,0,0,0.0,0.0,0.0,57,0,0,0,23,2,7,7,7,23,0,0,0,7,23,0,Generic,1
3e-06,udp,dns,INT,2,0,114,0,333333.3215,254,0,152000000.0,0.0,0,0,0.003,0.0,0.0,0.0,0,0,0,0,0.0,0.0,0.0,57,0,0,0,33,2,33,33,17,33,0,0,0,33,33,0,Generic,1
9e-06,udp,dns,INT,2,0,114,0,111111.1072,254,0,50666664.0,0.0,0,0,0.009,0.0,0.0,0.0,0,0,0,0,0.0,0.0,0.0,57,0,0,0,32,2,27,27,12,32,0,0,0,27,32,0,Generic,1
9e-06,unas,-,INT,2,0,200,0,111111.1072,254,0,88888888.0,0.0,0,0,0.009,0.0,0.0,0.0,0,0,0,0,0.0,0.0,0.0,100,0,0,0,6,2,3,3,3,6,0,0,0,7,6,0,Generic,1
6e-06,udp,dns,INT,2,0,114,0,166666.6608,254,0,76000000.0,0.0,0,0,0.006,0.0,0.0,0.0,0,0,0,0,0.0,0.0,0.0,57,0,0,0,22,2,18,18,18,22,0,0,0,21,22,0,Generic,1
9e-06,udp,dns,INT,2,0,114,0,111111.1072,254,0,50666664.0,0.0,0,0,0.009,0.0,0.0,0.0,0,0,0,0,0.0,0.0,0.0,57,0,0,0,37,2,28,28,12,37,0,0,0,28,37,0,Generic,1
9e-06,udp,dns,INT,2,0,114,0,111111.1072,254,0,50666664.0,0.0,0,0,0.009,0.0,0.0,0.0,0,0,0,0,0.0,0.0,0.0,57,0,0,0,12,2,12,12,12,12,0,0,0,15,12,0,Generic,1
2e-06,udp,dns,INT,2,0,114,0,500000.0013,254,0,228000000.0,0.0,0,0,0.002,0.0,0.0,0.0,0,0,0,0,0.0,0.0,0.0,57,0,0,0,33,2,33,33,16,33,0,0,0,33,33,0,Generic,1
9e-06,udp,dns,INT,2,0,114,0,111111.1072,254,0,50666664.0,0.0,0,0,0.009,0.0,0.0,0.0,0,0,0,0,0.0,0.0,0.0,57,0,0,0,21,2,14,14,14,22,0,0,0,15,21,0,Generic,1
1e-05,udp,dns,INT,2,0,114,0,100000.0025,254,0,45600000.0,0.0,0,0,0.01,0.0,0.0,0.0,0,0,0,0,0.0,0.0,0.0,57,0,0,0,17,2,16,16,16,17,0,0,0,17,17,0,Generic,1
23.564014,ospf,-,INT,20,0,1280,0,0.806314,254,0,412.832886,0.0,0,0,1240.211125,0.0,1424.303875,0.0,0,0,0,0,0.0,0.0,0.0,64,0,0,0,1,2,1,1,1,1,0,0,0,1,1,0,Generic,1
9e-06,udp,dns,INT,2,0,114,0,111111.1072,254,0,50666664.0,0.0,0,0,0.009,0.0,0.0,0.0,0,0,0,0,0.0,0.0,0.0,57,0,0,0,33,2,33,33,17,33,0,0,0,34,33,0,Generic,1
0.333555,tcp,http,FIN,10,6,1068,268,44.970093,254,252,23072.65625,5372.427246,2,1,34.031556,63.413,1933.558507,99.182656,255,2372378724,4062975363,255,0.028538,0.016475,0.012063,107,45,1,0,1,1,1,1,1,1,0,0,1,1,1,0,Generic,1
5e-06,udp,dns,INT,2,0,114,0,200000.0051,254,0,91200000.0,0.0,0,0,0.005,0.0,0.0,0.0,0,0,0,0,0.0,0.0,0.0,57,0,0,0,18,2,17,17,17,18,0,0,0,17,18,0,Generic,1
1e-06,udp,dns,INT,2,0,114,0,1000000.003,254,0,456000000.0,0.0,0,0,0.001,0.0,0.0,0.0,0,0,0,0,0.0,0.0,0.0,57,0,0,0,29,2,16,16,16,29,0,0,0,18,29,0,Generic,1
9e-06,udp,dns,INT,2,0,114,0,111111.1072,254,0,50666664.0,0.0,0,0,0.009,0.0,0.0,0.0,0,0,0,0,0.0,0.0,0.0,57,0,0,0,27,2,9,9,9,27,0,0,0,9,27,0,Generic,1
9e-06,encap,-,INT,2,0,200,0,111111.1072,254,0,88888888.0,0.0,0,0,0.009,0.0,0.0,0.0,0,0,0,0,0.0,0.0,0.0,100,0,0,0,5,2,3,3,3,5,0,0,0,4,5,0,Generic,1
9e-06,udp,dns,INT,2,0,114,0,111111.1072,254,0,50666664.0,0.0,0,0,0.009,0.0,0.0,0.0,0,0,0,0,0.0,0.0,0.0,57,0,0,0,44,2,16,16,6,44,0,0,0,16,44,0,Generic,1
9e-06,udp,dns,INT,2,0,114,0,111111.1072,254,0,50666664.0,0.0,0,0,0.009,0.0,0.0,0.0,0,0,0,0,0.0,0.0,0.0,57,0,0,0,15,2,16,15,15,15,0,0,0,15,15,0,Generic,1
41.602894,tcp,ssl,FIN,46,182,2672,230692,5.456351,254,252,502.657349,44117.125,4,88,924.508711,230.191612,148587.8859,74992.82753,255,617777235,943652398,255,0.330829,0.167642,0.163187,58,1268,0,0,4,1,3,3,1,4,0,0,0,3,4,0,Generic,1
8e-06,udp,dns,INT,2,0,114,0,125000.0003,254,0,57000000.0,0.0,0,0,0.008,0.0,0.0,0.0,0,0,0,0,0.0,0.0,0.0,57,0,0,0,18,2,8,8,8,18,0,0,0,9,18,0,Generic,1
4e-06,udp,dns,INT,2,0,114,0,250000.0006,254,0,114000000.0,0.0,0,0,0.004,0.0,0.0,0.0,0,0,0,0,0.0,0.0,0.0,57,0,0,0,15,2,1,1,1,15,0,0,0,1,15,0,Generic,1
2e-06,udp,dns,INT,2,0,114,0,500000.0013,254,0,228000000.0,0.0,0,0,0.002,0.0,0.0,0.0,0,0,0,0,0.0,0.0,0.0,57,0,0,0,6,2,6,6,6,6,0,0,0,6,6,0,Generic,1
3.337061,tcp,smtp,FIN,20,20,3346,1932,11.686931,254,252,7621.077637,4401.478027,7,8,175.634789,170.313422,11440.6018,318.304969,255,520563602,1799458814,255,0.22693,0.100324,0.126606,167,97,0,0,1,1,1,1,1,1,0,0,0,1,1,0,Generic,1
1e-06,udp,dns,INT,2,0,114,0,1000000.003,254,0,456000000.0,0.0,0,0,0.001,0.0,0.0,0.0,0,0,0,0,0.0,0.0,0.0,57,0,0,0,29,2,16,16,16,29,0,0,0,16,29,0,Generic,1
3e-06,udp,dns,INT,2,0,114,0,333333.3215,254,0,152000000.0,0.0,0,0,0.003,0.0,0.0,0.0,0,0,0,0,0.0,0.0,0.0,57,0,0,0,31,2,13,13,13,31,0,0,0,13,31,0,Generic,1
8e-06,udp,dns,INT,2,0,114,0,125000.0003,254,0,57000000.0,0.0,0,0,0.008,0.0,0.0,0.0,0,0,0,0,0.0,0.0,0.0,57,0,0,0,24,2,13,12,12,25,0,0,0,13,24,0,Generic,1
9e-06,udp,dns,INT,2,0,114,0,111111.1072,254,0,50666664.0,0.0,0,0,0.009,0.0,0.0,0.0,0,0,0,0,0.0,0.0,0.0,57,0,0,0,18,2,10,10,7,18,0,0,0,10,18,0,Generic,1
9e-06,udp,dns,INT,2,0,114,0,111111.1072,254,0,50666664.0,0.0,0,0,0.009,0.0,0.0,0.0,0,0,0,0,0.0,0.0,0.0,57,0,0,0,33,2,17,17,17,33,0,0,0,18,33,0,Generic,1
3.117345,tcp,-,FIN,24,22,5746,2704,14.43536,254,252,14132.53906,6626.151367,8,8,135.536738,143.121047,6780.199613,201.255906,255,2650623490,2850400166,255,0.160833,0.111051,0.049782,239,123,0,0,2,1,2,1,1,1,0,0,0,1,4,0,Generic,1
1e-06,udp,dns,INT,2,0,114,0,1000000.003,254,0,456000000.0,0.0,0,0,0.001,0.0,0.0,0.0,0,0,0,0,0.0,0.0,0.0,57,0,0,0,23,2,7,7,7,23,0,0,0,7,23,0,Generic,1
5e-06,udp,dns,INT,2,0,114,0,200000.0051,254,0,91200000.0,0.0,0,0,0.005,0.0,0.0,0.0,0,0,0,0,0.0,0.0,0.0,57,0,0,0,18,2,16,16,8,18,0,0,0,16,18,0,Generic,1
0.474343,tcp,http,FIN,10,10,1052,1342,40.055403,254,252,15971.56445,20373.44336,2,2,52.704778,49.079445,3656.834462,107.254023,255,1725092149,623347344,255,0.092274,0.025197,0.067077,105,134,1,178,1,1,1,1,1,1,0,0,1,2,1,0,Generic,1
9e-06,udp,dns,INT,2,0,114,0,111111.1072,254,0,50666664.0,0.0,0,0,0.009,0.0,0.0,0.0,0,0,0,0,0.0,0.0,0.0,57,0,0,0,27,2,12,11,11,27,0,0,0,11,27,0,Generic,1
3e-06,udp,dns,INT,2,0,114,0,333333.3215,254,0,152000000.0,0.0,0,0,0.003,0.0,0.0,0.0,0,0,0,0,0.0,0.0,0.0,57,0,0,0,50,2,50,50,28,50,0,0,0,50,50,0,Generic,1
7e-06,udp,dns,INT,2,0,114,0,142857.1409,254,0,65142856.0,0.0,0,0,0.007,0.0,0.0,0.0,0,0,0,0,0.0,0.0,0.0,57,0,0,0,44,2,16,16,10,44,0,0,0,16,44,0,Generic,1
8e-06,udp,dns,INT,2,0,114,0,125000.0003,254,0,57000000.0,0.0,0,0,0.008,0.0,0.0,0.0,0,0,0,0,0.0,0.0,0.0,57,0,0,0,28,2,17,17,17,28,0,0,0,17,28,0,Generic,1
9e-06,udp,dns,INT,2,0,114,0,111111.1072,254,0,50666664.0,0.0,0,0,0.009,0.0,0.0,0.0,0,0,0,0,0.0,0.0,0.0,57,0,0,0,39,2,11,11,4,39,0,0,0,11,39,0,Generic,1
7e-06,udp,dns,INT,2,0,114,0,142857.1409,254,0,65142856.0,0.0,0,0,0.007,0.0,0.0,0.0,0,0,0,0,0.0,0.0,0.0,57,0,0,0,50,2,50,50,22,50,0,0,0,50,50,0,Generic,1
3e-06,udp,dns,INT,2,0,114,0,333333.3215,254,0,152000000.0,0.0,0,0,0.003,0.0,0.0,0.0,0,0,0,0,0.0,0.0,0.0,57,0,0,0,23,2,24,22,9,23,0,0,0,22,23,0,Generic,1
8e-06,udp,dns,INT,2,0,114,0,125000.0003,254,0,57000000.0,0.0,0,0,0.008,0.0,0.0,0.0,0,0,0,0,0.0,0.0,0.0,57,0,0,0,28,2,7,7,7,28,0,0,0,7,28,0,Generic,1
5e-06,udp,dns,INT,2,0,114,0,200000.0051,254,0,91200000.0,0.0,0,0,0.005,0.0,0.0,0.0,0,0,0,0,0.0,0.0,0.0,57,0,0,0,18,2,18,18,10,18,0,0,0,18,18,0,Generic,1
2e-06,udp,dns,INT,2,0,114,0,500000.0013,254,0,228000000.0,0.0,0,0,0.002,0.0,0.0,0.0,0,0,0,0,0.0,0.0,0.0,57,0,0,0,37,2,22,21,5,37,0,0,0,21,37,0,Generic,1
5e-06,udp,dns,INT,2,0,114,0,200000.0051,254,0,91200000.0,0.0,0,0,0.005,0.0,0.0,0.0,0,0,0,0,0.0,0.0,0.0,57,0,0,0,33,2,33,33,16,33,0,0,0,34,33,0,Generic,1
1e-06,udp,dns,INT,2,0,114,0,1000000.003,254,0,456000000.0,0.0,0,0,0.001,0.0,0.0,0.0,0,0,0,0,0.0,0.0,0.0,57,0,0,0,20,2,20,20,9,20,0,0,0,21,20,0,Generic,1
5e-06,udp,dns,INT,2,0,114,0,200000.0051,254,0,91200000.0,0.0,0,0,0.005,0.0,0.0,0.0,0,0,0,0,0.0,0.0,0.0,57,0,0,0,20,2,20,20,11,20,0,0,0,21,20,0,Generic,1
5e-06,udp,dns,INT,2,0,114,0,200000.0051,254,0,91200000.0,0.0,0,0,0.005,0.0,0.0,0.0,0,0,0,0,0.0,0.0,0.0,57,0,0,0,21,2,13,13,5,21,0,0,0,13,21,0,Generic,1
8e-06,udp,dns,INT,2,0,114,0,125000.0003,254,0,57000000.0,0.0,0,0,0.008,0.0,0.0,0.0,0,0,0,0,0.0,0.0,0.0,57,0,0,0,26,2,27,26,11,26,0,0,0,27,26,0,Generic,1
5e-06,udp,dns,INT,2,0,114,0,200000.0051,254,0,91200000.0,0.0,0,0,0.005,0.0,0.0,0.0,0,0,0,0,0.0,0.0,0.0,57,0,0,0,4,2,4,4,4,4,0,0,0,5,4,0,Generic,1
5e-06,udp,dns,INT,2,0,114,0,200000.0051,254,0,91200000.0,0.0,0,0,0.005,0.0,0.0,0.0,0,0,0,0,0.0,0.0,0.0,57,0,0,0,24,2,18,17,6,24,0,0,0,17,24,0,Generic,1
3e-06,udp,dns,INT,2,0,114,0,333333.3215,254,0,152000000.0,0.0,0,0,0.003,0.0,0.0,0.0,0,0,0,0,0.0,0.0,0.0,57,0,0,0,20,2,4,4,2,21,0,0,0,4,20,0,Generic,1
3e-06,udp,dns,INT,2,0,114,0,333333.3215,254,0,152000000.0,0.0,0,0,0.003,0.0,0.0,0.0,0,0,0,0,0.0,0.0,0.0,57,0,0,0,29,2,30,29,15,29,0,0,0,29,29,0,Generic,1
4e-06,udp,dns,INT,2,0,114,0,250000.0006,254,0,114000000.0,0.0,0,0,0.004,0.0,0.0,0.0,0,0,0,0,0.0,0.0,0.0,57,0,0,0,50,2,50,50,22,50,0,0,0,50,50,0,Generic,1
3e-06,udp,dns,INT,2,0,114,0,333333.3215,254,0,152000000.0,0.0,0,0,0.003,0.0,0.0,0.0,0,0,0,0,0.0,0.0,0.0,57,0,0,0,19,2,17,19,17,17,0,0,0,19,17,0,Generic,1
3e-06,udp,dns,INT,2,0,114,0,333333.3215,254,0,152000000.0,0.0,0,0,0.003,0.0,0.0,0.0,0,0,0,0,0.0,0.0,0.0,57,0,0,0,29,2,13,13,2,29,0,0,0,13,29,0,Generic,1
5e-06,udp,dns,INT,2,0,114,0,200000.0051,254,0,91200000.0,0.0,0,0,0.005,0.0,0.0,0.0,0,0,0,0,0.0,0.0,0.0,57,0,0,0,19,2,14,14,8,19,0,0,0,15,19,0,Generic,1
4.028681,tcp,-,FIN,24,14,17676,776,9.184148,254,252,33638.80469,1431.734131,9,3,171.069613,298.859844,15584.97261,642.916625,255,3588317219,3304698653,255,0.212919,0.1435,0.069419,737,55,0,0,6,1,1,1,1,2,0,0,0,2,1,0,Generic,1
5e-06,udp,dns,INT,2,0,114,0,200000.0051,254,0,91200000.0,0.0,0,0,0.005,0.0,0.0,0.0,0,0,0,0,0.0,0.0,0.0,57,0,0,0,23,2,19,19,9,23,0,0,0,19,23,0,Generic,1
8e-06,udp,dns,INT,2,0,114,0,125000.0003,254,0,57000000.0,0.0,0,0,0.008,0.0,0.0,0.0,0,0,0,0,0.0,0.0,0.0,57,0,0,0,31,2,16,16,16,31,0,0,0,17,31,0,Generic,1
9e-06,udp,dns,INT,2,0,114,0,111111.1072,254,0,50666664.0,0.0,0,0,0.009,0.0,0.0,0.0,0,0,0,0,0.0,0.0,0.0,57,0,0,0,37,2,17,16,7,37,0,0,0,16,37,0,Generic,1
6e-06,udp,dns,INT,2,0,114,0,166666.6608,254,0,76000000.0,0.0,0,0,0.006,0.0,0.0,0.0,0,0,0,0,0.0,0.0,0.0,57,0,0,0,2,2,2,2,2,2,0,0,0,2,2,0,Generic,1
6e-06,udp,dns,INT,2,0,114,0,166666.6608,254,0,76000000.0,0.0,0,0,0.006,0.0,0.0,0.0,0,0,0,0,0.0,0.0,0.0,57,0,0,0,31,2,15,15,15,31,0,0,0,15,31,0,Generic,1
3e-06,udp,dns,INT,2,0,114,0,333333.3215,254,0,152000000.0,0.0,0,0,0.003,0.0,0.0,0.0,0,0,0,0,0.0,0.0,0.0,57,0,0,0,21,2,8,8,8,21,0,0,0,10,21,0,Generic,1
8e-06,udp,dns,INT,2,0,114,0,125000.0003,254,0,57000000.0,0.0,0,0,0.008,0.0,0.0,0.0,0,0,0,0,0.0,0.0,0.0,57,0,0,0,20,2,1,1,1,20,0,0,0,1,20,0,Generic,1
3e-06,udp,dns,INT,2,0,114,0,333333.3215,254,0,152000000.0,0.0,0,0,0.003,0.0,0.0,0.0,0,0,0,0,0.0,0.0,0.0,57,0,0,0,31,2,31,31,16,31,0,0,0,31,31,0,Generic,1
3e-06,udp,dns,INT,2,0,114,0,333333.3215,254,0,152000000.0,0.0,0,0,0.003,0.0,0.0,0.0,0,0,0,0,0.0,0.0,0.0,57,0,0,0,23,2,2,2,2,23,0,0,0,4,23,0,Generic,1
7e-06,udp,dns,INT,2,0,114,0,142857.1409,254,0,65142856.0,0.0,0,0,0.007,0.0,0.0,0.0,0,0,0,0,0.0,0.0,0.0,57,0,0,0,29,2,13,13,13,29,0,0,0,16,29,0,Generic,1
5e-06,udp,dns,INT,2,0,114,0,200000.0051,254,0,91200000.0,0.0,0,0,0.005,0.0,0.0,0.0,0,0,0,0,0.0,0.0,0.0,57,0,0,0,33,2,16,16,16,33,0,0,0,16,33,0,Generic,1
9e-06,udp,dns,INT,2,0,114,0,111111.1072,254,0,50666664.0,0.0,0,0,0.009,0.0,0.0,0.0,0,0,0,0,0.0,0.0,0.0,57,0,0,0,26,2,9,9,9,26,0,0,0,9,26,0,Generic,1
6e-06,udp,dns,INT,2,0,114,0,166666.6608,254,0,76000000.0,0.0,0,0,0.006,0.0,0.0,0.0,0,0,0,0,0.0,0.0,0.0,57,0,0,0,32,2,17,16,16,33,0,0,0,17,32,0,Generic,1
0.360488,tcp,http,FIN,12,10,1784,5024,58.254367,62,252,36306.33984,100352.8594,3,3,32.771637,38.538777,1724.59477,60.811965,255,2918753829,543114263,255,0.061351,0.007277,0.054074,149,502,1,818,1,1,1,1,1,1,0,0,1,1,1,0,Generic,1
8e-06,udp,dns,INT,2,0,114,0,125000.0003,254,0,57000000.0,0.0,0,0,0.008,0.0,0.0,0.0,0,0,0,0,0.0,0.0,0.0,57,0,0,0,27,2,18,18,18,27,0,0,0,18,27,0,Generic,1
2.252462,tcp,ssh,FIN,34,30,5594,4400,27.969396,254,252,19285.56445,15108.80176,13,13,68.256424,75.269203,3519.115468,101.240047,255,3677057255,2322986876,255,0.126284,0.068964,0.05732,165,147,0,0,1,1,17,1,1,1,0,0,0,1,1,0,Generic,1
9e-06,udp,dns,INT,2,0,114,0,111111.1072,254,0,50666664.0,0.0,0,0,0.009,0.0,0.0,0.0,0,0,0,0,0.0,0.0,0.0,57,0,0,0,23,2,19,19,10,23,0,0,0,19,23,0,Generic,1
2e-06,udp,dns,INT,2,0,114,0,500000.0013,254,0,228000000.0,0.0,0,0,0.002,0.0,0.0,0.0,0,0,0,0,0.0,0.0,0.0,57,0,0,0,19,2,5,5,5,19,0,0,0,5,19,0,Generic,1
2e-06,udp,dns,INT,2,0,114,0,500000.0013,254,0,228000000.0,0.0,0,0,0.002,0.0,0.0,0.0,0,0,0,0,0.0,0.0,0.0,57,0,0,0,14,2,14,14,8,14,0,0,0,14,14,0,Generic,1
2e-06,udp,dns,INT,2,0,114,0,500000.0013,254,0,228000000.0,0.0,0,0,0.002,0.0,0.0,0.0,0,0,0,0,0.0,0.0,0.0,57,0,0,0,28,2,12,11,11,28,0,0,0,11,28,0,Generic,1
8e-06,udp,dns,INT,2,0,114,0,125000.0003,254,0,57000000.0,0.0,0,0,0.008,0.0,0.0,0.0,0,0,0,0,0.0,0.0,0.0,57,0,0,0,10,2,11,10,10,10,0,0,0,10,10,0,Generic,1
6e-06,udp,dns,INT,2,0,114,0,166666.6608,254,0,76000000.0,0.0,0,0,0.006,0.0,0.0,0.0,0,0,0,0,0.0,0.0,0.0,57,0,0,0,19,2,19,19,10,19,0,0,0,19,19,0,Generic,1
8e-06,udp,dns,INT,2,0,114,0,125000.0003,254,0,57000000.0,0.0,0,0,0.008,0.0,0.0,0.0,0,0,0,0,0.0,0.0,0.0,57,0,0,0,33,2,33,33,17,33,0,0,0,33,33,0,Generic,1
8e-06,udp,dns,INT,2,0,114,0,125000.0003,254,0,57000000.0,0.0,0,0,0.008,0.0,0.0,0.0,0,0,0,0,0.0,0.0,0.0,57,0,0,0,23,2,6,6,6,24,0,0,0,8,23,0,Generic,1
8e-06,udp,dns,INT,2,0,114,0,125000.0003,254,0,57000000.0,0.0,0,0,0.008,0.0,0.0,0.0,0,0,0,0,0.0,0.0,0.0,57,0,0,0,13,2,3,3,3,13,0,0,0,3,13,0,Generic,1
4e-06,udp,dns,INT,2,0,114,0,250000.0006,254,0,114000000.0,0.0,0,0,0.004,0.0,0.0,0.0,0,0,0,0,0.0,0.0,0.0,57,0,0,0,19,2,18,18,18,19,0,0,0,19,19,0,Generic,1
3e-06,udp,dns,INT,2,0,114,0,333333.3215,254,0,152000000.0,0.0,0,0,0.003,0.0,0.0,0.0,0,0,0,0,0.0,0.0,0.0,57,0,0,0,34,2,21,21,10,34,0,0,0,21,34,0,Generic,1
3e-06,udp,dns,INT,2,0,114,0,333333.3215,254,0,152000000.0,0.0,0,0,0.003,0.0,0.0,0.0,0,0,0,0,0.0,0.0,0.0,57,0,0,0,46,2,45,45,24,46,0,0,0,46,46,0,Generic,1
9e-06,udp,dns,INT,2,0,114,0,111111.1072,254,0,50666664.0,0.0,0,0,0.009,0.0,0.0,0.0,0,0,0,0,0.0,0.0,0.0,57,0,0,0,46,2,45,45,21,46,0,0,0,46,46,0,Generic,1
5e-06,udp,dns,INT,2,0,114,0,200000.0051,254,0,91200000.0,0.0,0,0,0.005,0.0,0.0,0.0,0,0,0,0,0.0,0.0,0.0,57,0,0,0,34,2,21,21,11,34,0,0,0,21,34,0,Generic,1
3e-06,udp,dns,INT,2,0,114,0,333333.3215,254,0,152000000.0,0.0,0,0,0.003,0.0,0.0,0.0,0,0,0,0,0.0,0.0,0.0,57,0,0,0,20,2,12,12,7,20,0,0,0,13,20,0,Generic,1
5e-06,udp,dns,INT,2,0,114,0,200000.0051,254,0,91200000.0,0.0,0,0,0.005,0.0,0.0,0.0,0,0,0,0,0.0,0.0,0.0,57,0,0,0,18,2,18,18,10,18,0,0,0,19,18,0,Generic,1
21.165812,tcp,http,FIN,328,2014,14872,2803193,110.602894,62,252,5604.131836,1058991.625,2,1005,64.727252,10.465376,3109.134263,1273.695449,255,3576956457,2566236495,255,0.086931,0.043328,0.043603,45,1392,1,1360896,1,1,1,1,1,1,0,0,1,1,1,0,Generic,1
1.1e-05,udp,dns,INT,2,0,114,0,90909.0902,254,0,41454544.0,0.0,0,0,0.011,0.0,0.0,0.0,0,0,0,0,0.0,0.0,0.0,57,0,0,0,11,2,11,11,11,11,0,0,0,13,11,0,Generic,1
3e-06,udp,dns,INT,2,0,114,0,333333.3215,254,0,152000000.0,0.0,0,0,0.003,0.0,0.0,0.0,0,0,0,0,0.0,0.0,0.0,57,0,0,0,12,2,13,12,12,12,0,0,0,13,12,0,Generic,1
8e-06,udp,dns,INT,2,0,114,0,125000.0003,254,0,57000000.0,0.0,0,0,0.008,0.0,0.0,0.0,0,0,0,0,0.0,0.0,0.0,57,0,0,0,26,2,6,6,6,26,0,0,0,6,26,0,Generic,1
3e-06,udp,dns,INT,2,0,114,0,333333.3215,254,0,152000000.0,0.0,0,0,0.003,0.0,0.0,0.0,0,0,0,0,0.0,0.0,0.0,57,0,0,0,21,2,5,5,5,21,0,0,0,5,21,0,Generic,1
0.607774,tcp,-,FIN,10,6,453,268,24.680226,254,252,5370.416992,2948.464355,2,1,63.332111,95.292,3519.412506,147.555516,255,3910119692,3851197008,255,0.190807,0.131299,0.059508,45,45,0,0,1,1,1,1,1,1,0,0,0,1,1,0,Generic,1
4e-06,ipv6,-,INT,2,0,86,0,250000.0006,254,0,86000000.0,0.0,0,0,0.004,0.0,0.0,0.0,0,0,0,0,0.0,0.0,0.0,43,0,0,0,1,2,2,1,1,1,0,0,0,1,1,0,Generic,1
4e-06,udp,dns,INT,2,0,114,0,250000.0006,254,0,114000000.0,0.0,0,0,0.004,0.0,0.0,0.0,0,0,0,0,0.0,0.0,0.0,57,0,0,0,33,2,16,16,16,34,0,0,0,17,33,0,Generic,1
7e-06,udp,dns,INT,2,0,114,0,142857.1409,254,0,65142856.0,0.0,0,0,0.007,0.0,0.0,0.0,0,0,0,0,0.0,0.0,0.0,57,0,0,0,26,2,16,16,16,26,0,0,0,16,26,0,Generic,1
9e-06,udp,dns,INT,2,0,114,0,111111.1072,254,0,50666664.0,0.0,0,0,0.009,0.0,0.0,0.0,0,0,0,0,0.0,0.0,0.0,57,0,0,0,9,2,9,9,3,9,0,0,0,9,9,0,Generic,1
5e-06,udp,dns,INT,2,0,114,0,200000.0051,254,0,91200000.0,0.0,0,0,0.005,0.0,0.0,0.0,0,0,0,0,0.0,0.0,0.0,57,0,0,0,46,2,45,45,21,46,0,0,0,46,46,0,Generic,1
9e-06,udp,dns,INT,2,0,114,0,111111.1072,254,0,50666664.0,0.0,0,0,0.009,0.0,0.0,0.0,0,0,0,0,0.0,0.0,0.0,57,0,0,0,34,2,20,20,12,34,0,0,0,20,34,0,Generic,1
1e-06,udp,dns,INT,2,0,114,0,1000000.003,254,0,456000000.0,0.0,0,0,0.001,0.0,0.0,0.0,0,0,0,0,0.0,0.0,0.0,57,0,0,0,26,2,7,7,7,26,0,0,0,7,26,0,Generic,1
1e-05,udp,dns,INT,2,0,114,0,100000.0025,254,0,45600000.0,0.0,0,0,0.01,0.0,0.0,0.0,0,0,0,0,0.0,0.0,0.0,57,0,0,0,34,2,13,13,8,34,0,0,0,14,34,0,Generic,1
9e-06,udp,dns,INT,2,0,114,0,111111.1072,254,0,50666664.0,0.0,0,0,0.009,0.0,0.0,0.0,0,0,0,0,0.0,0.0,0.0,57,0,0,0,30,2,5,5,5,30,0,0,0,5,30,0,Generic,1
1e-05,udp,dns,INT,2,0,114,0,100000.0025,254,0,45600000.0,0.0,0,0,0.01,0.0,0.0,0.0,0,0,0,0,0.0,0.0,0.0,57,0,0,0,34,2,20,20,8,34,0,0,0,20,34,0,Generic,1
2e-06,udp,dns,INT,2,0,114,0,500000.0013,254,0,228000000.0,0.0,0,0,0.002,0.0,0.0,0.0,0,0,0,0,0.0,0.0,0.0,57,0,0,0,11,2,11,11,11,11,0,0,0,11,11,0,Generic,1
2e-06,udp,dns,INT,2,0,114,0,500000.0013,254,0,228000000.0,0.0,0,0,0.002,0.0,0.0,0.0,0,0,0,0,0.0,0.0,0.0,57,0,0,0,22,2,5,5,5,22,0,0,0,6,22,0,Generic,1
3e-06,udp,dns,INT,2,0,114,0,333333.3215,254,0,152000000.0,0.0,0,0,0.003,0.0,0.0,0.0,0,0,0,0,0.0,0.0,0.0,57,0,0,0,22,2,17,17,17,22,0,0,0,19,22,0,Generic,1
3e-06,udp,dns,INT,2,0,114,0,333333.3215,254,0,152000000.0,0.0,0,0,0.003,0.0,0.0,0.0,0,0,0,0,0.0,0.0,0.0,57,0,0,0,33,2,17,17,17,33,0,0,0,18,33,0,Generic,1
1e-05,udp,dns,INT,2,0,114,0,100000.0025,254,0,45600000.0,0.0,0,0,0.01,0.0,0.0,0.0,0,0,0,0,0.0,0.0,0.0,57,0,0,0,34,2,14,14,10,34,0,0,0,14,34,0,Generic,1
1.1e-05,udp,dns,INT,2,0,114,0,90909.0902,254,0,41454544.0,0.0,0,0,0.011,0.0,0.0,0.0,0,0,0,0,0.0,0.0,0.0,57,0,0,0,38,2,36,36,24,38,0,0,0,36,38,0,Generic,1
4e-06,udp,dns,INT,2,0,114,0,250000.0006,254,0,114000000.0,0.0,0,0,0.004,0.0,0.0,0.0,0,0,0,0,0.0,0.0,0.0,57,0,0,0,6,2,6,6,6,6,0,0,0,6,6,0,Generic,1
3e-06,udp,dns,INT,2,0,114,0,333333.3215,254,0,152000000.0,0.0,0,0,0.003,0.0,0.0,0.0,0,0,0,0,0.0,0.0,0.0,57,0,0,0,30,2,12,12,12,30,0,0,0,12,30,0,Generic,1
7e-06,udp,dns,INT,2,0,114,0,142857.1409,254,0,65142856.0,0.0,0,0,0.007,0.0,0.0,0.0,0,0,0,0,0.0,0.0,0.0,57,0,0,0,5,2,5,5,5,5,0,0,0,7,5,0,Generic,1
5e-06,udp,dns,INT,2,0,114,0,200000.0051,254,0,91200000.0,0.0,0,0,0.005,0.0,0.0,0.0,0,0,0,0,0.0,0.0,0.0,57,0,0,0,17,2,14,13,13,17,0,0,0,14,17,0,Generic,1
9e-06,udp,dns,INT,2,0,114,0,111111.1072,254,0,50666664.0,0.0,0,0,0.009,0.0,0.0,0.0,0,0,0,0,0.0,0.0,0.0,57,0,0,0,15,2,16,15,15,15,0,0,0,16,15,0,Generic,1
5e-06,udp,dns,INT,2,0,114,0,200000.0051,254,0,91200000.0,0.0,0,0,0.005,0.0,0.0,0.0,0,0,0,0,0.0,0.0,0.0,57,0,0,0,21,2,5,5,5,21,0,0,0,5,21,0,Generic,1
9e-06,udp,dns,INT,2,0,114,0,111111.1072,254,0,50666664.0,0.0,0,0,0.009,0.0,0.0,0.0,0,0,0,0,0.0,0.0,0.0,57,0,0,0,34,2,14,14,4,34,0,0,0,14,34,0,Generic,1
5e-06,udp,dns,INT,2,0,114,0,200000.0051,254,0,91200000.0,0.0,0,0,0.005,0.0,0.0,0.0,0,0,0,0,0.0,0.0,0.0,57,0,0,0,29,2,30,29,14,29,0,0,0,29,29,0,Generic,1
1e-06,udp,dns,INT,2,0,114,0,1000000.003,254,0,456000000.0,0.0,0,0,0.001,0.0,0.0,0.0,0,0,0,0,0.0,0.0,0.0,57,0,0,0,32,2,31,31,17,32,0,0,0,31,32,0,Generic,1
8e-06,udp,dns,INT,2,0,114,0,125000.0003,254,0,57000000.0,0.0,0,0,0.008,0.0,0.0,0.0,0,0,0,0,0.0,0.0,0.0,57,0,0,0,23,2,14,14,7,23,0,0,0,14,23,0,Generic,1
1e-05,udp,dns,INT,2,0,114,0,100000.0025,254,0,45600000.0,0.0,0,0,0.01,0.0,0.0,0.0,0,0,0,0,0.0,0.0,0.0,57,0,0,0,32,2,31,31,14,32,0,0,0,31,32,0,Generic,1
7e-06,udp,dns,INT,2,0,114,0,142857.1409,254,0,65142856.0,0.0,0,0,0.007,0.0,0.0,0.0,0,0,0,0,0.0,0.0,0.0,57,0,0,0,39,2,36,33,17,39,0,0,0,33,39,0,Generic,1
8e-06,udp,dns,INT,2,0,114,0,125000.0003,254,0,57000000.0,0.0,0,0,0.008,0.0,0.0,0.0,0,0,0,0,0.0,0.0,0.0,57,0,0,0,26,2,19,19,10,26,0,0,0,19,26,0,Generic,1
1e-06,udp,dns,INT,2,0,114,0,1000000.003,254,0,456000000.0,0.0,0,0,0.001,0.0,0.0,0.0,0,0,0,0,0.0,0.0,0.0,57,0,0,0,21,2,8,8,8,21,0,0,0,9,21,0,Generic,1
4e-06,udp,dns,INT,2,0,114,0,250000.0006,254,0,114000000.0,0.0,0,0,0.004,0.0,0.0,0.0,0,0,0,0,0.0,0.0,0.0,57,0,0,0,22,2,10,10,10,22,0,0,0,10,22,0,Generic,1
3e-06,udp,dns,INT,2,0,114,0,333333.3215,254,0,152000000.0,0.0,0,0,0.003,0.0,0.0,0.0,0,0,0,0,0.0,0.0,0.0,57,0,0,0,5,2,5,5,5,5,0,0,0,6,5,0,Generic,1
6e-06,udp,dns,INT,2,0,114,0,166666.6608,254,0,76000000.0,0.0,0,0,0.006,0.0,0.0,0.0,0,0,0,0,0.0,0.0,0.0,57,0,0,0,46,2,32,32,16,46,0,0,0,32,46,0,Generic,1
2e-06,udp,dns,INT,2,0,114,0,500000.0013,254,0,228000000.0,0.0,0,0,0.002,0.0,0.0,0.0,0,0,0,0,0.0,0.0,0.0,57,0,0,0,33,2,18,17,17,33,0,0,0,17,33,0,Generic,1
5e-06,udp,dns,INT,2,0,114,0,200000.0051,254,0,91200000.0,0.0,0,0,0.005,0.0,0.0,0.0,0,0,0,0,0.0,0.0,0.0,57,0,0,0,25,2,10,10,10,25,0,0,0,10,25,0,Generic,1
8e-06,udp,dns,INT,2,0,114,0,125000.0003,254,0,57000000.0,0.0,0,0,0.008,0.0,0.0,0.0,0,0,0,0,0.0,0.0,0.0,57,0,0,0,31,2,21,17,17,36,0,0,0,20,31,0,Generic,1
2e-06,udp,dns,INT,2,0,114,0,500000.0013,254,0,228000000.0,0.0,0,0,0.002,0.0,0.0,0.0,0,0,0,0,0.0,0.0,0.0,57,0,0,0,33,2,16,16,16,33,0,0,0,16,33,0,Generic,1
7e-06,udp,dns,INT,2,0,114,0,142857.1409,254,0,65142856.0,0.0,0,0,0.007,0.0,0.0,0.0,0,0,0,0,0.0,0.0,0.0,57,0,0,0,46,2,14,14,2,46,0,0,0,14,46,0,Generic,1
5e-06,udp,dns,INT,2,0,114,0,200000.0051,254,0,91200000.0,0.0,0,0,0.005,0.0,0.0,0.0,0,0,0,0,0.0,0.0,0.0,57,0,0,0,26,2,6,6,6,26,0,0,0,6,26,0,Generic,1
3e-06,udp,dns,INT,2,0,114,0,333333.3215,254,0,152000000.0,0.0,0,0,0.003,0.0,0.0,0.0,0,0,0,0,0.0,0.0,0.0,57,0,0,0,32,2,33,32,17,33,0,0,0,32,32,0,Generic,1
5e-06,udp,dns,INT,2,0,114,0,200000.0051,254,0,91200000.0,0.0,0,0,0.005,0.0,0.0,0.0,0,0,0,0,0.0,0.0,0.0,57,0,0,0,38,2,35,35,20,38,0,0,0,35,38,0,Generic,1
8e-06,udp,dns,INT,2,0,114,0,125000.0003,254,0,57000000.0,0.0,0,0,0.008,0.0,0.0,0.0,0,0,0,0,0.0,0.0,0.0,57,0,0,0,18,2,18,17,17,18,0,0,0,18,18,0,Generic,1
3e-06,udp,dns,INT,2,0,114,0,333333.3215,254,0,152000000.0,0.0,0,0,0.003,0.0,0.0,0.0,0,0,0,0,0.0,0.0,0.0,57,0,0,0,26,2,20,20,9,26,0,0,0,20,26,0,Generic,1
3e-06,udp,dns,INT,2,0,114,0,333333.3215,254,0,152000000.0,0.0,0,0,0.003,0.0,0.0,0.0,0,0,0,0,0.0,0.0,0.0,57,0,0,0,26,2,19,19,9,26,0,0,0,19,26,0,Generic,1
5e-06,udp,dns,INT,2,0,114,0,200000.0051,254,0,91200000.0,0.0,0,0,0.005,0.0,0.0,0.0,0,0,0,0,0.0,0.0,0.0,57,0,0,0,24,2,17,17,17,24,0,0,0,18,24,0,Generic,1
3e-06,udp,dns,INT,2,0,114,0,333333.3215,254,0,152000000.0,0.0,0,0,0.003,0.0,0.0,0.0,0,0,0,0,0.0,0.0,0.0,57,0,0,0,17,2,17,17,17,18,0,0,0,18,17,0,Generic,1
9e-06,udp,dns,INT,2,0,114,0,111111.1072,254,0,50666664.0,0.0,0,0,0.009,0.0,0.0,0.0,0,0,0,0,0.0,0.0,0.0,57,0,0,0,34,2,8,8,6,34,0,0,0,8,34,0,Generic,1
2e-06,udp,dns,INT,2,0,114,0,500000.0013,254,0,228000000.0,0.0,0,0,0.002,0.0,0.0,0.0,0,0,0,0,0.0,0.0,0.0,57,0,0,0,8,2,8,8,8,8,0,0,0,8,8,0,Generic,1
1e-06,udp,dns,INT,2,0,114,0,1000000.003,254,0,456000000.0,0.0,0,0,0.001,0.0,0.0,0.0,0,0,0,0,0.0,0.0,0.0,57,0,0,0,35,2,11,11,7,35,0,0,0,11,35,0,Generic,1
2e-06,udp,-,INT,2,0,1410,0,500000.0013,254,0,2820000000.0,0.0,0,0,0.002,0.0,0.0,0.0,0,0,0,0,0.0,0.0,0.0,705,0,0,0,4,2,1,1,1,1,0,0,0,2,1,0,Generic,1
3e-06,udp,dns,INT,2,0,114,0,333333.3215,254,0,152000000.0,0.0,0,0,0.003,0.0,0.0,0.0,0,0,0,0,0.0,0.0,0.0,57,0,0,0,31,2,24,24,11,31,0,0,0,24,31,0,Generic,1
5e-06,udp,dhcp,INT,2,0,1152,0,200000.0051,62,0,921600000.0,0.0,0,0,0.005,0.0,0.0,0.0,0,0,0,0,0.0,0.0,0.0,576,0,0,0,3,2,4,4,4,4,0,0,0,4,3,0,Generic,1
0.967949,tcp,-,FIN,12,6,4698,268,17.562909,254,252,35596.91797,1851.33728,3,1,87.995362,167.725406,4929.429938,276.768,255,1750841438,1870382432,255,0.218549,0.128547,0.090002,392,45,0,0,2,1,1,1,1,1,0,0,0,1,1,0,Generic,1
4e-06,udp,dns,INT,2,0,114,0,250000.0006,254,0,114000000.0,0.0,0,0,0.004,0.0,0.0,0.0,0,0,0,0,0.0,0.0,0.0,57,0,0,0,31,2,6,6,2,31,0,0,0,6,31,0,Generic,1
8e-06,udp,dns,INT,2,0,114,0,125000.0003,254,0,57000000.0,0.0,0,0,0.008,0.0,0.0,0.0,0,0,0,0,0.0,0.0,0.0,57,0,0,0,26,2,17,17,17,26,0,0,0,17,26,0,Generic,1
3e-06,udp,dns,INT,2,0,114,0,333333.3215,254,0,152000000.0,0.0,0,0,0.003,0.0,0.0,0.0,0,0,0,0,0.0,0.0,0.0,57,0,0,0,27,2,27,27,15,27,0,0,0,27,27,0,Generic,1
9e-06,udp,dns,INT,2,0,114,0,111111.1072,254,0,50666664.0,0.0,0,0,0.009,0.0,0.0,0.0,0,0,0,0,0.0,0.0,0.0,57,0,0,0,23,2,17,17,10,23,0,0,0,18,23,0,Generic,1
9e-06,udp,dns,INT,2,0,114,0,111111.1072,254,0,50666664.0,0.0,0,0,0.009,0.0,0.0,0.0,0,0,0,0,0.0,0.0,0.0,57,0,0,0,9,2,9,9,9,9,0,0,0,10,9,0,Generic,1
3e-06,udp,dns,INT,2,0,114,0,333333.3215,254,0,152000000.0,0.0,0,0,0.003,0.0,0.0,0.0,0,0,0,0,0.0,0.0,0.0,57,0,0,0,17,2,18,17,17,17,0,0,0,18,17,0,Generic,1
5e-06,udp,dns,INT,2,0,114,0,200000.0051,254,0,91200000.0,0.0,0,0,0.005,0.0,0.0,0.0,0,0,0,0,0.0,0.0,0.0,57,0,0,0,33,2,16,16,16,34,0,0,0,16,33,0,Generic,1
1e-05,udp,dns,INT,2,0,114,0,100000.0025,254,0,45600000.0,0.0,0,0,0.01,0.0,0.0,0.0,0,0,0,0,0.0,0.0,0.0,57,0,0,0,37,2,17,17,17,37,0,0,0,18,37,0,Generic,1
8e-06,udp,dns,INT,2,0,114,0,125000.0003,254,0,57000000.0,0.0,0,0,0.008,0.0,0.0,0.0,0,0,0,0,0.0,0.0,0.0,57,0,0,0,23,2,6,5,5,23,0,0,0,5,23,0,Generic,1
8e-06,udp,dns,INT,2,0,114,0,125000.0003,254,0,57000000.0,0.0,0,0,0.008,0.0,0.0,0.0,0,0,0,0,0.0,0.0,0.0,57,0,0,0,33,2,18,17,17,34,0,0,0,18,33,0,Generic,1
4e-06,zero,-,INT,2,0,200,0,250000.0006,254,0,200000000.0,0.0,0,0,0.004,0.0,0.0,0.0,0,0,0,0,0.0,0.0,0.0,100,0,0,0,2,2,1,1,1,2,0,0,0,2,2,0,Generic,1
5e-06,udp,dns,INT,2,0,114,0,200000.0051,254,0,91200000.0,0.0,0,0,0.005,0.0,0.0,0.0,0,0,0,0,0.0,0.0,0.0,57,0,0,0,24,2,17,17,17,24,0,0,0,17,24,0,Generic,1
0.562044,tcp,http,FIN,10,14,1526,10034,40.922061,62,252,19557.1875,132630.1875,2,5,62.449333,42.533076,4451.848638,4306.468683,255,3870578897,3614312447,255,0.063001,0.008433,0.054568,153,717,1,4360,1,1,1,1,1,1,0,0,1,1,1,0,Generic,1
3e-06,udp,dns,INT,2,0,114,0,333333.3215,254,0,152000000.0,0.0,0,0,0.003,0.0,0.0,0.0,0,0,0,0,0.0,0.0,0.0,57,0,0,0,39,2,18,18,12,39,0,0,0,18,39,0,Generic,1
3e-06,udp,dns,INT,2,0,114,0,333333.3215,254,0,152000000.0,0.0,0,0,0.003,0.0,0.0,0.0,0,0,0,0,0.0,0.0,0.0,57,0,0,0,22,2,16,16,9,22,0,0,0,17,22,0,Generic,1
1e-06,udp,dns,INT,2,0,114,0,1000000.003,254,0,456000000.0,0.0,0,0,0.001,0.0,0.0,0.0,0,0,0,0,0.0,0.0,0.0,57,0,0,0,31,2,24,24,13,31,0,0,0,24,31,0,Generic,1
1.1e-05,sctp,-,INT,2,0,1256,0,90909.0902,254,0,456727264.0,0.0,0,0,0.011,0.0,0.0,0.0,0,0,0,0,0.0,0.0,0.0,628,0,0,0,1,2,1,1,1,1,0,0,0,1,1,0,Generic,1
9e-06,udp,dns,INT,2,0,114,0,111111.1072,254,0,50666664.0,0.0,0,0,0.009,0.0,0.0,0.0,0,0,0,0,0.0,0.0,0.0,57,0,0,0,32,2,5,5,3,32,0,0,0,5,32,0,Generic,1
5e-06,udp,dns,INT,2,0,114,0,200000.0051,254,0,91200000.0,0.0,0,0,0.005,0.0,0.0,0.0,0,0,0,0,0.0,0.0,0.0,57,0,0,0,35,2,33,33,16,35,0,0,0,33,35,0,Generic,1
5e-06,udp,dns,INT,2,0,114,0,200000.0051,254,0,91200000.0,0.0,0,0,0.005,0.0,0.0,0.0,0,0,0,0,0.0,0.0,0.0,57,0,0,0,23,2,17,17,17,23,0,0,0,17,23,0,Generic,1
1e-06,udp,dns,INT,2,0,114,0,1000000.003,254,0,456000000.0,0.0,0,0,0.001,0.0,0.0,0.0,0,0,0,0,0.0,0.0,0.0,57,0,0,0,21,2,16,16,16,21,0,0,0,16,21,0,Generic,1
8e-06,udp,dns,INT,2,0,114,0,125000.0003,254,0,57000000.0,0.0,0,0,0.008,0.0,0.0,0.0,0,0,0,0,0.0,0.0,0.0,57,0,0,0,24,2,16,16,16,24,0,0,0,17,24,0,Generic,1
9e-06,udp,dns,INT,2,0,114,0,111111.1072,254,0,50666664.0,0.0,0,0,0.009,0.0,0.0,0.0,0,0,0,0,0.0,0.0,0.0,57,0,0,0,23,2,6,6,6,23,0,0,0,6,23,0,Generic,1
5e-06,udp,dns,INT,2,0,114,0,200000.0051,254,0,91200000.0,0.0,0,0,0.005,0.0,0.0,0.0,0,0,0,0,0.0,0.0,0.0,57,0,0,0,11,2,11,11,11,11,0,0,0,11,11,0,Generic,1
4e-06,udp,dns,INT,2,0,114,0,250000.0006,254,0,114000000.0,0.0,0,0,0.004,0.0,0.0,0.0,0,0,0,0,0.0,0.0,0.0,57,0,0,0,23,2,17,17,17,23,0,0,0,17,23,0,Generic,1
4e-06,udp,dns,INT,2,0,114,0,250000.0006,254,0,114000000.0,0.0,0,0,0.004,0.0,0.0,0.0,0,0,0,0,0.0,0.0,0.0,57,0,0,0,23,2,18,17,17,24,0,0,0,18,23,0,Generic,1
5e-06,udp,dns,INT,2,0,114,0,200000.0051,254,0,91200000.0,0.0,0,0,0.005,0.0,0.0,0.0,0,0,0,0,0.0,0.0,0.0,57,0,0,0,22,2,7,6,6,22,0,0,0,6,22,0,Generic,1
2e-05,udp,dns,INT,2,0,114,0,50000.00126,254,0,22800000.0,0.0,0,0,0.02,0.0,0.0,0.0,0,0,0,0,0.0,0.0,0.0,57,0,0,0,33,2,33,33,16,33,0,0,0,33,33,0,Generic,1
5e-06,udp,dns,INT,2,0,114,0,200000.0051,254,0,91200000.0,0.0,0,0,0.005,0.0,0.0,0.0,0,0,0,0,0.0,0.0,0.0,57,0,0,0,10,2,10,10,4,10,0,0,0,10,10,0,Generic,1
3e-06,udp,dns,INT,2,0,114,0,333333.3215,254,0,152000000.0,0.0,0,0,0.003,0.0,0.0,0.0,0,0,0,0,0.0,0.0,0.0,57,0,0,0,21,2,2,2,2,21,0,0,0,2,20,0,Generic,1
8e-06,udp,dns,INT,2,0,114,0,125000.0003,254,0,57000000.0,0.0,0,0,0.008,0.0,0.0,0.0,0,0,0,0,0.0,0.0,0.0,57,0,0,0,24,2,9,8,8,24,0,0,0,8,24,0,Generic,1
1.081103,tcp,http,FIN,14,10,1600,1554,21.274569,254,252,10996.17773,10352.39063,3,3,83.066079,110.604781,4584.132726,177.905453,255,2677932162,4099654272,255,0.120884,0.085643,0.035241,114,155,1,60,1,1,1,1,1,1,0,0,1,2,1,0,Generic,1
0.21783,tcp,http,FIN,10,8,1156,1690,78.042509,62,252,38231.64844,54317.58594,2,2,24.203333,28.801285,1320.152761,50.93891,255,1797486479,2718932861,255,0.056886,0.011998,0.044888,116,211,1,291,1,1,1,1,1,1,0,0,1,1,1,0,Generic,1
1e-05,udp,-,INT,2,0,1336,0,100000.0025,254,0,534400000.0,0.0,0,0,0.01,0.0,0.0,0.0,0,0,0,0,0.0,0.0,0.0,668,0,0,0,1,2,1,1,1,1,0,0,0,1,1,0,Generic,1
9e-06,udp,dns,INT,2,0,114,0,111111.1072,254,0,50666664.0,0.0,0,0,0.009,0.0,0.0,0.0,0,0,0,0,0.0,0.0,0.0,57,0,0,0,9,2,9,9,9,10,0,0,0,9,9,0,Generic,1
9e-06,udp,dns,INT,2,0,114,0,111111.1072,254,0,50666664.0,0.0,0,0,0.009,0.0,0.0,0.0,0,0,0,0,0.0,0.0,0.0,57,0,0,0,28,2,12,11,11,28,0,0,0,11,28,0,Generic,1
8e-06,udp,dns,INT,2,0,114,0,125000.0003,254,0,57000000.0,0.0,0,0,0.008,0.0,0.0,0.0,0,0,0,0,0.0,0.0,0.0,57,0,0,0,37,2,9,9,6,37,0,0,0,9,37,0,Generic,1
7e-06,udp,dns,INT,2,0,114,0,142857.1409,254,0,65142856.0,0.0,0,0,0.007,0.0,0.0,0.0,0,0,0,0,0.0,0.0,0.0,57,0,0,0,25,2,8,8,8,25,0,0,0,8,25,0,Generic,1
8e-06,udp,dns,INT,2,0,114,0,125000.0003,254,0,57000000.0,0.0,0,0,0.008,0.0,0.0,0.0,0,0,0,0,0.0,0.0,0.0,57,0,0,0,23,2,4,4,4,23,0,0,0,4,23,0,Generic,1
8e-06,udp,dns,INT,2,0,114,0,125000.0003,254,0,57000000.0,0.0,0,0,0.008,0.0,0.0,0.0,0,0,0,0,0.0,0.0,0.0,57,0,0,0,51,2,10,10,5,51,0,0,0,10,51,0,Generic,1
5e-06,udp,dns,INT,2,0,114,0,200000.0051,254,0,91200000.0,0.0,0,0,0.005,0.0,0.0,0.0,0,0,0,0,0.0,0.0,0.0,57,0,0,0,25,2,18,17,17,25,0,0,0,17,25,0,Generic,1
3e-06,udp,dns,INT,2,0,114,0,333333.3215,254,0,152000000.0,0.0,0,0,0.003,0.0,0.0,0.0,0,0,0,0,0.0,0.0,0.0,57,0,0,0,33,2,18,17,17,33,0,0,0,17,33,0,Generic,1
2e-06,udp,dns,INT,2,0,114,0,500000.0013,254,0,228000000.0,0.0,0,0,0.002,0.0,0.0,0.0,0,0,0,0,0.0,0.0,0.0,57,0,0,0,13,2,13,13,13,13,0,0,0,13,13,0,Generic,1
4e-06,udp,dns,INT,2,0,114,0,250000.0006,254,0,114000000.0,0.0,0,0,0.004,0.0,0.0,0.0,0,0,0,0,0.0,0.0,0.0,57,0,0,0,44,2,16,16,10,44,0,0,0,16,44,0,Generic,1
9e-06,udp,dns,INT,2,0,114,0,111111.1072,254,0,50666664.0,0.0,0,0,0.009,0.0,0.0,0.0,0,0,0,0,0.0,0.0,0.0,57,0,0,0,29,2,6,6,6,29,0,0,0,6,29,0,Generic,1
1e-05,udp,dns,INT,2,0,114,0,100000.0025,254,0,45600000.0,0.0,0,0,0.01,0.0,0.0,0.0,0,0,0,0,0.0,0.0,0.0,57,0,0,0,23,2,4,4,4,23,0,0,0,4,22,0,Generic,1
3e-06,udp,dns,INT,2,0,114,0,333333.3215,254,0,152000000.0,0.0,0,0,0.003,0.0,0.0,0.0,0,0,0,0,0.0,0.0,0.0,57,0,0,0,22,2,5,5,5,22,0,0,0,5,22,0,Generic,1
4e-06,udp,dns,INT,2,0,114,0,250000.0006,254,0,114000000.0,0.0,0,0,0.004,0.0,0.0,0.0,0,0,0,0,0.0,0.0,0.0,57,0,0,0,29,2,13,13,11,29,0,0,0,13,29,0,Generic,1
5e-06,udp,dns,INT,2,0,114,0,200000.0051,254,0,91200000.0,0.0,0,0,0.005,0.0,0.0,0.0,0,0,0,0,0.0,0.0,0.0,57,0,0,0,23,2,23,23,13,23,0,0,0,23,23,0,Generic,1
9e-06,udp,dns,INT,2,0,114,0,111111.1072,254,0,50666664.0,0.0,0,0,0.009,0.0,0.0,0.0,0,0,0,0,0.0,0.0,0.0,57,0,0,0,20,2,18,17,17,20,0,0,0,17,20,0,Generic,1
8e-06,udp,dns,INT,2,0,114,0,125000.0003,254,0,57000000.0,0.0,0,0,0.008,0.0,0.0,0.0,0,0,0,0,0.0,0.0,0.0,57,0,0,0,10,2,10,10,6,10,0,0,0,10,10,0,Generic,1
8e-06,udp,dns,INT,2,0,114,0,125000.0003,254,0,57000000.0,0.0,0,0,0.008,0.0,0.0,0.0,0,0,0,0,0.0,0.0,0.0,57,0,0,0,23,2,23,23,10,23,0,0,0,23,23,0,Generic,1
3e-06,udp,dns,INT,2,0,114,0,333333.3215,254,0,152000000.0,0.0,0,0,0.003,0.0,0.0,0.0,0,0,0,0,0.0,0.0,0.0,57,0,0,0,17,2,16,16,16,17,0,0,0,16,17,0,Generic,1
3e-06,udp,dns,INT,2,0,114,0,333333.3215,254,0,152000000.0,0.0,0,0,0.003,0.0,0.0,0.0,0,0,0,0,0.0,0.0,0.0,57,0,0,0,12,2,3,3,3,12,0,0,0,3,12,0,Generic,1
3e-06,udp,dns,INT,2,0,114,0,333333.3215,254,0,152000000.0,0.0,0,0,0.003,0.0,0.0,0.0,0,0,0,0,0.0,0.0,0.0,57,0,0,0,30,2,13,13,13,30,0,0,0,13,30,0,Generic,1
3.1e-05,udp,dns,INT,2,0,114,0,32258.06495,254,0,14709678.0,0.0,0,0,0.031,0.0,0.0,0.0,0,0,0,0,0.0,0.0,0.0,57,0,0,0,25,2,16,16,16,25,0,0,0,18,25,0,Generic,1
9e-06,udp,dns,INT,2,0,114,0,111111.1072,254,0,50666664.0,0.0,0,0,0.009,0.0,0.0,0.0,0,0,0,0,0.0,0.0,0.0,57,0,0,0,34,2,21,21,11,34,0,0,0,21,34,0,Generic,1
8e-06,udp,dns,INT,2,0,114,0,125000.0003,254,0,57000000.0,0.0,0,0,0.008,0.0,0.0,0.0,0,0,0,0,0.0,0.0,0.0,57,0,0,0,10,2,8,8,8,10,0,0,0,8,10,0,Generic,1
0.755038,tcp,-,FIN,20,24,3474,11603,56.950774,62,252,34975.72266,117821.8828,7,10,39.738841,32.515958,1886.651743,0.0,255,619440925,2471378313,255,0.050637,0.00648,0.044157,174,483,0,0,1,1,1,1,1,1,0,0,0,1,1,0,Generic,1
9e-06,udp,dns,INT,2,0,114,0,111111.1072,254,0,50666664.0,0.0,0,0,0.009,0.0,0.0,0.0,0,0,0,0,0.0,0.0,0.0,57,0,0,0,5,2,5,5,2,5,0,0,0,5,5,0,Generic,1
0.511946,tcp,http,FIN,10,6,1034,268,29.299964,254,252,14548.40918,3500.369141,2,1,56.842111,84.032,2959.558115,137.375563,255,3407555699,3082999027,255,0.157361,0.091777,0.065584,103,45,1,0,1,1,1,1,1,1,0,0,1,1,1,0,Generic,1
7e-06,udp,dns,INT,2,0,114,0,142857.1409,254,0,65142856.0,0.0,0,0,0.007,0.0,0.0,0.0,0,0,0,0,0.0,0.0,0.0,57,0,0,0,37,2,15,15,8,37,0,0,0,15,37,0,Generic,1
4e-06,udp,dns,INT,2,0,114,0,250000.0006,254,0,114000000.0,0.0,0,0,0.004,0.0,0.0,0.0,0,0,0,0,0.0,0.0,0.0,57,0,0,0,37,2,22,22,8,37,0,0,0,22,37,0,Generic,1
0.294828,tcp,-,FIN,14,8,4712,404,71.227971,254,252,118740.4219,9605.600586,4,2,21.558924,41.134285,1296.040444,59.300922,255,2619591299,1325570435,255,0.051184,0.00688,0.044304,337,51,0,0,1,1,1,1,1,1,0,0,0,1,1,0,Generic,1
9e-06,udp,dns,INT,2,0,114,0,111111.1072,254,0,50666664.0,0.0,0,0,0.009,0.0,0.0,0.0,0,0,0,0,0.0,0.0,0.0,57,0,0,0,19,2,2,2,2,19,0,0,0,2,19,0,Generic,1
1e-06,udp,dns,INT,2,0,114,0,1000000.003,254,0,456000000.0,0.0,0,0,0.001,0.0,0.0,0.0,0,0,0,0,0.0,0.0,0.0,57,0,0,0,21,2,3,3,3,21,0,0,0,5,21,0,Generic,1
8e-06,udp,dns,INT,2,0,114,0,125000.0003,254,0,57000000.0,0.0,0,0,0.008,0.0,0.0,0.0,0,0,0,0,0.0,0.0,0.0,57,0,0,0,10,2,2,2,2,10,0,0,0,2,10,0,Generic,1
9e-06,udp,dns,INT,2,0,114,0,111111.1072,254,0,50666664.0,0.0,0,0,0.009,0.0,0.0,0.0,0,0,0,0,0.0,0.0,0.0,57,0,0,0,11,2,3,3,1,11,0,0,0,3,11,0,Generic,1
8e-06,udp,dns,INT,2,0,114,0,125000.0003,254,0,57000000.0,0.0,0,0,0.008,0.0,0.0,0.0,0,0,0,0,0.0,0.0,0.0,57,0,0,0,31,2,15,14,14,32,0,0,0,15,31,0,Generic,1
8e-06,udp,dns,INT,2,0,114,0,125000.0003,254,0,57000000.0,0.0,0,0,0.008,0.0,0.0,0.0,0,0,0,0,0.0,0.0,0.0,57,0,0,0,23,2,12,12,8,23,0,0,0,12,23,0,Generic,1
16.871128,tcp,http,FIN,248,1622,10664,2166417,110.780974,62,252,5036.296387,1026644.813,0,805,68.858648,10.600343,77.686984,1245.446261,255,1368258215,3078968409,255,0.109793,0.040654,0.069139,43,1336,1,5242880,2,1,1,1,1,1,0,0,2,1,1,0,Generic,1
8e-06,udp,dns,INT,2,0,114,0,125000.0003,254,0,57000000.0,0.0,0,0,0.008,0.0,0.0,0.0,0,0,0,0,0.0,0.0,0.0,57,0,0,0,37,2,22,22,14,37,0,0,0,22,37,0,Generic,1
5e-06,udp,dns,INT,2,0,114,0,200000.0051,254,0,91200000.0,0.0,0,0,0.005,0.0,0.0,0.0,0,0,0,0,0.0,0.0,0.0,57,0,0,0,37,2,22,22,14,37,0,0,0,22,37,0,Generic,1
9e-06,udp,dns,INT,2,0,114,0,111111.1072,254,0,50666664.0,0.0,0,0,0.009,0.0,0.0,0.0,0,0,0,0,0.0,0.0,0.0,57,0,0,0,34,2,13,13,5,34,0,0,0,14,34,0,Generic,1
5e-06,udp,dns,INT,2,0,114,0,200000.0051,254,0,91200000.0,0.0,0,0,0.005,0.0,0.0,0.0,0,0,0,0,0.0,0.0,0.0,57,0,0,0,20,2,16,16,16,20,0,0,0,16,20,0,Generic,1
5e-06,udp,dns,INT,2,0,114,0,200000.0051,254,0,91200000.0,0.0,0,0,0.005,0.0,0.0,0.0,0,0,0,0,0.0,0.0,0.0,57,0,0,0,34,2,7,7,3,34,0,0,0,7,34,0,Generic,1
3e-06,udp,dns,INT,2,0,114,0,333333.3215,254,0,152000000.0,0.0,0,0,0.003,0.0,0.0,0.0,0,0,0,0,0.0,0.0,0.0,57,0,0,0,23,2,16,16,16,23,0,0,0,17,23,0,Generic,1
9e-06,udp,dns,INT,2,0,114,0,111111.1072,254,0,50666664.0,0.0,0,0,0.009,0.0,0.0,0.0,0,0,0,0,0.0,0.0,0.0,57,0,0,0,33,2,9,8,8,34,0,0,0,8,33,0,Generic,1
1e-05,udp,dns,INT,2,0,114,0,100000.0025,254,0,45600000.0,0.0,0,0,0.01,0.0,0.0,0.0,0,0,0,0,0.0,0.0,0.0,57,0,0,0,38,2,36,36,24,38,0,0,0,36,38,0,Generic,1
1e-06,iatp,-,INT,2,0,200,0,1000000.003,254,0,800000000.0,0.0,0,0,0.001,0.0,0.0,0.0,0,0,0,0,0.0,0.0,0.0,100,0,0,0,6,2,3,3,3,6,0,0,0,4,6,0,Generic,1
8e-06,udp,dns,INT,2,0,114,0,125000.0003,254,0,57000000.0,0.0,0,0,0.008,0.0,0.0,0.0,0,0,0,0,0.0,0.0,0.0,57,0,0,0,31,2,2,1,1,31,0,0,0,1,31,0,Generic,1
8e-06,udp,dns,INT,2,0,114,0,125000.0003,254,0,57000000.0,0.0,0,0,0.008,0.0,0.0,0.0,0,0,0,0,0.0,0.0,0.0,57,0,0,0,4,2,3,3,3,4,0,0,0,3,4,0,Generic,1
9e-06,udp,dns,INT,2,0,114,0,111111.1072,254,0,50666664.0,0.0,0,0,0.009,0.0,0.0,0.0,0,0,0,0,0.0,0.0,0.0,57,0,0,0,9,2,9,9,9,9,0,0,0,9,9,0,Generic,1
3e-06,udp,dns,INT,2,0,114,0,333333.3215,254,0,152000000.0,0.0,0,0,0.003,0.0,0.0,0.0,0,0,0,0,0.0,0.0,0.0,57,0,0,0,31,2,17,17,17,32,0,0,0,17,31,0,Generic,1
3e-06,udp,dns,INT,2,0,114,0,333333.3215,254,0,152000000.0,0.0,0,0,0.003,0.0,0.0,0.0,0,0,0,0,0.0,0.0,0.0,57,0,0,0,34,2,7,7,4,34,0,0,0,7,34,0,Generic,1
8e-06,stp,-,INT,2,0,200,0,125000.0003,254,0,100000000.0,0.0,0,0,0.008,0.0,0.0,0.0,0,0,0,0,0.0,0.0,0.0,100,0,0,0,6,2,3,3,3,6,0,0,0,4,6,0,Generic,1
9e-06,udp,dns,INT,2,0,114,0,111111.1072,254,0,50666664.0,0.0,0,0,0.009,0.0,0.0,0.0,0,0,0,0,0.0,0.0,0.0,57,0,0,0,1,2,1,1,1,1,0,0,0,1,1,0,Generic,1
9e-06,udp,dns,INT,2,0,114,0,111111.1072,254,0,50666664.0,0.0,0,0,0.009,0.0,0.0,0.0,0,0,0,0,0.0,0.0,0.0,57,0,0,0,33,2,34,33,16,33,0,0,0,33,33,0,Generic,1
3e-06,udp,dns,INT,2,0,114,0,333333.3215,254,0,152000000.0,0.0,0,0,0.003,0.0,0.0,0.0,0,0,0,0,0.0,0.0,0.0,57,0,0,0,18,2,10,10,10,18,0,0,0,11,18,0,Generic,1
5e-06,udp,dns,INT,2,0,114,0,200000.0051,254,0,91200000.0,0.0,0,0,0.005,0.0,0.0,0.0,0,0,0,0,0.0,0.0,0.0,57,0,0,0,33,2,34,33,17,33,0,0,0,33,33,0,Generic,1
6e-06,udp,dns,INT,2,0,114,0,166666.6608,254,0,76000000.0,0.0,0,0,0.006,0.0,0.0,0.0,0,0,0,0,0.0,0.0,0.0,57,0,0,0,17,2,17,17,17,17,0,0,0,17,17,0,Generic,1
9e-06,udp,dns,INT,2,0,114,0,111111.1072,254,0,50666664.0,0.0,0,0,0.009,0.0,0.0,0.0,0,0,0,0,0.0,0.0,0.0,57,0,0,0,20,2,8,8,8,20,0,0,0,8,20,0,Generic,1
9e-06,udp,dns,INT,2,0,114,0,111111.1072,254,0,50666664.0,0.0,0,0,0.009,0.0,0.0,0.0,0,0,0,0,0.0,0.0,0.0,57,0,0,0,38,2,36,36,12,38,0,0,0,36,38,0,Generic,1
1e-05,udp,-,INT,2,0,1466,0,100000.0025,254,0,586400000.0,0.0,0,0,0.01,0.0,0.0,0.0,0,0,0,0,0.0,0.0,0.0,733,0,0,0,1,2,1,1,1,1,0,0,0,1,2,0,Generic,1
8e-06,udp,dns,INT,2,0,114,0,125000.0003,254,0,57000000.0,0.0,0,0,0.008,0.0,0.0,0.0,0,0,0,0,0.0,0.0,0.0,57,0,0,0,30,2,14,14,9,30,0,0,0,14,30,0,Generic,1
9e-06,udp,dns,INT,2,0,114,0,111111.1072,254,0,50666664.0,0.0,0,0,0.009,0.0,0.0,0.0,0,0,0,0,0.0,0.0,0.0,57,0,0,0,32,2,32,32,16,33,0,0,0,32,32,0,Generic,1
0.764616,tcp,http,FIN,10,14,1864,9874,30.080458,254,252,17556.52539,95933.11719,2,5,84.957333,54.397767,4583.515534,4513.109017,255,411515324,3983167519,255,0.108937,0.056673,0.052264,186,705,1,4500,1,1,1,1,1,1,0,0,1,1,1,0,Generic,1
5e-06,udp,dns,INT,2,0,114,0,200000.0051,254,0,91200000.0,0.0,0,0,0.005,0.0,0.0,0.0,0,0,0,0,0.0,0.0,0.0,57,0,0,0,30,2,17,17,17,30,0,0,0,17,30,0,Generic,1
3e-06,udp,dns,INT,2,0,114,0,333333.3215,254,0,152000000.0,0.0,0,0,0.003,0.0,0.0,0.0,0,0,0,0,0.0,0.0,0.0,57,0,0,0,31,2,25,25,11,31,0,0,0,25,31,0,Generic,1
1e-05,udp,dns,INT,2,0,114,0,100000.0025,254,0,45600000.0,0.0,0,0,0.01,0.0,0.0,0.0,0,0,0,0,0.0,0.0,0.0,57,0,0,0,11,2,11,11,11,11,0,0,0,12,11,0,Generic,1
5.888892,tcp,http,FIN,10,10,1146,928,3.226413,254,252,1401.961426,1135.69751,2,2,654.321333,645.51025,56730.06996,1538.940875,255,3354432945,3398718020,255,0.127988,0.078565,0.049423,115,93,1,63,3,1,3,3,1,3,0,0,1,3,3,0,Generic,1
1e-05,udp,dns,INT,2,0,114,0,100000.0025,254,0,45600000.0,0.0,0,0,0.01,0.0,0.0,0.0,0,0,0,0,0.0,0.0,0.0,57,0,0,0,25,2,17,17,17,25,0,0,0,17,25,0,Generic,1
6e-06,udp,dns,INT,2,0,114,0,166666.6608,254,0,76000000.0,0.0,0,0,0.006,0.0,0.0,0.0,0,0,0,0,0.0,0.0,0.0,57,0,0,0,32,2,17,17,17,32,0,0,0,18,32,0,Generic,1
4e-06,udp,dns,INT,2,0,114,0,250000.0006,254,0,114000000.0,0.0,0,0,0.004,0.0,0.0,0.0,0,0,0,0,0.0,0.0,0.0,57,0,0,0,29,2,12,12,12,29,0,0,0,12,29,0,Generic,1
8e-06,udp,dns,INT,2,0,114,0,125000.0003,254,0,57000000.0,0.0,0,0,0.008,0.0,0.0,0.0,0,0,0,0,0.0,0.0,0.0,57,0,0,0,27,2,10,10,10,27,0,0,0,10,27,0,Generic,1
9e-06,udp,dns,INT,2,0,114,0,111111.1072,254,0,50666664.0,0.0,0,0,0.009,0.0,0.0,0.0,0,0,0,0,0.0,0.0,0.0,57,0,0,0,18,2,18,18,18,18,0,0,0,22,18,0,Generic,1
8e-06,udp,dns,INT,2,0,114,0,125000.0003,254,0,57000000.0,0.0,0,0,0.008,0.0,0.0,0.0,0,0,0,0,0.0,0.0,0.0,57,0,0,0,33,2,33,33,16,33,0,0,0,33,33,0,Generic,1
5e-06,udp,dns,INT,2,0,114,0,200000.0051,254,0,91200000.0,0.0,0,0,0.005,0.0,0.0,0.0,0,0,0,0,0.0,0.0,0.0,57,0,0,0,32,2,32,32,17,32,0,0,0,32,32,0,Generic,1
8e-06,udp,dns,INT,2,0,114,0,125000.0003,254,0,57000000.0,0.0,0,0,0.008,0.0,0.0,0.0,0,0,0,0,0.0,0.0,0.0,57,0,0,0,45,2,9,9,2,45,0,0,0,9,45,0,Generic,1
9e-06,udp,dns,INT,2,0,114,0,111111.1072,254,0,50666664.0,0.0,0,0,0.009,0.0,0.0,0.0,0,0,0,0,0.0,0.0,0.0,57,0,0,0,12,2,12,12,6,12,0,0,0,13,12,0,Generic,1
9e-06,udp,dns,INT,2,0,114,0,111111.1072,254,0,50666664.0,0.0,0,0,0.009,0.0,0.0,0.0,0,0,0,0,0.0,0.0,0.0,57,0,0,0,21,2,21,21,10,21,0,0,0,21,21,0,Generic,1
0.459202,tcp,http,FIN,10,14,1124,11530,50.086891,254,252,17630.58594,186532.2969,2,5,50.922111,29.187306,2525.308009,2426.175979,255,2331141768,1209118313,255,0.146796,0.079761,0.067035,112,824,1,5150,1,1,1,1,1,1,0,0,1,1,1,0,Generic,1
5e-06,udp,dns,INT,2,0,114,0,200000.0051,254,0,91200000.0,0.0,0,0,0.005,0.0,0.0,0.0,0,0,0,0,0.0,0.0,0.0,57,0,0,0,10,2,11,10,10,10,0,0,0,10,10,0,Generic,1
1e-05,udp,dns,INT,2,0,114,0,100000.0025,254,0,45600000.0,0.0,0,0,0.01,0.0,0.0,0.0,0,0,0,0,0.0,0.0,0.0,57,0,0,0,38,2,3,3,2,38,0,0,0,3,38,0,Generic,1
3e-06,udp,dns,INT,2,0,114,0,333333.3215,254,0,152000000.0,0.0,0,0,0.003,0.0,0.0,0.0,0,0,0,0,0.0,0.0,0.0,57,0,0,0,14,2,15,14,14,14,0,0,0,14,14,0,Generic,1
8e-06,udp,dns,INT,2,0,114,0,125000.0003,254,0,57000000.0,0.0,0,0,0.008,0.0,0.0,0.0,0,0,0,0,0.0,0.0,0.0,57,0,0,0,30,2,30,30,18,30,0,0,0,31,30,0,Generic,1
8e-06,rsvp,-,INT,2,0,200,0,125000.0003,254,0,100000000.0,0.0,0,0,0.008,0.0,0.0,0.0,0,0,0,0,0.0,0.0,0.0,100,0,0,0,5,2,1,1,1,5,0,0,0,2,5,0,Generic,1
9e-06,udp,dns,INT,2,0,114,0,111111.1072,254,0,50666664.0,0.0,0,0,0.009,0.0,0.0,0.0,0,0,0,0,0.0,0.0,0.0,57,0,0,0,20,2,12,12,12,20,0,0,0,12,20,0,Generic,1
2e-06,udp,dns,INT,2,0,114,0,500000.0013,254,0,228000000.0,0.0,0,0,0.002,0.0,0.0,0.0,0,0,0,0,0.0,0.0,0.0,57,0,0,0,25,2,6,6,6,25,0,0,0,7,25,0,Generic,1
7e-06,udp,-,INT,2,0,1294,0,142857.1409,254,0,739428544.0,0.0,0,0,0.007,0.0,0.0,0.0,0,0,0,0,0.0,0.0,0.0,647,0,0,0,1,2,1,1,1,1,0,0,0,1,1,0,Generic,1
6e-06,udp,dns,INT,2,0,114,0,166666.6608,254,0,76000000.0,0.0,0,0,0.006,0.0,0.0,0.0,0,0,0,0,0.0,0.0,0.0,57,0,0,0,34,2,16,16,16,34,0,0,0,16,34,0,Generic,1
9e-06,unas,-,INT,2,0,200,0,111111.1072,254,0,88888888.0,0.0,0,0,0.009,0.0,0.0,0.0,0,0,0,0,0.0,0.0,0.0,100,0,0,0,5,2,1,1,1,5,0,0,0,3,5,0,Generic,1
1e-05,udp,dns,INT,2,0,114,0,100000.0025,254,0,45600000.0,0.0,0,0,0.01,0.0,0.0,0.0,0,0,0,0,0.0,0.0,0.0,57,0,0,0,34,2,13,13,13,34,0,0,0,13,34,0,Generic,1
8e-06,udp,dns,INT,2,0,114,0,125000.0003,254,0,57000000.0,0.0,0,0,0.008,0.0,0.0,0.0,0,0,0,0,0.0,0.0,0.0,57,0,0,0,32,2,18,18,18,32,0,0,0,18,32,0,Generic,1
2e-06,udp,dns,INT,2,0,114,0,500000.0013,254,0,228000000.0,0.0,0,0,0.002,0.0,0.0,0.0,0,0,0,0,0.0,0.0,0.0,57,0,0,0,4,2,4,4,4,4,0,0,0,4,4,0,Generic,1
9e-06,udp,dns,INT,2,0,114,0,111111.1072,254,0,50666664.0,0.0,0,0,0.009,0.0,0.0,0.0,0,0,0,0,0.0,0.0,0.0,57,0,0,0,30,2,13,13,13,30,0,0,0,13,30,0,Generic,1
8e-06,udp,dns,INT,2,0,114,0,125000.0003,254,0,57000000.0,0.0,0,0,0.008,0.0,0.0,0.0,0,0,0,0,0.0,0.0,0.0,57,0,0,0,35,2,8,8,1,35,0,0,0,8,35,0,Generic,1
0.221007,tcp,http,FIN,12,26,788,29382,167.415508,62,252,26171.11719,1022664.438,2,11,20.091546,8.296,1144.063918,1066.803883,255,1554220207,4140886091,255,0.057637,0.010264,0.047373,66,1130,1,13824,1,1,1,1,1,1,0,0,1,1,1,0,Generic,1
8e-06,udp,dns,INT,2,0,114,0,125000.0003,254,0,57000000.0,0.0,0,0,0.008,0.0,0.0,0.0,0,0,0,0,0.0,0.0,0.0,57,0,0,0,30,2,17,17,17,30,0,0,0,18,30,0,Generic,1
4e-06,udp,dns,INT,2,0,114,0,250000.0006,254,0,114000000.0,0.0,0,0,0.004,0.0,0.0,0.0,0,0,0,0,0.0,0.0,0.0,57,0,0,0,15,2,13,13,7,15,0,0,0,13,15,0,Generic,1
9e-06,udp,dns,INT,2,0,114,0,111111.1072,254,0,50666664.0,0.0,0,0,0.009,0.0,0.0,0.0,0,0,0,0,0.0,0.0,0.0,57,0,0,0,21,2,6,6,3,21,0,0,0,6,21,0,Generic,1
9e-06,udp,dns,INT,2,0,114,0,111111.1072,254,0,50666664.0,0.0,0,0,0.009,0.0,0.0,0.0,0,0,0,0,0.0,0.0,0.0,57,0,0,0,44,2,34,34,26,44,0,0,0,34,44,0,Generic,1
0.237816,tcp,http,FIN,10,8,1022,1908,71.483834,62,252,30948.29492,56177.88281,2,2,26.424,32.059715,1396.078765,55.121074,255,62129851,801213938,255,0.066673,0.012585,0.054088,102,239,1,475,2,1,2,2,2,2,0,0,4,2,2,0,Generic,1
7e-06,udp,dns,INT,2,0,114,0,142857.1409,254,0,65142856.0,0.0,0,0,0.007,0.0,0.0,0.0,0,0,0,0,0.0,0.0,0.0,57,0,0,0,39,2,16,16,8,39,0,0,0,16,39,0,Generic,1
9e-06,udp,dns,INT,2,0,114,0,111111.1072,254,0,50666664.0,0.0,0,0,0.009,0.0,0.0,0.0,0,0,0,0,0.0,0.0,0.0,57,0,0,0,29,2,12,12,12,29,0,0,0,13,29,0,Generic,1
1.098113,tcp,-,FIN,10,8,468,354,15.481103,254,252,3074.36499,2258.419678,2,1,116.026111,142.918578,6702.344199,197.357234,255,2258191978,4069340532,255,0.183202,0.097674,0.085528,47,44,0,0,1,1,1,1,1,1,0,0,0,1,1,0,Generic,1
3e-06,udp,dns,INT,2,0,114,0,333333.3215,254,0,152000000.0,0.0,0,0,0.003,0.0,0.0,0.0,0,0,0,0,0.0,0.0,0.0,57,0,0,0,16,2,4,4,3,16,0,0,0,4,16,0,Generic,1
9e-06,udp,dns,INT,2,0,114,0,111111.1072,254,0,50666664.0,0.0,0,0,0.009,0.0,0.0,0.0,0,0,0,0,0.0,0.0,0.0,57,0,0,0,27,2,27,27,13,27,0,0,0,28,27,0,Generic,1
6e-06,udp,dns,INT,2,0,114,0,166666.6608,254,0,76000000.0,0.0,0,0,0.006,0.0,0.0,0.0,0,0,0,0,0.0,0.0,0.0,57,0,0,0,37,2,33,33,16,37,0,0,0,34,37,0,Generic,1
9e-06,udp,dns,INT,2,0,114,0,111111.1072,254,0,50666664.0,0.0,0,0,0.009,0.0,0.0,0.0,0,0,0,0,0.0,0.0,0.0,57,0,0,0,21,2,15,15,15,21,0,0,0,15,21,0,Generic,1
5e-06,udp,dns,INT,2,0,114,0,200000.0051,254,0,91200000.0,0.0,0,0,0.005,0.0,0.0,0.0,0,0,0,0,0.0,0.0,0.0,57,0,0,0,23,2,16,16,16,23,0,0,0,16,23,0,Generic,1
1e-06,udp,dns,INT,2,0,114,0,1000000.003,254,0,456000000.0,0.0,0,0,0.001,0.0,0.0,0.0,0,0,0,0,0.0,0.0,0.0,57,0,0,0,24,2,6,6,2,24,0,0,0,7,24,0,Generic,1
8e-06,udp,dns,INT,2,0,114,0,125000.0003,254,0,57000000.0,0.0,0,0,0.008,0.0,0.0,0.0,0,0,0,0,0.0,0.0,0.0,57,0,0,0,27,2,12,11,11,27,0,0,0,14,27,0,Generic,1
6e-06,udp,dns,INT,2,0,114,0,166666.6608,254,0,76000000.0,0.0,0,0,0.006,0.0,0.0,0.0,0,0,0,0,0.0,0.0,0.0,57,0,0,0,27,2,16,14,14,27,0,0,0,14,27,0,Generic,1
9e-06,udp,dns,INT,2,0,114,0,111111.1072,254,0,50666664.0,0.0,0,0,0.009,0.0,0.0,0.0,0,0,0,0,0.0,0.0,0.0,57,0,0,0,5,2,5,5,5,5,0,0,0,5,5,0,Generic,1
9e-06,udp,dns,INT,2,0,114,0,111111.1072,254,0,50666664.0,0.0,0,0,0.009,0.0,0.0,0.0,0,0,0,0,0.0,0.0,0.0,57,0,0,0,32,2,32,32,15,32,0,0,0,32,32,0,Generic,1
3e-06,udp,dns,INT,2,0,114,0,333333.3215,254,0,152000000.0,0.0,0,0,0.003,0.0,0.0,0.0,0,0,0,0,0.0,0.0,0.0,57,0,0,0,10,2,8,8,4,10,0,0,0,8,10,0,Generic,1
3e-06,udp,dns,INT,2,0,114,0,333333.3215,254,0,152000000.0,0.0,0,0,0.003,0.0,0.0,0.0,0,0,0,0,0.0,0.0,0.0,57,0,0,0,26,2,26,26,12,26,0,0,0,26,26,0,Generic,1
7e-06,udp,dns,INT,2,0,114,0,142857.1409,254,0,65142856.0,0.0,0,0,0.007,0.0,0.0,0.0,0,0,0,0,0.0,0.0,0.0,57,0,0,0,10,2,8,8,4,10,0,0,0,8,10,0,Generic,1
1.2e-05,udp,-,INT,2,0,1244,0,83333.33039,254,0,414666656.0,0.0,0,0,0.012,0.0,0.0,0.0,0,0,0,0,0.0,0.0,0.0,622,0,0,0,1,2,1,1,1,1,0,0,0,2,1,0,Generic,1
7e-06,udp,dns,INT,2,0,114,0,142857.1409,254,0,65142856.0,0.0,0,0,0.007,0.0,0.0,0.0,0,0,0,0,0.0,0.0,0.0,57,0,0,0,26,2,26,26,14,26,0,0,0,26,26,0,Generic,1
2.256998,tcp,http,FIN,42,220,2924,282805,115.64033,62,252,10119.63672,997856.4375,2,108,55.04873,10.115069,2741.568782,1339.35198,255,3455464310,872196030,255,0.063837,0.051072,0.012765,70,1285,1,136586,3,1,1,2,1,1,0,0,1,2,1,0,Generic,1
6e-06,udp,dns,INT,2,0,114,0,166666.6608,254,0,76000000.0,0.0,0,0,0.006,0.0,0.0,0.0,0,0,0,0,0.0,0.0,0.0,57,0,0,0,34,2,35,34,18,34,0,0,0,34,34,0,Generic,1
9e-06,udp,dns,INT,2,0,114,0,111111.1072,254,0,50666664.0,0.0,0,0,0.009,0.0,0.0,0.0,0,0,0,0,0.0,0.0,0.0,57,0,0,0,28,2,26,26,14,28,0,0,0,26,28,0,Generic,1
1e-06,udp,dns,INT,2,0,114,0,1000000.003,254,0,456000000.0,0.0,0,0,0.001,0.0,0.0,0.0,0,0,0,0,0.0,0.0,0.0,57,0,0,0,33,2,16,16,16,33,0,0,0,17,33,0,Generic,1
9e-06,udp,dns,INT,2,0,114,0,111111.1072,254,0,50666664.0,0.0,0,0,0.009,0.0,0.0,0.0,0,0,0,0,0.0,0.0,0.0,57,0,0,0,44,2,14,14,14,44,0,0,0,14,44,0,Generic,1
0.233983,tcp,http,FIN,10,8,1540,2392,72.654852,62,252,47388.05859,71560.75781,2,2,25.998111,31.025572,1404.827619,53.860672,255,2221626921,1217515588,255,0.055842,0.00732,0.048522,154,299,1,709,1,1,1,1,1,1,0,0,1,1,2,0,Generic,1
3e-06,udp,dns,INT,2,0,114,0,333333.3215,254,0,152000000.0,0.0,0,0,0.003,0.0,0.0,0.0,0,0,0,0,0.0,0.0,0.0,57,0,0,0,31,2,8,8,8,31,0,0,0,8,31,0,Generic,1
9e-06,udp,dns,INT,2,0,114,0,111111.1072,254,0,50666664.0,0.0,0,0,0.009,0.0,0.0,0.0,0,0,0,0,0.0,0.0,0.0,57,0,0,0,39,2,23,23,16,39,0,0,0,23,39,0,Generic,1
9e-06,udp,dns,INT,2,0,114,0,111111.1072,254,0,50666664.0,0.0,0,0,0.009,0.0,0.0,0.0,0,0,0,0,0.0,0.0,0.0,57,0,0,0,27,2,14,13,13,27,0,0,0,13,27,0,Generic,1
3e-06,udp,dns,INT,2,0,114,0,333333.3215,254,0,152000000.0,0.0,0,0,0.003,0.0,0.0,0.0,0,0,0,0,0.0,0.0,0.0,57,0,0,0,23,2,17,17,17,23,0,0,0,17,23,0,Generic,1
3e-06,udp,dns,INT,2,0,114,0,333333.3215,254,0,152000000.0,0.0,0,0,0.003,0.0,0.0,0.0,0,0,0,0,0.0,0.0,0.0,57,0,0,0,18,2,19,18,18,18,0,0,0,18,18,0,Generic,1
6e-06,udp,dns,INT,2,0,114,0,166666.6608,254,0,76000000.0,0.0,0,0,0.006,0.0,0.0,0.0,0,0,0,0,0.0,0.0,0.0,57,0,0,0,17,2,16,16,16,16,0,0,0,16,16,0,Generic,1
3e-06,udp,dns,INT,2,0,114,0,333333.3215,254,0,152000000.0,0.0,0,0,0.003,0.0,0.0,0.0,0,0,0,0,0.0,0.0,0.0,57,0,0,0,32,2,10,10,10,32,0,0,0,10,32,0,Generic,1
9e-06,udp,dns,INT,2,0,114,0,111111.1072,254,0,50666664.0,0.0,0,0,0.009,0.0,0.0,0.0,0,0,0,0,0.0,0.0,0.0,57,0,0,0,18,2,14,12,12,20,0,0,0,14,18,0,Generic,1
9e-06,udp,dns,INT,2,0,114,0,111111.1072,254,0,50666664.0,0.0,0,0,0.009,0.0,0.0,0.0,0,0,0,0,0.0,0.0,0.0,57,0,0,0,36,2,37,36,25,36,0,0,0,36,36,0,Generic,1
6e-06,udp,dns,INT,2,0,114,0,166666.6608,254,0,76000000.0,0.0,0,0,0.006,0.0,0.0,0.0,0,0,0,0,0.0,0.0,0.0,57,0,0,0,29,2,16,14,6,32,0,0,0,15,29,0,Generic,1
8e-06,udp,dns,INT,2,0,114,0,125000.0003,254,0,57000000.0,0.0,0,0,0.008,0.0,0.0,0.0,0,0,0,0,0.0,0.0,0.0,57,0,0,0,17,2,17,16,16,17,0,0,0,16,17,0,Generic,1
1.2e-05,udp,dns,INT,2,0,114,0,83333.33039,254,0,38000000.0,0.0,0,0,0.012,0.0,0.0,0.0,0,0,0,0,0.0,0.0,0.0,57,0,0,0,33,2,16,16,16,33,0,0,0,16,33,0,Generic,1
2e-06,udp,dns,INT,2,0,114,0,500000.0013,254,0,228000000.0,0.0,0,0,0.002,0.0,0.0,0.0,0,0,0,0,0.0,0.0,0.0,57,0,0,0,22,2,9,9,9,22,0,0,0,9,22,0,Generic,1
2e-06,udp,dns,INT,2,0,114,0,500000.0013,254,0,228000000.0,0.0,0,0,0.002,0.0,0.0,0.0,0,0,0,0,0.0,0.0,0.0,57,0,0,0,29,2,7,7,7,29,0,0,0,7,29,0,Generic,1
9e-06,udp,dns,INT,2,0,114,0,111111.1072,254,0,50666664.0,0.0,0,0,0.009,0.0,0.0,0.0,0,0,0,0,0.0,0.0,0.0,57,0,0,0,22,2,13,13,13,22,0,0,0,13,22,0,Generic,1
9e-06,udp,dns,INT,2,0,114,0,111111.1072,254,0,50666664.0,0.0,0,0,0.009,0.0,0.0,0.0,0,0,0,0,0.0,0.0,0.0,57,0,0,0,16,2,6,6,6,16,0,0,0,6,16,0,Generic,1
6e-06,udp,dns,INT,2,0,114,0,166666.6608,254,0,76000000.0,0.0,0,0,0.006,0.0,0.0,0.0,0,0,0,0,0.0,0.0,0.0,57,0,0,0,14,2,4,4,2,14,0,0,0,4,14,0,Generic,1
6e-06,udp,dns,INT,2,0,114,0,166666.6608,254,0,76000000.0,0.0,0,0,0.006,0.0,0.0,0.0,0,0,0,0,0.0,0.0,0.0,57,0,0,0,44,2,30,30,14,44,0,0,0,30,44,0,Generic,1
9e-06,udp,dns,INT,2,0,114,0,111111.1072,254,0,50666664.0,0.0,0,0,0.009,0.0,0.0,0.0,0,0,0,0,0.0,0.0,0.0,57,0,0,0,44,2,30,30,16,44,0,0,0,30,44,0,Generic,1
1.5e-05,udp,dns,INT,2,0,114,0,66666.66835,254,0,30400000.0,0.0,0,0,0.015,0.0,0.0,0.0,0,0,0,0,0.0,0.0,0.0,57,0,0,0,32,2,16,16,16,32,0,0,0,17,32,0,Generic,1
9e-06,udp,dns,INT,2,0,114,0,111111.1072,254,0,50666664.0,0.0,0,0,0.009,0.0,0.0,0.0,0,0,0,0,0.0,0.0,0.0,57,0,0,0,16,2,11,11,11,16,0,0,0,11,16,0,Generic,1
0.218762,tcp,-,FIN,10,6,768,268,68.567669,254,252,25306.04102,8191.550781,2,1,24.306889,41.933398,1157.625325,63.077383,255,3742750022,2615691155,255,0.055533,0.008456,0.047077,77,45,0,0,1,1,1,1,1,1,0,0,0,1,1,0,Generic,1
3e-06,udp,dns,INT,2,0,114,0,333333.3215,254,0,152000000.0,0.0,0,0,0.003,0.0,0.0,0.0,0,0,0,0,0.0,0.0,0.0,57,0,0,0,29,2,12,11,11,29,0,0,0,11,29,0,Generic,1
9e-06,udp,dns,INT,2,0,114,0,111111.1072,254,0,50666664.0,0.0,0,0,0.009,0.0,0.0,0.0,0,0,0,0,0.0,0.0,0.0,57,0,0,0,32,2,6,6,6,32,0,0,0,7,32,0,Generic,1
6e-06,udp,dns,INT,2,0,114,0,166666.6608,254,0,76000000.0,0.0,0,0,0.006,0.0,0.0,0.0,0,0,0,0,0.0,0.0,0.0,57,0,0,0,19,2,5,5,2,19,0,0,0,5,19,0,Generic,1
4.371233,ospf,-,INT,42,0,2688,0,9.379505,254,0,4802.306152,0.0,0,0,106.615437,0.0,160.486734,0.0,0,0,0,0,0.0,0.0,0.0,64,0,0,0,1,2,1,1,1,1,0,0,0,37,1,0,Generic,1
8e-06,udp,dns,INT,2,0,114,0,125000.0003,254,0,57000000.0,0.0,0,0,0.008,0.0,0.0,0.0,0,0,0,0,0.0,0.0,0.0,57,0,0,0,18,2,17,17,17,18,0,0,0,17,18,0,Generic,1
1.112764,tcp,http,FIN,12,22,1286,22006,29.655884,62,252,8476.19043,151018.5469,2,9,101.160364,49.240283,5831.684169,5640.15374,255,1684326510,4076762081,255,0.250772,0.07805,0.172722,107,1000,1,0,2,1,1,1,1,1,0,0,1,1,1,0,Generic,1
9e-06,udp,dns,INT,2,0,114,0,111111.1072,254,0,50666664.0,0.0,0,0,0.009,0.0,0.0,0.0,0,0,0,0,0.0,0.0,0.0,57,0,0,0,18,2,8,8,8,18,0,0,0,8,18,0,Generic,1
8e-06,udp,dns,INT,2,0,114,0,125000.0003,254,0,57000000.0,0.0,0,0,0.008,0.0,0.0,0.0,0,0,0,0,0.0,0.0,0.0,57,0,0,0,35,2,9,9,5,35,0,0,0,9,35,0,Generic,1
0.95152,tcp,smtp,FIN,22,20,2703,1370,43.088951,62,252,21700.01563,10946.69531,8,8,45.267666,48.464527,2428.863247,58.81302,255,3507350932,2675190074,255,0.057758,0.030685,0.027073,123,69,0,0,1,1,1,1,1,1,0,0,0,1,1,0,Generic,1
4e-06,udp,dns,INT,2,0,114,0,250000.0006,254,0,114000000.0,0.0,0,0,0.004,0.0,0.0,0.0,0,0,0,0,0.0,0.0,0.0,57,0,0,0,25,2,16,16,16,25,0,0,0,17,25,0,Generic,1
8e-06,udp,dns,INT,2,0,114,0,125000.0003,254,0,57000000.0,0.0,0,0,0.008,0.0,0.0,0.0,0,0,0,0,0.0,0.0,0.0,57,0,0,0,19,2,5,5,3,19,0,0,0,5,19,0,Generic,1
2e-06,udp,-,INT,2,0,1324,0,500000.0013,254,0,2648000000.0,0.0,0,0,0.002,0.0,0.0,0.0,0,0,0,0,0.0,0.0,0.0,662,0,0,0,1,2,1,1,1,1,0,0,0,1,1,0,Generic,1
6.078601,tcp,-,FIN,88,466,4722,630604,90.974882,62,252,6144.834961,828152.4375,5,231,69.868979,12.963904,3473.84263,1610.16428,255,4087320966,2905343228,255,0.126316,0.049409,0.076907,54,1353,0,0,2,1,1,1,1,1,0,0,0,1,1,0,Generic,1
9e-06,udp,dns,INT,2,0,114,0,111111.1072,254,0,50666664.0,0.0,0,0,0.009,0.0,0.0,0.0,0,0,0,0,0.0,0.0,0.0,57,0,0,0,4,2,4,4,4,5,0,0,0,4,4,0,Generic,1
0.358859,tcp,http,FIN,10,8,1210,3254,47.372366,62,252,24276.94336,63490.11719,2,2,39.796778,45.184855,1969.955512,64.676094,255,3372738001,48042373,255,0.093472,0.042564,0.050908,121,407,1,1071,1,1,1,1,1,1,0,0,1,1,1,0,Generic,1
6e-06,udp,dns,INT,2,0,114,0,166666.6608,254,0,76000000.0,0.0,0,0,0.006,0.0,0.0,0.0,0,0,0,0,0.0,0.0,0.0,57,0,0,0,13,2,4,4,4,13,0,0,0,4,13,0,Generic,1
7e-06,sctp,-,INT,2,0,78,0,142857.1409,254,0,44571428.0,0.0,0,0,0.007,0.0,0.0,0.0,0,0,0,0,0.0,0.0,0.0,39,0,0,0,1,2,3,1,1,1,0,0,0,2,1,0,Generic,1
3e-06,udp,dns,INT,2,0,114,0,333333.3215,254,0,152000000.0,0.0,0,0,0.003,0.0,0.0,0.0,0,0,0,0,0.0,0.0,0.0,57,0,0,0,26,2,5,5,5,26,0,0,0,5,26,0,Generic,1
9e-06,udp,dns,INT,2,0,114,0,111111.1072,254,0,50666664.0,0.0,0,0,0.009,0.0,0.0,0.0,0,0,0,0,0.0,0.0,0.0,57,0,0,0,24,2,3,2,2,28,0,0,0,3,24,0,Generic,1
1e-06,udp,dns,INT,2,0,114,0,1000000.003,254,0,456000000.0,0.0,0,0,0.001,0.0,0.0,0.0,0,0,0,0,0.0,0.0,0.0,57,0,0,0,33,2,16,16,16,33,0,0,0,16,33,0,Generic,1
8e-06,udp,dns,INT,2,0,118,0,125000.0003,254,0,59000000.0,0.0,0,0,0.008,0.0,0.0,0.0,0,0,0,0,0.0,0.0,0.0,59,0,0,0,1,2,1,1,1,1,0,0,0,1,1,0,Generic,1
6e-06,udp,dns,INT,2,0,114,0,166666.6608,254,0,76000000.0,0.0,0,0,0.006,0.0,0.0,0.0,0,0,0,0,0.0,0.0,0.0,57,0,0,0,33,2,17,17,17,33,0,0,0,18,33,0,Generic,1
1.7e-05,udp,dns,INT,2,0,114,0,58823.52838,254,0,26823528.0,0.0,0,0,0.017,0.0,0.0,0.0,0,0,0,0,0.0,0.0,0.0,57,0,0,0,46,2,4,4,3,46,0,0,0,4,46,0,Generic,1
0.660325,tcp,http,FIN,14,36,1370,37948,74.205885,62,252,15422.70898,446979.9063,2,15,50.79423,16.807571,3303.162363,2000.925713,255,2110357096,3648334534,255,0.089362,0.034921,0.054441,98,1054,1,17920,1,1,1,1,1,1,0,0,1,1,1,0,Generic,1
8e-06,udp,dns,INT,2,0,114,0,125000.0003,254,0,57000000.0,0.0,0,0,0.008,0.0,0.0,0.0,0,0,0,0,0.0,0.0,0.0,57,0,0,0,14,2,12,12,12,14,0,0,0,12,14,0,Generic,1
3e-06,udp,dns,INT,2,0,114,0,333333.3215,254,0,152000000.0,0.0,0,0,0.003,0.0,0.0,0.0,0,0,0,0,0.0,0.0,0.0,57,0,0,0,9,2,9,9,4,9,0,0,0,9,9,0,Generic,1
6e-06,udp,dns,INT,2,0,114,0,166666.6608,254,0,76000000.0,0.0,0,0,0.006,0.0,0.0,0.0,0,0,0,0,0.0,0.0,0.0,57,0,0,0,8,2,8,8,8,8,0,0,0,8,8,0,Generic,1
8e-06,udp,dns,INT,2,0,114,0,125000.0003,254,0,57000000.0,0.0,0,0,0.008,0.0,0.0,0.0,0,0,0,0,0.0,0.0,0.0,57,0,0,0,7,2,7,7,3,7,0,0,0,7,7,0,Generic,1
5e-06,udp,dns,INT,2,0,114,0,200000.0051,254,0,91200000.0,0.0,0,0,0.005,0.0,0.0,0.0,0,0,0,0,0.0,0.0,0.0,57,0,0,0,36,2,7,7,7,36,0,0,0,8,36,0,Generic,1
43.513657,ospf,-,INT,42,0,18480,0,0.942233,254,0,3316.659912,0.0,0,0,1061.3085,0.0,1224.316,0.0,0,0,0,0,0.0,0.0,0.0,440,0,0,0,1,2,1,1,1,1,0,0,0,18,1,0,Generic,1
7e-06,udp,dns,INT,2,0,114,0,142857.1409,254,0,65142856.0,0.0,0,0,0.007,0.0,0.0,0.0,0,0,0,0,0.0,0.0,0.0,57,0,0,0,5,2,3,3,3,5,0,0,0,8,5,0,Generic,1
9e-06,udp,dns,INT,2,0,114,0,111111.1072,254,0,50666664.0,0.0,0,0,0.009,0.0,0.0,0.0,0,0,0,0,0.0,0.0,0.0,57,0,0,0,16,2,5,5,2,16,0,0,0,5,16,0,Generic,1
9e-06,udp,dns,INT,2,0,114,0,111111.1072,254,0,50666664.0,0.0,0,0,0.009,0.0,0.0,0.0,0,0,0,0,0.0,0.0,0.0,57,0,0,0,37,2,28,28,14,37,0,0,0,28,37,0,Generic,1
9e-06,udp,dns,INT,2,0,114,0,111111.1072,254,0,50666664.0,0.0,0,0,0.009,0.0,0.0,0.0,0,0,0,0,0.0,0.0,0.0,57,0,0,0,31,2,7,7,7,31,0,0,0,7,31,0,Generic,1
9e-06,udp,dns,INT,2,0,114,0,111111.1072,254,0,50666664.0,0.0,0,0,0.009,0.0,0.0,0.0,0,0,0,0,0.0,0.0,0.0,57,0,0,0,37,2,9,9,9,37,0,0,0,9,37,0,Generic,1
3e-06,udp,dns,INT,2,0,114,0,333333.3215,254,0,152000000.0,0.0,0,0,0.003,0.0,0.0,0.0,0,0,0,0,0.0,0.0,0.0,57,0,0,0,35,2,32,32,22,35,0,0,0,32,35,0,Generic,1
2e-06,udp,dns,INT,2,0,114,0,500000.0013,254,0,228000000.0,0.0,0,0,0.002,0.0,0.0,0.0,0,0,0,0,0.0,0.0,0.0,57,0,0,0,15,2,15,15,15,15,0,0,0,16,15,0,Generic,1
8e-06,udp,radius,INT,2,0,100,0,125000.0003,254,0,50000000.0,0.0,0,0,0.008,0.0,0.0,0.0,0,0,0,0,0.0,0.0,0.0,50,0,0,0,1,2,1,1,1,1,0,0,0,1,1,0,Generic,1
7e-06,udp,dns,INT,2,0,114,0,142857.1409,254,0,65142856.0,0.0,0,0,0.007,0.0,0.0,0.0,0,0,0,0,0.0,0.0,0.0,57,0,0,0,33,2,16,16,16,33,0,0,0,16,33,0,Generic,1
1.4e-05,udp,dns,INT,2,0,114,0,71428.57045,254,0,32571428.0,0.0,0,0,0.014,0.0,0.0,0.0,0,0,0,0,0.0,0.0,0.0,57,0,0,0,38,2,24,24,16,38,0,0,0,24,38,0,Generic,1
9e-06,udp,dns,INT,2,0,114,0,111111.1072,254,0,50666664.0,0.0,0,0,0.009,0.0,0.0,0.0,0,0,0,0,0.0,0.0,0.0,57,0,0,0,38,2,24,24,8,38,0,0,0,24,38,0,Generic,1
1e-06,udp,dns,INT,2,0,114,0,1000000.003,254,0,456000000.0,0.0,0,0,0.001,0.0,0.0,0.0,0,0,0,0,0.0,0.0,0.0,57,0,0,0,18,2,10,10,4,18,0,0,0,10,18,0,Generic,1
8e-06,udp,dns,INT,2,0,114,0,125000.0003,254,0,57000000.0,0.0,0,0,0.008,0.0,0.0,0.0,0,0,0,0,0.0,0.0,0.0,57,0,0,0,2,2,2,2,2,2,0,0,0,2,2,0,Generic,1
8e-06,udp,dns,INT,2,0,114,0,125000.0003,254,0,57000000.0,0.0,0,0,0.008,0.0,0.0,0.0,0,0,0,0,0.0,0.0,0.0,57,0,0,0,31,2,14,14,14,31,0,0,0,14,31,0,Generic,1
1e-06,udp,dns,INT,2,0,114,0,1000000.003,254,0,456000000.0,0.0,0,0,0.001,0.0,0.0,0.0,0,0,0,0,0.0,0.0,0.0,57,0,0,0,27,2,23,23,13,27,0,0,0,23,27,0,Generic,1
9e-06,udp,dns,INT,2,0,114,0,111111.1072,254,0,50666664.0,0.0,0,0,0.009,0.0,0.0,0.0,0,0,0,0,0.0,0.0,0.0,57,0,0,0,44,2,33,33,17,44,0,0,0,33,44,0,Generic,1
4e-06,udp,dns,INT,2,0,114,0,250000.0006,254,0,114000000.0,0.0,0,0,0.004,0.0,0.0,0.0,0,0,0,0,0.0,0.0,0.0,57,0,0,0,26,2,26,26,13,26,0,0,0,26,26,0,Generic,1
9e-06,udp,dns,INT,2,0,114,0,111111.1072,254,0,50666664.0,0.0,0,0,0.009,0.0,0.0,0.0,0,0,0,0,0.0,0.0,0.0,57,0,0,0,31,2,17,17,17,31,0,0,0,19,31,0,Generic,1
3e-06,udp,dns,INT,2,0,114,0,333333.3215,254,0,152000000.0,0.0,0,0,0.003,0.0,0.0,0.0,0,0,0,0,0.0,0.0,0.0,57,0,0,0,26,2,26,26,13,26,0,0,0,26,26,0,Generic,1
9e-06,udp,dns,INT,2,0,114,0,111111.1072,254,0,50666664.0,0.0,0,0,0.009,0.0,0.0,0.0,0,0,0,0,0.0,0.0,0.0,57,0,0,0,44,2,33,33,16,44,0,0,0,33,44,0,Generic,1
9e-06,udp,dns,INT,2,0,114,0,111111.1072,254,0,50666664.0,0.0,0,0,0.009,0.0,0.0,0.0,0,0,0,0,0.0,0.0,0.0,57,0,0,0,20,2,2,2,2,20,0,0,0,2,20,0,Generic,1
5e-06,udp,dns,INT,2,0,114,0,200000.0051,254,0,91200000.0,0.0,0,0,0.005,0.0,0.0,0.0,0,0,0,0,0.0,0.0,0.0,57,0,0,0,23,2,23,23,10,23,0,0,0,23,23,0,Generic,1
6e-06,udp,dns,INT,2,0,114,0,166666.6608,254,0,76000000.0,0.0,0,0,0.006,0.0,0.0,0.0,0,0,0,0,0.0,0.0,0.0,57,0,0,0,39,2,33,33,17,39,0,0,0,33,39,0,Generic,1
1e-05,udp,dns,INT,2,0,114,0,100000.0025,254,0,45600000.0,0.0,0,0,0.01,0.0,0.0,0.0,0,0,0,0,0.0,0.0,0.0,57,0,0,0,39,2,33,33,16,39,0,0,0,33,39,0,Generic,1
5e-06,udp,dns,INT,2,0,114,0,200000.0051,254,0,91200000.0,0.0,0,0,0.005,0.0,0.0,0.0,0,0,0,0,0.0,0.0,0.0,57,0,0,0,15,2,15,15,3,15,0,0,0,15,15,0,Generic,1
9e-06,udp,dns,INT,2,0,114,0,111111.1072,254,0,50666664.0,0.0,0,0,0.009,0.0,0.0,0.0,0,0,0,0,0.0,0.0,0.0,57,0,0,0,14,2,8,8,8,14,0,0,0,8,14,0,Generic,1
2.037877,tcp,http,FIN,10,12,1190,3672,10.304841,62,252,4204.375488,13213.75098,2,3,226.430778,180.065812,14054.76308,12835.93515,255,3304013324,2924382763,255,0.088923,0.056618,0.032305,119,306,1,1223,1,1,2,1,1,1,0,0,1,1,1,0,Generic,1
3e-06,udp,dns,INT,2,0,114,0,333333.3215,254,0,152000000.0,0.0,0,0,0.003,0.0,0.0,0.0,0,0,0,0,0.0,0.0,0.0,57,0,0,0,21,2,7,6,6,22,0,0,0,7,21,0,Generic,1
4e-06,udp,dns,INT,2,0,114,0,250000.0006,254,0,114000000.0,0.0,0,0,0.004,0.0,0.0,0.0,0,0,0,0,0.0,0.0,0.0,57,0,0,0,28,2,17,17,17,28,0,0,0,18,28,0,Generic,1
3e-06,udp,dns,INT,2,0,114,0,333333.3215,254,0,152000000.0,0.0,0,0,0.003,0.0,0.0,0.0,0,0,0,0,0.0,0.0,0.0,57,0,0,0,38,2,24,24,8,38,0,0,0,24,38,0,Generic,1
6e-06,igp,-,INT,2,0,180,0,166666.6608,254,0,119999992.0,0.0,0,0,0.006,0.0,0.0,0.0,0,0,0,0,0.0,0.0,0.0,90,0,0,0,10,2,9,8,8,10,0,0,0,8,10,0,Generic,1
3e-06,udp,dns,INT,2,0,114,0,333333.3215,254,0,152000000.0,0.0,0,0,0.003,0.0,0.0,0.0,0,0,0,0,0.0,0.0,0.0,57,0,0,0,3,2,3,3,3,3,0,0,0,4,3,0,Generic,1
23.70339,tcp,-,FIN,10,8,2578,354,0.717197,62,252,783.347839,104.626381,2,1,2633.710333,3367.7785,237428.9672,7712.924,255,2893709350,1202566663,255,0.241236,0.128207,0.113029,258,44,0,0,4,1,3,3,1,3,0,0,0,5,2,0,Generic,1
9e-06,udp,dns,INT,2,0,114,0,111111.1072,254,0,50666664.0,0.0,0,0,0.009,0.0,0.0,0.0,0,0,0,0,0.0,0.0,0.0,57,0,0,0,4,2,4,4,4,4,0,0,0,6,4,0,Generic,1
5e-06,udp,dns,INT,2,0,114,0,200000.0051,254,0,91200000.0,0.0,0,0,0.005,0.0,0.0,0.0,0,0,0,0,0.0,0.0,0.0,57,0,0,0,22,2,19,16,16,22,0,0,0,17,22,0,Generic,1
8e-06,udp,dns,INT,2,0,114,0,125000.0003,254,0,57000000.0,0.0,0,0,0.008,0.0,0.0,0.0,0,0,0,0,0.0,0.0,0.0,57,0,0,0,26,2,3,3,3,26,0,0,0,3,26,0,Generic,1
1e-06,xnet,-,INT,2,0,180,0,1000000.003,254,0,720000000.0,0.0,0,0,0.001,0.0,0.0,0.0,0,0,0,0,0.0,0.0,0.0,90,0,0,0,10,2,2,2,2,10,0,0,0,2,10,0,Generic,1
5.18762,tcp,http,FIN,14,12,1594,2492,4.819165,254,252,2283.898926,3523.773682,3,3,399.047692,458.363469,31145.45955,1097.72075,255,3000520248,210640460,255,0.183086,0.106215,0.076871,114,208,1,230,1,1,2,1,1,2,0,0,1,2,1,0,Generic,1
3e-06,unas,-,INT,2,0,200,0,333333.3215,254,0,266666656.0,0.0,0,0,0.003,0.0,0.0,0.0,0,0,0,0,0.0,0.0,0.0,100,0,0,0,5,2,1,1,1,5,0,0,0,2,5,0,Generic,1
2e-06,unas,-,INT,2,0,200,0,500000.0013,254,0,400000000.0,0.0,0,0,0.002,0.0,0.0,0.0,0,0,0,0,0.0,0.0,0.0,100,0,0,0,5,2,2,2,2,5,0,0,0,5,5,0,Generic,1
9e-06,udp,dns,INT,2,0,114,0,111111.1072,254,0,50666664.0,0.0,0,0,0.009,0.0,0.0,0.0,0,0,0,0,0.0,0.0,0.0,57,0,0,0,44,2,33,33,17,44,0,0,0,34,44,0,Generic,1
9e-06,udp,dns,INT,2,0,114,0,111111.1072,254,0,50666664.0,0.0,0,0,0.009,0.0,0.0,0.0,0,0,0,0,0.0,0.0,0.0,57,0,0,0,44,2,33,33,16,44,0,0,0,34,44,0,Generic,1
1e-05,udp,dns,INT,2,0,114,0,100000.0025,254,0,45600000.0,0.0,0,0,0.01,0.0,0.0,0.0,0,0,0,0,0.0,0.0,0.0,57,0,0,0,24,2,10,10,10,24,0,0,0,10,24,0,Generic,1
9e-06,xns-idp,-,INT,2,0,200,0,111111.1072,254,0,88888888.0,0.0,0,0,0.009,0.0,0.0,0.0,0,0,0,0,0.0,0.0,0.0,100,0,0,0,6,2,2,2,2,6,0,0,0,2,6,0,Generic,1
8e-06,udp,dns,INT,2,0,114,0,125000.0003,254,0,57000000.0,0.0,0,0,0.008,0.0,0.0,0.0,0,0,0,0,0.0,0.0,0.0,57,0,0,0,38,2,14,14,6,38,0,0,0,14,38,0,Generic,1
2e-06,udp,dns,INT,2,0,114,0,500000.0013,254,0,228000000.0,0.0,0,0,0.002,0.0,0.0,0.0,0,0,0,0,0.0,0.0,0.0,57,0,0,0,24,2,14,14,14,24,0,0,0,14,24,0,Generic,1
9e-06,udp,dns,INT,2,0,114,0,111111.1072,254,0,50666664.0,0.0,0,0,0.009,0.0,0.0,0.0,0,0,0,0,0.0,0.0,0.0,57,0,0,0,34,2,31,31,16,34,0,0,0,31,34,0,Generic,1
9e-06,udp,dns,INT,2,0,114,0,111111.1072,254,0,50666664.0,0.0,0,0,0.009,0.0,0.0,0.0,0,0,0,0,0.0,0.0,0.0,57,0,0,0,34,2,31,31,15,34,0,0,0,31,34,0,Generic,1
9e-06,udp,dns,INT,2,0,114,0,111111.1072,254,0,50666664.0,0.0,0,0,0.009,0.0,0.0,0.0,0,0,0,0,0.0,0.0,0.0,57,0,0,0,45,2,36,36,17,45,0,0,0,36,45,0,Generic,1
8e-06,udp,dns,INT,2,0,114,0,125000.0003,254,0,57000000.0,0.0,0,0,0.008,0.0,0.0,0.0,0,0,0,0,0.0,0.0,0.0,57,0,0,0,45,2,36,36,17,45,0,0,0,36,45,0,Generic,1
8e-06,udp,dns,INT,2,0,114,0,125000.0003,254,0,57000000.0,0.0,0,0,0.008,0.0,0.0,0.0,0,0,0,0,0.0,0.0,0.0,57,0,0,0,9,2,9,9,9,9,0,0,0,9,9,0,Generic,1
9e-06,udp,dns,INT,2,0,114,0,111111.1072,254,0,50666664.0,0.0,0,0,0.009,0.0,0.0,0.0,0,0,0,0,0.0,0.0,0.0,57,0,0,0,29,2,17,17,17,29,0,0,0,18,29,0,Generic,1
5e-06,udp,dns,INT,2,0,114,0,200000.0051,254,0,91200000.0,0.0,0,0,0.005,0.0,0.0,0.0,0,0,0,0,0.0,0.0,0.0,57,0,0,0,44,2,10,10,7,44,0,0,0,10,44,0,Generic,1
8e-06,udp,dns,INT,2,0,114,0,125000.0003,254,0,57000000.0,0.0,0,0,0.008,0.0,0.0,0.0,0,0,0,0,0.0,0.0,0.0,57,0,0,0,23,2,23,23,13,23,0,0,0,23,23,0,Generic,1
1.875753,tcp,-,FIN,16,12,2796,2002,14.394219,254,252,11182.70898,7830.455078,4,4,125.050206,160.835813,6842.702776,276.687906,255,1130556150,2932690581,255,0.12984,0.077989,0.051851,175,167,0,0,2,1,1,1,1,1,0,0,0,1,2,0,Generic,1
0.98038,tcp,http,FIN,18,74,1936,90194,92.821151,62,252,14924.8252,726053.1875,2,35,57.669412,11.911329,2773.853727,1428.044171,255,541876041,3192485890,255,0.124456,0.064533,0.059923,108,1219,1,43222,1,1,1,1,1,3,0,0,1,1,1,0,Generic,1
4e-06,udp,dns,INT,2,0,114,0,250000.0006,254,0,114000000.0,0.0,0,0,0.004,0.0,0.0,0.0,0,0,0,0,0.0,0.0,0.0,57,0,0,0,21,2,18,17,17,21,0,0,0,17,21,0,Generic,1
5e-06,udp,-,INT,2,0,92,0,200000.0051,254,0,73600000.0,0.0,0,0,0.005,0.0,0.0,0.0,0,0,0,0,0.0,0.0,0.0,46,0,0,0,1,2,1,1,1,1,0,0,0,21,1,0,Generic,1
7e-06,irtp,-,INT,2,0,200,0,142857.1409,254,0,114285712.0,0.0,0,0,0.007,0.0,0.0,0.0,0,0,0,0,0.0,0.0,0.0,100,0,0,0,3,2,1,1,1,3,0,0,0,2,3,0,Generic,1
1e-05,udp,dns,INT,2,0,114,0,100000.0025,254,0,45600000.0,0.0,0,0,0.01,0.0,0.0,0.0,0,0,0,0,0.0,0.0,0.0,57,0,0,0,18,2,16,16,9,18,0,0,0,16,18,0,Generic,1
5e-06,udp,dns,INT,2,0,114,0,200000.0051,254,0,91200000.0,0.0,0,0,0.005,0.0,0.0,0.0,0,0,0,0,0.0,0.0,0.0,57,0,0,0,33,2,16,16,16,33,0,0,0,17,33,0,Generic,1
1e-05,udp,dns,INT,2,0,114,0,100000.0025,254,0,45600000.0,0.0,0,0,0.01,0.0,0.0,0.0,0,0,0,0,0.0,0.0,0.0,57,0,0,0,24,2,17,17,8,25,0,0,0,17,24,0,Generic,1
3e-06,udp,dns,INT,2,0,114,0,333333.3215,254,0,152000000.0,0.0,0,0,0.003,0.0,0.0,0.0,0,0,0,0,0.0,0.0,0.0,57,0,0,0,32,2,19,19,8,32,0,0,0,19,32,0,Generic,1
6e-06,udp,dns,INT,2,0,114,0,166666.6608,254,0,76000000.0,0.0,0,0,0.006,0.0,0.0,0.0,0,0,0,0,0.0,0.0,0.0,57,0,0,0,18,2,16,16,7,18,0,0,0,16,18,0,Generic,1
6e-06,udp,dns,INT,2,0,114,0,166666.6608,254,0,76000000.0,0.0,0,0,0.006,0.0,0.0,0.0,0,0,0,0,0.0,0.0,0.0,57,0,0,0,24,2,17,17,9,25,0,0,0,17,24,0,Generic,1
3e-06,udp,dns,INT,2,0,114,0,333333.3215,254,0,152000000.0,0.0,0,0,0.003,0.0,0.0,0.0,0,0,0,0,0.0,0.0,0.0,57,0,0,0,31,2,15,15,15,31,0,0,0,16,31,0,Generic,1
4e-06,udp,dns,INT,2,0,114,0,250000.0006,254,0,114000000.0,0.0,0,0,0.004,0.0,0.0,0.0,0,0,0,0,0.0,0.0,0.0,57,0,0,0,38,2,24,24,13,38,0,0,0,24,38,0,Generic,1
9e-06,udp,dns,INT,2,0,114,0,111111.1072,254,0,50666664.0,0.0,0,0,0.009,0.0,0.0,0.0,0,0,0,0,0.0,0.0,0.0,57,0,0,0,44,2,11,11,11,44,0,0,0,11,44,0,Generic,1
3e-06,udp,dns,INT,2,0,114,0,333333.3215,254,0,152000000.0,0.0,0,0,0.003,0.0,0.0,0.0,0,0,0,0,0.0,0.0,0.0,57,0,0,0,22,2,17,17,17,22,0,0,0,18,22,0,Generic,1
9e-06,udp,dns,INT,2,0,114,0,111111.1072,254,0,50666664.0,0.0,0,0,0.009,0.0,0.0,0.0,0,0,0,0,0.0,0.0,0.0,57,0,0,0,14,2,10,10,7,14,0,0,0,10,14,0,Generic,1
0.877196,tcp,-,FIN,12,10,734,480,23.939917,254,252,6137.73877,3939.826416,3,3,79.735453,88.072555,4041.879002,115.145727,255,73911771,1724587423,255,0.139639,0.084537,0.055102,61,48,0,0,1,1,19,1,1,1,0,0,0,1,1,0,Generic,1
9e-06,udp,dns,INT,2,0,114,0,111111.1072,254,0,50666664.0,0.0,0,0,0.009,0.0,0.0,0.0,0,0,0,0,0.0,0.0,0.0,57,0,0,0,38,2,24,24,11,38,0,0,0,24,38,0,Generic,1
8e-06,udp,dns,INT,2,0,114,0,125000.0003,254,0,57000000.0,0.0,0,0,0.008,0.0,0.0,0.0,0,0,0,0,0.0,0.0,0.0,57,0,0,0,44,2,10,10,3,44,0,0,0,10,44,0,Generic,1
2e-06,udp,dns,INT,2,0,114,0,500000.0013,254,0,228000000.0,0.0,0,0,0.002,0.0,0.0,0.0,0,0,0,0,0.0,0.0,0.0,57,0,0,0,14,2,15,14,14,14,0,0,0,14,15,0,Generic,1
9e-06,unas,-,INT,2,0,200,0,111111.1072,254,0,88888888.0,0.0,0,0,0.009,0.0,0.0,0.0,0,0,0,0,0.0,0.0,0.0,100,0,0,0,2,2,1,1,1,2,0,0,0,2,2,0,Generic,1
3e-06,udp,dns,INT,2,0,114,0,333333.3215,254,0,152000000.0,0.0,0,0,0.003,0.0,0.0,0.0,0,0,0,0,0.0,0.0,0.0,57,0,0,0,22,2,5,5,5,23,0,0,0,5,22,0,Generic,1
3e-06,merit-inp,-,INT,2,0,200,0,333333.3215,254,0,266666656.0,0.0,0,0,0.003,0.0,0.0,0.0,0,0,0,0,0.0,0.0,0.0,100,0,0,0,4,2,1,1,1,4,0,0,0,2,4,0,Generic,1
9e-06,udp,dns,INT,2,0,114,0,111111.1072,254,0,50666664.0,0.0,0,0,0.009,0.0,0.0,0.0,0,0,0,0,0.0,0.0,0.0,57,0,0,0,34,2,4,4,4,34,0,0,0,4,34,0,Generic,1
2.867343,tcp,smtp,FIN,24,20,8432,1842,14.996462,254,252,22546.30859,4882.568848,9,8,124.667082,144.247422,6678.405252,172.639187,255,1262071069,1463258040,255,0.215087,0.125103,0.089984,351,92,0,0,1,1,1,1,1,1,0,0,0,1,1,0,Generic,1
9e-06,udp,dns,INT,2,0,114,0,111111.1072,254,0,50666664.0,0.0,0,0,0.009,0.0,0.0,0.0,0,0,0,0,0.0,0.0,0.0,57,0,0,0,38,2,14,14,14,38,0,0,0,14,38,0,Generic,1
1e-06,udp,dns,INT,2,0,114,0,1000000.003,254,0,456000000.0,0.0,0,0,0.001,0.0,0.0,0.0,0,0,0,0,0.0,0.0,0.0,57,0,0,0,32,2,30,30,16,32,0,0,0,30,32,0,Generic,1
8e-06,udp,dns,INT,2,0,114,0,125000.0003,254,0,57000000.0,0.0,0,0,0.008,0.0,0.0,0.0,0,0,0,0,0.0,0.0,0.0,57,0,0,0,3,2,3,3,2,3,0,0,0,3,3,0,Generic,1
1e-06,udp,dns,INT,2,0,114,0,1000000.003,254,0,456000000.0,0.0,0,0,0.001,0.0,0.0,0.0,0,0,0,0,0.0,0.0,0.0,57,0,0,0,39,2,36,33,16,39,0,0,0,33,39,0,Generic,1
9e-06,udp,dns,INT,2,0,114,0,111111.1072,254,0,50666664.0,0.0,0,0,0.009,0.0,0.0,0.0,0,0,0,0,0.0,0.0,0.0,57,0,0,0,40,2,20,20,11,40,0,0,0,20,40,0,Generic,1
8e-06,udp,dns,INT,2,0,114,0,125000.0003,254,0,57000000.0,0.0,0,0,0.008,0.0,0.0,0.0,0,0,0,0,0.0,0.0,0.0,57,0,0,0,45,2,9,9,7,45,0,0,0,9,45,0,Generic,1
8e-06,udp,dns,INT,2,0,114,0,125000.0003,254,0,57000000.0,0.0,0,0,0.008,0.0,0.0,0.0,0,0,0,0,0.0,0.0,0.0,57,0,0,0,35,2,33,33,17,35,0,0,0,33,35,0,Generic,1
9e-06,udp,dns,INT,2,0,114,0,111111.1072,254,0,50666664.0,0.0,0,0,0.009,0.0,0.0,0.0,0,0,0,0,0.0,0.0,0.0,57,0,0,0,35,2,33,33,16,35,0,0,0,33,35,0,Generic,1
7e-06,udp,dns,INT,2,0,114,0,142857.1409,254,0,65142856.0,0.0,0,0,0.007,0.0,0.0,0.0,0,0,0,0,0.0,0.0,0.0,57,0,0,0,23,2,14,14,14,23,0,0,0,14,23,0,Generic,1
8e-06,udp,dns,INT,2,0,114,0,125000.0003,254,0,57000000.0,0.0,0,0,0.008,0.0,0.0,0.0,0,0,0,0,0.0,0.0,0.0,57,0,0,0,32,2,30,30,14,32,0,0,0,30,32,0,Generic,1
8e-06,udp,dns,INT,2,0,114,0,125000.0003,254,0,57000000.0,0.0,0,0,0.008,0.0,0.0,0.0,0,0,0,0,0.0,0.0,0.0,57,0,0,0,13,2,13,13,8,13,0,0,0,13,13,0,Generic,1
3e-06,udp,dns,INT,2,0,114,0,333333.3215,254,0,152000000.0,0.0,0,0,0.003,0.0,0.0,0.0,0,0,0,0,0.0,0.0,0.0,57,0,0,0,35,2,16,16,16,35,0,0,0,17,35,0,Generic,1
2e-06,udp,dns,INT,2,0,114,0,500000.0013,254,0,228000000.0,0.0,0,0,0.002,0.0,0.0,0.0,0,0,0,0,0.0,0.0,0.0,57,0,0,0,35,2,16,15,15,35,0,0,0,15,35,0,Generic,1
1e-05,udp,dns,INT,2,0,114,0,100000.0025,254,0,45600000.0,0.0,0,0,0.01,0.0,0.0,0.0,0,0,0,0,0.0,0.0,0.0,57,0,0,0,32,2,13,13,7,32,0,0,0,14,32,0,Generic,1
9e-06,udp,dns,INT,2,0,114,0,111111.1072,254,0,50666664.0,0.0,0,0,0.009,0.0,0.0,0.0,0,0,0,0,0.0,0.0,0.0,57,0,0,0,40,2,20,20,8,40,0,0,0,20,40,0,Generic,1
9e-06,udp,dns,INT,2,0,114,0,111111.1072,254,0,50666664.0,0.0,0,0,0.009,0.0,0.0,0.0,0,0,0,0,0.0,0.0,0.0,57,0,0,0,47,2,41,41,19,47,0,0,0,41,47,0,Generic,1
8e-06,udp,dns,INT,2,0,114,0,125000.0003,254,0,57000000.0,0.0,0,0,0.008,0.0,0.0,0.0,0,0,0,0,0.0,0.0,0.0,57,0,0,0,22,2,20,20,9,22,0,0,0,20,22,0,Generic,1
3e-06,udp,dns,INT,2,0,114,0,333333.3215,254,0,152000000.0,0.0,0,0,0.003,0.0,0.0,0.0,0,0,0,0,0.0,0.0,0.0,57,0,0,0,22,2,20,20,11,22,0,0,0,20,22,0,Generic,1
9e-06,udp,dns,INT,2,0,114,0,111111.1072,254,0,50666664.0,0.0,0,0,0.009,0.0,0.0,0.0,0,0,0,0,0.0,0.0,0.0,57,0,0,0,16,2,14,14,14,16,0,0,0,14,16,0,Generic,1
3e-06,udp,dns,INT,2,0,114,0,333333.3215,254,0,152000000.0,0.0,0,0,0.003,0.0,0.0,0.0,0,0,0,0,0.0,0.0,0.0,57,0,0,0,30,2,30,30,16,30,0,0,0,30,30,0,Generic,1
9e-06,udp,dns,INT,2,0,114,0,111111.1072,254,0,50666664.0,0.0,0,0,0.009,0.0,0.0,0.0,0,0,0,0,0.0,0.0,0.0,57,0,0,0,30,2,3,3,2,30,0,0,0,3,30,0,Generic,1
9e-06,udp,dns,INT,2,0,114,0,111111.1072,254,0,50666664.0,0.0,0,0,0.009,0.0,0.0,0.0,0,0,0,0,0.0,0.0,0.0,57,0,0,0,30,2,30,30,14,30,0,0,0,30,30,0,Generic,1
3e-06,udp,dns,INT,2,0,114,0,333333.3215,254,0,152000000.0,0.0,0,0,0.003,0.0,0.0,0.0,0,0,0,0,0.0,0.0,0.0,57,0,0,0,12,2,12,12,3,12,0,0,0,12,12,0,Generic,1
3.261389,tcp,http,FIN,42,220,2918,282807,80.027252,62,252,6988.433594,690557.3125,2,108,79.546073,14.249342,3962.881429,1820.049151,255,3005890955,3221466711,255,0.127255,0.066281,0.060974,69,1285,1,136586,1,1,1,1,1,1,0,0,1,1,2,0,Generic,1
7e-06,udp,dns,INT,2,0,114,0,142857.1409,254,0,65142856.0,0.0,0,0,0.007,0.0,0.0,0.0,0,0,0,0,0.0,0.0,0.0,57,0,0,0,8,2,4,4,4,8,0,0,0,4,8,0,Generic,1
3e-06,udp,dns,INT,2,0,114,0,333333.3215,254,0,152000000.0,0.0,0,0,0.003,0.0,0.0,0.0,0,0,0,0,0.0,0.0,0.0,57,0,0,0,25,2,11,10,10,25,0,0,0,10,25,0,Generic,1
3e-05,udp,dns,INT,2,0,114,0,33333.33418,254,0,15200000.0,0.0,0,0,0.03,0.0,0.0,0.0,0,0,0,0,0.0,0.0,0.0,57,0,0,0,33,2,33,33,16,33,0,0,0,33,33,0,Generic,1
8e-06,udp,dns,INT,2,0,114,0,125000.0003,254,0,57000000.0,0.0,0,0,0.008,0.0,0.0,0.0,0,0,0,0,0.0,0.0,0.0,57,0,0,0,25,2,16,15,15,25,0,0,0,15,25,0,Generic,1
1.2e-05,udp,dns,INT,2,0,114,0,83333.33039,254,0,38000000.0,0.0,0,0,0.012,0.0,0.0,0.0,0,0,0,0,0.0,0.0,0.0,57,0,0,0,30,2,16,16,16,30,0,0,0,16,30,0,Generic,1
8e-06,udp,dns,INT,2,0,114,0,125000.0003,254,0,57000000.0,0.0,0,0,0.008,0.0,0.0,0.0,0,0,0,0,0.0,0.0,0.0,57,0,0,0,19,2,16,16,16,19,0,0,0,16,19,0,Generic,1
3e-06,udp,dns,INT,2,0,114,0,333333.3215,254,0,152000000.0,0.0,0,0,0.003,0.0,0.0,0.0,0,0,0,0,0.0,0.0,0.0,57,0,0,0,15,2,9,9,9,15,0,0,0,9,15,0,Generic,1
8e-06,udp,dns,INT,2,0,114,0,125000.0003,254,0,57000000.0,0.0,0,0,0.008,0.0,0.0,0.0,0,0,0,0,0.0,0.0,0.0,57,0,0,0,19,2,3,3,3,19,0,0,0,3,19,0,Generic,1
3e-06,udp,dns,INT,2,0,114,0,333333.3215,254,0,152000000.0,0.0,0,0,0.003,0.0,0.0,0.0,0,0,0,0,0.0,0.0,0.0,57,0,0,0,33,2,16,16,16,33,0,0,0,17,33,0,Generic,1
8e-06,udp,dns,INT,2,0,114,0,125000.0003,254,0,57000000.0,0.0,0,0,0.008,0.0,0.0,0.0,0,0,0,0,0.0,0.0,0.0,57,0,0,0,35,2,9,9,4,35,0,0,0,9,35,0,Generic,1
6e-06,udp,-,INT,2,0,1294,0,166666.6608,254,0,862666624.0,0.0,0,0,0.006,0.0,0.0,0.0,0,0,0,0,0.0,0.0,0.0,647,0,0,0,2,2,3,1,1,1,0,0,0,1,7,0,Generic,1
2e-06,udp,dns,INT,2,0,114,0,500000.0013,254,0,228000000.0,0.0,0,0,0.002,0.0,0.0,0.0,0,0,0,0,0.0,0.0,0.0,57,0,0,0,42,2,9,9,9,42,0,0,0,9,42,0,Generic,1
9e-06,udp,dns,INT,2,0,114,0,111111.1072,254,0,50666664.0,0.0,0,0,0.009,0.0,0.0,0.0,0,0,0,0,0.0,0.0,0.0,57,0,0,0,38,2,25,25,10,38,0,0,0,25,38,0,Generic,1
7e-06,udp,dns,INT,2,0,114,0,142857.1409,254,0,65142856.0,0.0,0,0,0.007,0.0,0.0,0.0,0,0,0,0,0.0,0.0,0.0,57,0,0,0,35,2,2,2,2,35,0,0,0,2,35,0,Generic,1
8e-06,udp,dns,INT,2,0,114,0,125000.0003,254,0,57000000.0,0.0,0,0,0.008,0.0,0.0,0.0,0,0,0,0,0.0,0.0,0.0,57,0,0,0,41,2,35,33,17,41,0,0,0,33,41,0,Generic,1
5e-06,udp,dns,INT,2,0,114,0,200000.0051,254,0,91200000.0,0.0,0,0,0.005,0.0,0.0,0.0,0,0,0,0,0.0,0.0,0.0,57,0,0,0,28,2,20,20,11,28,0,0,0,21,28,0,Generic,1
7e-06,udp,dns,INT,2,0,114,0,142857.1409,254,0,65142856.0,0.0,0,0,0.007,0.0,0.0,0.0,0,0,0,0,0.0,0.0,0.0,57,0,0,0,25,2,16,16,16,25,0,0,0,17,25,0,Generic,1
5e-06,udp,dns,INT,2,0,114,0,200000.0051,254,0,91200000.0,0.0,0,0,0.005,0.0,0.0,0.0,0,0,0,0,0.0,0.0,0.0,57,0,0,0,38,2,13,13,6,38,0,0,0,13,38,0,Generic,1
9e-06,udp,dns,INT,2,0,114,0,111111.1072,254,0,50666664.0,0.0,0,0,0.009,0.0,0.0,0.0,0,0,0,0,0.0,0.0,0.0,57,0,0,0,41,2,35,33,16,41,0,0,0,33,41,0,Generic,1
8e-06,udp,dns,INT,2,0,114,0,125000.0003,254,0,57000000.0,0.0,0,0,0.008,0.0,0.0,0.0,0,0,0,0,0.0,0.0,0.0,57,0,0,0,27,2,11,10,10,27,0,0,0,10,27,0,Generic,1
9e-06,udp,dns,INT,2,0,114,0,111111.1072,254,0,50666664.0,0.0,0,0,0.009,0.0,0.0,0.0,0,0,0,0,0.0,0.0,0.0,57,0,0,0,42,2,33,33,17,42,0,0,0,33,42,0,Generic,1
8e-06,udp,dns,INT,2,0,114,0,125000.0003,254,0,57000000.0,0.0,0,0,0.008,0.0,0.0,0.0,0,0,0,0,0.0,0.0,0.0,57,0,0,0,42,2,33,33,16,42,0,0,0,33,42,0,Generic,1
9e-06,udp,dns,INT,2,0,114,0,111111.1072,254,0,50666664.0,0.0,0,0,0.009,0.0,0.0,0.0,0,0,0,0,0.0,0.0,0.0,57,0,0,0,31,2,14,14,14,31,0,0,0,14,31,0,Generic,1
9e-06,udp,dns,INT,2,0,114,0,111111.1072,254,0,50666664.0,0.0,0,0,0.009,0.0,0.0,0.0,0,0,0,0,0.0,0.0,0.0,57,0,0,0,23,2,7,7,4,23,0,0,0,7,23,0,Generic,1
0.139006,sctp,-,CON,4,2,536,440,35.969669,254,60,23135.69141,12661.32324,0,0,46.335332,0.007,65.515328,0.0,0,0,0,0,0.0,0.0,0.0,134,220,0,0,1,0,1,1,1,1,0,0,0,18,1,0,Generic,1
8e-06,udp,dns,INT,2,0,114,0,125000.0003,254,0,57000000.0,0.0,0,0,0.008,0.0,0.0,0.0,0,0,0,0,0.0,0.0,0.0,57,0,0,0,31,2,17,17,17,31,0,0,0,18,31,0,Generic,1
5e-06,udp,dns,INT,2,0,114,0,200000.0051,254,0,91200000.0,0.0,0,0,0.005,0.0,0.0,0.0,0,0,0,0,0.0,0.0,0.0,57,0,0,0,33,2,32,31,17,33,0,0,0,31,33,0,Generic,1
1e-06,udp,dns,INT,2,0,114,0,1000000.003,254,0,456000000.0,0.0,0,0,0.001,0.0,0.0,0.0,0,0,0,0,0.0,0.0,0.0,57,0,0,0,21,2,5,5,5,21,0,0,0,5,21,0,Generic,1
3e-06,udp,dns,INT,2,0,114,0,333333.3215,254,0,152000000.0,0.0,0,0,0.003,0.0,0.0,0.0,0,0,0,0,0.0,0.0,0.0,57,0,0,0,21,2,7,7,4,22,0,0,0,7,21,0,Generic,1
1e-06,udp,dns,INT,2,0,114,0,1000000.003,254,0,456000000.0,0.0,0,0,0.001,0.0,0.0,0.0,0,0,0,0,0.0,0.0,0.0,57,0,0,0,22,2,4,4,4,22,0,0,0,5,22,0,Generic,1
8e-06,udp,dns,INT,2,0,114,0,125000.0003,254,0,57000000.0,0.0,0,0,0.008,0.0,0.0,0.0,0,0,0,0,0.0,0.0,0.0,57,0,0,0,33,2,32,31,14,33,0,0,0,31,33,0,Generic,1
8e-06,udp,dns,INT,2,0,114,0,125000.0003,254,0,57000000.0,0.0,0,0,0.008,0.0,0.0,0.0,0,0,0,0,0.0,0.0,0.0,57,0,0,0,41,2,6,6,6,41,0,0,0,6,41,0,Generic,1
2e-06,udp,dns,INT,2,0,114,0,500000.0013,254,0,228000000.0,0.0,0,0,0.002,0.0,0.0,0.0,0,0,0,0,0.0,0.0,0.0,57,0,0,0,47,2,41,41,22,47,0,0,0,41,47,0,Generic,1
3e-06,udp,dns,INT,2,0,114,0,333333.3215,254,0,152000000.0,0.0,0,0,0.003,0.0,0.0,0.0,0,0,0,0,0.0,0.0,0.0,57,0,0,0,27,2,19,17,17,27,0,0,0,17,27,0,Generic,1
0.729151,tcp,http,FIN,22,92,1758,115700,154.974756,62,252,18421.42383,1255630.125,2,44,34.721478,7.941478,1764.578011,921.896195,255,3984631834,3348473597,255,0.02646,0.01337,0.01309,80,1258,1,55622,1,1,1,1,1,1,0,0,1,1,1,0,Generic,1
9e-06,udp,dns,INT,2,0,114,0,111111.1072,254,0,50666664.0,0.0,0,0,0.009,0.0,0.0,0.0,0,0,0,0,0.0,0.0,0.0,57,0,0,0,32,2,13,13,7,32,0,0,0,13,32,0,Generic,1
1.1e-05,udp,dns,INT,2,0,114,0,90909.0902,254,0,41454544.0,0.0,0,0,0.011,0.0,0.0,0.0,0,0,0,0,0.0,0.0,0.0,57,0,0,0,29,2,29,29,14,29,0,0,0,29,29,0,Generic,1
3e-06,udp,dns,INT,2,0,114,0,333333.3215,254,0,152000000.0,0.0,0,0,0.003,0.0,0.0,0.0,0,0,0,0,0.0,0.0,0.0,57,0,0,0,29,2,29,29,15,29,0,0,0,29,29,0,Generic,1
4e-06,udp,dns,INT,2,0,114,0,250000.0006,254,0,114000000.0,0.0,0,0,0.004,0.0,0.0,0.0,0,0,0,0,0.0,0.0,0.0,57,0,0,0,23,2,7,7,3,23,0,0,0,7,23,0,Generic,1
0.712886,tcp,-,FIN,22,20,7942,1678,57.512704,254,252,17899.07617,85073.91406,8,8,31.850714,36.770105,1716.718976,44.029195,255,108004278,1179647086,255,0.0,0.0,0.0,361,84,0,0,1,1,1,1,1,1,0,0,0,1,1,0,Generic,1
3e-06,udp,dns,INT,2,0,114,0,333333.3215,254,0,152000000.0,0.0,0,0,0.003,0.0,0.0,0.0,0,0,0,0,0.0,0.0,0.0,57,0,0,0,47,2,28,28,13,47,0,0,0,28,47,0,Generic,1
8e-06,udp,dns,INT,2,0,114,0,125000.0003,254,0,57000000.0,0.0,0,0,0.008,0.0,0.0,0.0,0,0,0,0,0.0,0.0,0.0,57,0,0,0,37,2,33,33,17,37,0,0,0,33,37,0,Generic,1
8e-06,udp,dns,INT,2,0,114,0,125000.0003,254,0,57000000.0,0.0,0,0,0.008,0.0,0.0,0.0,0,0,0,0,0.0,0.0,0.0,57,0,0,0,21,2,7,7,3,22,0,0,0,7,21,0,Generic,1
8e-06,udp,dns,INT,2,0,114,0,125000.0003,254,0,57000000.0,0.0,0,0,0.008,0.0,0.0,0.0,0,0,0,0,0.0,0.0,0.0,57,0,0,0,16,2,17,16,16,17,0,0,0,17,16,0,Generic,1
5e-06,udp,dns,INT,2,0,114,0,200000.0051,254,0,91200000.0,0.0,0,0,0.005,0.0,0.0,0.0,0,0,0,0,0.0,0.0,0.0,57,0,0,0,37,2,33,33,16,37,0,0,0,33,37,0,Generic,1
9e-06,udp,dns,INT,2,0,114,0,111111.1072,254,0,50666664.0,0.0,0,0,0.009,0.0,0.0,0.0,0,0,0,0,0.0,0.0,0.0,57,0,0,0,38,2,13,13,5,38,0,0,0,13,38,0,Generic,1
7e-06,udp,dns,INT,2,0,114,0,142857.1409,254,0,65142856.0,0.0,0,0,0.007,0.0,0.0,0.0,0,0,0,0,0.0,0.0,0.0,57,0,0,0,1,2,1,1,1,1,0,0,0,2,1,0,Generic,1
8e-06,udp,dns,INT,2,0,114,0,125000.0003,254,0,57000000.0,0.0,0,0,0.008,0.0,0.0,0.0,0,0,0,0,0.0,0.0,0.0,57,0,0,0,33,2,17,16,16,33,0,0,0,16,33,0,Generic,1
3e-06,udp,dns,INT,2,0,114,0,333333.3215,254,0,152000000.0,0.0,0,0,0.003,0.0,0.0,0.0,0,0,0,0,0.0,0.0,0.0,57,0,0,0,33,2,19,17,17,33,0,0,0,17,33,0,Generic,1
9e-06,udp,dns,INT,2,0,114,0,111111.1072,254,0,50666664.0,0.0,0,0,0.009,0.0,0.0,0.0,0,0,0,0,0.0,0.0,0.0,57,0,0,0,38,2,13,13,8,38,0,0,0,13,38,0,Generic,1
7e-06,udp,dns,INT,2,0,114,0,142857.1409,254,0,65142856.0,0.0,0,0,0.007,0.0,0.0,0.0,0,0,0,0,0.0,0.0,0.0,57,0,0,0,31,2,14,14,14,31,0,0,0,14,31,0,Generic,1
3e-06,udp,dns,INT,2,0,114,0,333333.3215,254,0,152000000.0,0.0,0,0,0.003,0.0,0.0,0.0,0,0,0,0,0.0,0.0,0.0,57,0,0,0,8,2,8,8,3,8,0,0,0,8,8,0,Generic,1
1.573775,tcp,ssl,FIN,170,34,215026,2914,128.989209,254,252,1086620.375,14380.70801,82,3,9.268225,46.276516,1010.947777,56.001137,255,315185077,4155536938,255,0.094792,0.046641,0.048151,1265,86,0,0,1,1,1,1,1,1,0,0,0,1,1,0,Generic,1
6e-06,udp,dns,INT,2,0,114,0,166666.6608,254,0,76000000.0,0.0,0,0,0.006,0.0,0.0,0.0,0,0,0,0,0.0,0.0,0.0,57,0,0,0,3,2,3,3,1,3,0,0,0,3,3,0,Generic,1
6e-06,udp,dns,INT,2,0,114,0,166666.6608,254,0,76000000.0,0.0,0,0,0.006,0.0,0.0,0.0,0,0,0,0,0.0,0.0,0.0,57,0,0,0,42,2,30,30,16,42,0,0,0,31,42,0,Generic,1
9e-06,udp,-,INT,2,0,1070,0,111111.1072,254,0,475555552.0,0.0,0,0,0.009,0.0,0.0,0.0,0,0,0,0,0.0,0.0,0.0,535,0,0,0,3,2,2,1,1,1,0,0,0,3,2,0,Generic,1
3e-06,cftp,-,INT,2,0,200,0,333333.3215,254,0,266666656.0,0.0,0,0,0.003,0.0,0.0,0.0,0,0,0,0,0.0,0.0,0.0,100,0,0,0,2,2,1,1,1,2,0,0,0,2,2,0,Generic,1
5e-06,udp,dns,INT,2,0,114,0,200000.0051,254,0,91200000.0,0.0,0,0,0.005,0.0,0.0,0.0,0,0,0,0,0.0,0.0,0.0,57,0,0,0,19,2,17,17,17,19,0,0,0,19,19,0,Generic,1
4e-06,udp,-,INT,2,0,1208,0,250000.0006,254,0,1208000000.0,0.0,0,0,0.004,0.0,0.0,0.0,0,0,0,0,0.0,0.0,0.0,604,0,0,0,2,2,1,1,1,1,0,0,0,1,1,0,Generic,1
9e-06,udp,dns,INT,2,0,114,0,111111.1072,254,0,50666664.0,0.0,0,0,0.009,0.0,0.0,0.0,0,0,0,0,0.0,0.0,0.0,57,0,0,0,34,2,35,34,16,34,0,0,0,35,34,0,Generic,1
3e-06,udp,dns,INT,2,0,114,0,333333.3215,254,0,152000000.0,0.0,0,0,0.003,0.0,0.0,0.0,0,0,0,0,0.0,0.0,0.0,57,0,0,0,27,2,18,18,18,27,0,0,0,18,27,0,Generic,1
9e-06,udp,dns,INT,2,0,114,0,111111.1072,254,0,50666664.0,0.0,0,0,0.009,0.0,0.0,0.0,0,0,0,0,0.0,0.0,0.0,57,0,0,0,16,2,18,16,16,16,0,0,0,16,16,0,Generic,1
1.391923,tcp,-,FIN,12,10,588,750,15.087042,254,252,3097.872559,3879.525146,3,3,124.467821,147.338437,7992.037985,229.611437,255,2152144992,847112585,255,0.135988,0.065868,0.07012,49,75,0,0,1,1,2,1,1,1,0,0,0,17,5,0,Generic,1
0.58535,tcp,http,FIN,12,26,1382,29462,63.210048,62,252,17316.13672,387173.5,2,11,53.203273,20.63904,2779.48754,2270.534195,255,4040652547,4180789184,255,0.116949,0.069371,0.047578,115,1133,1,13824,2,1,1,1,1,1,0,0,1,1,1,0,Generic,1
9e-06,udp,dns,INT,2,0,114,0,111111.1072,254,0,50666664.0,0.0,0,0,0.009,0.0,0.0,0.0,0,0,0,0,0.0,0.0,0.0,57,0,0,0,34,2,9,9,4,34,0,0,0,9,34,0,Generic,1
5e-06,udp,dns,INT,2,0,114,0,200000.0051,254,0,91200000.0,0.0,0,0,0.005,0.0,0.0,0.0,0,0,0,0,0.0,0.0,0.0,57,0,0,0,28,2,28,28,9,28,0,0,0,28,28,0,Generic,1
0.682303,tcp,-,FIN,12,8,3196,1062,27.846865,254,252,34354.23828,10904.24609,3,2,62.027547,91.921289,3230.885528,123.599734,255,865752232,2579815521,255,0.094339,0.038084,0.056255,266,133,0,0,1,1,1,1,1,1,0,0,0,1,1,0,Generic,1
5e-06,udp,dns,INT,2,0,114,0,200000.0051,254,0,91200000.0,0.0,0,0,0.005,0.0,0.0,0.0,0,0,0,0,0.0,0.0,0.0,57,0,0,0,9,2,9,9,9,9,0,0,0,9,9,0,Generic,1
8e-06,udp,-,INT,2,0,586,0,125000.0003,254,0,293000000.0,0.0,0,0,0.008,0.0,0.0,0.0,0,0,0,0,0.0,0.0,0.0,293,0,0,0,1,2,1,1,1,1,0,0,0,1,1,0,Generic,1
9e-06,udp,dns,INT,2,0,114,0,111111.1072,254,0,50666664.0,0.0,0,0,0.009,0.0,0.0,0.0,0,0,0,0,0.0,0.0,0.0,57,0,0,0,31,2,17,17,17,31,0,0,0,17,31,0,Generic,1
8e-06,udp,dns,INT,2,0,114,0,125000.0003,254,0,57000000.0,0.0,0,0,0.008,0.0,0.0,0.0,0,0,0,0,0.0,0.0,0.0,57,0,0,0,22,2,17,17,17,22,0,0,0,17,22,0,Generic,1
2.271983,tcp,http,FIN,24,24,6420,11598,20.686775,254,252,21665.65625,39137.61719,9,10,98.781869,94.218304,5021.828188,5087.868368,255,3061590367,12968199,255,0.160936,0.076536,0.0844,268,483,1,1474,1,1,1,1,1,1,0,0,1,1,1,0,Generic,1
4e-06,udp,dns,INT,2,0,114,0,250000.0006,254,0,114000000.0,0.0,0,0,0.004,0.0,0.0,0.0,0,0,0,0,0.0,0.0,0.0,57,0,0,0,17,2,17,17,17,17,0,0,0,17,17,0,Generic,1
5e-06,udp,dns,INT,2,0,114,0,200000.0051,254,0,91200000.0,0.0,0,0,0.005,0.0,0.0,0.0,0,0,0,0,0.0,0.0,0.0,57,0,0,0,39,2,6,6,6,39,0,0,0,6,39,0,Generic,1
8e-06,udp,dns,INT,2,0,114,0,125000.0003,254,0,57000000.0,0.0,0,0,0.008,0.0,0.0,0.0,0,0,0,0,0.0,0.0,0.0,57,0,0,0,28,2,20,20,9,28,0,0,0,21,28,0,Generic,1
8e-06,udp,dns,INT,2,0,114,0,125000.0003,254,0,57000000.0,0.0,0,0,0.008,0.0,0.0,0.0,0,0,0,0,0.0,0.0,0.0,57,0,0,0,38,2,13,13,7,38,0,0,0,13,38,0,Generic,1
9e-06,pipe,-,INT,2,0,200,0,111111.1072,254,0,88888888.0,0.0,0,0,0.009,0.0,0.0,0.0,0,0,0,0,0.0,0.0,0.0,100,0,0,0,5,2,3,3,3,5,0,0,0,5,5,0,Generic,1
3e-06,udp,dns,INT,2,0,114,0,333333.3215,254,0,152000000.0,0.0,0,0,0.003,0.0,0.0,0.0,0,0,0,0,0.0,0.0,0.0,57,0,0,0,38,2,16,16,16,38,0,0,0,17,38,0,Generic,1
2e-06,udp,dns,INT,2,0,114,0,500000.0013,254,0,228000000.0,0.0,0,0,0.002,0.0,0.0,0.0,0,0,0,0,0.0,0.0,0.0,57,0,0,0,16,2,16,16,16,16,0,0,0,16,16,0,Generic,1
9e-06,udp,dns,INT,2,0,114,0,111111.1072,254,0,50666664.0,0.0,0,0,0.009,0.0,0.0,0.0,0,0,0,0,0.0,0.0,0.0,57,0,0,0,16,2,8,8,8,16,0,0,0,8,16,0,Generic,1
6e-06,udp,dns,INT,2,0,114,0,166666.6608,254,0,76000000.0,0.0,0,0,0.006,0.0,0.0,0.0,0,0,0,0,0.0,0.0,0.0,57,0,0,0,16,2,8,8,8,16,0,0,0,9,16,0,Generic,1
9e-06,udp,dns,INT,2,0,114,0,111111.1072,254,0,50666664.0,0.0,0,0,0.009,0.0,0.0,0.0,0,0,0,0,0.0,0.0,0.0,57,0,0,0,41,2,33,33,17,41,0,0,0,33,41,0,Generic,1
5e-06,unas,-,INT,2,0,200,0,200000.0051,254,0,160000000.0,0.0,0,0,0.005,0.0,0.0,0.0,0,0,0,0,0.0,0.0,0.0,100,0,0,0,6,2,2,2,2,6,0,0,0,3,6,0,Generic,1
8e-06,udp,dns,INT,2,0,114,0,125000.0003,254,0,57000000.0,0.0,0,0,0.008,0.0,0.0,0.0,0,0,0,0,0.0,0.0,0.0,57,0,0,0,32,2,15,15,15,32,0,0,0,15,32,0,Generic,1
8e-06,udp,dns,INT,2,0,114,0,125000.0003,254,0,57000000.0,0.0,0,0,0.008,0.0,0.0,0.0,0,0,0,0,0.0,0.0,0.0,57,0,0,0,32,2,17,17,17,32,0,0,0,18,32,0,Generic,1
4e-06,udp,dns,INT,2,0,114,0,250000.0006,254,0,114000000.0,0.0,0,0,0.004,0.0,0.0,0.0,0,0,0,0,0.0,0.0,0.0,57,0,0,0,33,2,33,33,16,33,0,0,0,34,33,0,Generic,1
3e-06,udp,dns,INT,2,0,114,0,333333.3215,254,0,152000000.0,0.0,0,0,0.003,0.0,0.0,0.0,0,0,0,0,0.0,0.0,0.0,57,0,0,0,44,2,33,33,16,44,0,0,0,33,44,0,Generic,1
3e-06,udp,dns,INT,2,0,114,0,333333.3215,254,0,152000000.0,0.0,0,0,0.003,0.0,0.0,0.0,0,0,0,0,0.0,0.0,0.0,57,0,0,0,25,2,4,4,4,25,0,0,0,4,25,0,Generic,1
9e-06,udp,dns,INT,2,0,114,0,111111.1072,254,0,50666664.0,0.0,0,0,0.009,0.0,0.0,0.0,0,0,0,0,0.0,0.0,0.0,57,0,0,0,36,2,33,33,17,36,0,0,0,33,36,0,Generic,1
0.904465,tcp,smtp,FIN,24,20,8074,1636,47.541916,254,252,68442.67188,13753.98731,9,8,39.324567,45.185738,2069.687754,54.723359,255,2917264481,920302045,255,0.057451,0.011679,0.045772,336,82,0,0,1,1,1,1,1,1,0,0,0,1,1,0,Generic,1
9e-06,udp,dns,INT,2,0,114,0,111111.1072,254,0,50666664.0,0.0,0,0,0.009,0.0,0.0,0.0,0,0,0,0,0.0,0.0,0.0,57,0,0,0,34,2,19,18,18,35,0,0,0,19,34,0,Generic,1
3e-06,udp,dns,INT,2,0,114,0,333333.3215,254,0,152000000.0,0.0,0,0,0.003,0.0,0.0,0.0,0,0,0,0,0.0,0.0,0.0,57,0,0,0,2,2,2,2,2,2,0,0,0,2,2,0,Generic,1
0.600345,tcp,smtp,FIN,18,16,1580,1872,54.968392,254,252,19895.22656,23386.55273,6,6,34.542353,39.519332,1734.291254,47.734633,255,3170520715,2077195928,255,0.052665,0.007552,0.045113,88,117,0,0,2,1,1,1,1,1,0,0,0,1,1,0,Generic,1
9e-06,udp,dns,INT,2,0,114,0,111111.1072,254,0,50666664.0,0.0,0,0,0.009,0.0,0.0,0.0,0,0,0,0,0.0,0.0,0.0,57,0,0,0,25,2,21,21,12,25,0,0,0,21,25,0,Generic,1
5e-06,udp,dns,INT,2,0,114,0,200000.0051,254,0,91200000.0,0.0,0,0,0.005,0.0,0.0,0.0,0,0,0,0,0.0,0.0,0.0,57,0,0,0,25,2,21,21,9,25,0,0,0,21,25,0,Generic,1
9e-06,udp,dns,INT,2,0,114,0,111111.1072,254,0,50666664.0,0.0,0,0,0.009,0.0,0.0,0.0,0,0,0,0,0.0,0.0,0.0,57,0,0,0,34,2,16,16,16,35,0,0,0,16,34,0,Generic,1
9e-06,udp,dns,INT,2,0,114,0,111111.1072,254,0,50666664.0,0.0,0,0,0.009,0.0,0.0,0.0,0,0,0,0,0.0,0.0,0.0,57,0,0,0,10,2,10,10,10,10,0,0,0,11,10,0,Generic,1
1.3335,tcp,http,FIN,106,22,129035,1766,95.238093,254,252,766812.125,10114.73535,50,2,12.7,59.039191,1339.597873,84.333398,255,555172139,3275022486,255,0.146119,0.081122,0.064997,1217,80,1,194,1,1,1,1,1,10,0,0,1,1,1,0,Generic,1
9e-06,unas,-,INT,2,0,200,0,111111.1072,254,0,88888888.0,0.0,0,0,0.009,0.0,0.0,0.0,0,0,0,0,0.0,0.0,0.0,100,0,0,0,6,2,1,1,1,6,0,0,0,3,6,0,Generic,1
9e-06,udp,dns,INT,2,0,114,0,111111.1072,254,0,50666664.0,0.0,0,0,0.009,0.0,0.0,0.0,0,0,0,0,0.0,0.0,0.0,57,0,0,0,24,2,7,7,7,25,0,0,0,7,24,0,Generic,1
1e-05,udp,-,INT,2,0,1424,0,100000.0025,254,0,569600000.0,0.0,0,0,0.01,0.0,0.0,0.0,0,0,0,0,0.0,0.0,0.0,712,0,0,0,4,2,1,1,1,1,0,0,0,1,1,0,Generic,1
8e-06,udp,dns,INT,2,0,114,0,125000.0003,254,0,57000000.0,0.0,0,0,0.008,0.0,0.0,0.0,0,0,0,0,0.0,0.0,0.0,57,0,0,0,8,2,6,6,6,8,0,0,0,6,8,0,Generic,1
1e-06,udp,dns,INT,2,0,114,0,1000000.003,254,0,456000000.0,0.0,0,0,0.001,0.0,0.0,0.0,0,0,0,0,0.0,0.0,0.0,57,0,0,0,21,2,13,13,8,21,0,0,0,13,21,0,Generic,1
9e-06,udp,dns,INT,2,0,114,0,111111.1072,254,0,50666664.0,0.0,0,0,0.009,0.0,0.0,0.0,0,0,0,0,0.0,0.0,0.0,57,0,0,0,41,2,33,33,16,41,0,0,0,33,41,0,Generic,1
5e-06,udp,dns,INT,2,0,114,0,200000.0051,254,0,91200000.0,0.0,0,0,0.005,0.0,0.0,0.0,0,0,0,0,0.0,0.0,0.0,57,0,0,0,31,2,13,12,7,32,0,0,0,12,31,0,Generic,1
5e-06,udp,dns,INT,2,0,114,0,200000.0051,254,0,91200000.0,0.0,0,0,0.005,0.0,0.0,0.0,0,0,0,0,0.0,0.0,0.0,57,0,0,0,25,2,18,18,18,25,0,0,0,18,25,0,Generic,1
3.3e-05,udp,dns,INT,2,0,114,0,30303.03007,254,0,13818182.0,0.0,0,0,0.033,0.0,0.0,0.0,0,0,0,0,0.0,0.0,0.0,57,0,0,0,31,2,17,16,16,32,0,0,0,17,31,0,Generic,1
0.185832,tcp,-,FIN,16,6,10778,268,113.005299,254,252,435016.5938,9643.119141,5,1,11.094533,35.248602,758.148334,55.090445,255,630948932,2311025856,255,0.056342,0.00958,0.046762,674,45,0,0,1,1,1,1,1,1,0,0,0,1,1,0,Generic,1
1e-05,udp,-,INT,2,0,1434,0,100000.0025,254,0,573600000.0,0.0,0,0,0.01,0.0,0.0,0.0,0,0,0,0,0.0,0.0,0.0,717,0,0,0,1,2,1,1,1,1,0,0,0,1,1,0,Generic,1
2.255197,ospf,-,INT,18,0,2858,0,7.538144,254,0,9577.876953,0.0,0,0,132.658641,0.0,275.712656,0.0,0,0,0,0,0.0,0.0,0.0,159,0,0,0,1,2,1,1,1,1,0,0,0,1,1,0,Generic,1
3e-06,udp,dns,INT,2,0,114,0,333333.3215,254,0,152000000.0,0.0,0,0,0.003,0.0,0.0,0.0,0,0,0,0,0.0,0.0,0.0,57,0,0,0,25,2,8,8,8,25,0,0,0,8,25,0,Generic,1
8e-06,udp,dns,INT,2,0,114,0,125000.0003,254,0,57000000.0,0.0,0,0,0.008,0.0,0.0,0.0,0,0,0,0,0.0,0.0,0.0,57,0,0,0,24,2,12,12,6,24,0,0,0,12,24,0,Generic,1
8e-06,udp,dns,INT,2,0,114,0,125000.0003,254,0,57000000.0,0.0,0,0,0.008,0.0,0.0,0.0,0,0,0,0,0.0,0.0,0.0,57,0,0,0,35,2,21,21,10,35,0,0,0,21,35,0,Generic,1
8e-06,udp,dns,INT,2,0,114,0,125000.0003,254,0,57000000.0,0.0,0,0,0.008,0.0,0.0,0.0,0,0,0,0,0.0,0.0,0.0,57,0,0,0,24,2,12,12,12,24,0,0,0,12,24,0,Generic,1
8e-06,udp,dns,INT,2,0,114,0,125000.0003,254,0,57000000.0,0.0,0,0,0.008,0.0,0.0,0.0,0,0,0,0,0.0,0.0,0.0,57,0,0,0,13,2,13,13,13,13,0,0,0,13,13,0,Generic,1
2e-06,udp,dns,INT,2,0,114,0,500000.0013,254,0,228000000.0,0.0,0,0,0.002,0.0,0.0,0.0,0,0,0,0,0.0,0.0,0.0,57,0,0,0,24,2,15,15,9,24,0,0,0,15,24,0,Generic,1
6e-06,udp,dns,INT,2,0,114,0,166666.6608,254,0,76000000.0,0.0,0,0,0.006,0.0,0.0,0.0,0,0,0,0,0.0,0.0,0.0,57,0,0,0,19,2,19,19,12,19,0,0,0,19,19,0,Generic,1
6e-06,udp,dns,INT,2,0,114,0,166666.6608,254,0,76000000.0,0.0,0,0,0.006,0.0,0.0,0.0,0,0,0,0,0.0,0.0,0.0,57,0,0,0,24,2,15,15,6,24,0,0,0,15,24,0,Generic,1
8e-06,udp,dns,INT,2,0,114,0,125000.0003,254,0,57000000.0,0.0,0,0,0.008,0.0,0.0,0.0,0,0,0,0,0.0,0.0,0.0,57,0,0,0,46,2,4,4,1,46,0,0,0,4,46,0,Generic,1
9e-06,udp,dns,INT,2,0,114,0,111111.1072,254,0,50666664.0,0.0,0,0,0.009,0.0,0.0,0.0,0,0,0,0,0.0,0.0,0.0,57,0,0,0,36,2,33,33,16,36,0,0,0,33,36,0,Generic,1
1e-06,udp,dns,INT,2,0,114,0,1000000.003,254,0,456000000.0,0.0,0,0,0.001,0.0,0.0,0.0,0,0,0,0,0.0,0.0,0.0,57,0,0,0,33,2,35,33,17,33,0,0,0,33,33,0,Generic,1
9e-06,udp,dns,INT,2,0,114,0,111111.1072,254,0,50666664.0,0.0,0,0,0.009,0.0,0.0,0.0,0,0,0,0,0.0,0.0,0.0,57,0,0,0,33,2,35,33,16,33,0,0,0,33,33,0,Generic,1
9e-06,udp,dns,INT,2,0,114,0,111111.1072,254,0,50666664.0,0.0,0,0,0.009,0.0,0.0,0.0,0,0,0,0,0.0,0.0,0.0,57,0,0,0,23,2,6,6,5,23,0,0,0,6,23,0,Generic,1
3e-06,udp,dns,INT,2,0,114,0,333333.3215,254,0,152000000.0,0.0,0,0,0.003,0.0,0.0,0.0,0,0,0,0,0.0,0.0,0.0,57,0,0,0,23,2,17,16,16,23,0,0,0,17,23,0,Generic,1
8e-06,udp,dns,INT,2,0,114,0,125000.0003,254,0,57000000.0,0.0,0,0,0.008,0.0,0.0,0.0,0,0,0,0,0.0,0.0,0.0,57,0,0,0,24,2,4,4,4,24,0,0,0,4,24,0,Generic,1
9e-06,udp,dns,INT,2,0,114,0,111111.1072,254,0,50666664.0,0.0,0,0,0.009,0.0,0.0,0.0,0,0,0,0,0.0,0.0,0.0,57,0,0,0,18,2,13,13,13,18,0,0,0,13,18,0,Generic,1
9e-06,udp,dns,INT,2,0,114,0,111111.1072,254,0,50666664.0,0.0,0,0,0.009,0.0,0.0,0.0,0,0,0,0,0.0,0.0,0.0,57,0,0,0,30,2,30,30,16,30,0,0,0,30,30,0,Generic,1
3e-06,udp,dns,INT,2,0,114,0,333333.3215,254,0,152000000.0,0.0,0,0,0.003,0.0,0.0,0.0,0,0,0,0,0.0,0.0,0.0,57,0,0,0,20,2,19,17,17,20,0,0,0,18,20,0,Generic,1
9e-06,udp,dns,INT,2,0,114,0,111111.1072,254,0,50666664.0,0.0,0,0,0.009,0.0,0.0,0.0,0,0,0,0,0.0,0.0,0.0,57,0,0,0,24,2,18,17,17,25,0,0,0,18,24,0,Generic,1
9e-06,udp,dns,INT,2,0,114,0,111111.1072,254,0,50666664.0,0.0,0,0,0.009,0.0,0.0,0.0,0,0,0,0,0.0,0.0,0.0,57,0,0,0,22,2,16,16,7,22,0,0,0,17,22,0,Generic,1
8e-06,udp,dns,INT,2,0,114,0,125000.0003,254,0,57000000.0,0.0,0,0,0.008,0.0,0.0,0.0,0,0,0,0,0.0,0.0,0.0,57,0,0,0,26,2,4,4,4,26,0,0,0,4,26,0,Generic,1
9e-06,udp,dns,INT,2,0,114,0,111111.1072,254,0,50666664.0,0.0,0,0,0.009,0.0,0.0,0.0,0,0,0,0,0.0,0.0,0.0,57,0,0,0,32,2,20,20,10,32,0,0,0,20,32,0,Generic,1
8e-06,udp,dns,INT,2,0,114,0,125000.0003,254,0,57000000.0,0.0,0,0,0.008,0.0,0.0,0.0,0,0,0,0,0.0,0.0,0.0,57,0,0,0,36,2,4,4,4,36,0,0,0,4,36,0,Generic,1
1.20927,tcp,http,FIN,28,136,1966,172106,134.792065,62,252,12543.10449,1130209.125,2,66,44.787778,8.435074,2217.563379,1025.571552,255,2541538765,1283324117,255,0.115978,0.056271,0.059707,70,1265,1,82944,1,1,3,1,1,1,0,0,1,17,1,0,Generic,1
3e-06,udp,dns,INT,2,0,114,0,333333.3215,254,0,152000000.0,0.0,0,0,0.003,0.0,0.0,0.0,0,0,0,0,0.0,0.0,0.0,57,0,0,0,36,2,32,32,17,36,0,0,0,32,36,0,Generic,1
0.808374,tcp,http,FIN,22,94,1708,115776,142.260886,62,252,16141.04395,1133584.25,2,44,38.494,8.027656,2612.463507,1169.714727,255,1925461847,542787452,255,0.109154,0.057023,0.052131,78,1232,1,55622,1,1,1,1,1,1,0,0,1,1,1,0,Generic,1
8e-06,udp,dns,INT,2,0,114,0,125000.0003,254,0,57000000.0,0.0,0,0,0.008,0.0,0.0,0.0,0,0,0,0,0.0,0.0,0.0,57,0,0,0,21,2,16,16,16,21,0,0,0,17,21,0,Generic,1
5e-06,udp,dns,INT,2,0,114,0,200000.0051,254,0,91200000.0,0.0,0,0,0.005,0.0,0.0,0.0,0,0,0,0,0.0,0.0,0.0,57,0,0,0,21,2,10,10,10,21,0,0,0,10,21,0,Generic,1
7e-06,udp,dns,INT,2,0,114,0,142857.1409,254,0,65142856.0,0.0,0,0,0.007,0.0,0.0,0.0,0,0,0,0,0.0,0.0,0.0,57,0,0,0,23,2,12,12,12,23,0,0,0,13,23,0,Generic,1
8e-06,udp,dns,INT,2,0,114,0,125000.0003,254,0,57000000.0,0.0,0,0,0.008,0.0,0.0,0.0,0,0,0,0,0.0,0.0,0.0,57,0,0,0,22,2,23,22,13,22,0,0,0,22,22,0,Generic,1
0.110898,tcp,-,RST,6,2,258,86,63.121065,254,60,15509.74707,3101.949463,1,1,22.1796,0.002,1473.931736,0.0,255,1072244887,893580620,255,0.104006,0.051769,0.052237,43,43,0,0,22,0,8,7,1,22,0,0,0,7,23,0,Generic,1
1e-05,udp,dns,INT,2,0,114,0,100000.0025,254,0,45600000.0,0.0,0,0,0.01,0.0,0.0,0.0,0,0,0,0,0.0,0.0,0.0,57,0,0,0,46,2,32,32,16,46,0,0,0,32,46,0,Generic,1
9e-06,udp,dns,INT,2,0,114,0,111111.1072,254,0,50666664.0,0.0,0,0,0.009,0.0,0.0,0.0,0,0,0,0,0.0,0.0,0.0,57,0,0,0,23,2,11,11,11,23,0,0,0,11,23,0,Generic,1
9e-06,udp,dns,INT,2,0,114,0,111111.1072,254,0,50666664.0,0.0,0,0,0.009,0.0,0.0,0.0,0,0,0,0,0.0,0.0,0.0,57,0,0,0,28,2,5,5,5,28,0,0,0,5,28,0,Generic,1
0.255774,tcp,-,FIN,10,8,1474,440,66.464928,254,252,41505.39453,12041.88086,2,2,26.422667,33.613715,1462.021706,46.338082,255,683493814,1238738765,255,0.073973,0.020469,0.053504,147,55,0,0,1,1,1,1,1,1,0,0,0,1,2,0,Generic,1
1e-06,udp,dns,INT,2,0,114,0,1000000.003,254,0,456000000.0,0.0,0,0,0.001,0.0,0.0,0.0,0,0,0,0,0.0,0.0,0.0,57,0,0,0,25,2,18,17,17,25,0,0,0,17,25,0,Generic,1
3e-06,udp,dns,INT,2,0,114,0,333333.3215,254,0,152000000.0,0.0,0,0,0.003,0.0,0.0,0.0,0,0,0,0,0.0,0.0,0.0,57,0,0,0,28,2,17,17,17,28,0,0,0,17,28,0,Generic,1
9e-06,udp,dns,INT,2,0,114,0,111111.1072,254,0,50666664.0,0.0,0,0,0.009,0.0,0.0,0.0,0,0,0,0,0.0,0.0,0.0,57,0,0,0,28,2,6,6,3,28,0,0,0,6,28,0,Generic,1
0.367627,tcp,http,FIN,12,12,1764,4692,62.563414,62,252,35187.83984,93594.86719,3,4,33.420637,32.064545,1615.332577,1944.801175,255,255220804,3657227165,255,0.063094,0.014267,0.048827,147,391,1,201,1,1,15,1,1,1,0,0,1,1,1,0,Generic,1
2e-06,udp,dns,INT,2,0,114,0,500000.0013,254,0,228000000.0,0.0,0,0,0.002,0.0,0.0,0.0,0,0,0,0,0.0,0.0,0.0,57,0,0,0,10,2,3,3,3,10,0,0,0,3,10,0,Generic,1
8e-06,udp,dns,INT,2,0,114,0,125000.0003,254,0,57000000.0,0.0,0,0,0.008,0.0,0.0,0.0,0,0,0,0,0.0,0.0,0.0,57,0,0,0,13,2,14,13,7,13,0,0,0,13,13,0,Generic,1
8e-06,udp,dns,INT,2,0,114,0,125000.0003,254,0,57000000.0,0.0,0,0,0.008,0.0,0.0,0.0,0,0,0,0,0.0,0.0,0.0,57,0,0,0,20,2,20,20,9,20,0,0,0,20,20,0,Generic,1
1.4e-05,udp,dns,INT,2,0,114,0,71428.57045,254,0,32571428.0,0.0,0,0,0.014,0.0,0.0,0.0,0,0,0,0,0.0,0.0,0.0,57,0,0,0,46,2,42,42,18,46,0,0,0,42,46,0,Generic,1
9e-06,udp,dns,INT,2,0,114,0,111111.1072,254,0,50666664.0,0.0,0,0,0.009,0.0,0.0,0.0,0,0,0,0,0.0,0.0,0.0,57,0,0,0,37,2,27,27,14,37,0,0,0,28,37,0,Generic,1
3e-06,udp,dns,INT,2,0,114,0,333333.3215,254,0,152000000.0,0.0,0,0,0.003,0.0,0.0,0.0,0,0,0,0,0.0,0.0,0.0,57,0,0,0,14,2,14,14,7,14,0,0,0,14,14,0,Generic,1
8e-06,udp,dns,INT,2,0,114,0,125000.0003,254,0,57000000.0,0.0,0,0,0.008,0.0,0.0,0.0,0,0,0,0,0.0,0.0,0.0,57,0,0,0,18,2,5,5,5,18,0,0,0,5,18,0,Generic,1
6e-06,udp,dns,INT,2,0,114,0,166666.6608,254,0,76000000.0,0.0,0,0,0.006,0.0,0.0,0.0,0,0,0,0,0.0,0.0,0.0,57,0,0,0,45,2,33,33,17,45,0,0,0,33,45,0,Generic,1
9e-06,udp,dns,INT,2,0,114,0,111111.1072,254,0,50666664.0,0.0,0,0,0.009,0.0,0.0,0.0,0,0,0,0,0.0,0.0,0.0,57,0,0,0,25,2,20,20,11,25,0,0,0,20,25,0,Generic,1
9e-06,udp,dns,INT,2,0,114,0,111111.1072,254,0,50666664.0,0.0,0,0,0.009,0.0,0.0,0.0,0,0,0,0,0.0,0.0,0.0,57,0,0,0,37,2,27,27,13,37,0,0,0,28,37,0,Generic,1
9e-06,udp,dns,INT,2,0,114,0,111111.1072,254,0,50666664.0,0.0,0,0,0.009,0.0,0.0,0.0,0,0,0,0,0.0,0.0,0.0,57,0,0,0,25,2,5,5,5,25,0,0,0,5,25,0,Generic,1
5e-06,udp,dns,INT,2,0,114,0,200000.0051,254,0,91200000.0,0.0,0,0,0.005,0.0,0.0,0.0,0,0,0,0,0.0,0.0,0.0,57,0,0,0,29,2,16,16,16,29,0,0,0,17,29,0,Generic,1
7e-06,unas,-,INT,2,0,200,0,142857.1409,254,0,114285712.0,0.0,0,0,0.007,0.0,0.0,0.0,0,0,0,0,0.0,0.0,0.0,100,0,0,0,6,2,2,2,2,6,0,0,0,2,6,0,Generic,1
3e-06,udp,dns,INT,2,0,114,0,333333.3215,254,0,152000000.0,0.0,0,0,0.003,0.0,0.0,0.0,0,0,0,0,0.0,0.0,0.0,57,0,0,0,21,2,5,5,5,21,0,0,0,6,21,0,Generic,1
0.583562,tcp,smtp,FIN,18,16,1354,1990,56.54926,62,252,17533.69727,25580.82813,6,6,34.327176,36.849199,1665.60963,46.002277,255,2281347218,2244893925,255,0.08638,0.030196,0.056184,75,124,0,0,1,1,1,1,1,1,0,0,0,4,1,0,Generic,1
5e-06,udp,dns,INT,2,0,114,0,200000.0051,254,0,91200000.0,0.0,0,0,0.005,0.0,0.0,0.0,0,0,0,0,0.0,0.0,0.0,57,0,0,0,23,2,6,6,6,23,0,0,0,6,23,0,Generic,1
5e-06,udp,dns,INT,2,0,114,0,200000.0051,254,0,91200000.0,0.0,0,0,0.005,0.0,0.0,0.0,0,0,0,0,0.0,0.0,0.0,57,0,0,0,37,2,10,10,10,37,0,0,0,10,37,0,Generic,1
6e-06,br-sat-mon,-,INT,2,0,200,0,166666.6608,254,0,133333328.0,0.0,0,0,0.006,0.0,0.0,0.0,0,0,0,0,0.0,0.0,0.0,100,0,0,0,5,2,2,2,2,5,0,0,0,3,5,0,Generic,1
3e-06,sun-nd,-,INT,2,0,200,0,333333.3215,254,0,266666656.0,0.0,0,0,0.003,0.0,0.0,0.0,0,0,0,0,0.0,0.0,0.0,100,0,0,0,5,2,1,1,1,5,0,0,0,3,5,0,Generic,1
0.853249,tcp,http,FIN,10,8,1530,1642,19.923844,62,252,12910.65039,13473.20606,2,2,94.805444,101.567,4810.542132,174.585344,255,3308057747,3025184613,255,0.302555,0.14167,0.160885,153,205,1,266,2,1,1,1,1,1,0,0,1,1,1,0,Generic,1
3e-06,udp,dns,INT,2,0,114,0,333333.3215,254,0,152000000.0,0.0,0,0,0.003,0.0,0.0,0.0,0,0,0,0,0.0,0.0,0.0,57,0,0,0,8,2,8,8,8,8,0,0,0,8,8,0,Generic,1
0.755174,tcp,http,FIN,10,8,2492,354,22.511369,254,252,23761.41211,3284.011475,2,1,83.908222,101.679859,4493.738145,174.088844,255,3531529409,2915905215,255,0.100947,0.04269,0.058257,249,44,1,0,1,1,1,1,1,1,0,0,1,1,1,0,Generic,1
1e-06,udp,dns,INT,2,0,114,0,1000000.003,254,0,456000000.0,0.0,0,0,0.001,0.0,0.0,0.0,0,0,0,0,0.0,0.0,0.0,57,0,0,0,21,2,11,11,7,21,0,0,0,11,21,0,Generic,1
4e-06,udp,dns,INT,2,0,114,0,250000.0006,254,0,114000000.0,0.0,0,0,0.004,0.0,0.0,0.0,0,0,0,0,0.0,0.0,0.0,57,0,0,0,10,2,7,7,3,10,0,0,0,7,10,0,Generic,1
1e-06,udp,dns,INT,2,0,114,0,1000000.003,254,0,456000000.0,0.0,0,0,0.001,0.0,0.0,0.0,0,0,0,0,0.0,0.0,0.0,57,0,0,0,22,2,23,22,9,22,0,0,0,22,22,0,Generic,1
5e-06,udp,dns,INT,2,0,114,0,200000.0051,254,0,91200000.0,0.0,0,0,0.005,0.0,0.0,0.0,0,0,0,0,0.0,0.0,0.0,57,0,0,0,32,2,17,16,16,32,0,0,0,16,32,0,Generic,1
8e-06,udp,dns,INT,2,0,114,0,125000.0003,254,0,57000000.0,0.0,0,0,0.008,0.0,0.0,0.0,0,0,0,0,0.0,0.0,0.0,57,0,0,0,35,2,4,4,4,35,0,0,0,4,35,0,Generic,1
3e-06,udp,dns,INT,2,0,114,0,333333.3215,254,0,152000000.0,0.0,0,0,0.003,0.0,0.0,0.0,0,0,0,0,0.0,0.0,0.0,57,0,0,0,36,2,32,32,15,36,0,0,0,32,36,0,Generic,1
3e-06,udp,dns,INT,2,0,114,0,333333.3215,254,0,152000000.0,0.0,0,0,0.003,0.0,0.0,0.0,0,0,0,0,0.0,0.0,0.0,57,0,0,0,45,2,33,33,16,45,0,0,0,33,45,0,Generic,1
7e-06,udp,dns,INT,2,0,114,0,142857.1409,254,0,65142856.0,0.0,0,0,0.007,0.0,0.0,0.0,0,0,0,0,0.0,0.0,0.0,57,0,0,0,24,2,7,7,7,25,0,0,0,8,24,0,Generic,1
0.832102,tcp,-,FIN,10,8,480,376,20.430188,254,252,4153.336914,3163.07373,2,2,92.455778,109.354711,5070.273384,181.438141,255,2039741794,945470929,255,0.109404,0.065869,0.043535,48,47,0,0,10,1,2,1,1,8,0,0,0,3,7,0,Generic,1
7e-06,udp,dns,INT,2,0,114,0,142857.1409,254,0,65142856.0,0.0,0,0,0.007,0.0,0.0,0.0,0,0,0,0,0.0,0.0,0.0,57,0,0,0,8,2,10,8,8,8,0,0,0,8,8,0,Generic,1
9e-06,udp,dns,INT,2,0,114,0,111111.1072,254,0,50666664.0,0.0,0,0,0.009,0.0,0.0,0.0,0,0,0,0,0.0,0.0,0.0,57,0,0,0,32,2,13,13,6,32,0,0,0,13,32,0,Generic,1
3e-06,udp,dns,INT,2,0,114,0,333333.3215,254,0,152000000.0,0.0,0,0,0.003,0.0,0.0,0.0,0,0,0,0,0.0,0.0,0.0,57,0,0,0,44,2,34,34,18,44,0,0,0,34,44,0,Generic,1
1e-05,udp,dns,INT,2,0,114,0,100000.0025,254,0,45600000.0,0.0,0,0,0.01,0.0,0.0,0.0,0,0,0,0,0.0,0.0,0.0,57,0,0,0,35,2,8,8,7,35,0,0,0,8,35,0,Generic,1
5e-06,udp,-,INT,2,0,1152,0,200000.0051,62,0,921600000.0,0.0,0,0,0.005,0.0,0.0,0.0,0,0,0,0,0.0,0.0,0.0,576,0,0,0,3,2,4,4,4,4,0,0,0,4,1,0,Generic,1
5e-06,udp,dns,INT,2,0,114,0,200000.0051,254,0,91200000.0,0.0,0,0,0.005,0.0,0.0,0.0,0,0,0,0,0.0,0.0,0.0,57,0,0,0,44,2,11,10,10,44,0,0,0,10,44,0,Generic,1
9e-06,udp,dns,INT,2,0,114,0,111111.1072,254,0,50666664.0,0.0,0,0,0.009,0.0,0.0,0.0,0,0,0,0,0.0,0.0,0.0,57,0,0,0,22,2,15,14,14,22,0,0,0,14,22,0,Generic,1
5e-06,udp,dns,INT,2,0,114,0,200000.0051,254,0,91200000.0,0.0,0,0,0.005,0.0,0.0,0.0,0,0,0,0,0.0,0.0,0.0,57,0,0,0,32,2,17,16,16,32,0,0,0,17,32,0,Generic,1
9e-06,udp,dns,INT,2,0,114,0,111111.1072,254,0,50666664.0,0.0,0,0,0.009,0.0,0.0,0.0,0,0,0,0,0.0,0.0,0.0,57,0,0,0,8,2,8,7,7,8,0,0,0,7,8,0,Generic,1
9e-06,udp,dns,INT,2,0,114,0,111111.1072,254,0,50666664.0,0.0,0,0,0.009,0.0,0.0,0.0,0,0,0,0,0.0,0.0,0.0,57,0,0,0,26,2,17,17,17,26,0,0,0,18,26,0,Generic,1
5e-06,udp,dns,INT,2,0,114,0,200000.0051,254,0,91200000.0,0.0,0,0,0.005,0.0,0.0,0.0,0,0,0,0,0.0,0.0,0.0,57,0,0,0,17,2,13,13,13,17,0,0,0,13,17,0,Generic,1
0.976317,tcp,-,FIN,12,10,1852,910,21.509408,254,252,13913.51367,6710.935059,3,3,88.756088,91.633664,4622.248432,136.497516,255,1365097858,1926422045,255,0.121,0.061681,0.059319,154,91,0,0,5,1,1,1,1,1,0,0,0,1,1,0,Generic,1
5e-06,udp,dns,INT,2,0,114,0,200000.0051,254,0,91200000.0,0.0,0,0,0.005,0.0,0.0,0.0,0,0,0,0,0.0,0.0,0.0,57,0,0,0,26,2,9,9,9,26,0,0,0,9,26,0,Generic,1
1.1e-05,udp,-,INT,2,0,1338,0,90909.0902,254,0,486545440.0,0.0,0,0,0.011,0.0,0.0,0.0,0,0,0,0,0.0,0.0,0.0,669,0,0,0,1,2,1,1,1,1,0,0,0,1,1,0,Generic,1
4e-06,udp,dns,INT,2,0,114,0,250000.0006,254,0,114000000.0,0.0,0,0,0.004,0.0,0.0,0.0,0,0,0,0,0.0,0.0,0.0,57,0,0,0,33,2,16,16,16,33,0,0,0,16,33,0,Generic,1
3e-06,udp,dns,INT,2,0,114,0,333333.3215,254,0,152000000.0,0.0,0,0,0.003,0.0,0.0,0.0,0,0,0,0,0.0,0.0,0.0,57,0,0,0,31,2,17,17,17,31,0,0,0,18,31,0,Generic,1
5e-06,unas,-,INT,2,0,200,0,200000.0051,254,0,160000000.0,0.0,0,0,0.005,0.0,0.0,0.0,0,0,0,0,0.0,0.0,0.0,100,0,0,0,4,2,1,1,1,4,0,0,0,1,4,0,Generic,1
9e-06,udp,radius,INT,2,0,100,0,111111.1072,254,0,44444444.0,0.0,0,0,0.009,0.0,0.0,0.0,0,0,0,0,0.0,0.0,0.0,50,0,0,0,1,2,19,1,1,1,0,0,0,1,1,0,Generic,1
8e-06,udp,dns,INT,2,0,114,0,125000.0003,254,0,57000000.0,0.0,0,0,0.008,0.0,0.0,0.0,0,0,0,0,0.0,0.0,0.0,57,0,0,0,31,2,13,13,13,31,0,0,0,15,31,0,Generic,1
3e-06,udp,dns,INT,2,0,114,0,333333.3215,254,0,152000000.0,0.0,0,0,0.003,0.0,0.0,0.0,0,0,0,0,0.0,0.0,0.0,57,0,0,0,41,2,29,29,16,41,0,0,0,29,41,0,Generic,1
1.316125,tcp,http,FIN,10,12,1370,4252,15.955931,62,252,7494.728516,23693.79688,2,3,146.216667,111.836452,7607.965175,7766.374169,255,319957643,2864498817,255,0.247958,0.085919,0.162039,137,354,1,1488,1,1,1,1,1,1,0,0,1,1,1,0,Generic,1
8e-06,udp,dns,INT,2,0,114,0,125000.0003,254,0,57000000.0,0.0,0,0,0.008,0.0,0.0,0.0,0,0,0,0,0.0,0.0,0.0,57,0,0,0,41,2,29,29,13,41,0,0,0,29,41,0,Generic,1
7e-06,udp,dns,INT,2,0,114,0,142857.1409,254,0,65142856.0,0.0,0,0,0.007,0.0,0.0,0.0,0,0,0,0,0.0,0.0,0.0,57,0,0,0,41,2,12,12,12,41,0,0,0,13,41,0,Generic,1
1.463774,tcp,-,FIN,20,8,15410,370,18.445471,254,252,80012.35156,1770.765259,7,2,76.991791,185.647,5038.715431,261.120125,255,2995912202,3744670225,255,0.350429,0.164242,0.186187,771,46,0,0,1,1,2,1,1,1,0,0,0,1,4,0,Generic,1
3e-06,udp,dns,INT,2,0,114,0,333333.3215,254,0,152000000.0,0.0,0,0,0.003,0.0,0.0,0.0,0,0,0,0,0.0,0.0,0.0,57,0,0,0,19,2,17,17,17,19,0,0,0,17,19,0,Generic,1
2e-06,udp,dns,INT,2,0,114,0,500000.0013,254,0,228000000.0,0.0,0,0,0.002,0.0,0.0,0.0,0,0,0,0,0.0,0.0,0.0,57,0,0,0,22,2,6,5,5,22,0,0,0,6,22,0,Generic,1
0.130431,tcp,-,FIN,12,6,6316,268,130.337117,254,252,355130.3125,13739.06543,3,1,11.433,24.6424,741.978855,44.108711,255,3024142204,576661136,255,0.052998,0.00721,0.045788,526,45,0,0,1,1,1,1,1,1,0,0,0,1,1,0,Generic,1
2e-06,udp,dns,INT,2,0,114,0,500000.0013,254,0,228000000.0,0.0,0,0,0.002,0.0,0.0,0.0,0,0,0,0,0.0,0.0,0.0,57,0,0,0,28,2,12,11,11,28,0,0,0,13,28,0,Generic,1
0.949792,tcp,http,FIN,32,166,2222,211587,207.413828,62,252,18134.49609,1771444.625,2,81,30.638451,5.700103,1463.26983,685.844775,255,679842695,1199221041,255,0.054699,0.008608,0.046091,69,1275,1,102180,1,1,1,1,1,1,0,0,1,1,1,0,Generic,1
0.363764,tcp,-,FIN,12,8,726,468,52.231668,254,252,14646.85938,9016.834961,3,2,30.72091,47.752285,1633.390137,65.602344,255,2811482411,1192554290,255,0.061922,0.029496,0.032426,61,59,0,0,3,1,1,1,1,1,0,0,0,1,1,0,Generic,1
3e-06,udp,dns,INT,2,0,114,0,333333.3215,254,0,152000000.0,0.0,0,0,0.003,0.0,0.0,0.0,0,0,0,0,0.0,0.0,0.0,57,0,0,0,36,2,34,34,16,36,0,0,0,34,36,0,Generic,1
8e-06,udp,dns,INT,2,0,114,0,125000.0003,254,0,57000000.0,0.0,0,0,0.008,0.0,0.0,0.0,0,0,0,0,0.0,0.0,0.0,57,0,0,0,36,2,34,34,18,36,0,0,0,34,36,0,Generic,1
5e-06,tcf,-,INT,2,0,200,0,200000.0051,254,0,160000000.0,0.0,0,0,0.005,0.0,0.0,0.0,0,0,0,0,0.0,0.0,0.0,100,0,0,0,7,2,4,4,4,7,0,0,0,6,7,0,Generic,1
0.725599,udp,dhcp,CON,4,2,1330,684,6.890859,254,60,11003.32324,3770.677734,0,0,241.866328,0.004,342.040031,0.0,0,0,0,0,0.0,0.0,0.0,333,342,0,0,1,0,1,1,1,1,0,0,0,2,1,0,Generic,1
5e-06,udp,dns,INT,2,0,114,0,200000.0051,254,0,91200000.0,0.0,0,0,0.005,0.0,0.0,0.0,0,0,0,0,0.0,0.0,0.0,57,0,0,0,39,2,33,33,16,39,0,0,0,33,39,0,Generic,1
3e-06,udp,dns,INT,2,0,114,0,333333.3215,254,0,152000000.0,0.0,0,0,0.003,0.0,0.0,0.0,0,0,0,0,0.0,0.0,0.0,57,0,0,0,27,2,10,10,10,27,0,0,0,10,27,0,Generic,1
3e-06,udp,dns,INT,2,0,114,0,333333.3215,254,0,152000000.0,0.0,0,0,0.003,0.0,0.0,0.0,0,0,0,0,0.0,0.0,0.0,57,0,0,0,36,2,33,33,17,36,0,0,0,33,36,0,Generic,1
1e-05,udp,dns,INT,2,0,114,0,100000.0025,254,0,45600000.0,0.0,0,0,0.01,0.0,0.0,0.0,0,0,0,0,0.0,0.0,0.0,57,0,0,0,27,2,17,17,17,27,0,0,0,17,27,0,Generic,1
3e-06,udp,dns,INT,2,0,114,0,333333.3215,254,0,152000000.0,0.0,0,0,0.003,0.0,0.0,0.0,0,0,0,0,0.0,0.0,0.0,57,0,0,0,36,2,33,33,16,36,0,0,0,33,36,0,Generic,1
4e-06,udp,dns,INT,2,0,114,0,250000.0006,254,0,114000000.0,0.0,0,0,0.004,0.0,0.0,0.0,0,0,0,0,0.0,0.0,0.0,57,0,0,0,27,2,27,27,14,27,0,0,0,27,27,0,Generic,1
4e-06,udp,dns,INT,2,0,114,0,250000.0006,254,0,114000000.0,0.0,0,0,0.004,0.0,0.0,0.0,0,0,0,0,0.0,0.0,0.0,57,0,0,0,27,2,6,6,3,27,0,0,0,7,27,0,Generic,1
1.597122,tcp,http,FIN,18,50,3782,60336,41.95046,62,252,17892.18359,296182.7813,4,23,93.948353,30.555448,4611.605539,3061.031037,255,1514089242,3039778889,255,0.32385,0.079983,0.243867,210,1207,1,773,1,1,1,1,1,1,0,0,1,2,1,0,Generic,1
0.576987,tcp,-,FIN,10,6,1278,268,25.997118,254,252,15958.76465,3105.789062,2,1,64.097667,96.539203,3294.780505,140.694734,255,3906942110,3860773318,255,0.160112,0.094285,0.065827,128,45,0,0,1,1,1,1,1,1,0,0,0,1,1,0,Generic,1
1.396058,tcp,http,FIN,10,8,1126,1508,12.177145,62,252,5810.646973,7564.155762,2,2,155.024333,190.982578,10086.66219,414.407281,255,3416968546,3443826850,255,0.097402,0.059171,0.038231,113,189,1,267,1,1,1,1,1,1,0,0,1,3,1,0,Generic,1
9e-06,udp,-,INT,2,0,1360,0,111111.1072,254,0,604444416.0,0.0,0,0,0.009,0.0,0.0,0.0,0,0,0,0,0.0,0.0,0.0,680,0,0,0,2,2,18,1,1,1,0,0,0,1,1,0,Generic,1
9e-06,udp,dns,INT,2,0,114,0,111111.1072,254,0,50666664.0,0.0,0,0,0.009,0.0,0.0,0.0,0,0,0,0,0.0,0.0,0.0,57,0,0,0,21,2,9,8,8,21,0,0,0,8,21,0,Generic,1
9e-06,udp,dns,INT,2,0,140,0,111111.1072,254,0,62222220.0,0.0,0,0,0.009,0.0,0.0,0.0,0,0,0,0,0.0,0.0,0.0,70,0,0,0,4,2,2,2,1,4,0,0,0,2,4,0,Generic,1
3e-06,udp,dns,INT,2,0,140,0,333333.3215,254,0,186666656.0,0.0,0,0,0.003,0.0,0.0,0.0,0,0,0,0,0.0,0.0,0.0,70,0,0,0,4,2,2,2,1,4,0,0,0,2,4,0,Generic,1
2e-06,udp,-,INT,2,0,2128,0,500000.0013,254,0,4256000000.0,0.0,0,0,0.002,0.0,0.0,0.0,0,0,0,0,0.0,0.0,0.0,1064,0,0,0,2,2,1,1,1,1,0,0,0,1,1,0,Generic,1
3e-06,udp,dns,INT,2,0,114,0,333333.3215,254,0,152000000.0,0.0,0,0,0.003,0.0,0.0,0.0,0,0,0,0,0.0,0.0,0.0,57,0,0,0,33,2,32,32,17,33,0,0,0,32,33,0,Generic,1
8e-06,udp,dns,INT,2,0,114,0,125000.0003,254,0,57000000.0,0.0,0,0,0.008,0.0,0.0,0.0,0,0,0,0,0.0,0.0,0.0,57,0,0,0,33,2,32,32,15,33,0,0,0,32,33,0,Generic,1
3e-06,unas,-,INT,2,0,200,0,333333.3215,254,0,266666656.0,0.0,0,0,0.003,0.0,0.0,0.0,0,0,0,0,0.0,0.0,0.0,100,0,0,0,6,2,3,3,3,6,0,0,0,3,6,0,Generic,1
8e-06,udp,dns,INT,2,0,114,0,125000.0003,254,0,57000000.0,0.0,0,0,0.008,0.0,0.0,0.0,0,0,0,0,0.0,0.0,0.0,57,0,0,0,33,2,35,33,17,33,0,0,0,33,33,0,Generic,1
5e-06,udp,dns,INT,2,0,114,0,200000.0051,254,0,91200000.0,0.0,0,0,0.005,0.0,0.0,0.0,0,0,0,0,0.0,0.0,0.0,57,0,0,0,33,2,34,33,17,33,0,0,0,34,33,0,Generic,1
9e-06,udp,dns,INT,2,0,114,0,111111.1072,254,0,50666664.0,0.0,0,0,0.009,0.0,0.0,0.0,0,0,0,0,0.0,0.0,0.0,57,0,0,0,29,2,17,17,17,29,0,0,0,17,29,0,Generic,1
8e-06,udp,dns,INT,2,0,114,0,125000.0003,254,0,57000000.0,0.0,0,0,0.008,0.0,0.0,0.0,0,0,0,0,0.0,0.0,0.0,57,0,0,0,34,2,24,24,12,34,0,0,0,24,34,0,Generic,1
9e-06,udp,dns,INT,2,0,114,0,111111.1072,254,0,50666664.0,0.0,0,0,0.009,0.0,0.0,0.0,0,0,0,0,0.0,0.0,0.0,57,0,0,0,35,2,11,11,7,35,0,0,0,11,35,0,Generic,1
9e-06,udp,dns,INT,2,0,114,0,111111.1072,254,0,50666664.0,0.0,0,0,0.009,0.0,0.0,0.0,0,0,0,0,0.0,0.0,0.0,57,0,0,0,45,2,3,3,2,45,0,0,0,3,45,0,Generic,1
3e-06,udp,dns,INT,2,0,114,0,333333.3215,254,0,152000000.0,0.0,0,0,0.003,0.0,0.0,0.0,0,0,0,0,0.0,0.0,0.0,57,0,0,0,30,2,3,3,1,30,0,0,0,3,30,0,Generic,1
0.317149,tcp,-,FIN,12,8,732,468,59.908747,254,252,16925.79688,10342.1416,3,2,28.831727,41.389145,1479.831093,63.613656,255,1514712949,1658824393,255,0.059864,0.010997,0.048867,61,59,0,0,1,1,2,1,1,1,0,0,0,1,1,0,Generic,1
3e-06,udp,dns,INT,2,0,114,0,333333.3215,254,0,152000000.0,0.0,0,0,0.003,0.0,0.0,0.0,0,0,0,0,0.0,0.0,0.0,57,0,0,0,34,2,4,4,4,34,0,0,0,4,34,0,Generic,1
1.368241,tcp,http,FIN,10,10,1768,1076,13.886443,254,252,9308.301758,5665.668945,2,2,151.915,136.659672,8042.17599,250.694578,255,331550884,1896291332,255,0.250653,0.138295,0.112358,177,108,1,5,2,1,2,1,1,5,0,0,1,3,2,0,Generic,1
9e-06,udp,dns,INT,2,0,114,0,111111.1072,254,0,50666664.0,0.0,0,0,0.009,0.0,0.0,0.0,0,0,0,0,0.0,0.0,0.0,57,0,0,0,24,2,6,6,4,24,0,0,0,7,24,0,Generic,1
1e-06,etherip,-,INT,2,0,200,0,1000000.003,254,0,800000000.0,0.0,0,0,0.001,0.0,0.0,0.0,0,0,0,0,0.0,0.0,0.0,100,0,0,0,5,2,3,3,3,5,0,0,0,4,5,0,Generic,1
9e-06,udp,dns,INT,2,0,114,0,111111.1072,254,0,50666664.0,0.0,0,0,0.009,0.0,0.0,0.0,0,0,0,0,0.0,0.0,0.0,57,0,0,0,15,2,6,6,6,15,0,0,0,6,15,0,Generic,1
4.687499,tcp,http,FIN,12,8,1454,1802,4.053334,62,252,2274.987061,2691.413818,2,2,426.091449,660.278875,32550.75837,1246.81825,255,308460062,3836910211,255,0.121462,0.065542,0.05592,121,225,1,351,1,1,2,1,1,2,0,0,1,2,2,0,Generic,1
1e-06,udp,dns,INT,2,0,114,0,1000000.003,254,0,456000000.0,0.0,0,0,0.001,0.0,0.0,0.0,0,0,0,0,0.0,0.0,0.0,57,0,0,0,28,2,11,11,11,28,0,0,0,12,28,0,Generic,1
8e-06,unas,-,INT,2,0,200,0,125000.0003,254,0,100000000.0,0.0,0,0,0.008,0.0,0.0,0.0,0,0,0,0,0.0,0.0,0.0,100,0,0,0,6,2,1,1,1,6,0,0,0,3,6,0,Generic,1
6e-06,udp,dns,INT,2,0,114,0,166666.6608,254,0,76000000.0,0.0,0,0,0.006,0.0,0.0,0.0,0,0,0,0,0.0,0.0,0.0,57,0,0,0,30,2,13,13,13,30,0,0,0,13,30,0,Generic,1
0.933374,tcp,smtp,FIN,24,20,9032,1886,46.069422,254,252,74191.05469,15359.33106,9,8,40.581477,46.806051,2401.543168,60.272336,255,351987734,339906771,255,0.040199,0.021931,0.018268,376,94,0,0,1,1,1,1,1,1,0,0,0,1,1,0,Generic,1
3e-06,udp,dns,INT,2,0,114,0,333333.3215,254,0,152000000.0,0.0,0,0,0.003,0.0,0.0,0.0,0,0,0,0,0.0,0.0,0.0,57,0,0,0,39,2,6,6,6,39,0,0,0,6,39,0,Generic,1
9e-06,udp,dns,INT,2,0,114,0,111111.1072,254,0,50666664.0,0.0,0,0,0.009,0.0,0.0,0.0,0,0,0,0,0.0,0.0,0.0,57,0,0,0,27,2,17,17,17,27,0,0,0,18,27,0,Generic,1
5e-06,udp,dns,INT,2,0,114,0,200000.0051,254,0,91200000.0,0.0,0,0,0.005,0.0,0.0,0.0,0,0,0,0,0.0,0.0,0.0,57,0,0,0,22,2,5,5,5,22,0,0,0,5,22,0,Generic,1
1.795459,tcp,http,FIN,10,10,1136,1772,10.582252,254,252,4558.166016,7106.817871,2,2,224.43125,192.003219,332.016719,319.193156,255,1503533905,1958928214,255,0.120293,0.06743,0.052863,114,177,1,493,2,1,1,1,1,3,0,0,1,1,2,0,Generic,1
9e-06,udp,dns,INT,2,0,114,0,111111.1072,254,0,50666664.0,0.0,0,0,0.009,0.0,0.0,0.0,0,0,0,0,0.0,0.0,0.0,57,0,0,0,29,2,9,9,4,29,0,0,0,9,29,0,Generic,1
8.122586,tcp,-,FIN,88,300,6344,380562,47.644923,62,252,6177.342773,373569.6875,20,146,93.363058,26.845783,5002.363571,2796.290968,255,3269234671,1243128786,255,0.221953,0.094926,0.127027,72,1269,0,0,3,1,1,1,1,1,0,0,0,2,1,0,Generic,1
9e-06,udp,dns,INT,2,0,114,0,111111.1072,254,0,50666664.0,0.0,0,0,0.009,0.0,0.0,0.0,0,0,0,0,0.0,0.0,0.0,57,0,0,0,34,2,12,10,10,34,0,0,0,10,34,0,Generic,1
2e-06,udp,dns,INT,2,0,114,0,500000.0013,254,0,228000000.0,0.0,0,0,0.002,0.0,0.0,0.0,0,0,0,0,0.0,0.0,0.0,57,0,0,0,22,2,17,17,17,22,0,0,0,17,22,0,Generic,1
0.610219,tcp,-,FIN,112,20,135729,870,214.677025,254,252,1763537.375,10842.00879,53,1,5.370901,31.725475,548.93818,38.548887,255,3049019276,2370793118,255,0.054414,0.00743,0.046984,1212,44,0,0,2,1,1,1,1,1,0,0,0,1,2,0,Generic,1
1.167654,tcp,http,FIN,10,10,1190,2326,16.271943,62,252,7337.790039,14346.71484,2,2,129.691667,120.229555,8956.697975,187.044281,255,1331300538,1803545564,255,0.200808,0.085579,0.115229,119,233,1,632,2,1,1,1,1,2,0,0,1,1,1,0,Generic,1
9e-06,udp,dns,INT,2,0,114,0,111111.1072,254,0,50666664.0,0.0,0,0,0.009,0.0,0.0,0.0,0,0,0,0,0.0,0.0,0.0,57,0,0,0,32,2,31,31,15,32,0,0,0,31,32,0,Generic,1
5e-06,udp,dns,INT,2,0,114,0,200000.0051,254,0,91200000.0,0.0,0,0,0.005,0.0,0.0,0.0,0,0,0,0,0.0,0.0,0.0,57,0,0,0,32,2,31,31,16,32,0,0,0,31,32,0,Generic,1
6e-06,udp,dns,INT,2,0,114,0,166666.6608,254,0,76000000.0,0.0,0,0,0.006,0.0,0.0,0.0,0,0,0,0,0.0,0.0,0.0,57,0,0,0,16,2,14,14,9,16,0,0,0,14,16,0,Generic,1
6e-06,a/n,-,INT,2,0,200,0,166666.6608,254,0,133333328.0,0.0,0,0,0.006,0.0,0.0,0.0,0,0,0,0,0.0,0.0,0.0,100,0,0,0,7,2,3,3,3,8,0,0,0,4,7,0,Generic,1
0.837599,tcp,-,FIN,14,10,5028,554,27.459441,254,252,44594.13281,4766.003906,4,2,64.386152,87.657219,4192.534723,156.777453,255,3429841963,1655215281,255,0.097814,0.048683,0.049131,359,55,0,0,3,1,1,1,1,1,0,0,0,3,1,0,Generic,1
4e-06,udp,dns,INT,2,0,114,0,250000.0006,254,0,114000000.0,0.0,0,0,0.004,0.0,0.0,0.0,0,0,0,0,0.0,0.0,0.0,57,0,0,0,35,2,11,11,4,35,0,0,0,11,35,0,Generic,1
9e-06,unas,-,INT,2,0,200,0,111111.1072,254,0,88888888.0,0.0,0,0,0.009,0.0,0.0,0.0,0,0,0,0,0.0,0.0,0.0,100,0,0,0,3,2,1,1,1,3,0,0,0,1,3,0,Generic,1
3e-06,udp,dns,INT,2,0,114,0,333333.3215,254,0,152000000.0,0.0,0,0,0.003,0.0,0.0,0.0,0,0,0,0,0.0,0.0,0.0,57,0,0,0,31,2,16,16,16,31,0,0,0,17,31,0,Generic,1
7e-06,udp,dns,INT,2,0,114,0,142857.1409,254,0,65142856.0,0.0,0,0,0.007,0.0,0.0,0.0,0,0,0,0,0.0,0.0,0.0,57,0,0,0,31,2,18,18,18,31,0,0,0,19,31,0,Generic,1
3e-06,udp,dns,INT,2,0,114,0,333333.3215,254,0,152000000.0,0.0,0,0,0.003,0.0,0.0,0.0,0,0,0,0,0.0,0.0,0.0,57,0,0,0,3,2,3,3,3,3,0,0,0,3,3,0,Generic,1
6e-06,udp,dns,INT,2,0,114,0,166666.6608,254,0,76000000.0,0.0,0,0,0.006,0.0,0.0,0.0,0,0,0,0,0.0,0.0,0.0,57,0,0,0,23,2,16,16,16,23,0,0,0,16,23,0,Generic,1
6e-06,unas,-,INT,2,0,200,0,166666.6608,254,0,133333328.0,0.0,0,0,0.006,0.0,0.0,0.0,0,0,0,0,0.0,0.0,0.0,100,0,0,0,6,2,2,2,2,6,0,0,0,2,6,0,Generic,1
3e-06,udp,dns,INT,2,0,114,0,333333.3215,254,0,152000000.0,0.0,0,0,0.003,0.0,0.0,0.0,0,0,0,0,0.0,0.0,0.0,57,0,0,0,32,2,32,32,16,32,0,0,0,32,32,0,Generic,1
9e-06,udp,dns,INT,2,0,114,0,111111.1072,254,0,50666664.0,0.0,0,0,0.009,0.0,0.0,0.0,0,0,0,0,0.0,0.0,0.0,57,0,0,0,21,2,11,11,11,21,0,0,0,11,21,0,Generic,1
0.217979,tcp,http,FIN,10,8,1062,1928,77.989164,254,252,35085.94922,61914.22266,2,2,24.219889,26.638572,1273.907983,40.805363,255,2311896041,582788368,255,0.035411,0.018742,0.016669,106,241,1,566,2,1,12,2,1,2,0,0,1,2,2,0,Generic,1
9e-06,udp,dns,INT,2,0,114,0,111111.1072,254,0,50666664.0,0.0,0,0,0.009,0.0,0.0,0.0,0,0,0,0,0.0,0.0,0.0,57,0,0,0,43,2,5,5,5,43,0,0,0,6,43,0,Generic,1
0.31232,tcp,http,FIN,10,8,1306,1048,54.431354,254,252,30122.95117,23488.73047,2,2,34.702222,42.037855,1694.159366,56.673301,255,1030480984,90439533,255,0.064853,0.01763,0.047223,131,131,1,186,3,1,1,1,1,2,0,0,1,1,3,0,Generic,1
7e-06,udp,dns,INT,2,0,114,0,142857.1409,254,0,65142856.0,0.0,0,0,0.007,0.0,0.0,0.0,0,0,0,0,0.0,0.0,0.0,57,0,0,0,27,2,10,10,10,27,0,0,0,10,27,0,Generic,1
7e-06,udp,dns,INT,2,0,114,0,142857.1409,254,0,65142856.0,0.0,0,0,0.007,0.0,0.0,0.0,0,0,0,0,0.0,0.0,0.0,57,0,0,0,19,2,17,17,17,19,0,0,0,17,19,0,Generic,1
8e-06,udp,dns,INT,2,0,114,0,125000.0003,254,0,57000000.0,0.0,0,0,0.008,0.0,0.0,0.0,0,0,0,0,0.0,0.0,0.0,57,0,0,0,33,2,34,33,16,33,0,0,0,34,33,0,Generic,1
8e-06,udp,dns,INT,2,0,114,0,125000.0003,254,0,57000000.0,0.0,0,0,0.008,0.0,0.0,0.0,0,0,0,0,0.0,0.0,0.0,57,0,0,0,16,2,14,14,5,16,0,0,0,14,16,0,Generic,1
8e-06,udp,dns,INT,2,0,114,0,125000.0003,254,0,57000000.0,0.0,0,0,0.008,0.0,0.0,0.0,0,0,0,0,0.0,0.0,0.0,57,0,0,0,19,2,19,19,11,19,0,0,0,19,19,0,Generic,1
2e-06,udp,dns,INT,2,0,114,0,500000.0013,254,0,228000000.0,0.0,0,0,0.002,0.0,0.0,0.0,0,0,0,0,0.0,0.0,0.0,57,0,0,0,33,2,33,33,17,33,0,0,0,33,33,0,Generic,1
0.532071,tcp,http,FIN,10,10,990,2124,35.70952,62,252,13396.70801,28748.04297,2,2,59.119,56.718332,3695.395062,101.907766,255,1451742010,2833965137,255,0.085908,0.021592,0.064316,99,212,1,469,3,1,1,1,1,1,0,0,1,1,1,0,Generic,1
5e-06,udp,dns,INT,2,0,114,0,200000.0051,254,0,91200000.0,0.0,0,0,0.005,0.0,0.0,0.0,0,0,0,0,0.0,0.0,0.0,57,0,0,0,23,2,5,5,3,23,0,0,0,5,23,0,Generic,1
9e-06,udp,dns,INT,2,0,114,0,111111.1072,254,0,50666664.0,0.0,0,0,0.009,0.0,0.0,0.0,0,0,0,0,0.0,0.0,0.0,57,0,0,0,24,2,3,2,2,24,0,0,0,2,24,0,Generic,1
1.545027,tcp,http,FIN,40,220,2832,282807,167.634609,62,252,14301.36816,1457693.625,2,108,39.616076,6.699274,2000.167576,832.123831,255,2489988886,3801635555,255,0.126514,0.077193,0.049321,71,1285,1,136586,1,1,1,1,1,1,0,0,1,1,1,0,Generic,1
7e-06,udp,dns,INT,2,0,114,0,142857.1409,254,0,65142856.0,0.0,0,0,0.007,0.0,0.0,0.0,0,0,0,0,0.0,0.0,0.0,57,0,0,0,17,2,12,12,12,17,0,0,0,13,17,0,Generic,1
3e-06,udp,dns,INT,2,0,114,0,333333.3215,254,0,152000000.0,0.0,0,0,0.003,0.0,0.0,0.0,0,0,0,0,0.0,0.0,0.0,57,0,0,0,34,2,34,33,17,35,0,0,0,34,34,0,Generic,1
1.321136,tcp,http,FIN,10,12,1194,3802,15.895411,62,252,6509.549316,21109.10547,2,3,146.792889,110.747366,8223.991301,8909.681988,255,1538363572,1146724905,255,0.195172,0.102424,0.092748,119,317,1,1272,1,1,2,1,1,1,0,0,1,1,1,0,Generic,1
3e-06,udp,dns,INT,2,0,114,0,333333.3215,254,0,152000000.0,0.0,0,0,0.003,0.0,0.0,0.0,0,0,0,0,0.0,0.0,0.0,57,0,0,0,34,2,34,33,16,35,0,0,0,34,34,0,Generic,1
1.1e-05,udp,dns,INT,2,0,114,0,90909.0902,254,0,41454544.0,0.0,0,0,0.011,0.0,0.0,0.0,0,0,0,0,0.0,0.0,0.0,57,0,0,0,37,2,4,4,3,37,0,0,0,4,37,0,Generic,1
4e-06,udp,-,INT,2,0,1226,0,250000.0006,254,0,1226000000.0,0.0,0,0,0.004,0.0,0.0,0.0,0,0,0,0,0.0,0.0,0.0,613,0,0,0,1,2,1,1,1,1,0,0,0,1,1,0,Generic,1
1.331709,tcp,http,FIN,10,10,1142,1126,14.267381,254,252,6175.523438,6091.420898,2,2,147.863222,135.889781,8297.191989,281.810344,255,3858514547,628033155,255,0.185323,0.108692,0.076631,114,113,1,163,3,1,3,3,1,3,0,0,1,3,3,0,Generic,1
8e-06,udp,dns,INT,2,0,114,0,125000.0003,254,0,57000000.0,0.0,0,0,0.008,0.0,0.0,0.0,0,0,0,0,0.0,0.0,0.0,57,0,0,0,28,2,28,28,15,28,0,0,0,28,28,0,Generic,1
8e-06,udp,dns,INT,2,0,114,0,125000.0003,254,0,57000000.0,0.0,0,0,0.008,0.0,0.0,0.0,0,0,0,0,0.0,0.0,0.0,57,0,0,0,33,2,33,33,17,34,0,0,0,33,33,0,Generic,1
1.619258,tcp,http,FIN,10,10,1398,2348,11.733769,254,252,6220.132812,10444.29004,2,2,179.917556,176.190328,13295.76074,265.49675,255,4075816469,600700598,255,0.102475,0.032758,0.069717,140,235,1,734,1,1,1,1,1,1,0,0,1,1,1,0,Generic,1
1.7e-05,udp,-,INT,2,0,1350,0,58823.52838,254,0,317647040.0,0.0,0,0,0.017,0.0,0.0,0.0,0,0,0,0,0.0,0.0,0.0,675,0,0,0,3,2,1,1,1,1,0,0,0,2,1,0,Generic,1
8e-06,udp,dns,INT,2,0,114,0,125000.0003,254,0,57000000.0,0.0,0,0,0.008,0.0,0.0,0.0,0,0,0,0,0.0,0.0,0.0,57,0,0,0,17,2,18,17,17,17,0,0,0,17,17,0,Generic,1
8e-06,udp,dns,INT,2,0,114,0,125000.0003,254,0,57000000.0,0.0,0,0,0.008,0.0,0.0,0.0,0,0,0,0,0.0,0.0,0.0,57,0,0,0,21,2,17,17,17,21,0,0,0,17,21,0,Generic,1
0.312193,tcp,http,FIN,10,14,1720,12246,73.672374,62,252,39667.76953,291409.4688,2,5,34.688111,17.204231,1871.814513,1630.030545,255,3146966231,2780434338,255,0.131712,0.077286,0.054426,172,875,1,5461,2,1,1,1,1,1,0,0,1,2,1,0,Generic,1
3e-06,udp,dns,INT,2,0,114,0,333333.3215,254,0,152000000.0,0.0,0,0,0.003,0.0,0.0,0.0,0,0,0,0,0.0,0.0,0.0,57,0,0,0,32,2,17,17,17,32,0,0,0,17,32,0,Generic,1
8e-06,udp,dns,INT,2,0,114,0,125000.0003,254,0,57000000.0,0.0,0,0,0.008,0.0,0.0,0.0,0,0,0,0,0.0,0.0,0.0,57,0,0,0,17,2,5,5,5,17,0,0,0,5,17,0,Generic,1
8e-06,udp,dns,INT,2,0,114,0,125000.0003,254,0,57000000.0,0.0,0,0,0.008,0.0,0.0,0.0,0,0,0,0,0.0,0.0,0.0,57,0,0,0,27,2,11,11,11,27,0,0,0,11,27,0,Generic,1
9e-06,unas,-,INT,2,0,200,0,111111.1072,254,0,88888888.0,0.0,0,0,0.009,0.0,0.0,0.0,0,0,0,0,0.0,0.0,0.0,100,0,0,0,5,2,3,3,3,5,0,0,0,5,5,0,Generic,1
0.810873,tcp,smtp,FIN,24,20,8696,1914,53.029268,254,252,82222.5,17946.0918,9,8,35.255347,42.212211,1829.281819,48.514535,255,3531469115,2056916037,255,0.058311,0.008126,0.050185,362,96,0,0,1,1,1,1,1,1,0,0,0,1,1,0,Generic,1
0.486675,tcp,http,FIN,10,10,1138,5712,39.040428,254,252,16849.02734,84508.14063,2,3,54.075,46.800667,3201.797134,3352.254537,255,3300578427,550135760,255,0.094393,0.049171,0.045222,114,571,1,2456,2,1,3,2,1,4,0,0,1,3,2,0,Generic,1
2.213754,tcp,http,FIN,10,10,1134,928,8.582706,254,252,3689.6604,3021.112549,2,2,245.854222,226.611219,13725.25445,455.155469,255,1271171380,2563860942,255,0.368218,0.174238,0.19398,113,93,1,63,5,1,3,3,1,6,0,0,1,3,5,0,Generic,1
6e-06,udp,dns,INT,2,0,114,0,166666.6608,254,0,76000000.0,0.0,0,0,0.006,0.0,0.0,0.0,0,0,0,0,0.0,0.0,0.0,57,0,0,0,29,2,17,17,17,29,0,0,0,17,29,0,Generic,1
4e-06,udp,-,INT,2,0,1270,0,250000.0006,254,0,1270000000.0,0.0,0,0,0.004,0.0,0.0,0.0,0,0,0,0,0.0,0.0,0.0,635,0,0,0,3,2,1,1,1,1,0,0,0,1,1,0,Generic,1
8e-06,udp,dns,INT,2,0,114,0,125000.0003,254,0,57000000.0,0.0,0,0,0.008,0.0,0.0,0.0,0,0,0,0,0.0,0.0,0.0,57,0,0,0,33,2,23,23,11,33,0,0,0,24,33,0,Generic,1
6e-06,udp,-,INT,2,0,1364,0,166666.6608,254,0,909333312.0,0.0,0,0,0.006,0.0,0.0,0.0,0,0,0,0,0.0,0.0,0.0,682,0,0,0,2,2,1,1,1,1,0,0,0,1,2,0,Generic,1
9e-06,udp,dns,INT,2,0,114,0,111111.1072,254,0,50666664.0,0.0,0,0,0.009,0.0,0.0,0.0,0,0,0,0,0.0,0.0,0.0,57,0,0,0,27,2,9,9,4,27,0,0,0,9,27,0,Generic,1
9e-06,udp,dns,INT,2,0,114,0,111111.1072,254,0,50666664.0,0.0,0,0,0.009,0.0,0.0,0.0,0,0,0,0,0.0,0.0,0.0,57,0,0,0,33,2,23,23,12,33,0,0,0,24,33,0,Generic,1
6e-06,udp,dns,INT,2,0,114,0,166666.6608,254,0,76000000.0,0.0,0,0,0.006,0.0,0.0,0.0,0,0,0,0,0.0,0.0,0.0,57,0,0,0,31,2,30,30,15,31,0,0,0,30,31,0,Generic,1
8e-06,udp,dns,INT,2,0,114,0,125000.0003,254,0,57000000.0,0.0,0,0,0.008,0.0,0.0,0.0,0,0,0,0,0.0,0.0,0.0,57,0,0,0,35,2,3,3,3,35,0,0,0,3,35,0,Generic,1
1e-06,udp,dns,INT,2,0,114,0,1000000.003,254,0,456000000.0,0.0,0,0,0.001,0.0,0.0,0.0,0,0,0,0,0.0,0.0,0.0,57,0,0,0,33,2,10,10,10,33,0,0,0,10,33,0,Generic,1
3e-06,udp,dns,INT,2,0,114,0,333333.3215,254,0,152000000.0,0.0,0,0,0.003,0.0,0.0,0.0,0,0,0,0,0.0,0.0,0.0,57,0,0,0,3,2,3,3,2,3,0,0,0,3,3,0,Generic,1
9e-06,udp,dns,INT,2,0,114,0,111111.1072,254,0,50666664.0,0.0,0,0,0.009,0.0,0.0,0.0,0,0,0,0,0.0,0.0,0.0,57,0,0,0,24,2,7,7,7,24,0,0,0,7,24,0,Generic,1
7e-06,udp,dns,INT,2,0,114,0,142857.1409,254,0,65142856.0,0.0,0,0,0.007,0.0,0.0,0.0,0,0,0,0,0.0,0.0,0.0,57,0,0,0,24,2,17,17,17,24,0,0,0,17,24,0,Generic,1
8e-06,udp,dns,INT,2,0,114,0,125000.0003,254,0,57000000.0,0.0,0,0,0.008,0.0,0.0,0.0,0,0,0,0,0.0,0.0,0.0,57,0,0,0,36,2,33,33,17,36,0,0,0,34,36,0,Generic,1
5e-06,udp,dns,INT,2,0,114,0,200000.0051,254,0,91200000.0,0.0,0,0,0.005,0.0,0.0,0.0,0,0,0,0,0.0,0.0,0.0,57,0,0,0,27,2,16,16,16,27,0,0,0,16,27,0,Generic,1
9e-06,udp,dns,INT,2,0,114,0,111111.1072,254,0,50666664.0,0.0,0,0,0.009,0.0,0.0,0.0,0,0,0,0,0.0,0.0,0.0,57,0,0,0,40,2,33,33,17,40,0,0,0,33,40,0,Generic,1
3e-06,udp,dns,INT,2,0,114,0,333333.3215,254,0,152000000.0,0.0,0,0,0.003,0.0,0.0,0.0,0,0,0,0,0.0,0.0,0.0,57,0,0,0,40,2,6,6,6,40,0,0,0,7,40,0,Generic,1
0.920848,tcp,http,FIN,10,8,1124,1138,18.461244,254,252,8791.896484,8652.893555,2,2,96.455556,123.977141,5375.752847,181.31525,255,3060369632,555839587,255,0.182923,0.053005,0.129918,112,142,1,212,5,1,2,1,1,6,0,0,1,2,5,0,Generic,1
5e-06,udp,dns,INT,2,0,114,0,200000.0051,254,0,91200000.0,0.0,0,0,0.005,0.0,0.0,0.0,0,0,0,0,0.0,0.0,0.0,57,0,0,0,30,2,16,16,16,30,0,0,0,16,30,0,Generic,1
1e-06,udp,dns,INT,2,0,114,0,1000000.003,254,0,456000000.0,0.0,0,0,0.001,0.0,0.0,0.0,0,0,0,0,0.0,0.0,0.0,57,0,0,0,11,2,11,11,11,11,0,0,0,11,11,0,Generic,1
1e-06,udp,dns,INT,2,0,114,0,1000000.003,254,0,456000000.0,0.0,0,0,0.001,0.0,0.0,0.0,0,0,0,0,0.0,0.0,0.0,57,0,0,0,22,2,7,6,6,22,0,0,0,7,22,0,Generic,1
3e-06,udp,dns,INT,2,0,114,0,333333.3215,254,0,152000000.0,0.0,0,0,0.003,0.0,0.0,0.0,0,0,0,0,0.0,0.0,0.0,57,0,0,0,28,2,28,28,13,28,0,0,0,28,28,0,Generic,1
2e-06,udp,dns,INT,2,0,114,0,500000.0013,254,0,228000000.0,0.0,0,0,0.002,0.0,0.0,0.0,0,0,0,0,0.0,0.0,0.0,57,0,0,0,25,2,25,25,11,25,0,0,0,25,25,0,Generic,1
2e-06,udp,dns,INT,2,0,114,0,500000.0013,254,0,228000000.0,0.0,0,0,0.002,0.0,0.0,0.0,0,0,0,0,0.0,0.0,0.0,57,0,0,0,8,2,8,8,5,8,0,0,0,8,8,0,Generic,1
4e-06,udp,dns,INT,2,0,114,0,250000.0006,254,0,114000000.0,0.0,0,0,0.004,0.0,0.0,0.0,0,0,0,0,0.0,0.0,0.0,57,0,0,0,33,2,33,33,16,33,0,0,0,33,33,0,Generic,1
8e-06,udp,dns,INT,2,0,114,0,125000.0003,254,0,57000000.0,0.0,0,0,0.008,0.0,0.0,0.0,0,0,0,0,0.0,0.0,0.0,57,0,0,0,11,2,10,10,10,11,0,0,0,10,11,0,Generic,1
1.115385,tcp,http,FIN,24,114,2326,139085,122.827538,62,252,15994.47656,988824.4375,2,54,48.444089,9.426938,3396.265907,1206.863363,255,3575621826,1105302021,255,0.10908,0.050132,0.058948,97,1220,1,66861,1,1,1,1,1,1,0,0,1,1,1,0,Generic,1
1e-06,udp,dns,INT,2,0,114,0,1000000.003,254,0,456000000.0,0.0,0,0,0.001,0.0,0.0,0.0,0,0,0,0,0.0,0.0,0.0,57,0,0,0,38,2,15,15,8,38,0,0,0,15,38,0,Generic,1
9e-06,udp,dns,INT,2,0,114,0,111111.1072,254,0,50666664.0,0.0,0,0,0.009,0.0,0.0,0.0,0,0,0,0,0.0,0.0,0.0,57,0,0,0,18,2,6,6,6,20,0,0,0,7,18,0,Generic,1
5e-06,unas,-,INT,2,0,200,0,200000.0051,254,0,160000000.0,0.0,0,0,0.005,0.0,0.0,0.0,0,0,0,0,0.0,0.0,0.0,100,0,0,0,3,2,2,2,2,3,0,0,0,2,3,0,Generic,1
3e-06,udp,dns,INT,2,0,114,0,333333.3215,254,0,152000000.0,0.0,0,0,0.003,0.0,0.0,0.0,0,0,0,0,0.0,0.0,0.0,57,0,0,0,44,2,16,16,6,44,0,0,0,16,44,0,Generic,1
8e-06,udp,dns,INT,2,0,114,0,125000.0003,254,0,57000000.0,0.0,0,0,0.008,0.0,0.0,0.0,0,0,0,0,0.0,0.0,0.0,57,0,0,0,14,2,16,14,14,14,0,0,0,14,14,0,Generic,1
8e-06,udp,dns,INT,2,0,114,0,125000.0003,254,0,57000000.0,0.0,0,0,0.008,0.0,0.0,0.0,0,0,0,0,0.0,0.0,0.0,57,0,0,0,33,2,34,33,17,33,0,0,0,33,33,0,Generic,1
1.106728,tcp,http,FIN,10,10,1150,5712,17.167724,254,252,7481.513184,37161.79688,2,3,122.969778,113.821222,7315.783629,8580.682895,255,3843102775,2047806499,255,0.141279,0.081526,0.059753,115,571,1,2456,2,1,3,2,1,4,0,0,1,3,2,0,Generic,1
5e-06,udp,dns,INT,2,0,114,0,200000.0051,254,0,91200000.0,0.0,0,0,0.005,0.0,0.0,0.0,0,0,0,0,0.0,0.0,0.0,57,0,0,0,25,2,2,2,2,25,0,0,0,2,25,0,Generic,1
8e-06,udp,dns,INT,2,0,114,0,125000.0003,254,0,57000000.0,0.0,0,0,0.008,0.0,0.0,0.0,0,0,0,0,0.0,0.0,0.0,57,0,0,0,33,2,34,33,16,33,0,0,0,33,33,0,Generic,1
8e-06,udp,dns,INT,2,0,114,0,125000.0003,254,0,57000000.0,0.0,0,0,0.008,0.0,0.0,0.0,0,0,0,0,0.0,0.0,0.0,57,0,0,0,24,2,24,24,11,24,0,0,0,24,24,0,Generic,1
5e-06,udp,dns,INT,2,0,114,0,200000.0051,254,0,91200000.0,0.0,0,0,0.005,0.0,0.0,0.0,0,0,0,0,0.0,0.0,0.0,57,0,0,0,19,2,14,14,14,19,0,0,0,14,19,0,Generic,1
8e-06,udp,dns,INT,2,0,114,0,125000.0003,254,0,57000000.0,0.0,0,0,0.008,0.0,0.0,0.0,0,0,0,0,0.0,0.0,0.0,57,0,0,0,9,2,9,9,6,9,0,0,0,9,9,0,Generic,1
3e-06,udp,dns,INT,2,0,114,0,333333.3215,254,0,152000000.0,0.0,0,0,0.003,0.0,0.0,0.0,0,0,0,0,0.0,0.0,0.0,57,0,0,0,39,2,12,12,12,39,0,0,0,12,39,0,Generic,1
5e-06,ip,-,INT,2,0,180,0,200000.0051,254,0,144000000.0,0.0,0,0,0.005,0.0,0.0,0.0,0,0,0,0,0.0,0.0,0.0,90,0,0,0,4,2,3,4,3,3,0,0,0,4,3,0,Generic,1
6e-06,udp,dns,INT,2,0,114,0,166666.6608,254,0,76000000.0,0.0,0,0,0.006,0.0,0.0,0.0,0,0,0,0,0.0,0.0,0.0,57,0,0,0,40,2,34,34,16,40,0,0,0,34,40,0,Generic,1
4e-06,udp,dns,INT,2,0,114,0,250000.0006,254,0,114000000.0,0.0,0,0,0.004,0.0,0.0,0.0,0,0,0,0,0.0,0.0,0.0,57,0,0,0,18,2,18,18,11,18,0,0,0,18,18,0,Generic,1
2.367329,tcp,-,FIN,14,12,2284,1288,10.560425,254,252,7167.571777,3990.99585,4,3,177.598231,206.954359,11468.44909,425.238219,255,138593872,2462387087,255,0.185248,0.090824,0.094424,163,107,0,0,1,1,2,1,1,1,0,0,0,1,3,0,Generic,1
3e-06,udp,dns,INT,2,0,114,0,333333.3215,254,0,152000000.0,0.0,0,0,0.003,0.0,0.0,0.0,0,0,0,0,0.0,0.0,0.0,57,0,0,0,25,2,10,10,10,25,0,0,0,11,25,0,Generic,1
9e-06,isis,-,INT,2,0,200,0,111111.1072,254,0,88888888.0,0.0,0,0,0.009,0.0,0.0,0.0,0,0,0,0,0.0,0.0,0.0,100,0,0,0,6,2,2,2,2,6,0,0,0,3,6,0,Generic,1
8e-06,ptp,-,INT,2,0,200,0,125000.0003,254,0,100000000.0,0.0,0,0,0.008,0.0,0.0,0.0,0,0,0,0,0.0,0.0,0.0,100,0,0,0,6,2,2,2,2,6,0,0,0,3,6,0,Generic,1
1.037868,cbt,-,INT,4,0,360,0,2.890541,254,0,2081.189453,0.0,0,0,345.956,0.0,489.247187,0.0,0,0,0,0,0.0,0.0,0.0,90,0,0,0,10,2,9,8,8,10,0,0,0,8,10,0,Generic,1
7e-06,udp,dns,INT,2,0,114,0,142857.1409,254,0,65142856.0,0.0,0,0,0.007,0.0,0.0,0.0,0,0,0,0,0.0,0.0,0.0,57,0,0,0,28,2,8,8,8,28,0,0,0,10,28,0,Generic,1
7e-06,udp,dns,INT,2,0,114,0,142857.1409,254,0,65142856.0,0.0,0,0,0.007,0.0,0.0,0.0,0,0,0,0,0.0,0.0,0.0,57,0,0,0,32,2,8,8,8,32,0,0,0,8,32,0,Generic,1
9e-06,pup,-,INT,2,0,180,0,111111.1072,254,0,80000000.0,0.0,0,0,0.009,0.0,0.0,0.0,0,0,0,0,0.0,0.0,0.0,90,0,0,0,10,2,9,8,8,10,0,0,0,8,10,0,Generic,1
9e-06,udp,dns,INT,2,0,114,0,111111.1072,254,0,50666664.0,0.0,0,0,0.009,0.0,0.0,0.0,0,0,0,0,0.0,0.0,0.0,57,0,0,0,36,2,33,33,16,36,0,0,0,34,36,0,Generic,1
9e-06,udp,dns,INT,2,0,114,0,111111.1072,254,0,50666664.0,0.0,0,0,0.009,0.0,0.0,0.0,0,0,0,0,0.0,0.0,0.0,57,0,0,0,33,2,34,33,17,33,0,0,0,33,33,0,Generic,1
9e-06,udp,dns,INT,2,0,114,0,111111.1072,254,0,50666664.0,0.0,0,0,0.009,0.0,0.0,0.0,0,0,0,0,0.0,0.0,0.0,57,0,0,0,31,2,13,12,5,32,0,0,0,12,31,0,Generic,1
8e-06,udp,dns,INT,2,0,114,0,125000.0003,254,0,57000000.0,0.0,0,0,0.008,0.0,0.0,0.0,0,0,0,0,0.0,0.0,0.0,57,0,0,0,34,2,27,27,15,34,0,0,0,27,34,0,Generic,1
1e-06,udp,dns,INT,2,0,114,0,1000000.003,254,0,456000000.0,0.0,0,0,0.001,0.0,0.0,0.0,0,0,0,0,0.0,0.0,0.0,57,0,0,0,18,2,17,17,17,18,0,0,0,17,18,0,Generic,1
3e-06,udp,dns,INT,2,0,114,0,333333.3215,254,0,152000000.0,0.0,0,0,0.003,0.0,0.0,0.0,0,0,0,0,0.0,0.0,0.0,57,0,0,0,30,2,11,10,10,30,0,0,0,10,30,0,Generic,1
8e-06,udp,dns,INT,2,0,114,0,125000.0003,254,0,57000000.0,0.0,0,0,0.008,0.0,0.0,0.0,0,0,0,0,0.0,0.0,0.0,57,0,0,0,6,2,6,6,2,6,0,0,0,6,6,0,Generic,1
8e-06,udp,dns,INT,2,0,114,0,125000.0003,254,0,57000000.0,0.0,0,0,0.008,0.0,0.0,0.0,0,0,0,0,0.0,0.0,0.0,57,0,0,0,26,2,26,26,12,26,0,0,0,26,26,0,Generic,1
9e-06,udp,dns,INT,2,0,114,0,111111.1072,254,0,50666664.0,0.0,0,0,0.009,0.0,0.0,0.0,0,0,0,0,0.0,0.0,0.0,57,0,0,0,30,2,20,20,10,30,0,0,0,20,30,0,Generic,1
9e-06,udp,dns,INT,2,0,114,0,111111.1072,254,0,50666664.0,0.0,0,0,0.009,0.0,0.0,0.0,0,0,0,0,0.0,0.0,0.0,57,0,0,0,34,2,27,27,12,34,0,0,0,27,34,0,Generic,1
9e-06,udp,dns,INT,2,0,114,0,111111.1072,254,0,50666664.0,0.0,0,0,0.009,0.0,0.0,0.0,0,0,0,0,0.0,0.0,0.0,57,0,0,0,16,2,7,7,2,16,0,0,0,8,16,0,Generic,1
9e-06,udp,dns,INT,2,0,114,0,111111.1072,254,0,50666664.0,0.0,0,0,0.009,0.0,0.0,0.0,0,0,0,0,0.0,0.0,0.0,57,0,0,0,26,2,26,26,14,26,0,0,0,26,26,0,Generic,1
5e-06,udp,dns,INT,2,0,114,0,200000.0051,254,0,91200000.0,0.0,0,0,0.005,0.0,0.0,0.0,0,0,0,0,0.0,0.0,0.0,57,0,0,0,33,2,33,33,16,33,0,0,0,33,33,0,Generic,1
1e-06,udp,dns,INT,2,0,114,0,1000000.003,254,0,456000000.0,0.0,0,0,0.001,0.0,0.0,0.0,0,0,0,0,0.0,0.0,0.0,57,0,0,0,20,2,16,16,16,20,0,0,0,16,20,0,Generic,1
1e-06,udp,dns,INT,2,0,114,0,1000000.003,254,0,456000000.0,0.0,0,0,0.001,0.0,0.0,0.0,0,0,0,0,0.0,0.0,0.0,57,0,0,0,13,2,13,13,13,13,0,0,0,14,13,0,Generic,1
5e-06,unas,-,INT,2,0,200,0,200000.0051,254,0,160000000.0,0.0,0,0,0.005,0.0,0.0,0.0,0,0,0,0,0.0,0.0,0.0,100,0,0,0,6,2,3,3,3,6,0,0,0,7,6,0,Generic,1
8e-06,udp,dns,INT,2,0,114,0,125000.0003,254,0,57000000.0,0.0,0,0,0.008,0.0,0.0,0.0,0,0,0,0,0.0,0.0,0.0,57,0,0,0,39,2,27,27,14,39,0,0,0,27,39,0,Generic,1
8e-06,udp,dns,INT,2,0,114,0,125000.0003,254,0,57000000.0,0.0,0,0,0.008,0.0,0.0,0.0,0,0,0,0,0.0,0.0,0.0,57,0,0,0,26,2,15,14,8,27,0,0,0,14,26,0,Generic,1
8e-06,udp,dns,INT,2,0,114,0,125000.0003,254,0,57000000.0,0.0,0,0,0.008,0.0,0.0,0.0,0,0,0,0,0.0,0.0,0.0,57,0,0,0,30,2,20,20,10,30,0,0,0,20,30,0,Generic,1
9e-06,unas,-,INT,2,0,200,0,111111.1072,254,0,88888888.0,0.0,0,0,0.009,0.0,0.0,0.0,0,0,0,0,0.0,0.0,0.0,100,0,0,0,4,2,2,2,2,5,0,0,0,4,4,0,Generic,1
5e-06,udp,dns,INT,2,0,114,0,200000.0051,254,0,91200000.0,0.0,0,0,0.005,0.0,0.0,0.0,0,0,0,0,0.0,0.0,0.0,57,0,0,0,26,2,12,12,12,27,0,0,0,12,26,0,Generic,1
9e-06,udp,dns,INT,2,0,114,0,111111.1072,254,0,50666664.0,0.0,0,0,0.009,0.0,0.0,0.0,0,0,0,0,0.0,0.0,0.0,57,0,0,0,16,2,9,9,5,16,0,0,0,9,16,0,Generic,1
9e-06,udp,dns,INT,2,0,114,0,111111.1072,254,0,50666664.0,0.0,0,0,0.009,0.0,0.0,0.0,0,0,0,0,0.0,0.0,0.0,57,0,0,0,40,2,24,24,12,41,0,0,0,24,40,0,Generic,1
5e-06,dcn,-,INT,2,0,200,0,200000.0051,254,0,160000000.0,0.0,0,0,0.005,0.0,0.0,0.0,0,0,0,0,0.0,0.0,0.0,100,0,0,0,6,2,2,2,2,6,0,0,0,4,6,0,Generic,1
9e-06,udp,dns,INT,2,0,114,0,111111.1072,254,0,50666664.0,0.0,0,0,0.009,0.0,0.0,0.0,0,0,0,0,0.0,0.0,0.0,57,0,0,0,8,2,8,8,8,8,0,0,0,8,16,0,Generic,1
3e-06,udp,dns,INT,2,0,114,0,333333.3215,254,0,152000000.0,0.0,0,0,0.003,0.0,0.0,0.0,0,0,0,0,0.0,0.0,0.0,57,0,0,0,47,2,6,6,1,47,0,0,0,6,47,0,Generic,1
0.312037,tcp,ssl,FIN,12,12,3026,3744,73.70921,254,252,71119.77344,87989.57031,3,4,28.367001,23.713727,1395.750039,1472.938004,255,1277973051,6589017,255,0.059941,0.050231,0.00971,252,312,0,0,1,1,1,1,1,1,0,0,0,13,1,0,Generic,1
3e-06,udp,dns,INT,2,0,114,0,333333.3215,254,0,152000000.0,0.0,0,0,0.003,0.0,0.0,0.0,0,0,0,0,0.0,0.0,0.0,57,0,0,0,26,2,17,17,17,26,0,0,0,17,26,0,Generic,1
8e-06,udp,dns,INT,2,0,114,0,125000.0003,254,0,57000000.0,0.0,0,0,0.008,0.0,0.0,0.0,0,0,0,0,0.0,0.0,0.0,57,0,0,0,39,2,27,27,13,39,0,0,0,27,39,0,Generic,1
9e-06,udp,dns,INT,2,0,114,0,111111.1072,254,0,50666664.0,0.0,0,0,0.009,0.0,0.0,0.0,0,0,0,0,0.0,0.0,0.0,57,0,0,0,37,2,31,31,16,37,0,0,0,32,37,0,Generic,1
5e-06,udp,dns,INT,2,0,114,0,200000.0051,254,0,91200000.0,0.0,0,0,0.005,0.0,0.0,0.0,0,0,0,0,0.0,0.0,0.0,57,0,0,0,37,2,31,31,15,37,0,0,0,32,37,0,Generic,1
5e-06,udp,dns,INT,2,0,114,0,200000.0051,254,0,91200000.0,0.0,0,0,0.005,0.0,0.0,0.0,0,0,0,0,0.0,0.0,0.0,57,0,0,0,34,2,25,25,13,34,0,0,0,25,34,0,Generic,1
7e-06,udp,dns,INT,2,0,114,0,142857.1409,254,0,65142856.0,0.0,0,0,0.007,0.0,0.0,0.0,0,0,0,0,0.0,0.0,0.0,57,0,0,0,40,2,32,32,16,40,0,0,0,33,40,0,Generic,1
9e-06,unas,-,INT,2,0,200,0,111111.1072,254,0,88888888.0,0.0,0,0,0.009,0.0,0.0,0.0,0,0,0,0,0.0,0.0,0.0,100,0,0,0,5,2,2,2,2,5,0,0,0,3,5,0,Generic,1
9e-06,udp,dns,INT,2,0,114,0,111111.1072,254,0,50666664.0,0.0,0,0,0.009,0.0,0.0,0.0,0,0,0,0,0.0,0.0,0.0,57,0,0,0,16,2,16,16,11,16,0,0,0,16,16,0,Generic,1
7e-06,udp,dns,INT,2,0,114,0,142857.1409,254,0,65142856.0,0.0,0,0,0.007,0.0,0.0,0.0,0,0,0,0,0.0,0.0,0.0,57,0,0,0,44,2,34,34,26,44,0,0,0,34,44,0,Generic,1
6e-06,udp,dns,INT,2,0,114,0,166666.6608,254,0,76000000.0,0.0,0,0,0.006,0.0,0.0,0.0,0,0,0,0,0.0,0.0,0.0,57,0,0,0,40,2,32,32,16,40,0,0,0,33,40,0,Generic,1
0.697961,tcp,smtp,FIN,24,20,8006,1872,61.608029,254,252,87947.60938,20390.82422,9,8,30.34613,34.632367,1558.951928,38.587371,255,2639301839,3500988643,255,0.074873,0.039174,0.035699,334,94,0,0,1,1,1,1,1,1,0,0,0,1,1,0,Generic,1
7e-06,udp,dns,INT,2,0,114,0,142857.1409,254,0,65142856.0,0.0,0,0,0.007,0.0,0.0,0.0,0,0,0,0,0.0,0.0,0.0,57,0,0,0,31,2,15,15,15,31,0,0,0,17,31,0,Generic,1
0.506813,tcp,http,FIN,10,10,1182,3504,37.489173,62,252,16795.15039,49785.62109,2,2,56.312556,47.657667,2860.47304,3232.428926,255,3191050818,2730778985,255,0.069217,0.048037,0.02118,118,350,1,1157,1,1,1,1,1,1,0,0,1,1,1,0,Generic,1
9e-06,udp,dns,INT,2,0,114,0,111111.1072,254,0,50666664.0,0.0,0,0,0.009,0.0,0.0,0.0,0,0,0,0,0.0,0.0,0.0,57,0,0,0,33,2,16,16,16,34,0,0,0,17,33,0,Generic,1
9e-06,udp,dns,INT,2,0,114,0,111111.1072,254,0,50666664.0,0.0,0,0,0.009,0.0,0.0,0.0,0,0,0,0,0.0,0.0,0.0,57,0,0,0,43,2,4,4,4,43,0,0,0,4,43,0,Generic,1
9e-06,unas,-,INT,2,0,200,0,111111.1072,254,0,88888888.0,0.0,0,0,0.009,0.0,0.0,0.0,0,0,0,0,0.0,0.0,0.0,100,0,0,0,5,2,2,2,2,5,0,0,0,5,5,0,Generic,1
9e-06,udp,-,INT,2,0,144,0,111111.1072,254,0,63999996.0,0.0,0,0,0.009,0.0,0.0,0.0,0,0,0,0,0.0,0.0,0.0,72,0,0,0,2,2,1,1,1,1,0,0,0,2,1,0,Generic,1
8e-06,unas,-,INT,2,0,200,0,125000.0003,254,0,100000000.0,0.0,0,0,0.008,0.0,0.0,0.0,0,0,0,0,0.0,0.0,0.0,100,0,0,0,4,2,1,1,1,4,0,0,0,2,4,0,Generic,1
1.115789,ospf,-,INT,42,0,1890,0,36.745297,254,0,13228.30664,0.0,0,0,27.214365,0.0,28.648002,0.0,0,0,0,0,0.0,0.0,0.0,45,0,0,0,1,2,1,1,1,1,0,0,0,1,1,0,Generic,1
1.081552,tcp,http,FIN,12,14,1920,9520,23.114931,62,252,13018.3291,65387.51563,3,5,98.322906,79.56923,6168.625323,7062.565096,255,1422475500,2676648246,255,0.151837,0.046575,0.105262,160,680,1,255,1,1,1,1,1,1,0,0,1,2,1,0,Generic,1
4e-06,udp,dns,INT,2,0,114,0,250000.0006,254,0,114000000.0,0.0,0,0,0.004,0.0,0.0,0.0,0,0,0,0,0.0,0.0,0.0,57,0,0,0,4,2,4,4,4,4,0,0,0,4,4,0,Generic,1
1.57305,udp,-,CON,4,6,1444,2832,5.721369,254,60,5507.771484,12002.16113,0,0,524.35,139.670203,741.528063,175.834406,0,0,0,0,0.0,0.0,0.0,361,472,0,0,2,0,2,2,2,2,0,0,0,2,2,0,Generic,1
2e-06,udp,dns,INT,2,0,114,0,500000.0013,254,0,228000000.0,0.0,0,0,0.002,0.0,0.0,0.0,0,0,0,0,0.0,0.0,0.0,57,0,0,0,10,2,10,10,7,10,0,0,0,10,10,0,Generic,1
2e-06,udp,dns,INT,2,0,114,0,500000.0013,254,0,228000000.0,0.0,0,0,0.002,0.0,0.0,0.0,0,0,0,0,0.0,0.0,0.0,57,0,0,0,23,2,23,23,10,23,0,0,0,23,23,0,Generic,1
5e-06,udp,dns,INT,2,0,114,0,200000.0051,254,0,91200000.0,0.0,0,0,0.005,0.0,0.0,0.0,0,0,0,0,0.0,0.0,0.0,57,0,0,0,34,2,25,25,12,34,0,0,0,25,34,0,Generic,1
9e-06,udp,dns,INT,2,0,114,0,111111.1072,254,0,50666664.0,0.0,0,0,0.009,0.0,0.0,0.0,0,0,0,0,0.0,0.0,0.0,57,0,0,0,26,2,8,8,4,26,0,0,0,8,26,0,Generic,1
9e-06,udp,dns,INT,2,0,114,0,111111.1072,254,0,50666664.0,0.0,0,0,0.009,0.0,0.0,0.0,0,0,0,0,0.0,0.0,0.0,57,0,0,0,28,2,26,26,12,28,0,0,0,26,28,0,Generic,1
9e-06,udp,dns,INT,2,0,114,0,111111.1072,254,0,50666664.0,0.0,0,0,0.009,0.0,0.0,0.0,0,0,0,0,0.0,0.0,0.0,57,0,0,0,34,2,9,9,9,34,0,0,0,9,34,0,Generic,1
0.630962,tcp,smtp,FIN,20,18,5234,1386,58.640614,62,252,63052.92578,16596.87891,7,7,33.208525,33.600059,1643.054111,37.447363,255,1488704615,705777206,255,0.090044,0.059094,0.03095,262,77,0,0,1,1,1,1,1,1,0,0,0,1,1,0,Generic,1
8e-06,udp,dns,INT,2,0,114,0,125000.0003,254,0,57000000.0,0.0,0,0,0.008,0.0,0.0,0.0,0,0,0,0,0.0,0.0,0.0,57,0,0,0,44,2,11,11,11,44,0,0,0,11,44,0,Generic,1
0.695846,tcp,-,FIN,16,16,808,1218,44.550086,254,252,8714.571289,13129.3418,5,6,46.389734,43.555,2269.486643,48.407254,255,3993330851,2212915907,255,0.075498,0.041789,0.033709,51,76,0,0,1,1,1,1,1,2,0,0,0,1,1,0,Generic,1
8e-06,udp,dns,INT,2,0,114,0,125000.0003,254,0,57000000.0,0.0,0,0,0.008,0.0,0.0,0.0,0,0,0,0,0.0,0.0,0.0,57,0,0,0,16,2,14,14,14,16,0,0,0,15,16,0,Generic,1
8e-06,udp,dns,INT,2,0,114,0,125000.0003,254,0,57000000.0,0.0,0,0,0.008,0.0,0.0,0.0,0,0,0,0,0.0,0.0,0.0,57,0,0,0,16,2,8,8,4,16,0,0,0,8,16,0,Generic,1
8e-06,udp,dns,INT,2,0,114,0,125000.0003,254,0,57000000.0,0.0,0,0,0.008,0.0,0.0,0.0,0,0,0,0,0.0,0.0,0.0,57,0,0,0,25,2,25,25,13,25,0,0,0,25,25,0,Generic,1
3e-06,udp,dns,INT,2,0,114,0,333333.3215,254,0,152000000.0,0.0,0,0,0.003,0.0,0.0,0.0,0,0,0,0,0.0,0.0,0.0,57,0,0,0,16,2,8,8,4,16,0,0,0,8,16,0,Generic,1
1.28283,tcp,http,FIN,28,132,1964,170843,123.944716,62,252,11811.38574,1057343.5,2,64,47.49474,9.447754,2434.63827,1151.271991,255,4149893413,1425130798,255,0.10174,0.054616,0.047124,70,1294,1,82395,1,1,1,1,1,1,0,0,1,2,1,0,Generic,1
3e-06,udp,dns,INT,2,0,114,0,333333.3215,254,0,152000000.0,0.0,0,0,0.003,0.0,0.0,0.0,0,0,0,0,0.0,0.0,0.0,57,0,0,0,46,2,1,1,1,46,0,0,0,1,46,0,Generic,1
2e-06,udp,dns,INT,2,0,114,0,500000.0013,254,0,228000000.0,0.0,0,0,0.002,0.0,0.0,0.0,0,0,0,0,0.0,0.0,0.0,57,0,0,0,28,2,16,14,14,28,0,0,0,14,28,0,Generic,1
0.725127,tcp,-,FIN,12,10,1156,536,28.960445,254,252,11694.50391,5328.72168,3,3,60.547726,73.648,3179.5822,86.814133,255,3334518667,797299231,255,0.129655,0.062289,0.067366,96,54,0,0,5,1,1,1,1,2,0,0,0,2,2,0,Generic,1
8e-06,3pc,-,INT,2,0,200,0,125000.0003,254,0,100000000.0,0.0,0,0,0.008,0.0,0.0,0.0,0,0,0,0,0.0,0.0,0.0,100,0,0,0,4,2,1,1,1,4,0,0,0,1,4,0,Generic,1
0.311568,tcp,http,FIN,10,6,826,268,48.143585,254,252,19103.375,5751.553711,2,1,34.618667,45.23,1942.625751,84.793188,255,2532272581,367994678,255,0.152844,0.071189,0.081655,83,45,1,0,1,1,11,1,1,1,0,0,2,1,1,0,Generic,1
9e-06,udp,dns,INT,2,0,114,0,111111.1072,254,0,50666664.0,0.0,0,0,0.009,0.0,0.0,0.0,0,0,0,0,0.0,0.0,0.0,57,0,0,0,21,2,11,10,10,21,0,0,0,10,21,0,Generic,1
3e-06,udp,dns,INT,2,0,114,0,333333.3215,254,0,152000000.0,0.0,0,0,0.003,0.0,0.0,0.0,0,0,0,0,0.0,0.0,0.0,57,0,0,0,23,2,23,23,13,23,0,0,0,23,23,0,Generic,1
8e-06,udp,dns,INT,2,0,114,0,125000.0003,254,0,57000000.0,0.0,0,0,0.008,0.0,0.0,0.0,0,0,0,0,0.0,0.0,0.0,57,0,0,0,35,2,21,21,11,35,0,0,0,21,35,0,Generic,1
9e-06,udp,dns,INT,2,0,114,0,111111.1072,254,0,50666664.0,0.0,0,0,0.009,0.0,0.0,0.0,0,0,0,0,0.0,0.0,0.0,57,0,0,0,33,2,17,16,16,34,0,0,0,16,33,0,Generic,1
9e-06,udp,dns,INT,2,0,114,0,111111.1072,254,0,50666664.0,0.0,0,0,0.009,0.0,0.0,0.0,0,0,0,0,0.0,0.0,0.0,57,0,0,0,3,2,4,3,3,3,0,0,0,3,3,0,Generic,1
8e-06,udp,dns,INT,2,0,114,0,125000.0003,254,0,57000000.0,0.0,0,0,0.008,0.0,0.0,0.0,0,0,0,0,0.0,0.0,0.0,57,0,0,0,33,2,19,17,17,34,0,0,0,18,33,0,Generic,1
1e-05,tp++,-,INT,2,0,200,0,100000.0025,254,0,80000000.0,0.0,0,0,0.01,0.0,0.0,0.0,0,0,0,0,0.0,0.0,0.0,100,0,0,0,7,2,2,1,1,7,0,0,0,1,7,0,Generic,1
1.218966,tcp,smtp,FIN,24,20,8322,1874,35.275799,254,252,52346.00391,11688.59473,9,8,52.998521,60.410262,2782.240263,77.388797,255,4010700869,2096719473,255,0.111196,0.024498,0.086698,347,94,0,0,1,1,1,1,1,1,0,0,0,1,1,0,Generic,1
0.602897,tcp,http,FIN,10,12,1120,3482,34.831821,62,252,13375.41895,42355.49609,2,3,66.988556,47.613183,4605.28631,3453.19509,255,468336005,1692655237,255,0.112638,0.061717,0.050921,112,290,1,1125,1,1,2,1,1,4,0,0,1,2,1,0,Generic,1
9e-06,udp,dns,INT,2,0,114,0,111111.1072,254,0,50666664.0,0.0,0,0,0.009,0.0,0.0,0.0,0,0,0,0,0.0,0.0,0.0,57,0,0,0,19,2,15,15,15,19,0,0,0,16,19,0,Generic,1
8e-06,unas,-,INT,2,0,200,0,125000.0003,254,0,100000000.0,0.0,0,0,0.008,0.0,0.0,0.0,0,0,0,0,0.0,0.0,0.0,100,0,0,0,3,2,1,1,1,4,0,0,0,2,3,0,Generic,1
9e-06,unas,-,INT,2,0,200,0,111111.1072,254,0,88888888.0,0.0,0,0,0.009,0.0,0.0,0.0,0,0,0,0,0.0,0.0,0.0,100,0,0,0,2,2,1,1,1,2,0,0,0,1,2,0,Generic,1
3e-06,udp,dns,INT,2,0,114,0,333333.3215,254,0,152000000.0,0.0,0,0,0.003,0.0,0.0,0.0,0,0,0,0,0.0,0.0,0.0,57,0,0,0,40,2,8,8,8,40,0,0,0,8,40,0,Generic,1
9e-06,udp,dns,INT,2,0,114,0,111111.1072,254,0,50666664.0,0.0,0,0,0.009,0.0,0.0,0.0,0,0,0,0,0.0,0.0,0.0,57,0,0,0,30,2,17,17,17,30,0,0,0,17,30,0,Generic,1
3e-06,udp,dns,INT,2,0,114,0,333333.3215,254,0,152000000.0,0.0,0,0,0.003,0.0,0.0,0.0,0,0,0,0,0.0,0.0,0.0,57,0,0,0,22,2,2,2,2,22,0,0,0,2,22,0,Generic,1
3e-06,udp,dns,INT,2,0,114,0,333333.3215,254,0,152000000.0,0.0,0,0,0.003,0.0,0.0,0.0,0,0,0,0,0.0,0.0,0.0,57,0,0,0,27,2,11,11,11,27,0,0,0,11,27,0,Generic,1
4e-06,udp,dns,INT,2,0,114,0,250000.0006,254,0,114000000.0,0.0,0,0,0.004,0.0,0.0,0.0,0,0,0,0,0.0,0.0,0.0,57,0,0,0,44,2,33,33,17,44,0,0,0,33,44,0,Generic,1
3e-06,udp,dns,INT,2,0,114,0,333333.3215,254,0,152000000.0,0.0,0,0,0.003,0.0,0.0,0.0,0,0,0,0,0.0,0.0,0.0,57,0,0,0,33,2,18,17,17,34,0,0,0,18,33,0,Generic,1
5e-06,udp,dns,INT,2,0,114,0,200000.0051,254,0,91200000.0,0.0,0,0,0.005,0.0,0.0,0.0,0,0,0,0,0.0,0.0,0.0,57,0,0,0,30,2,25,25,13,30,0,0,0,25,30,0,Generic,1
9e-06,udp,dns,INT,2,0,114,0,111111.1072,254,0,50666664.0,0.0,0,0,0.009,0.0,0.0,0.0,0,0,0,0,0.0,0.0,0.0,57,0,0,0,16,2,8,8,4,16,0,0,0,8,16,0,Generic,1
9e-06,udp,dns,INT,2,0,114,0,111111.1072,254,0,50666664.0,0.0,0,0,0.009,0.0,0.0,0.0,0,0,0,0,0.0,0.0,0.0,57,0,0,0,30,2,25,25,12,30,0,0,0,25,30,0,Generic,1
5e-06,udp,dns,INT,2,0,114,0,200000.0051,254,0,91200000.0,0.0,0,0,0.005,0.0,0.0,0.0,0,0,0,0,0.0,0.0,0.0,57,0,0,0,42,2,10,10,10,42,0,0,0,10,42,0,Generic,1
0.463873,tcp,http,FIN,12,22,1190,24268,71.140161,62,252,18815.49414,399505.9063,2,9,42.170274,19.408618,2927.273588,2487.097655,255,2849938454,1983968222,255,0.072245,0.026711,0.045534,99,1103,1,11400,1,1,3,1,1,1,0,0,1,1,1,0,Generic,1
1e-06,udp,dns,INT,2,0,114,0,1000000.003,254,0,456000000.0,0.0,0,0,0.001,0.0,0.0,0.0,0,0,0,0,0.0,0.0,0.0,57,0,0,0,23,2,5,5,5,23,0,0,0,5,23,0,Generic,1
8e-06,udp,dns,INT,2,0,114,0,125000.0003,254,0,57000000.0,0.0,0,0,0.008,0.0,0.0,0.0,0,0,0,0,0.0,0.0,0.0,57,0,0,0,13,2,15,13,13,13,0,0,0,13,13,0,Generic,1
3e-06,udp,dns,INT,2,0,114,0,333333.3215,254,0,152000000.0,0.0,0,0,0.003,0.0,0.0,0.0,0,0,0,0,0.0,0.0,0.0,57,0,0,0,24,2,19,16,16,24,0,0,0,17,24,0,Generic,1
8e-06,udp,dns,INT,2,0,114,0,125000.0003,254,0,57000000.0,0.0,0,0,0.008,0.0,0.0,0.0,0,0,0,0,0.0,0.0,0.0,57,0,0,0,20,2,3,3,3,20,0,0,0,3,20,0,Generic,1
9e-06,udp,dns,INT,2,0,114,0,111111.1072,254,0,50666664.0,0.0,0,0,0.009,0.0,0.0,0.0,0,0,0,0,0.0,0.0,0.0,57,0,0,0,20,2,20,17,17,20,0,0,0,17,20,0,Generic,1
6e-06,udp,dns,INT,2,0,114,0,166666.6608,254,0,76000000.0,0.0,0,0,0.006,0.0,0.0,0.0,0,0,0,0,0.0,0.0,0.0,57,0,0,0,26,2,11,10,10,26,0,0,0,11,26,0,Generic,1
8e-06,unas,-,INT,2,0,200,0,125000.0003,254,0,100000000.0,0.0,0,0,0.008,0.0,0.0,0.0,0,0,0,0,0.0,0.0,0.0,100,0,0,0,3,2,2,1,1,4,0,0,0,1,3,0,Generic,1
2.985046,tcp,pop3,FIN,24,30,1166,10160,17.755171,62,252,2996.268799,26323.21289,9,12,129.78008,100.976932,6627.282985,5218.059606,255,562332626,3125500359,255,0.111511,0.056706,0.054805,49,339,0,0,1,1,2,1,1,1,0,0,0,2,1,0,Generic,1
6e-06,unas,-,INT,2,0,200,0,166666.6608,254,0,133333328.0,0.0,0,0,0.006,0.0,0.0,0.0,0,0,0,0,0.0,0.0,0.0,100,0,0,0,6,2,1,1,1,6,0,0,0,4,6,0,Generic,1
9e-06,ib,-,INT,2,0,200,0,111111.1072,254,0,88888888.0,0.0,0,0,0.009,0.0,0.0,0.0,0,0,0,0,0.0,0.0,0.0,100,0,0,0,6,2,3,3,3,6,0,0,0,8,6,0,Generic,1
9e-06,udp,dns,INT,2,0,114,0,111111.1072,254,0,50666664.0,0.0,0,0,0.009,0.0,0.0,0.0,0,0,0,0,0.0,0.0,0.0,57,0,0,0,19,2,19,17,17,19,0,0,0,17,19,0,Generic,1
3e-06,udp,dns,INT,2,0,114,0,333333.3215,254,0,152000000.0,0.0,0,0,0.003,0.0,0.0,0.0,0,0,0,0,0.0,0.0,0.0,57,0,0,0,13,2,14,13,13,13,0,0,0,13,13,0,Generic,1
4e-06,udp,dns,INT,2,0,114,0,250000.0006,254,0,114000000.0,0.0,0,0,0.004,0.0,0.0,0.0,0,0,0,0,0.0,0.0,0.0,57,0,0,0,28,2,28,28,14,28,0,0,0,28,28,0,Generic,1
4e-06,udp,dns,INT,2,0,114,0,250000.0006,254,0,114000000.0,0.0,0,0,0.004,0.0,0.0,0.0,0,0,0,0,0.0,0.0,0.0,57,0,0,0,30,2,5,5,3,30,0,0,0,5,30,0,Generic,1
6e-06,udp,dns,INT,2,0,114,0,166666.6608,254,0,76000000.0,0.0,0,0,0.006,0.0,0.0,0.0,0,0,0,0,0.0,0.0,0.0,57,0,0,0,32,2,17,17,17,32,0,0,0,17,32,0,Generic,1
0.847101,tcp,http,FIN,12,28,1284,30452,46.039376,62,252,11115.55762,277322.3125,2,12,76.929999,28.875704,4161.754281,3177.081995,255,3992487674,3936162413,255,0.155375,0.067451,0.087924,107,1088,1,14336,1,1,1,1,1,1,0,0,1,1,1,0,Generic,1
7e-06,udp,dns,INT,2,0,114,0,142857.1409,254,0,65142856.0,0.0,0,0,0.007,0.0,0.0,0.0,0,0,0,0,0.0,0.0,0.0,57,0,0,0,28,2,28,28,14,28,0,0,0,28,28,0,Generic,1
9e-06,udp,dns,INT,2,0,114,0,111111.1072,254,0,50666664.0,0.0,0,0,0.009,0.0,0.0,0.0,0,0,0,0,0.0,0.0,0.0,57,0,0,0,21,2,21,21,11,21,0,0,0,21,21,0,Generic,1
8e-06,udp,dns,INT,2,0,114,0,125000.0003,254,0,57000000.0,0.0,0,0,0.008,0.0,0.0,0.0,0,0,0,0,0.0,0.0,0.0,57,0,0,0,21,2,21,21,10,21,0,0,0,21,21,0,Generic,1
8e-06,ipv6-no,-,INT,2,0,200,0,125000.0003,254,0,100000000.0,0.0,0,0,0.008,0.0,0.0,0.0,0,0,0,0,0.0,0.0,0.0,100,0,0,0,6,2,2,2,2,6,0,0,0,4,6,0,Generic,1
3e-06,udp,dns,INT,2,0,114,0,333333.3215,254,0,152000000.0,0.0,0,0,0.003,0.0,0.0,0.0,0,0,0,0,0.0,0.0,0.0,57,0,0,0,42,2,32,32,16,42,0,0,0,32,42,0,Generic,1
9e-06,udp,dns,INT,2,0,114,0,111111.1072,254,0,50666664.0,0.0,0,0,0.009,0.0,0.0,0.0,0,0,0,0,0.0,0.0,0.0,57,0,0,0,33,2,18,16,16,33,0,0,0,16,33,0,Generic,1
8e-06,udp,dns,INT,2,0,114,0,125000.0003,254,0,57000000.0,0.0,0,0,0.008,0.0,0.0,0.0,0,0,0,0,0.0,0.0,0.0,57,0,0,0,41,2,2,2,2,41,0,0,0,2,41,0,Generic,1
1e-06,udp,dns,INT,2,0,114,0,1000000.003,254,0,456000000.0,0.0,0,0,0.001,0.0,0.0,0.0,0,0,0,0,0.0,0.0,0.0,57,0,0,0,35,2,33,33,17,35,0,0,0,33,35,0,Generic,1
0.973091,tcp,http,FIN,26,118,1856,149785,146.954395,62,252,14674.88672,1220983.375,2,57,38.923639,8.129393,1974.416111,982.440069,255,2977284363,653662614,255,0.080513,0.021212,0.059301,71,1269,1,72192,1,1,1,1,1,1,0,0,1,34,1,0,Generic,1
8e-06,udp,dns,INT,2,0,114,0,125000.0003,254,0,57000000.0,0.0,0,0,0.008,0.0,0.0,0.0,0,0,0,0,0.0,0.0,0.0,57,0,0,0,33,2,18,17,17,33,0,0,0,17,33,0,Generic,1
4e-06,udp,dns,INT,2,0,114,0,250000.0006,254,0,114000000.0,0.0,0,0,0.004,0.0,0.0,0.0,0,0,0,0,0.0,0.0,0.0,57,0,0,0,13,2,13,13,8,13,0,0,0,13,13,0,Generic,1
7e-06,udp,dns,INT,2,0,114,0,142857.1409,254,0,65142856.0,0.0,0,0,0.007,0.0,0.0,0.0,0,0,0,0,0.0,0.0,0.0,57,0,0,0,7,2,8,7,7,7,0,0,0,7,7,0,Generic,1
5e-06,udp,dns,INT,2,0,114,0,200000.0051,254,0,91200000.0,0.0,0,0,0.005,0.0,0.0,0.0,0,0,0,0,0.0,0.0,0.0,57,0,0,0,26,2,18,17,17,26,0,0,0,17,26,0,Generic,1
5.448809,tcp,-,FIN,10,18,1212,14488,4.955211,62,252,1601.817871,20090.99609,2,6,605.319889,311.681645,37931.48442,28749.98043,255,2043008403,2342993510,255,0.324126,0.15022,0.173906,121,805,1,5435,2,1,1,1,1,1,0,0,1,1,1,0,Generic,1
2.210438,tcp,http,FIN,152,36,195881,11086,84.598618,254,252,704269.4375,39011.27344,73,5,14.632146,60.965,1623.862302,3240.335485,255,3829788684,1382656283,255,0.14565,0.076651,0.068999,1289,308,1,4498,1,1,1,1,1,1,0,0,1,1,1,0,Generic,1
9.653245,tcp,ssl,FIN,76,366,3962,498106,45.68412,254,252,3240.361084,411671.7188,4,180,128.709932,25.986915,8066.850132,3373.169881,255,846403060,764188378,255,0.345129,0.193256,0.151873,52,1361,0,0,4,1,1,1,1,4,0,0,0,2,4,0,Generic,1
2.4e-05,udp,dns,INT,2,0,114,0,41666.66519,254,0,19000000.0,0.0,0,0,0.024,0.0,0.0,0.0,0,0,0,0,0.0,0.0,0.0,57,0,0,0,16,2,19,16,16,16,0,0,0,16,16,0,Generic,1
5e-06,udp,dns,INT,2,0,114,0,200000.0051,254,0,91200000.0,0.0,0,0,0.005,0.0,0.0,0.0,0,0,0,0,0.0,0.0,0.0,57,0,0,0,17,2,20,17,17,17,0,0,0,17,17,0,Generic,1
9e-06,udp,dns,INT,2,0,114,0,111111.1072,254,0,50666664.0,0.0,0,0,0.009,0.0,0.0,0.0,0,0,0,0,0.0,0.0,0.0,57,0,0,0,22,2,16,16,16,22,0,0,0,16,22,0,Generic,1
3e-06,udp,dns,INT,2,0,114,0,333333.3215,254,0,152000000.0,0.0,0,0,0.003,0.0,0.0,0.0,0,0,0,0,0.0,0.0,0.0,57,0,0,0,18,2,17,17,17,18,0,0,0,17,18,0,Generic,1
5e-06,udp,dns,INT,2,0,114,0,200000.0051,254,0,91200000.0,0.0,0,0,0.005,0.0,0.0,0.0,0,0,0,0,0.0,0.0,0.0,57,0,0,0,30,2,6,6,6,30,0,0,0,6,30,0,Generic,1
8e-06,udp,dns,INT,2,0,114,0,125000.0003,254,0,57000000.0,0.0,0,0,0.008,0.0,0.0,0.0,0,0,0,0,0.0,0.0,0.0,57,0,0,0,21,2,10,10,10,21,0,0,0,10,21,0,Generic,1
7e-06,udp,dns,INT,2,0,114,0,142857.1409,254,0,65142856.0,0.0,0,0,0.007,0.0,0.0,0.0,0,0,0,0,0.0,0.0,0.0,57,0,0,0,30,2,5,5,2,30,0,0,0,5,30,0,Generic,1
1.7e-05,udp,dns,INT,2,0,114,0,58823.52838,254,0,26823528.0,0.0,0,0,0.017,0.0,0.0,0.0,0,0,0,0,0.0,0.0,0.0,57,0,0,0,35,2,9,9,5,35,0,0,0,9,35,0,Generic,1
58.947353,ospf,-,INT,50,0,5400,0,0.83125,254,0,718.200195,0.0,0,0,1203.007375,0.0,1554.369625,0.0,0,0,0,0,0.0,0.0,0.0,108,0,0,0,1,2,1,1,1,1,0,0,0,1,1,0,Generic,1
9e-06,udp,dns,INT,2,0,114,0,111111.1072,254,0,50666664.0,0.0,0,0,0.009,0.0,0.0,0.0,0,0,0,0,0.0,0.0,0.0,57,0,0,0,31,2,14,14,14,33,0,0,0,14,31,0,Generic,1
8e-06,udp,dns,INT,2,0,114,0,125000.0003,254,0,57000000.0,0.0,0,0,0.008,0.0,0.0,0.0,0,0,0,0,0.0,0.0,0.0,57,0,0,0,31,2,20,17,17,33,0,0,0,19,31,0,Generic,1
6e-06,udp,dns,INT,2,0,114,0,166666.6608,254,0,76000000.0,0.0,0,0,0.006,0.0,0.0,0.0,0,0,0,0,0.0,0.0,0.0,57,0,0,0,15,2,15,15,15,15,0,0,0,16,15,0,Generic,1
5e-06,udp,dns,INT,2,0,114,0,200000.0051,254,0,91200000.0,0.0,0,0,0.005,0.0,0.0,0.0,0,0,0,0,0.0,0.0,0.0,57,0,0,0,24,2,3,3,3,24,0,0,0,3,24,0,Generic,1
5e-06,ipnip,-,INT,2,0,180,0,200000.0051,254,0,144000000.0,0.0,0,0,0.005,0.0,0.0,0.0,0,0,0,0,0.0,0.0,0.0,90,0,0,0,4,2,3,4,3,3,0,0,0,4,3,0,Generic,1
4e-06,udp,-,INT,2,0,1362,0,250000.0006,254,0,1362000000.0,0.0,0,0,0.004,0.0,0.0,0.0,0,0,0,0,0.0,0.0,0.0,681,0,0,0,1,2,1,1,1,1,0,0,0,1,1,0,Generic,1
5e-06,udp,dns,INT,2,0,114,0,200000.0051,254,0,91200000.0,0.0,0,0,0.005,0.0,0.0,0.0,0,0,0,0,0.0,0.0,0.0,57,0,0,0,30,2,30,30,14,30,0,0,0,30,30,0,Generic,1
1.7e-05,udp,dns,INT,2,0,114,0,58823.52838,254,0,26823528.0,0.0,0,0,0.017,0.0,0.0,0.0,0,0,0,0,0.0,0.0,0.0,57,0,0,0,16,2,17,16,16,16,0,0,0,16,16,0,Generic,1
1.008592,st2,-,INT,4,0,360,0,2.974444,254,0,2141.599365,0.0,0,0,336.197344,0.0,475.447063,0.0,0,0,0,0,0.0,0.0,0.0,90,0,0,0,1,2,1,1,1,1,0,0,0,1,1,0,Generic,1
0.417943,tcp,-,FIN,10,8,492,354,40.675403,254,252,8479.625,5933.82373,2,1,46.438111,57.56657,3202.150864,121.391898,255,1059909481,3030939373,255,0.017282,0.006664,0.010618,49,44,0,0,1,1,1,1,1,1,0,0,0,1,2,0,Generic,1
3e-06,udp,dns,INT,2,0,114,0,333333.3215,254,0,152000000.0,0.0,0,0,0.003,0.0,0.0,0.0,0,0,0,0,0.0,0.0,0.0,57,0,0,0,36,2,4,3,3,36,0,0,0,3,36,0,Generic,1
3e-06,udp,dns,INT,2,0,114,0,333333.3215,254,0,152000000.0,0.0,0,0,0.003,0.0,0.0,0.0,0,0,0,0,0.0,0.0,0.0,57,0,0,0,24,2,3,3,3,25,0,0,0,3,24,0,Generic,1
3e-06,udp,dns,INT,2,0,114,0,333333.3215,254,0,152000000.0,0.0,0,0,0.003,0.0,0.0,0.0,0,0,0,0,0.0,0.0,0.0,57,0,0,0,27,2,17,17,17,27,0,0,0,17,27,0,Generic,1
2e-06,udp,-,INT,2,0,1234,0,500000.0013,254,0,2468000000.0,0.0,0,0,0.002,0.0,0.0,0.0,0,0,0,0,0.0,0.0,0.0,617,0,0,0,7,2,1,1,1,1,0,0,0,4,3,0,Generic,1
9e-06,udp,-,INT,2,0,1390,0,111111.1072,254,0,617777728.0,0.0,0,0,0.009,0.0,0.0,0.0,0,0,0,0,0.0,0.0,0.0,695,0,0,0,2,2,14,2,2,20,0,0,0,14,2,0,Generic,1
5e-06,udp,dns,INT,2,0,114,0,200000.0051,254,0,91200000.0,0.0,0,0,0.005,0.0,0.0,0.0,0,0,0,0,0.0,0.0,0.0,57,0,0,0,34,2,33,33,16,34,0,0,0,33,34,0,Generic,1
6e-06,udp,dns,INT,2,0,114,0,166666.6608,254,0,76000000.0,0.0,0,0,0.006,0.0,0.0,0.0,0,0,0,0,0.0,0.0,0.0,57,0,0,0,29,2,19,16,16,29,0,0,0,17,29,0,Generic,1
8e-06,udp,dns,INT,2,0,114,0,125000.0003,254,0,57000000.0,0.0,0,0,0.008,0.0,0.0,0.0,0,0,0,0,0.0,0.0,0.0,57,0,0,0,31,2,15,14,14,31,0,0,0,14,31,0,Generic,1
3e-06,udp,dns,INT,2,0,114,0,333333.3215,254,0,152000000.0,0.0,0,0,0.003,0.0,0.0,0.0,0,0,0,0,0.0,0.0,0.0,57,0,0,0,33,2,16,16,16,33,0,0,0,16,33,0,Generic,1
4e-06,udp,dns,INT,2,0,114,0,250000.0006,254,0,114000000.0,0.0,0,0,0.004,0.0,0.0,0.0,0,0,0,0,0.0,0.0,0.0,57,0,0,0,31,2,19,17,17,31,0,0,0,17,31,0,Generic,1
9e-06,udp,dns,INT,2,0,114,0,111111.1072,254,0,50666664.0,0.0,0,0,0.009,0.0,0.0,0.0,0,0,0,0,0.0,0.0,0.0,57,0,0,0,22,2,5,5,5,22,0,0,0,7,22,0,Generic,1
8e-06,sat-mon,-,INT,2,0,200,0,125000.0003,254,0,100000000.0,0.0,0,0,0.008,0.0,0.0,0.0,0,0,0,0,0.0,0.0,0.0,100,0,0,0,4,2,3,3,3,4,0,0,0,4,4,0,Generic,1
3e-06,ipcv,-,INT,2,0,200,0,333333.3215,254,0,266666656.0,0.0,0,0,0.003,0.0,0.0,0.0,0,0,0,0,0.0,0.0,0.0,100,0,0,0,4,2,1,1,1,4,0,0,0,3,4,0,Generic,1
2e-06,udp,dns,INT,2,0,114,0,500000.0013,254,0,228000000.0,0.0,0,0,0.002,0.0,0.0,0.0,0,0,0,0,0.0,0.0,0.0,57,0,0,0,17,2,19,17,17,18,0,0,0,17,17,0,Generic,1
6e-06,udp,dns,INT,2,0,114,0,166666.6608,254,0,76000000.0,0.0,0,0,0.006,0.0,0.0,0.0,0,0,0,0,0.0,0.0,0.0,57,0,0,0,19,2,4,4,4,19,0,0,0,4,19,0,Generic,1
1.512225,mux,-,INT,4,0,400,0,1.983832,254,0,1587.06543,0.0,0,0,504.075,0.0,712.866875,0.0,0,0,0,0,0.0,0.0,0.0,100,0,0,0,6,2,1,1,1,6,0,0,0,1,6,0,Generic,1
1.30257,tcp,-,FIN,10,8,472,380,13.051122,254,252,2610.224365,2045.187622,2,2,144.711,162.926578,8625.985342,231.926453,255,4137817454,1781030973,255,0.309623,0.162083,0.14754,47,48,0,0,2,1,1,1,1,1,0,0,0,1,1,0,Generic,1
6e-06,udp,dns,INT,2,0,114,0,166666.6608,254,0,76000000.0,0.0,0,0,0.006,0.0,0.0,0.0,0,0,0,0,0.0,0.0,0.0,57,0,0,0,34,2,12,12,12,34,0,0,0,12,34,0,Generic,1
9e-06,udp,dns,INT,2,0,114,0,111111.1072,254,0,50666664.0,0.0,0,0,0.009,0.0,0.0,0.0,0,0,0,0,0.0,0.0,0.0,57,0,0,0,19,2,17,16,16,19,0,0,0,17,19,0,Generic,1
1e-06,udp,dns,INT,2,0,114,0,1000000.003,254,0,456000000.0,0.0,0,0,0.001,0.0,0.0,0.0,0,0,0,0,0.0,0.0,0.0,57,0,0,0,28,2,12,12,7,28,0,0,0,12,28,0,Generic,1
3e-06,udp,dns,INT,2,0,114,0,333333.3215,254,0,152000000.0,0.0,0,0,0.003,0.0,0.0,0.0,0,0,0,0,0.0,0.0,0.0,57,0,0,0,30,2,8,8,8,30,0,0,0,8,30,0,Generic,1
7e-06,udp,dns,INT,2,0,114,0,142857.1409,254,0,65142856.0,0.0,0,0,0.007,0.0,0.0,0.0,0,0,0,0,0.0,0.0,0.0,57,0,0,0,31,2,7,7,5,31,0,0,0,7,31,0,Generic,1
5e-06,udp,dns,INT,2,0,114,0,200000.0051,254,0,91200000.0,0.0,0,0,0.005,0.0,0.0,0.0,0,0,0,0,0.0,0.0,0.0,57,0,0,0,34,2,10,10,4,34,0,0,0,10,34,0,Generic,1
8e-06,udp,dns,INT,2,0,114,0,125000.0003,254,0,57000000.0,0.0,0,0,0.008,0.0,0.0,0.0,0,0,0,0,0.0,0.0,0.0,57,0,0,0,23,2,15,15,15,23,0,0,0,15,23,0,Generic,1
8e-06,udp,dns,INT,2,0,114,0,125000.0003,254,0,57000000.0,0.0,0,0,0.008,0.0,0.0,0.0,0,0,0,0,0.0,0.0,0.0,57,0,0,0,34,2,10,10,6,34,0,0,0,10,34,0,Generic,1
4e-06,udp,dns,INT,2,0,114,0,250000.0006,254,0,114000000.0,0.0,0,0,0.004,0.0,0.0,0.0,0,0,0,0,0.0,0.0,0.0,57,0,0,0,23,2,22,20,9,23,0,0,0,20,23,0,Generic,1
7e-06,udp,dns,INT,2,0,114,0,142857.1409,254,0,65142856.0,0.0,0,0,0.007,0.0,0.0,0.0,0,0,0,0,0.0,0.0,0.0,57,0,0,0,23,2,22,20,11,23,0,0,0,20,23,0,Generic,1
6e-06,udp,dns,INT,2,0,114,0,166666.6608,254,0,76000000.0,0.0,0,0,0.006,0.0,0.0,0.0,0,0,0,0,0.0,0.0,0.0,57,0,0,0,30,2,17,17,17,30,0,0,0,17,30,0,Generic,1
8e-06,udp,dns,INT,2,0,114,0,125000.0003,254,0,57000000.0,0.0,0,0,0.008,0.0,0.0,0.0,0,0,0,0,0.0,0.0,0.0,57,0,0,0,33,2,33,33,16,33,0,0,0,34,33,0,Generic,1
9e-06,udp,dns,INT,2,0,114,0,111111.1072,254,0,50666664.0,0.0,0,0,0.009,0.0,0.0,0.0,0,0,0,0,0.0,0.0,0.0,57,0,0,0,23,2,23,23,12,23,0,0,0,25,23,0,Generic,1
9e-06,udp,dns,INT,2,0,114,0,111111.1072,254,0,50666664.0,0.0,0,0,0.009,0.0,0.0,0.0,0,0,0,0,0.0,0.0,0.0,57,0,0,0,16,2,10,10,6,16,0,0,0,10,16,0,Generic,1
2e-06,udp,dns,INT,2,0,114,0,500000.0013,254,0,228000000.0,0.0,0,0,0.002,0.0,0.0,0.0,0,0,0,0,0.0,0.0,0.0,57,0,0,0,33,2,33,33,16,33,0,0,0,34,33,0,Generic,1
4e-06,udp,dns,INT,2,0,114,0,250000.0006,254,0,114000000.0,0.0,0,0,0.004,0.0,0.0,0.0,0,0,0,0,0.0,0.0,0.0,57,0,0,0,42,2,33,33,17,42,0,0,0,33,42,0,Generic,1
9e-06,udp,dns,INT,2,0,114,0,111111.1072,254,0,50666664.0,0.0,0,0,0.009,0.0,0.0,0.0,0,0,0,0,0.0,0.0,0.0,57,0,0,0,30,2,7,7,7,30,0,0,0,7,30,0,Generic,1
8e-06,leaf-2,-,INT,2,0,200,0,125000.0003,254,0,100000000.0,0.0,0,0,0.008,0.0,0.0,0.0,0,0,0,0,0.0,0.0,0.0,100,0,0,0,4,2,1,1,1,4,0,0,0,2,4,0,Generic,1
3e-06,udp,-,INT,2,0,158,0,333333.3215,254,0,210666656.0,0.0,0,0,0.003,0.0,0.0,0.0,0,0,0,0,0.0,0.0,0.0,79,0,0,0,4,2,1,1,1,1,0,0,0,1,1,0,Generic,1
4e-06,udp,dns,INT,2,0,114,0,250000.0006,254,0,114000000.0,0.0,0,0,0.004,0.0,0.0,0.0,0,0,0,0,0.0,0.0,0.0,57,0,0,0,14,2,7,7,7,14,0,0,0,7,14,0,Generic,1
9e-06,udp,dns,INT,2,0,114,0,111111.1072,254,0,50666664.0,0.0,0,0,0.009,0.0,0.0,0.0,0,0,0,0,0.0,0.0,0.0,57,0,0,0,17,2,18,17,17,17,0,0,0,18,17,0,Generic,1
9e-06,udp,dns,INT,2,0,114,0,111111.1072,254,0,50666664.0,0.0,0,0,0.009,0.0,0.0,0.0,0,0,0,0,0.0,0.0,0.0,57,0,0,0,27,2,22,22,11,27,0,0,0,22,27,0,Generic,1
9e-06,udp,dns,INT,2,0,114,0,111111.1072,254,0,50666664.0,0.0,0,0,0.009,0.0,0.0,0.0,0,0,0,0,0.0,0.0,0.0,57,0,0,0,19,2,4,3,3,19,0,0,0,3,19,0,Generic,1
9e-06,udp,dns,INT,2,0,114,0,111111.1072,254,0,50666664.0,0.0,0,0,0.009,0.0,0.0,0.0,0,0,0,0,0.0,0.0,0.0,57,0,0,0,33,2,17,16,16,33,0,0,0,18,33,0,Generic,1
3e-06,iso-tp4,-,INT,2,0,200,0,333333.3215,254,0,266666656.0,0.0,0,0,0.003,0.0,0.0,0.0,0,0,0,0,0.0,0.0,0.0,100,0,0,0,3,2,1,1,1,3,0,0,0,1,3,0,Generic,1
2.116104,tcp,smtp,FIN,24,20,8984,1654,20.320363,254,252,32550.38672,5942.997559,9,8,92.004522,107.334,4827.560923,118.829148,255,3797810607,166171290,255,0.145046,0.076069,0.068977,374,83,0,0,1,1,1,1,1,1,0,0,0,3,1,0,Generic,1
9e-06,udp,dns,INT,2,0,114,0,111111.1072,254,0,50666664.0,0.0,0,0,0.009,0.0,0.0,0.0,0,0,0,0,0.0,0.0,0.0,57,0,0,0,42,2,9,9,9,42,0,0,0,10,42,0,Generic,1
0.963845,tcp,http,FIN,10,8,506,354,17.63769,254,252,3784.84082,2573.027832,2,1,95.510333,127.09957,5993.159573,177.624469,255,3311201207,2338492397,255,0.107406,0.074139,0.033267,51,44,1,0,2,1,1,1,1,2,0,0,1,1,2,0,Generic,1
3e-06,udp,dns,INT,2,0,114,0,333333.3215,254,0,152000000.0,0.0,0,0,0.003,0.0,0.0,0.0,0,0,0,0,0.0,0.0,0.0,57,0,0,0,30,2,17,17,17,30,0,0,0,18,30,0,Generic,1
2e-06,udp,dns,INT,2,0,114,0,500000.0013,254,0,228000000.0,0.0,0,0,0.002,0.0,0.0,0.0,0,0,0,0,0.0,0.0,0.0,57,0,0,0,23,2,8,6,6,23,0,0,0,6,23,0,Generic,1
0.618096,tcp,-,FIN,10,8,538,452,27.503818,254,252,6277.342285,5125.41748,2,2,68.573,76.310859,3408.211537,89.196422,255,401703402,1711110854,255,0.13532,0.083912,0.051408,54,57,0,0,3,1,1,1,1,1,0,0,0,2,1,0,Generic,1
1e-06,udp,dns,INT,2,0,114,0,1000000.003,254,0,456000000.0,0.0,0,0,0.001,0.0,0.0,0.0,0,0,0,0,0.0,0.0,0.0,57,0,0,0,23,2,18,17,17,23,0,0,0,17,23,0,Generic,1
0.533183,tcp,http,FIN,10,8,1366,3208,31.883989,62,252,18455.20313,42116.875,2,2,59.242556,64.061715,2890.190259,84.241227,255,702866768,1123021808,255,0.157254,0.084395,0.072859,137,401,1,1054,1,1,1,1,1,1,0,0,1,3,1,0,Generic,1
3e-06,udp,dns,INT,2,0,114,0,333333.3215,254,0,152000000.0,0.0,0,0,0.003,0.0,0.0,0.0,0,0,0,0,0.0,0.0,0.0,57,0,0,0,17,2,10,10,10,17,0,0,0,11,17,0,Generic,1
3e-06,udp,dns,INT,2,0,114,0,333333.3215,254,0,152000000.0,0.0,0,0,0.003,0.0,0.0,0.0,0,0,0,0,0.0,0.0,0.0,57,0,0,0,24,2,7,7,7,24,0,0,0,7,24,0,Generic,1
9e-06,xtp,-,INT,2,0,200,0,111111.1072,254,0,88888888.0,0.0,0,0,0.009,0.0,0.0,0.0,0,0,0,0,0.0,0.0,0.0,100,0,0,0,3,2,1,1,1,3,0,0,0,2,3,0,Generic,1
6e-06,udp,dns,INT,2,0,114,0,166666.6608,254,0,76000000.0,0.0,0,0,0.006,0.0,0.0,0.0,0,0,0,0,0.0,0.0,0.0,57,0,0,0,8,2,2,2,2,8,0,0,0,2,8,0,Generic,1
57.889004,ospf,-,REQ,60,0,16320,0,1.019192,254,0,2217.761475,0.0,0,0,1010.394563,0.0,1226.7735,0.0,0,0,0,0,0.0,0.0,0.0,272,0,0,0,1,6,1,1,1,1,0,0,0,2,1,0,Generic,1
1.404933,tcp,-,FIN,18,62,2192,76241,56.23044,62,252,11792.7334,427134.9688,2,29,82.589294,22.344246,5078.818995,3255.820547,255,3532063293,3698831803,255,0.072671,0.041929,0.030742,122,1230,0,0,1,1,1,1,1,1,0,0,0,1,6,0,Generic,1
9e-06,udp,dns,INT,2,0,114,0,111111.1072,254,0,50666664.0,0.0,0,0,0.009,0.0,0.0,0.0,0,0,0,0,0.0,0.0,0.0,57,0,0,0,33,2,36,33,17,33,0,0,0,34,33,0,Generic,1
1e-06,udp,dns,INT,2,0,114,0,1000000.003,254,0,456000000.0,0.0,0,0,0.001,0.0,0.0,0.0,0,0,0,0,0.0,0.0,0.0,57,0,0,0,9,2,9,9,9,9,0,0,0,9,9,0,Generic,1
5e-06,udp,dns,INT,2,0,114,0,200000.0051,254,0,91200000.0,0.0,0,0,0.005,0.0,0.0,0.0,0,0,0,0,0.0,0.0,0.0,57,0,0,0,17,2,7,7,7,17,0,0,0,7,17,0,Generic,1
3e-06,udp,dns,INT,2,0,114,0,333333.3215,254,0,152000000.0,0.0,0,0,0.003,0.0,0.0,0.0,0,0,0,0,0.0,0.0,0.0,57,0,0,0,9,2,10,9,9,9,0,0,0,9,9,0,Generic,1
3e-06,udp,dns,INT,2,0,114,0,333333.3215,254,0,152000000.0,0.0,0,0,0.003,0.0,0.0,0.0,0,0,0,0,0.0,0.0,0.0,57,0,0,0,17,2,17,17,8,17,0,0,0,18,17,0,Generic,1
4e-06,udp,dns,INT,2,0,114,0,250000.0006,254,0,114000000.0,0.0,0,0,0.004,0.0,0.0,0.0,0,0,0,0,0.0,0.0,0.0,57,0,0,0,33,2,23,23,12,33,0,0,0,23,33,0,Generic,1
4e-06,udp,dns,INT,2,0,114,0,250000.0006,254,0,114000000.0,0.0,0,0,0.004,0.0,0.0,0.0,0,0,0,0,0.0,0.0,0.0,57,0,0,0,16,2,6,6,6,16,0,0,0,6,16,0,Generic,1
2e-06,udp,dns,INT,2,0,114,0,500000.0013,254,0,228000000.0,0.0,0,0,0.002,0.0,0.0,0.0,0,0,0,0,0.0,0.0,0.0,57,0,0,0,24,2,18,17,17,24,0,0,0,17,24,0,Generic,1
5e-06,udp,dns,INT,2,0,114,0,200000.0051,254,0,91200000.0,0.0,0,0,0.005,0.0,0.0,0.0,0,0,0,0,0.0,0.0,0.0,57,0,0,0,42,2,32,32,16,42,0,0,0,32,42,0,Generic,1
8e-06,udp,dns,INT,2,0,114,0,125000.0003,254,0,57000000.0,0.0,0,0,0.008,0.0,0.0,0.0,0,0,0,0,0.0,0.0,0.0,57,0,0,0,20,2,2,2,2,20,0,0,0,2,20,0,Generic,1
3e-06,udp,dns,INT,2,0,114,0,333333.3215,254,0,152000000.0,0.0,0,0,0.003,0.0,0.0,0.0,0,0,0,0,0.0,0.0,0.0,57,0,0,0,33,2,35,33,17,33,0,0,0,33,33,0,Generic,1
3e-06,udp,dns,INT,2,0,114,0,333333.3215,254,0,152000000.0,0.0,0,0,0.003,0.0,0.0,0.0,0,0,0,0,0.0,0.0,0.0,57,0,0,0,33,2,35,33,16,33,0,0,0,33,33,0,Generic,1
3e-06,udp,dns,INT,2,0,114,0,333333.3215,254,0,152000000.0,0.0,0,0,0.003,0.0,0.0,0.0,0,0,0,0,0.0,0.0,0.0,57,0,0,0,18,2,18,18,7,18,0,0,0,19,18,0,Generic,1
3e-06,unas,-,INT,2,0,200,0,333333.3215,254,0,266666656.0,0.0,0,0,0.003,0.0,0.0,0.0,0,0,0,0,0.0,0.0,0.0,100,0,0,0,5,2,3,3,3,5,0,0,0,5,5,0,Generic,1
9e-06,udp,dns,INT,2,0,114,0,111111.1072,254,0,50666664.0,0.0,0,0,0.009,0.0,0.0,0.0,0,0,0,0,0.0,0.0,0.0,57,0,0,0,28,2,23,23,11,28,0,0,0,23,28,0,Generic,1
3e-06,udp,dns,INT,2,0,114,0,333333.3215,254,0,152000000.0,0.0,0,0,0.003,0.0,0.0,0.0,0,0,0,0,0.0,0.0,0.0,57,0,0,0,28,2,23,23,12,28,0,0,0,23,28,0,Generic,1
6e-06,unas,-,INT,2,0,200,0,166666.6608,254,0,133333328.0,0.0,0,0,0.006,0.0,0.0,0.0,0,0,0,0,0.0,0.0,0.0,100,0,0,0,3,2,3,2,2,3,0,0,0,4,3,0,Generic,1
2e-06,udp,dns,INT,2,0,114,0,500000.0013,254,0,228000000.0,0.0,0,0,0.002,0.0,0.0,0.0,0,0,0,0,0.0,0.0,0.0,57,0,0,0,16,2,2,2,2,16,0,0,0,2,16,0,Generic,1
6e-06,udp,dns,INT,2,0,114,0,166666.6608,254,0,76000000.0,0.0,0,0,0.006,0.0,0.0,0.0,0,0,0,0,0.0,0.0,0.0,57,0,0,0,32,2,1,1,1,32,0,0,0,1,32,0,Generic,1
8e-06,udp,dns,INT,2,0,114,0,125000.0003,254,0,57000000.0,0.0,0,0,0.008,0.0,0.0,0.0,0,0,0,0,0.0,0.0,0.0,57,0,0,0,31,2,4,4,4,31,0,0,0,4,31,0,Generic,1
5e-06,udp,dns,INT,2,0,114,0,200000.0051,254,0,91200000.0,0.0,0,0,0.005,0.0,0.0,0.0,0,0,0,0,0.0,0.0,0.0,57,0,0,0,18,2,1,1,1,18,0,0,0,1,18,0,Generic,1
3.951648,tcp,http,FIN,58,292,4250,401962,88.317583,62,252,8456.21875,810975.0625,3,144,69.32716,13.340952,3492.558131,1712.418144,255,2167082038,1163767570,255,0.136818,0.06875,0.068068,73,1377,1,329,2,1,1,1,1,1,0,0,1,1,1,0,Generic,1
8e-06,udp,dns,INT,2,0,114,0,125000.0003,254,0,57000000.0,0.0,0,0,0.008,0.0,0.0,0.0,0,0,0,0,0.0,0.0,0.0,57,0,0,0,33,2,36,33,16,33,0,0,0,34,33,0,Generic,1
3e-06,udp,dns,INT,2,0,114,0,333333.3215,254,0,152000000.0,0.0,0,0,0.003,0.0,0.0,0.0,0,0,0,0,0.0,0.0,0.0,57,0,0,0,35,2,2,2,2,35,0,0,0,2,35,0,Generic,1
2e-06,udp,dns,INT,2,0,114,0,500000.0013,254,0,228000000.0,0.0,0,0,0.002,0.0,0.0,0.0,0,0,0,0,0.0,0.0,0.0,57,0,0,0,8,2,4,4,1,8,0,0,0,4,8,0,Generic,1
9e-06,udp,dns,INT,2,0,114,0,111111.1072,254,0,50666664.0,0.0,0,0,0.009,0.0,0.0,0.0,0,0,0,0,0.0,0.0,0.0,57,0,0,0,13,2,13,13,13,13,0,0,0,13,13,0,Generic,1
0.531744,tcp,http,FIN,12,8,6316,354,35.73148,254,252,87109.58594,4663.898438,3,1,46.276727,67.14357,3315.516209,121.325445,255,731067527,1415809313,255,0.114268,0.06173,0.052538,526,44,1,0,2,1,1,1,1,1,0,0,1,1,1,0,Generic,1
3e-06,udp,dns,INT,2,0,114,0,333333.3215,254,0,152000000.0,0.0,0,0,0.003,0.0,0.0,0.0,0,0,0,0,0.0,0.0,0.0,57,0,0,0,28,2,18,16,16,28,0,0,0,17,28,0,Generic,1
4e-06,udp,dns,INT,2,0,114,0,250000.0006,254,0,114000000.0,0.0,0,0,0.004,0.0,0.0,0.0,0,0,0,0,0.0,0.0,0.0,57,0,0,0,18,2,13,13,13,18,0,0,0,14,18,0,Generic,1
3e-06,udp,dns,INT,2,0,114,0,333333.3215,254,0,152000000.0,0.0,0,0,0.003,0.0,0.0,0.0,0,0,0,0,0.0,0.0,0.0,57,0,0,0,17,2,18,16,16,17,0,0,0,17,17,0,Generic,1
3e-06,udp,dns,INT,2,0,114,0,333333.3215,254,0,152000000.0,0.0,0,0,0.003,0.0,0.0,0.0,0,0,0,0,0.0,0.0,0.0,57,0,0,0,16,2,17,16,16,16,0,0,0,16,16,0,Generic,1
3e-06,udp,-,INT,2,0,1262,0,333333.3215,254,0,1682666624.0,0.0,0,0,0.003,0.0,0.0,0.0,0,0,0,0,0.0,0.0,0.0,631,0,0,0,4,2,1,1,1,1,0,0,0,1,1,0,Generic,1
2.813342,tcp,http,FIN,10,10,1216,960,6.753533,254,252,3113.734375,2456.864502,2,2,312.593556,301.650875,19753.8472,583.488938,255,560588459,2154352129,255,0.123217,0.077747,0.04547,122,96,1,14,2,1,1,1,1,1,0,0,1,4,1,0,Generic,1
2e-06,udp,dns,INT,2,0,114,0,500000.0013,254,0,228000000.0,0.0,0,0,0.002,0.0,0.0,0.0,0,0,0,0,0.0,0.0,0.0,57,0,0,0,20,2,3,3,3,20,0,0,0,3,20,0,Generic,1
2.285845,udp,-,CON,2,2,1346,724,1.312425,254,60,2355.365234,1266.92749,0,0,0.002,0.01,0.0,0.0,0,0,0,0,0.0,0.0,0.0,673,362,0,0,1,0,1,1,1,2,0,0,0,1,1,0,Generic,1
7e-06,udp,dns,INT,2,0,114,0,142857.1409,254,0,65142856.0,0.0,0,0,0.007,0.0,0.0,0.0,0,0,0,0,0.0,0.0,0.0,57,0,0,0,34,2,22,22,11,34,0,0,0,22,34,0,Generic,1
8e-06,udp,dns,INT,2,0,114,0,125000.0003,254,0,57000000.0,0.0,0,0,0.008,0.0,0.0,0.0,0,0,0,0,0.0,0.0,0.0,57,0,0,0,20,2,18,17,17,20,0,0,0,18,20,0,Generic,1
5e-06,udp,dns,INT,2,0,114,0,200000.0051,254,0,91200000.0,0.0,0,0,0.005,0.0,0.0,0.0,0,0,0,0,0.0,0.0,0.0,57,0,0,0,2,2,2,2,2,2,0,0,0,2,2,0,Generic,1
5e-06,udp,dns,INT,2,0,114,0,200000.0051,254,0,91200000.0,0.0,0,0,0.005,0.0,0.0,0.0,0,0,0,0,0.0,0.0,0.0,57,0,0,0,31,2,15,14,14,31,0,0,0,15,31,0,Generic,1
2e-06,udp,-,INT,2,0,1280,0,500000.0013,254,0,2560000000.0,0.0,0,0,0.002,0.0,0.0,0.0,0,0,0,0,0.0,0.0,0.0,640,0,0,0,1,2,2,1,1,1,0,0,0,2,1,0,Generic,1
9e-06,udp,dns,INT,2,0,114,0,111111.1072,254,0,50666664.0,0.0,0,0,0.009,0.0,0.0,0.0,0,0,0,0,0.0,0.0,0.0,57,0,0,0,26,2,10,9,9,26,0,0,0,9,26,0,Generic,1
3e-06,udp,dns,INT,2,0,114,0,333333.3215,254,0,152000000.0,0.0,0,0,0.003,0.0,0.0,0.0,0,0,0,0,0.0,0.0,0.0,57,0,0,0,49,2,11,11,7,49,0,0,0,11,49,0,Generic,1
7e-06,udp,dns,INT,2,0,114,0,142857.1409,254,0,65142856.0,0.0,0,0,0.007,0.0,0.0,0.0,0,0,0,0,0.0,0.0,0.0,57,0,0,0,26,2,17,17,17,26,0,0,0,17,26,0,Generic,1
5e-06,unas,-,INT,2,0,200,0,200000.0051,254,0,160000000.0,0.0,0,0,0.005,0.0,0.0,0.0,0,0,0,0,0.0,0.0,0.0,100,0,0,0,7,2,3,3,3,7,0,0,0,4,7,0,Generic,1
8e-06,udp,dns,INT,2,0,114,0,125000.0003,254,0,57000000.0,0.0,0,0,0.008,0.0,0.0,0.0,0,0,0,0,0.0,0.0,0.0,57,0,0,0,23,2,17,16,16,23,0,0,0,16,23,0,Generic,1
3e-06,udp,dns,INT,2,0,114,0,333333.3215,254,0,152000000.0,0.0,0,0,0.003,0.0,0.0,0.0,0,0,0,0,0.0,0.0,0.0,57,0,0,0,24,2,15,15,10,24,0,0,0,15,24,0,Generic,1
1e-06,udp,dns,INT,2,0,114,0,1000000.003,254,0,456000000.0,0.0,0,0,0.001,0.0,0.0,0.0,0,0,0,0,0.0,0.0,0.0,57,0,0,0,10,2,11,10,10,10,0,0,0,11,10,0,Generic,1
5e-06,udp,dns,INT,2,0,114,0,200000.0051,254,0,91200000.0,0.0,0,0,0.005,0.0,0.0,0.0,0,0,0,0,0.0,0.0,0.0,57,0,0,0,18,2,18,18,11,18,0,0,0,19,18,0,Generic,1
5e-06,udp,dns,INT,2,0,114,0,200000.0051,254,0,91200000.0,0.0,0,0,0.005,0.0,0.0,0.0,0,0,0,0,0.0,0.0,0.0,57,0,0,0,38,2,4,4,3,38,0,0,0,4,38,0,Generic,1
5e-06,udp,dns,INT,2,0,114,0,200000.0051,254,0,91200000.0,0.0,0,0,0.005,0.0,0.0,0.0,0,0,0,0,0.0,0.0,0.0,57,0,0,0,24,2,15,15,5,24,0,0,0,15,24,0,Generic,1
9e-06,udp,dns,INT,2,0,114,0,111111.1072,254,0,50666664.0,0.0,0,0,0.009,0.0,0.0,0.0,0,0,0,0,0.0,0.0,0.0,57,0,0,0,30,2,30,30,17,30,0,0,0,30,30,0,Generic,1
1e-06,udp,dns,INT,2,0,114,0,1000000.003,254,0,456000000.0,0.0,0,0,0.001,0.0,0.0,0.0,0,0,0,0,0.0,0.0,0.0,57,0,0,0,23,2,9,7,7,23,0,0,0,7,23,0,Generic,1
1e-05,udp,dns,INT,2,0,114,0,100000.0025,254,0,45600000.0,0.0,0,0,0.01,0.0,0.0,0.0,0,0,0,0,0.0,0.0,0.0,57,0,0,0,25,2,18,18,18,25,0,0,0,18,25,0,Generic,1
9e-06,udp,dns,INT,2,0,114,0,111111.1072,254,0,50666664.0,0.0,0,0,0.009,0.0,0.0,0.0,0,0,0,0,0.0,0.0,0.0,57,0,0,0,26,2,17,16,16,27,0,0,0,16,26,0,Generic,1
9e-06,udp,dns,INT,2,0,114,0,111111.1072,254,0,50666664.0,0.0,0,0,0.009,0.0,0.0,0.0,0,0,0,0,0.0,0.0,0.0,57,0,0,0,28,2,24,24,13,28,0,0,0,24,28,0,Generic,1
9e-06,udp,dns,INT,2,0,114,0,111111.1072,254,0,50666664.0,0.0,0,0,0.009,0.0,0.0,0.0,0,0,0,0,0.0,0.0,0.0,57,0,0,0,20,2,5,4,4,20,0,0,0,4,20,0,Generic,1
2e-06,udp,dns,INT,2,0,114,0,500000.0013,254,0,228000000.0,0.0,0,0,0.002,0.0,0.0,0.0,0,0,0,0,0.0,0.0,0.0,57,0,0,0,26,2,11,10,10,27,0,0,0,11,26,0,Generic,1
5e-06,udp,dns,INT,2,0,114,0,200000.0051,254,0,91200000.0,0.0,0,0,0.005,0.0,0.0,0.0,0,0,0,0,0.0,0.0,0.0,57,0,0,0,15,2,4,4,4,16,0,0,0,4,15,0,Generic,1
6e-06,udp,dns,INT,2,0,114,0,166666.6608,254,0,76000000.0,0.0,0,0,0.006,0.0,0.0,0.0,0,0,0,0,0.0,0.0,0.0,57,0,0,0,35,2,1,1,1,35,0,0,0,1,35,0,Generic,1
4e-06,udp,dns,INT,2,0,114,0,250000.0006,254,0,114000000.0,0.0,0,0,0.004,0.0,0.0,0.0,0,0,0,0,0.0,0.0,0.0,57,0,0,0,26,2,9,9,9,26,0,0,0,10,26,0,Generic,1
8e-06,udp,dns,INT,2,0,114,0,125000.0003,254,0,57000000.0,0.0,0,0,0.008,0.0,0.0,0.0,0,0,0,0,0.0,0.0,0.0,57,0,0,0,31,2,18,17,17,31,0,0,0,17,31,0,Generic,1
1.4e-05,mobile,-,INT,1,0,60,0,0.0,0,0,0.0,0.0,0,0,0.0,0.0,0.0,0.0,0,0,0,0,0.0,0.0,0.0,60,0,0,0,4,2,3,3,3,4,0,0,0,3,4,0,Generic,1
6e-06,udp,dns,INT,2,0,114,0,166666.6608,254,0,76000000.0,0.0,0,0,0.006,0.0,0.0,0.0,0,0,0,0,0.0,0.0,0.0,57,0,0,0,19,2,17,16,16,19,0,0,0,17,19,0,Generic,1
0.660012,tcp,http,FIN,10,8,702,2930,25.757107,62,252,7660.466797,31078.22266,2,2,73.231444,82.74943,4022.474565,105.982617,255,2469443538,1583797056,255,0.147057,0.080763,0.066294,70,366,1,978,1,1,1,1,1,1,0,0,1,1,1,0,Generic,1
9e-06,udp,dns,INT,2,0,114,0,111111.1072,254,0,50666664.0,0.0,0,0,0.009,0.0,0.0,0.0,0,0,0,0,0.0,0.0,0.0,57,0,0,0,32,2,17,16,16,32,0,0,0,16,32,0,Generic,1
1e-06,udp,dns,INT,2,0,114,0,1000000.003,254,0,456000000.0,0.0,0,0,0.001,0.0,0.0,0.0,0,0,0,0,0.0,0.0,0.0,57,0,0,0,34,2,22,22,9,34,0,0,0,22,34,0,Generic,1
9e-06,udp,dns,INT,2,0,114,0,111111.1072,254,0,50666664.0,0.0,0,0,0.009,0.0,0.0,0.0,0,0,0,0,0.0,0.0,0.0,57,0,0,0,33,2,33,33,17,33,0,0,0,35,33,0,Generic,1
1e-05,udp,dns,INT,2,0,114,0,100000.0025,254,0,45600000.0,0.0,0,0,0.01,0.0,0.0,0.0,0,0,0,0,0.0,0.0,0.0,57,0,0,0,28,2,12,12,5,28,0,0,0,12,28,0,Generic,1
9e-06,udp,dns,INT,2,0,114,0,111111.1072,254,0,50666664.0,0.0,0,0,0.009,0.0,0.0,0.0,0,0,0,0,0.0,0.0,0.0,57,0,0,0,21,2,18,18,7,21,0,0,0,18,21,0,Generic,1
9e-06,udp,dns,INT,2,0,114,0,111111.1072,254,0,50666664.0,0.0,0,0,0.009,0.0,0.0,0.0,0,0,0,0,0.0,0.0,0.0,57,0,0,0,21,2,21,21,11,21,0,0,0,22,21,0,Generic,1
3e-06,udp,dns,INT,2,0,114,0,333333.3215,254,0,152000000.0,0.0,0,0,0.003,0.0,0.0,0.0,0,0,0,0,0.0,0.0,0.0,57,0,0,0,23,2,4,4,4,23,0,0,0,4,23,0,Generic,1
9e-06,udp,dns,INT,2,0,114,0,111111.1072,254,0,50666664.0,0.0,0,0,0.009,0.0,0.0,0.0,0,0,0,0,0.0,0.0,0.0,57,0,0,0,24,2,13,12,6,25,0,0,0,12,24,0,Generic,1
1.658872,tcp,smtp,FIN,20,20,3434,1448,23.509951,254,252,15735.99414,6635.834473,7,8,87.309055,82.651844,4463.03936,107.660586,255,3518965999,103590350,255,0.113623,0.087633,0.02599,172,72,0,0,1,1,1,1,1,1,0,0,0,3,1,0,Generic,1
1e-05,udp,-,INT,2,0,1102,0,100000.0025,254,0,440800000.0,0.0,0,0,0.01,0.0,0.0,0.0,0,0,0,0,0.0,0.0,0.0,551,0,0,0,3,2,1,1,1,34,0,0,0,1,2,0,Generic,1
7e-06,udp,dns,INT,2,0,114,0,142857.1409,254,0,65142856.0,0.0,0,0,0.007,0.0,0.0,0.0,0,0,0,0,0.0,0.0,0.0,57,0,0,0,30,2,9,9,9,30,0,0,0,9,30,0,Generic,1
5e-06,udp,dns,INT,2,0,114,0,200000.0051,254,0,91200000.0,0.0,0,0,0.005,0.0,0.0,0.0,0,0,0,0,0.0,0.0,0.0,57,0,0,0,27,2,13,13,13,27,0,0,0,13,27,0,Generic,1
3e-06,udp,dns,INT,2,0,114,0,333333.3215,254,0,152000000.0,0.0,0,0,0.003,0.0,0.0,0.0,0,0,0,0,0.0,0.0,0.0,57,0,0,0,26,2,3,3,3,26,0,0,0,3,26,0,Generic,1
3e-06,udp,dns,INT,2,0,114,0,333333.3215,254,0,152000000.0,0.0,0,0,0.003,0.0,0.0,0.0,0,0,0,0,0.0,0.0,0.0,57,0,0,0,27,2,14,14,14,27,0,0,0,14,27,0,Generic,1
9e-06,udp,dns,INT,2,0,114,0,111111.1072,254,0,50666664.0,0.0,0,0,0.009,0.0,0.0,0.0,0,0,0,0,0.0,0.0,0.0,57,0,0,0,19,2,14,14,14,19,0,0,0,14,19,0,Generic,1
9e-06,udp,dns,INT,2,0,114,0,111111.1072,254,0,50666664.0,0.0,0,0,0.009,0.0,0.0,0.0,0,0,0,0,0.0,0.0,0.0,57,0,0,0,18,2,18,18,17,18,0,0,0,19,17,0,Generic,1
6e-06,udp,dns,INT,2,0,114,0,166666.6608,254,0,76000000.0,0.0,0,0,0.006,0.0,0.0,0.0,0,0,0,0,0.0,0.0,0.0,57,0,0,0,18,2,17,16,16,18,0,0,0,17,18,0,Generic,1
9e-06,udp,dns,INT,2,0,114,0,111111.1072,254,0,50666664.0,0.0,0,0,0.009,0.0,0.0,0.0,0,0,0,0,0.0,0.0,0.0,57,0,0,0,19,2,6,5,5,19,0,0,0,5,19,0,Generic,1
9e-06,udp,dns,INT,2,0,114,0,111111.1072,254,0,50666664.0,0.0,0,0,0.009,0.0,0.0,0.0,0,0,0,0,0.0,0.0,0.0,57,0,0,0,38,2,9,9,9,38,0,0,0,9,38,0,Generic,1
8e-06,udp,dns,INT,2,0,114,0,125000.0003,254,0,57000000.0,0.0,0,0,0.008,0.0,0.0,0.0,0,0,0,0,0.0,0.0,0.0,57,0,0,0,16,2,3,3,3,16,0,0,0,3,16,0,Generic,1
6e-06,udp,dns,INT,2,0,114,0,166666.6608,254,0,76000000.0,0.0,0,0,0.006,0.0,0.0,0.0,0,0,0,0,0.0,0.0,0.0,57,0,0,0,28,2,18,18,18,28,0,0,0,18,28,0,Generic,1
9e-06,udp,dns,INT,2,0,114,0,111111.1072,254,0,50666664.0,0.0,0,0,0.009,0.0,0.0,0.0,0,0,0,0,0.0,0.0,0.0,57,0,0,0,38,2,29,29,15,38,0,0,0,29,38,0,Generic,1
3e-06,udp,dns,INT,2,0,114,0,333333.3215,254,0,152000000.0,0.0,0,0,0.003,0.0,0.0,0.0,0,0,0,0,0.0,0.0,0.0,57,0,0,0,24,2,9,9,5,24,0,0,0,9,24,0,Generic,1
3e-06,udp,dns,INT,2,0,114,0,333333.3215,254,0,152000000.0,0.0,0,0,0.003,0.0,0.0,0.0,0,0,0,0,0.0,0.0,0.0,57,0,0,0,28,2,24,24,11,28,0,0,0,24,28,0,Generic,1
8e-06,udp,dns,INT,2,0,114,0,125000.0003,254,0,57000000.0,0.0,0,0,0.008,0.0,0.0,0.0,0,0,0,0,0.0,0.0,0.0,57,0,0,0,20,2,5,4,4,20,0,0,0,5,20,0,Generic,1
8e-06,udp,dns,INT,2,0,114,0,125000.0003,254,0,57000000.0,0.0,0,0,0.008,0.0,0.0,0.0,0,0,0,0,0.0,0.0,0.0,57,0,0,0,21,2,21,21,10,21,0,0,0,22,21,0,Generic,1
3e-06,wsn,-,INT,2,0,200,0,333333.3215,254,0,266666656.0,0.0,0,0,0.003,0.0,0.0,0.0,0,0,0,0,0.0,0.0,0.0,100,0,0,0,3,2,1,1,1,3,0,0,0,2,3,0,Generic,1
8e-06,udp,dns,INT,2,0,114,0,125000.0003,254,0,57000000.0,0.0,0,0,0.008,0.0,0.0,0.0,0,0,0,0,0.0,0.0,0.0,57,0,0,0,24,2,13,12,6,25,0,0,0,12,24,0,Generic,1
3e-06,pvp,-,INT,2,0,200,0,333333.3215,254,0,266666656.0,0.0,0,0,0.003,0.0,0.0,0.0,0,0,0,0,0.0,0.0,0.0,100,0,0,0,5,2,2,2,2,5,0,0,0,3,5,0,Generic,1
1e-06,udp,dns,INT,2,0,114,0,1000000.003,254,0,456000000.0,0.0,0,0,0.001,0.0,0.0,0.0,0,0,0,0,0.0,0.0,0.0,57,0,0,0,33,2,17,17,17,33,0,0,0,18,33,0,Generic,1
8e-06,unas,-,INT,2,0,200,0,125000.0003,254,0,100000000.0,0.0,0,0,0.008,0.0,0.0,0.0,0,0,0,0,0.0,0.0,0.0,100,0,0,0,3,2,3,2,2,3,0,0,0,4,3,0,Generic,1
1e-06,udp,dns,INT,2,0,114,0,1000000.003,254,0,456000000.0,0.0,0,0,0.001,0.0,0.0,0.0,0,0,0,0,0.0,0.0,0.0,57,0,0,0,33,2,33,33,16,33,0,0,0,35,33,0,Generic,1
8e-06,udp,dns,INT,2,0,114,0,125000.0003,254,0,57000000.0,0.0,0,0,0.008,0.0,0.0,0.0,0,0,0,0,0.0,0.0,0.0,57,0,0,0,27,2,11,10,10,27,0,0,0,11,27,0,Generic,1
8e-06,udp,dns,INT,2,0,114,0,125000.0003,254,0,57000000.0,0.0,0,0,0.008,0.0,0.0,0.0,0,0,0,0,0.0,0.0,0.0,57,0,0,0,6,2,7,6,6,6,0,0,0,6,6,0,Generic,1
9e-06,udp,dns,INT,2,0,114,0,111111.1072,254,0,50666664.0,0.0,0,0,0.009,0.0,0.0,0.0,0,0,0,0,0.0,0.0,0.0,57,0,0,0,17,2,9,9,9,17,0,0,0,9,17,0,Generic,1
9e-06,udp,dns,INT,2,0,114,0,111111.1072,254,0,50666664.0,0.0,0,0,0.009,0.0,0.0,0.0,0,0,0,0,0.0,0.0,0.0,57,0,0,0,13,2,14,13,6,13,0,0,0,13,13,0,Generic,1
6e-06,udp,dns,INT,2,0,114,0,166666.6608,254,0,76000000.0,0.0,0,0,0.006,0.0,0.0,0.0,0,0,0,0,0.0,0.0,0.0,57,0,0,0,40,2,29,29,15,40,0,0,0,29,40,0,Generic,1
4e-06,udp,dns,INT,2,0,114,0,250000.0006,254,0,114000000.0,0.0,0,0,0.004,0.0,0.0,0.0,0,0,0,0,0.0,0.0,0.0,57,0,0,0,38,2,29,29,14,38,0,0,0,29,38,0,Generic,1
3e-06,udp,dns,INT,2,0,114,0,333333.3215,254,0,152000000.0,0.0,0,0,0.003,0.0,0.0,0.0,0,0,0,0,0.0,0.0,0.0,57,0,0,0,25,2,19,19,10,25,0,0,0,19,25,0,Generic,1
2e-06,udp,dns,INT,2,0,114,0,500000.0013,254,0,228000000.0,0.0,0,0,0.002,0.0,0.0,0.0,0,0,0,0,0.0,0.0,0.0,57,0,0,0,28,2,17,17,17,28,0,0,0,17,28,0,Generic,1
3e-06,udp,dns,INT,2,0,114,0,333333.3215,254,0,152000000.0,0.0,0,0,0.003,0.0,0.0,0.0,0,0,0,0,0.0,0.0,0.0,57,0,0,0,20,2,15,15,9,20,0,0,0,15,20,0,Generic,1
8e-06,udp,dns,INT,2,0,114,0,125000.0003,254,0,57000000.0,0.0,0,0,0.008,0.0,0.0,0.0,0,0,0,0,0.0,0.0,0.0,57,0,0,0,24,2,8,7,7,24,0,0,0,7,24,0,Generic,1
9e-06,udp,dns,INT,2,0,114,0,111111.1072,254,0,50666664.0,0.0,0,0,0.009,0.0,0.0,0.0,0,0,0,0,0.0,0.0,0.0,57,0,0,0,26,2,25,23,12,26,0,0,0,23,26,0,Generic,1
6e-06,udp,dns,INT,2,0,114,0,166666.6608,254,0,76000000.0,0.0,0,0,0.006,0.0,0.0,0.0,0,0,0,0,0.0,0.0,0.0,57,0,0,0,26,2,10,10,5,26,0,0,0,10,26,0,Generic,1
8e-06,udp,dns,INT,2,0,114,0,125000.0003,254,0,57000000.0,0.0,0,0,0.008,0.0,0.0,0.0,0,0,0,0,0.0,0.0,0.0,57,0,0,0,42,2,10,10,8,42,0,0,0,10,42,0,Generic,1
6e-06,udp,dns,INT,2,0,114,0,166666.6608,254,0,76000000.0,0.0,0,0,0.006,0.0,0.0,0.0,0,0,0,0,0.0,0.0,0.0,57,0,0,0,26,2,25,23,11,26,0,0,0,23,26,0,Generic,1
3e-06,udp,dns,INT,2,0,114,0,333333.3215,254,0,152000000.0,0.0,0,0,0.003,0.0,0.0,0.0,0,0,0,0,0.0,0.0,0.0,57,0,0,0,25,2,17,17,8,25,0,0,0,17,25,0,Generic,1
3e-06,udp,dns,INT,2,0,114,0,333333.3215,254,0,152000000.0,0.0,0,0,0.003,0.0,0.0,0.0,0,0,0,0,0.0,0.0,0.0,57,0,0,0,25,2,19,19,9,25,0,0,0,19,25,0,Generic,1
6e-06,udp,dns,INT,2,0,114,0,166666.6608,254,0,76000000.0,0.0,0,0,0.006,0.0,0.0,0.0,0,0,0,0,0.0,0.0,0.0,57,0,0,0,4,2,4,4,4,4,0,0,0,4,4,0,Generic,1
3e-06,udp,dns,INT,2,0,114,0,333333.3215,254,0,152000000.0,0.0,0,0,0.003,0.0,0.0,0.0,0,0,0,0,0.0,0.0,0.0,57,0,0,0,37,2,34,34,18,37,0,0,0,34,37,0,Generic,1
4e-06,udp,dns,INT,2,0,114,0,250000.0006,254,0,114000000.0,0.0,0,0,0.004,0.0,0.0,0.0,0,0,0,0,0.0,0.0,0.0,57,0,0,0,27,2,18,17,17,27,0,0,0,17,27,0,Generic,1
6e-06,udp,dns,INT,2,0,114,0,166666.6608,254,0,76000000.0,0.0,0,0,0.006,0.0,0.0,0.0,0,0,0,0,0.0,0.0,0.0,57,0,0,0,19,2,19,16,16,20,0,0,0,17,19,0,Generic,1
8e-06,udp,dns,INT,2,0,114,0,125000.0003,254,0,57000000.0,0.0,0,0,0.008,0.0,0.0,0.0,0,0,0,0,0.0,0.0,0.0,57,0,0,0,40,2,12,12,12,40,0,0,0,12,40,0,Generic,1
4e-06,udp,dns,INT,2,0,114,0,250000.0006,254,0,114000000.0,0.0,0,0,0.004,0.0,0.0,0.0,0,0,0,0,0.0,0.0,0.0,57,0,0,0,26,2,26,26,15,26,0,0,0,26,26,0,Generic,1
3e-06,udp,dns,INT,2,0,114,0,333333.3215,254,0,152000000.0,0.0,0,0,0.003,0.0,0.0,0.0,0,0,0,0,0.0,0.0,0.0,57,0,0,0,40,2,28,28,15,40,0,0,0,28,40,0,Generic,1
7e-06,udp,dns,INT,2,0,114,0,142857.1409,254,0,65142856.0,0.0,0,0,0.007,0.0,0.0,0.0,0,0,0,0,0.0,0.0,0.0,57,0,0,0,26,2,5,5,3,26,0,0,0,5,26,0,Generic,1
7e-06,udp,dns,INT,2,0,114,0,142857.1409,254,0,65142856.0,0.0,0,0,0.007,0.0,0.0,0.0,0,0,0,0,0.0,0.0,0.0,57,0,0,0,26,2,26,26,11,26,0,0,0,26,26,0,Generic,1
5e-06,udp,dns,INT,2,0,114,0,200000.0051,254,0,91200000.0,0.0,0,0,0.005,0.0,0.0,0.0,0,0,0,0,0.0,0.0,0.0,57,0,0,0,22,2,4,4,1,22,0,0,0,4,22,0,Generic,1
6e-06,udp,dns,INT,2,0,114,0,166666.6608,254,0,76000000.0,0.0,0,0,0.006,0.0,0.0,0.0,0,0,0,0,0.0,0.0,0.0,57,0,0,0,17,2,8,8,8,17,0,0,0,8,17,0,Generic,1
6e-06,udp,dns,INT,2,0,114,0,166666.6608,254,0,76000000.0,0.0,0,0,0.006,0.0,0.0,0.0,0,0,0,0,0.0,0.0,0.0,57,0,0,0,25,2,8,8,8,25,0,0,0,8,25,0,Generic,1
8e-06,udp,dns,INT,2,0,114,0,125000.0003,254,0,57000000.0,0.0,0,0,0.008,0.0,0.0,0.0,0,0,0,0,0.0,0.0,0.0,57,0,0,0,25,2,17,17,9,25,0,0,0,17,25,0,Generic,1
3e-06,udp,dns,INT,2,0,114,0,333333.3215,254,0,152000000.0,0.0,0,0,0.003,0.0,0.0,0.0,0,0,0,0,0.0,0.0,0.0,57,0,0,0,25,2,18,17,17,25,0,0,0,17,25,0,Generic,1
2e-06,udp,dns,INT,2,0,114,0,500000.0013,254,0,228000000.0,0.0,0,0,0.002,0.0,0.0,0.0,0,0,0,0,0.0,0.0,0.0,57,0,0,0,25,2,8,8,5,25,0,0,0,8,25,0,Generic,1
0.526979,tcp,http,FIN,10,10,1044,964,36.054566,254,252,14270.01758,13176.99512,2,2,58.553222,49.980223,3792.549676,99.172844,255,1013858000,2383420912,255,0.101722,0.051002,0.05072,104,96,1,0,1,1,1,1,1,1,0,0,1,1,1,0,Generic,1
2e-06,udp,dns,INT,2,0,114,0,500000.0013,254,0,228000000.0,0.0,0,0,0.002,0.0,0.0,0.0,0,0,0,0,0.0,0.0,0.0,57,0,0,0,26,2,27,25,12,26,0,0,0,26,26,0,Generic,1
9e-06,udp,dns,INT,2,0,114,0,111111.1072,254,0,50666664.0,0.0,0,0,0.009,0.0,0.0,0.0,0,0,0,0,0.0,0.0,0.0,57,0,0,0,19,2,24,16,16,19,0,0,0,16,27,0,Generic,1
2e-06,udp,dns,INT,2,0,114,0,500000.0013,254,0,228000000.0,0.0,0,0,0.002,0.0,0.0,0.0,0,0,0,0,0.0,0.0,0.0,57,0,0,0,25,2,8,8,3,25,0,0,0,8,25,0,Generic,1
8e-06,udp,dns,INT,2,0,114,0,125000.0003,254,0,57000000.0,0.0,0,0,0.008,0.0,0.0,0.0,0,0,0,0,0.0,0.0,0.0,57,0,0,0,20,2,17,17,17,20,0,0,0,17,20,0,Generic,1
9e-06,udp,dns,INT,2,0,114,0,111111.1072,254,0,50666664.0,0.0,0,0,0.009,0.0,0.0,0.0,0,0,0,0,0.0,0.0,0.0,57,0,0,0,29,2,18,16,16,30,0,0,0,17,29,0,Generic,1
0.238899,tcp,http,FIN,10,6,1042,268,62.788038,254,252,31410.76172,7501.077637,2,1,25.340778,40.313398,1331.329067,64.271934,255,3792193283,1187732899,255,0.095588,0.037314,0.058274,104,45,1,0,1,1,1,1,1,1,0,0,1,1,1,0,Generic,1
4e-06,udp,dns,INT,2,0,114,0,250000.0006,254,0,114000000.0,0.0,0,0,0.004,0.0,0.0,0.0,0,0,0,0,0.0,0.0,0.0,57,0,0,0,29,2,15,13,13,30,0,0,0,14,29,0,Generic,1
8e-06,udp,dns,INT,2,0,114,0,125000.0003,254,0,57000000.0,0.0,0,0,0.008,0.0,0.0,0.0,0,0,0,0,0.0,0.0,0.0,57,0,0,0,40,2,33,33,16,40,0,0,0,33,40,0,Generic,1
3e-06,udp,dns,INT,2,0,114,0,333333.3215,254,0,152000000.0,0.0,0,0,0.003,0.0,0.0,0.0,0,0,0,0,0.0,0.0,0.0,57,0,0,0,30,2,4,4,1,30,0,0,0,4,30,0,Generic,1
3e-06,udp,dns,INT,2,0,114,0,333333.3215,254,0,152000000.0,0.0,0,0,0.003,0.0,0.0,0.0,0,0,0,0,0.0,0.0,0.0,57,0,0,0,29,2,10,10,10,29,0,0,0,10,29,0,Generic,1
8e-06,udp,dns,INT,2,0,114,0,125000.0003,254,0,57000000.0,0.0,0,0,0.008,0.0,0.0,0.0,0,0,0,0,0.0,0.0,0.0,57,0,0,0,30,2,4,4,3,30,0,0,0,4,30,0,Generic,1
4e-06,udp,-,INT,2,0,1098,0,250000.0006,254,0,1098000000.0,0.0,0,0,0.004,0.0,0.0,0.0,0,0,0,0,0.0,0.0,0.0,549,0,0,0,2,2,1,1,1,1,0,0,0,1,1,0,Generic,1
0.187066,tcp,http,FIN,12,10,722,4772,112.259842,254,252,28310.86328,183678.4844,3,3,17.006001,19.410222,962.349691,1650.049113,255,670677407,2962472349,255,0.05365,0.007643,0.046007,60,477,1,1719,1,1,1,1,1,1,0,0,1,2,1,0,Generic,1
9e-06,udp,dns,INT,2,0,114,0,111111.1072,254,0,50666664.0,0.0,0,0,0.009,0.0,0.0,0.0,0,0,0,0,0.0,0.0,0.0,57,0,0,0,43,2,3,3,3,43,0,0,0,3,43,0,Generic,1
9e-06,udp,dns,INT,2,0,114,0,111111.1072,254,0,50666664.0,0.0,0,0,0.009,0.0,0.0,0.0,0,0,0,0,0.0,0.0,0.0,57,0,0,0,30,2,22,22,11,30,0,0,0,22,30,0,Generic,1
1e-06,udp,dns,INT,2,0,114,0,1000000.003,254,0,456000000.0,0.0,0,0,0.001,0.0,0.0,0.0,0,0,0,0,0.0,0.0,0.0,57,0,0,0,25,2,8,8,8,25,0,0,0,8,25,0,Generic,1
8e-06,udp,dns,INT,2,0,114,0,125000.0003,254,0,57000000.0,0.0,0,0,0.008,0.0,0.0,0.0,0,0,0,0,0.0,0.0,0.0,57,0,0,0,27,2,10,10,6,27,0,0,0,10,27,0,Generic,1
0.271742,tcp,http,FIN,14,40,1478,48886,195.03795,62,252,40420.69531,1403213.375,2,18,20.81677,6.726385,1061.273726,807.702457,255,1883816746,2652801301,255,0.040739,0.009405,0.031334,106,1222,1,23260,1,1,1,1,1,1,0,0,1,1,1,0,Generic,1
1e-06,udp,dns,INT,2,0,114,0,1000000.003,254,0,456000000.0,0.0,0,0,0.001,0.0,0.0,0.0,0,0,0,0,0.0,0.0,0.0,57,0,0,0,30,2,8,8,8,30,0,0,0,8,30,0,Generic,1
6e-06,udp,dns,INT,2,0,114,0,166666.6608,254,0,76000000.0,0.0,0,0,0.006,0.0,0.0,0.0,0,0,0,0,0.0,0.0,0.0,57,0,0,0,14,2,14,14,6,14,0,0,0,14,14,0,Generic,1
8e-06,udp,dns,INT,2,0,114,0,125000.0003,254,0,57000000.0,0.0,0,0,0.008,0.0,0.0,0.0,0,0,0,0,0.0,0.0,0.0,57,0,0,0,26,2,10,9,9,26,0,0,0,9,26,0,Generic,1
8e-06,udp,dns,INT,2,0,114,0,125000.0003,254,0,57000000.0,0.0,0,0,0.008,0.0,0.0,0.0,0,0,0,0,0.0,0.0,0.0,57,0,0,0,7,2,8,7,7,7,0,0,0,7,7,0,Generic,1
7e-06,udp,dns,INT,2,0,114,0,142857.1409,254,0,65142856.0,0.0,0,0,0.007,0.0,0.0,0.0,0,0,0,0,0.0,0.0,0.0,57,0,0,0,21,2,17,16,16,21,0,0,0,16,21,0,Generic,1
2.096471,tcp,-,FIN,60,16,68053,698,35.774403,254,252,255358.6406,2499.438232,27,1,33.900797,134.169859,3520.59262,211.161188,255,3878348162,2053484592,255,0.179118,0.083914,0.095204,1134,44,0,0,3,1,1,1,1,2,0,0,0,1,2,0,Generic,1
8e-06,udp,dns,INT,2,0,114,0,125000.0003,254,0,57000000.0,0.0,0,0,0.008,0.0,0.0,0.0,0,0,0,0,0.0,0.0,0.0,57,0,0,0,32,2,35,32,16,32,0,0,0,32,32,0,Generic,1
8e-06,nsfnet-igp,-,INT,2,0,200,0,125000.0003,254,0,100000000.0,0.0,0,0,0.008,0.0,0.0,0.0,0,0,0,0,0.0,0.0,0.0,100,0,0,0,7,2,4,4,4,7,0,0,0,6,7,0,Generic,1
6e-06,udp,dns,INT,2,0,114,0,166666.6608,254,0,76000000.0,0.0,0,0,0.006,0.0,0.0,0.0,0,0,0,0,0.0,0.0,0.0,57,0,0,0,30,2,13,13,13,30,0,0,0,14,30,0,Generic,1
1.779966,tcp,smtp,FIN,24,20,8362,1878,24.157765,254,252,36018.66406,8022.625,9,8,77.389827,88.192,4173.13833,105.579859,255,2697221783,2088377782,255,0.106526,0.077228,0.029298,348,94,0,0,1,1,17,1,1,1,0,0,0,1,1,0,Generic,1
1.352354,sctp,-,CON,4,2,824,432,3.697257,254,60,3655.847412,1277.771851,0,0,450.784656,0.004,637.498,0.0,0,0,0,0,0.0,0.0,0.0,206,216,0,0,1,0,1,1,1,2,0,0,0,1,1,0,Generic,1
9e-06,udp,-,INT,2,0,1394,0,111111.1072,254,0,619555520.0,0.0,0,0,0.009,0.0,0.0,0.0,0,0,0,0,0.0,0.0,0.0,697,0,0,0,1,2,1,1,1,1,0,0,0,1,1,0,Generic,1
0.49105,tcp,http,FIN,20,82,2050,101834,205.6817,62,252,31736.07617,1638822.875,2,39,25.844737,5.793271,1317.056321,734.045489,255,2887155561,844822248,255,0.063079,0.016849,0.04623,103,1242,1,48874,1,1,1,1,1,1,0,0,1,1,1,0,Generic,1
7e-06,unas,-,INT,2,0,200,0,142857.1409,254,0,114285712.0,0.0,0,0,0.007,0.0,0.0,0.0,0,0,0,0,0.0,0.0,0.0,100,0,0,0,7,2,3,3,3,7,0,0,0,4,7,0,Generic,1
8e-06,udp,dns,INT,2,0,114,0,125000.0003,254,0,57000000.0,0.0,0,0,0.008,0.0,0.0,0.0,0,0,0,0,0.0,0.0,0.0,57,0,0,0,22,2,17,16,16,22,0,0,0,16,22,0,Generic,1
8e-06,udp,dns,INT,2,0,114,0,125000.0003,254,0,57000000.0,0.0,0,0,0.008,0.0,0.0,0.0,0,0,0,0,0.0,0.0,0.0,57,0,0,0,37,2,29,29,15,37,0,0,0,29,37,0,Generic,1
7e-06,udp,dns,INT,2,0,114,0,142857.1409,254,0,65142856.0,0.0,0,0,0.007,0.0,0.0,0.0,0,0,0,0,0.0,0.0,0.0,57,0,0,0,26,2,4,4,2,26,0,0,0,4,26,0,Generic,1
2.844415,tcp,smtp,FIN,26,20,8972,1640,15.820477,254,252,24263.68945,4381.92041,9,8,113.776599,148.334844,7839.149155,266.208875,255,2040800632,2712464717,255,0.064067,0.025916,0.038151,345,82,0,0,1,1,2,1,1,1,0,0,0,1,1,0,Generic,1
3e-06,udp,dns,INT,2,0,114,0,333333.3215,254,0,152000000.0,0.0,0,0,0.003,0.0,0.0,0.0,0,0,0,0,0.0,0.0,0.0,57,0,0,0,30,2,13,13,13,30,0,0,0,14,30,0,Generic,1
1.608338,tcp,http,FIN,12,8,1320,2164,11.813437,62,252,6018.635254,9420.905273,2,2,146.212551,217.665141,7930.894106,329.062594,255,2071901511,1527773358,255,0.177093,0.084024,0.093069,110,271,1,528,1,1,1,1,1,1,0,0,1,1,1,0,Generic,1
7e-06,udp,dns,INT,2,0,114,0,142857.1409,254,0,65142856.0,0.0,0,0,0.007,0.0,0.0,0.0,0,0,0,0,0.0,0.0,0.0,57,0,0,0,27,2,4,4,4,27,0,0,0,4,27,0,Generic,1
9e-06,udp,dns,INT,2,0,114,0,111111.1072,254,0,50666664.0,0.0,0,0,0.009,0.0,0.0,0.0,0,0,0,0,0.0,0.0,0.0,57,0,0,0,32,2,35,32,16,32,0,0,0,32,32,0,Generic,1
9e-06,udp,dns,INT,2,0,114,0,111111.1072,254,0,50666664.0,0.0,0,0,0.009,0.0,0.0,0.0,0,0,0,0,0.0,0.0,0.0,57,0,0,0,27,2,2,2,2,27,0,0,0,2,27,0,Generic,1
4e-06,udp,dns,INT,2,0,114,0,250000.0006,254,0,114000000.0,0.0,0,0,0.004,0.0,0.0,0.0,0,0,0,0,0.0,0.0,0.0,57,0,0,0,28,2,12,12,4,28,0,0,0,12,28,0,Generic,1
3e-06,udp,dns,INT,2,0,114,0,333333.3215,254,0,152000000.0,0.0,0,0,0.003,0.0,0.0,0.0,0,0,0,0,0.0,0.0,0.0,57,0,0,0,14,2,13,13,13,14,0,0,0,13,14,0,Generic,1
3e-06,udp,dns,INT,2,0,114,0,333333.3215,254,0,152000000.0,0.0,0,0,0.003,0.0,0.0,0.0,0,0,0,0,0.0,0.0,0.0,57,0,0,0,20,2,4,4,4,20,0,0,0,4,20,0,Generic,1
1e-06,udp,dns,INT,2,0,114,0,1000000.003,254,0,456000000.0,0.0,0,0,0.001,0.0,0.0,0.0,0,0,0,0,0.0,0.0,0.0,57,0,0,0,28,2,16,16,6,28,0,0,0,16,28,0,Generic,1
1e-06,udp,dns,INT,2,0,114,0,1000000.003,254,0,456000000.0,0.0,0,0,0.001,0.0,0.0,0.0,0,0,0,0,0.0,0.0,0.0,57,0,0,0,32,2,18,18,10,32,0,0,0,18,32,0,Generic,1
7e-06,udp,dns,INT,2,0,114,0,142857.1409,254,0,65142856.0,0.0,0,0,0.007,0.0,0.0,0.0,0,0,0,0,0.0,0.0,0.0,57,0,0,0,33,2,33,33,17,33,0,0,0,33,33,0,Generic,1
9e-06,udp,dns,INT,2,0,114,0,111111.1072,254,0,50666664.0,0.0,0,0,0.009,0.0,0.0,0.0,0,0,0,0,0.0,0.0,0.0,57,0,0,0,19,2,15,15,15,19,0,0,0,15,19,0,Generic,1
3e-06,udp,dns,INT,2,0,114,0,333333.3215,254,0,152000000.0,0.0,0,0,0.003,0.0,0.0,0.0,0,0,0,0,0.0,0.0,0.0,57,0,0,0,19,2,16,14,14,19,0,0,0,14,19,0,Generic,1
9e-06,udp,dns,INT,2,0,114,0,111111.1072,254,0,50666664.0,0.0,0,0,0.009,0.0,0.0,0.0,0,0,0,0,0.0,0.0,0.0,57,0,0,0,19,2,4,4,4,19,0,0,0,4,19,0,Generic,1
6e-06,udp,dns,INT,2,0,114,0,166666.6608,254,0,76000000.0,0.0,0,0,0.006,0.0,0.0,0.0,0,0,0,0,0.0,0.0,0.0,57,0,0,0,32,2,18,18,8,32,0,0,0,18,32,0,Generic,1
5e-06,udp,dns,INT,2,0,114,0,200000.0051,254,0,91200000.0,0.0,0,0,0.005,0.0,0.0,0.0,0,0,0,0,0.0,0.0,0.0,57,0,0,0,10,2,8,8,4,10,0,0,0,8,10,0,Generic,1
3e-06,udp,dns,INT,2,0,114,0,333333.3215,254,0,152000000.0,0.0,0,0,0.003,0.0,0.0,0.0,0,0,0,0,0.0,0.0,0.0,57,0,0,0,19,2,3,3,3,20,0,0,0,3,19,0,Generic,1
2e-06,udp,dns,INT,2,0,114,0,500000.0013,254,0,228000000.0,0.0,0,0,0.002,0.0,0.0,0.0,0,0,0,0,0.0,0.0,0.0,57,0,0,0,29,2,16,16,16,29,0,0,0,16,29,0,Generic,1
9e-06,udp,dns,INT,2,0,114,0,111111.1072,254,0,50666664.0,0.0,0,0,0.009,0.0,0.0,0.0,0,0,0,0,0.0,0.0,0.0,57,0,0,0,25,2,15,15,15,25,0,0,0,15,25,0,Generic,1
9e-06,udp,dns,INT,2,0,114,0,111111.1072,254,0,50666664.0,0.0,0,0,0.009,0.0,0.0,0.0,0,0,0,0,0.0,0.0,0.0,57,0,0,0,29,2,13,13,13,29,0,0,0,14,29,0,Generic,1
3e-06,udp,dns,INT,2,0,114,0,333333.3215,254,0,152000000.0,0.0,0,0,0.003,0.0,0.0,0.0,0,0,0,0,0.0,0.0,0.0,57,0,0,0,43,2,35,34,16,43,0,0,0,34,43,0,Generic,1
9e-06,udp,dns,INT,2,0,114,0,111111.1072,254,0,50666664.0,0.0,0,0,0.009,0.0,0.0,0.0,0,0,0,0,0.0,0.0,0.0,57,0,0,0,20,2,10,10,10,20,0,0,0,10,20,0,Generic,1
3e-06,udp,dns,INT,2,0,114,0,333333.3215,254,0,152000000.0,0.0,0,0,0.003,0.0,0.0,0.0,0,0,0,0,0.0,0.0,0.0,57,0,0,0,19,2,10,10,7,20,0,0,0,10,19,0,Generic,1
9e-06,udp,dns,INT,2,0,114,0,111111.1072,254,0,50666664.0,0.0,0,0,0.009,0.0,0.0,0.0,0,0,0,0,0.0,0.0,0.0,57,0,0,0,33,2,7,7,7,34,0,0,0,7,33,0,Generic,1
8e-06,udp,dns,INT,2,0,114,0,125000.0003,254,0,57000000.0,0.0,0,0,0.008,0.0,0.0,0.0,0,0,0,0,0.0,0.0,0.0,57,0,0,0,25,2,17,17,17,25,0,0,0,17,25,0,Generic,1
8e-06,udp,dns,INT,2,0,114,0,125000.0003,254,0,57000000.0,0.0,0,0,0.008,0.0,0.0,0.0,0,0,0,0,0.0,0.0,0.0,57,0,0,0,30,2,18,18,9,30,0,0,0,18,30,0,Generic,1
2e-06,udp,dns,INT,2,0,114,0,500000.0013,254,0,228000000.0,0.0,0,0,0.002,0.0,0.0,0.0,0,0,0,0,0.0,0.0,0.0,57,0,0,0,28,2,30,28,15,28,0,0,0,29,28,0,Generic,1
3e-06,udp,dns,INT,2,0,114,0,333333.3215,254,0,152000000.0,0.0,0,0,0.003,0.0,0.0,0.0,0,0,0,0,0.0,0.0,0.0,57,0,0,0,28,2,30,28,13,28,0,0,0,29,28,0,Generic,1
1e-06,udp,dns,INT,2,0,114,0,1000000.003,254,0,456000000.0,0.0,0,0,0.001,0.0,0.0,0.0,0,0,0,0,0.0,0.0,0.0,57,0,0,0,38,2,32,32,16,38,0,0,0,32,38,0,Generic,1
9e-06,udp,dns,INT,2,0,114,0,111111.1072,254,0,50666664.0,0.0,0,0,0.009,0.0,0.0,0.0,0,0,0,0,0.0,0.0,0.0,57,0,0,0,33,2,37,33,17,33,0,0,0,33,33,0,Generic,1
7e-06,udp,dns,INT,2,0,114,0,142857.1409,254,0,65142856.0,0.0,0,0,0.007,0.0,0.0,0.0,0,0,0,0,0.0,0.0,0.0,57,0,0,0,37,2,9,9,6,37,0,0,0,9,37,0,Generic,1
2.093775,tcp,-,FIN,14,34,1682,35942,22.447493,254,252,5968.16748,133290.3438,2,14,161.041072,61.327758,9512.633607,6500.516896,255,2836133503,880087110,255,0.103323,0.069958,0.033365,120,1057,0,0,1,1,2,1,1,2,0,0,0,2,1,0,Generic,1
9e-06,udp,dns,INT,2,0,114,0,111111.1072,254,0,50666664.0,0.0,0,0,0.009,0.0,0.0,0.0,0,0,0,0,0.0,0.0,0.0,57,0,0,0,19,2,13,13,7,19,0,0,0,13,19,0,Generic,1
3.653123,tcp,http,FIN,26,112,2412,138999,37.50216,62,252,5080.584473,301677.2188,2,54,146.12492,30.49082,11163.22447,6181.639839,255,263627200,2968140722,255,0.193837,0.091432,0.102405,93,1241,1,66861,1,1,1,1,1,1,0,0,1,1,2,0,Generic,1
8e-06,udp,dns,INT,2,0,114,0,125000.0003,254,0,57000000.0,0.0,0,0,0.008,0.0,0.0,0.0,0,0,0,0,0.0,0.0,0.0,57,0,0,0,19,2,18,18,18,19,0,0,0,18,19,0,Generic,1
7e-06,udp,dns,INT,2,0,114,0,142857.1409,254,0,65142856.0,0.0,0,0,0.007,0.0,0.0,0.0,0,0,0,0,0.0,0.0,0.0,57,0,0,0,22,2,2,2,2,22,0,0,0,2,22,0,Generic,1
9e-06,udp,dns,INT,2,0,114,0,111111.1072,254,0,50666664.0,0.0,0,0,0.009,0.0,0.0,0.0,0,0,0,0,0.0,0.0,0.0,57,0,0,0,19,2,1,1,1,19,0,0,0,1,19,0,Generic,1
6e-06,udp,dns,INT,2,0,114,0,166666.6608,254,0,76000000.0,0.0,0,0,0.006,0.0,0.0,0.0,0,0,0,0,0.0,0.0,0.0,57,0,0,0,8,2,3,2,2,8,0,0,0,2,8,0,Generic,1
5e-06,udp,dns,INT,2,0,114,0,200000.0051,254,0,91200000.0,0.0,0,0,0.005,0.0,0.0,0.0,0,0,0,0,0.0,0.0,0.0,57,0,0,0,38,2,3,3,3,38,0,0,0,3,38,0,Generic,1
2.110016,tcp,http,FIN,12,22,1582,18960,15.639691,254,252,5501.379883,68621.27344,2,8,191.819634,96.576188,13742.27726,11864.08857,255,1244200414,3401927483,255,0.133365,0.052541,0.080824,132,862,1,0,1,1,1,1,1,1,0,0,1,3,1,0,Generic,1
2e-06,udp,dns,INT,2,0,114,0,500000.0013,254,0,228000000.0,0.0,0,0,0.002,0.0,0.0,0.0,0,0,0,0,0.0,0.0,0.0,57,0,0,0,26,2,10,10,10,26,0,0,0,10,26,0,Generic,1
3e-06,udp,dns,INT,2,0,114,0,333333.3215,254,0,152000000.0,0.0,0,0,0.003,0.0,0.0,0.0,0,0,0,0,0.0,0.0,0.0,57,0,0,0,19,2,6,6,3,19,0,0,0,6,19,0,Generic,1
1e-06,udp,dns,INT,2,0,114,0,1000000.003,254,0,456000000.0,0.0,0,0,0.001,0.0,0.0,0.0,0,0,0,0,0.0,0.0,0.0,57,0,0,0,37,2,9,9,9,37,0,0,0,9,37,0,Generic,1
8e-06,udp,dns,INT,2,0,114,0,125000.0003,254,0,57000000.0,0.0,0,0,0.008,0.0,0.0,0.0,0,0,0,0,0.0,0.0,0.0,57,0,0,0,13,2,6,6,6,13,0,0,0,6,13,0,Generic,1
8e-06,udp,dns,INT,2,0,114,0,125000.0003,254,0,57000000.0,0.0,0,0,0.008,0.0,0.0,0.0,0,0,0,0,0.0,0.0,0.0,57,0,0,0,32,2,17,17,17,32,0,0,0,17,32,0,Generic,1
3e-06,udp,dns,INT,2,0,114,0,333333.3215,254,0,152000000.0,0.0,0,0,0.003,0.0,0.0,0.0,0,0,0,0,0.0,0.0,0.0,57,0,0,0,43,2,35,34,18,43,0,0,0,34,43,0,Generic,1
3e-06,udp,dns,INT,2,0,114,0,333333.3215,254,0,152000000.0,0.0,0,0,0.003,0.0,0.0,0.0,0,0,0,0,0.0,0.0,0.0,57,0,0,0,20,2,17,17,17,20,0,0,0,17,20,0,Generic,1
5e-06,udp,dns,INT,2,0,114,0,200000.0051,254,0,91200000.0,0.0,0,0,0.005,0.0,0.0,0.0,0,0,0,0,0.0,0.0,0.0,57,0,0,0,29,2,9,9,9,29,0,0,0,9,29,0,Generic,1
5e-06,udp,dns,INT,2,0,114,0,200000.0051,254,0,91200000.0,0.0,0,0,0.005,0.0,0.0,0.0,0,0,0,0,0.0,0.0,0.0,57,0,0,0,32,2,7,7,7,32,0,0,0,8,32,0,Generic,1
5e-06,udp,dns,INT,2,0,114,0,200000.0051,254,0,91200000.0,0.0,0,0,0.005,0.0,0.0,0.0,0,0,0,0,0.0,0.0,0.0,57,0,0,0,26,2,26,26,14,26,0,0,0,26,26,0,Generic,1
3e-06,udp,dns,INT,2,0,114,0,333333.3215,254,0,152000000.0,0.0,0,0,0.003,0.0,0.0,0.0,0,0,0,0,0.0,0.0,0.0,57,0,0,0,8,2,8,8,6,8,0,0,0,8,8,0,Generic,1
6e-06,unas,-,INT,2,0,200,0,166666.6608,254,0,133333328.0,0.0,0,0,0.006,0.0,0.0,0.0,0,0,0,0,0.0,0.0,0.0,100,0,0,0,2,2,1,1,1,2,0,0,0,2,2,0,Generic,1
1e-06,udp,dns,INT,2,0,114,0,1000000.003,254,0,456000000.0,0.0,0,0,0.001,0.0,0.0,0.0,0,0,0,0,0.0,0.0,0.0,57,0,0,0,34,2,18,18,18,34,0,0,0,18,34,0,Generic,1
9e-06,udp,dns,INT,2,0,114,0,111111.1072,254,0,50666664.0,0.0,0,0,0.009,0.0,0.0,0.0,0,0,0,0,0.0,0.0,0.0,57,0,0,0,27,2,10,10,10,27,0,0,0,10,27,0,Generic,1
3e-06,udp,dns,INT,2,0,114,0,333333.3215,254,0,152000000.0,0.0,0,0,0.003,0.0,0.0,0.0,0,0,0,0,0.0,0.0,0.0,57,0,0,0,33,2,17,17,17,34,0,0,0,17,33,0,Generic,1
3e-06,udp,dns,INT,2,0,114,0,333333.3215,254,0,152000000.0,0.0,0,0,0.003,0.0,0.0,0.0,0,0,0,0,0.0,0.0,0.0,57,0,0,0,23,2,23,23,10,23,0,0,0,23,23,0,Generic,1
7e-06,unas,-,INT,2,0,200,0,142857.1409,254,0,114285712.0,0.0,0,0,0.007,0.0,0.0,0.0,0,0,0,0,0.0,0.0,0.0,100,0,0,0,5,2,2,2,2,5,0,0,0,3,5,0,Generic,1
5e-06,udp,dns,INT,2,0,114,0,200000.0051,254,0,91200000.0,0.0,0,0,0.005,0.0,0.0,0.0,0,0,0,0,0.0,0.0,0.0,57,0,0,0,27,2,17,17,17,27,0,0,0,17,27,0,Generic,1
9e-06,udp,dns,INT,2,0,114,0,111111.1072,254,0,50666664.0,0.0,0,0,0.009,0.0,0.0,0.0,0,0,0,0,0.0,0.0,0.0,57,0,0,0,19,2,9,9,9,20,0,0,0,10,19,0,Generic,1
3e-06,udp,dns,INT,2,0,114,0,333333.3215,254,0,152000000.0,0.0,0,0,0.003,0.0,0.0,0.0,0,0,0,0,0.0,0.0,0.0,57,0,0,0,24,2,17,17,17,24,0,0,0,18,24,0,Generic,1
9e-06,udp,dns,INT,2,0,114,0,111111.1072,254,0,50666664.0,0.0,0,0,0.009,0.0,0.0,0.0,0,0,0,0,0.0,0.0,0.0,57,0,0,0,7,2,8,7,7,7,0,0,0,7,7,0,Generic,1
9e-06,udp,dns,INT,2,0,114,0,111111.1072,254,0,50666664.0,0.0,0,0,0.009,0.0,0.0,0.0,0,0,0,0,0.0,0.0,0.0,57,0,0,0,32,2,32,32,14,32,0,0,0,32,32,0,Generic,1
3e-06,udp,dns,INT,2,0,114,0,333333.3215,254,0,152000000.0,0.0,0,0,0.003,0.0,0.0,0.0,0,0,0,0,0.0,0.0,0.0,57,0,0,0,32,2,32,32,18,32,0,0,0,32,32,0,Generic,1
1e-06,udp,dns,INT,2,0,114,0,1000000.003,254,0,456000000.0,0.0,0,0,0.001,0.0,0.0,0.0,0,0,0,0,0.0,0.0,0.0,57,0,0,0,34,2,34,34,18,34,0,0,0,35,34,0,Generic,1
7e-06,udp,dns,INT,2,0,114,0,142857.1409,254,0,65142856.0,0.0,0,0,0.007,0.0,0.0,0.0,0,0,0,0,0.0,0.0,0.0,57,0,0,0,33,2,37,33,16,33,0,0,0,33,33,0,Generic,1
9e-06,udp,dns,INT,2,0,114,0,111111.1072,254,0,50666664.0,0.0,0,0,0.009,0.0,0.0,0.0,0,0,0,0,0.0,0.0,0.0,57,0,0,0,33,2,18,18,18,33,0,0,0,18,33,0,Generic,1
3e-06,udp,dns,INT,2,0,114,0,333333.3215,254,0,152000000.0,0.0,0,0,0.003,0.0,0.0,0.0,0,0,0,0,0.0,0.0,0.0,57,0,0,0,16,2,6,6,3,17,0,0,0,6,16,0,Generic,1
7.79487,tcp,http,FIN,10,10,1146,928,2.437501,254,252,1059.158203,858.000183,2,2,865.956333,861.912875,79179.45635,2238.26675,255,2377001689,477650520,255,0.175686,0.037646,0.13804,115,93,1,63,4,1,4,4,1,4,0,0,1,4,4,0,Generic,1
8e-06,udp,dns,INT,2,0,114,0,125000.0003,254,0,57000000.0,0.0,0,0,0.008,0.0,0.0,0.0,0,0,0,0,0.0,0.0,0.0,57,0,0,0,33,2,15,15,15,33,0,0,0,16,33,0,Generic,1
8e-06,udp,dns,INT,2,0,114,0,125000.0003,254,0,57000000.0,0.0,0,0,0.008,0.0,0.0,0.0,0,0,0,0,0.0,0.0,0.0,57,0,0,0,15,2,4,4,4,15,0,0,0,4,15,0,Generic,1
1.331992,tcp,http,FIN,14,26,876,29462,29.279454,62,252,4888.917969,170145.1563,2,11,102.36469,51.0148,7616.064842,6770.560716,255,1263294801,1327456761,255,0.103903,0.05662,0.047283,63,1133,1,13824,1,1,1,1,1,1,0,0,1,1,1,0,Generic,1
8e-06,udp,dns,INT,2,0,114,0,125000.0003,254,0,57000000.0,0.0,0,0,0.008,0.0,0.0,0.0,0,0,0,0,0.0,0.0,0.0,57,0,0,0,29,2,14,13,13,29,0,0,0,13,29,0,Generic,1
3e-06,udp,dns,INT,2,0,114,0,333333.3215,254,0,152000000.0,0.0,0,0,0.003,0.0,0.0,0.0,0,0,0,0,0.0,0.0,0.0,57,0,0,0,28,2,5,5,5,28,0,0,0,5,28,0,Generic,1
9e-06,udp,dns,INT,2,0,114,0,111111.1072,254,0,50666664.0,0.0,0,0,0.009,0.0,0.0,0.0,0,0,0,0,0.0,0.0,0.0,57,0,0,0,40,2,28,28,15,40,0,0,0,28,40,0,Generic,1
8e-06,udp,dns,INT,2,0,114,0,125000.0003,254,0,57000000.0,0.0,0,0,0.008,0.0,0.0,0.0,0,0,0,0,0.0,0.0,0.0,57,0,0,0,19,2,17,16,16,19,0,0,0,16,19,0,Generic,1
3.025111,tcp,http,FIN,10,10,1136,1772,6.280761,254,252,2705.355225,4218.026855,2,2,336.123444,327.489562,23841.54035,601.203688,255,2327325135,1988864586,255,0.063073,0.040984,0.022089,114,177,1,493,1,1,3,1,1,1,0,0,1,4,2,0,Generic,1
8e-06,udp,dns,INT,2,0,114,0,125000.0003,254,0,57000000.0,0.0,0,0,0.008,0.0,0.0,0.0,0,0,0,0,0.0,0.0,0.0,57,0,0,0,25,2,9,9,9,25,0,0,0,9,25,0,Generic,1
9e-06,udp,dns,INT,2,0,114,0,111111.1072,254,0,50666664.0,0.0,0,0,0.009,0.0,0.0,0.0,0,0,0,0,0.0,0.0,0.0,57,0,0,0,14,2,14,14,14,14,0,0,0,15,14,0,Generic,1
9e-06,udp,dns,INT,2,0,114,0,111111.1072,254,0,50666664.0,0.0,0,0,0.009,0.0,0.0,0.0,0,0,0,0,0.0,0.0,0.0,57,0,0,0,19,2,2,2,2,20,0,0,0,2,19,0,Generic,1
1.521546,tcp,-,FIN,16,14,880,1342,19.059562,254,252,4337.693359,6556.489258,5,5,97.741134,110.829617,5923.21951,143.939,255,466771707,2391582776,255,0.120704,0.080758,0.039946,55,96,0,0,5,1,1,1,1,1,0,0,0,1,1,0,Generic,1
5e-06,udp,dns,INT,2,0,114,0,200000.0051,254,0,91200000.0,0.0,0,0,0.005,0.0,0.0,0.0,0,0,0,0,0.0,0.0,0.0,57,0,0,0,24,2,18,17,11,24,0,0,0,17,24,0,Generic,1
8e-06,udp,dns,INT,2,0,114,0,125000.0003,254,0,57000000.0,0.0,0,0,0.008,0.0,0.0,0.0,0,0,0,0,0.0,0.0,0.0,57,0,0,0,45,2,12,12,12,45,0,0,0,12,45,0,Generic,1
3e-06,udp,dns,INT,2,0,114,0,333333.3215,254,0,152000000.0,0.0,0,0,0.003,0.0,0.0,0.0,0,0,0,0,0.0,0.0,0.0,57,0,0,0,23,2,22,22,13,23,0,0,0,22,23,0,Generic,1
9e-06,udp,dns,INT,2,0,114,0,111111.1072,254,0,50666664.0,0.0,0,0,0.009,0.0,0.0,0.0,0,0,0,0,0.0,0.0,0.0,57,0,0,0,12,2,12,12,9,12,0,0,0,12,12,0,Generic,1
5e-06,udp,dns,INT,2,0,114,0,200000.0051,254,0,91200000.0,0.0,0,0,0.005,0.0,0.0,0.0,0,0,0,0,0.0,0.0,0.0,57,0,0,0,29,2,3,3,3,29,0,0,0,3,29,0,Generic,1
1e-06,udp,dns,INT,2,0,114,0,1000000.003,254,0,456000000.0,0.0,0,0,0.001,0.0,0.0,0.0,0,0,0,0,0.0,0.0,0.0,57,0,0,0,24,2,8,8,3,24,0,0,0,8,24,0,Generic,1
8e-06,udp,dns,INT,2,0,114,0,125000.0003,254,0,57000000.0,0.0,0,0,0.008,0.0,0.0,0.0,0,0,0,0,0.0,0.0,0.0,57,0,0,0,37,2,2,2,2,37,0,0,0,2,37,0,Generic,1
3e-06,udp,dns,INT,2,0,114,0,333333.3215,254,0,152000000.0,0.0,0,0,0.003,0.0,0.0,0.0,0,0,0,0,0.0,0.0,0.0,57,0,0,0,25,2,12,12,6,25,0,0,0,12,25,0,Generic,1
7e-06,udp,dns,INT,2,0,114,0,142857.1409,254,0,65142856.0,0.0,0,0,0.007,0.0,0.0,0.0,0,0,0,0,0.0,0.0,0.0,57,0,0,0,28,2,17,17,17,28,0,0,0,17,28,0,Generic,1
0.723247,tcp,http,FIN,12,28,1204,29548,53.923487,62,252,12211.5957,315167.5625,2,11,65.736997,24.753481,3827.374062,2871.663327,255,4243619585,669100363,255,0.115343,0.054894,0.060449,100,1055,1,13824,3,1,3,2,1,3,0,0,1,2,3,0,Generic,1
9e-06,udp,dns,INT,2,0,114,0,111111.1072,254,0,50666664.0,0.0,0,0,0.009,0.0,0.0,0.0,0,0,0,0,0.0,0.0,0.0,57,0,0,0,15,2,11,11,11,15,0,0,0,11,15,0,Generic,1
1e-06,udp,dns,INT,2,0,114,0,1000000.003,254,0,456000000.0,0.0,0,0,0.001,0.0,0.0,0.0,0,0,0,0,0.0,0.0,0.0,57,0,0,0,22,2,17,17,17,22,0,0,0,17,22,0,Generic,1
8e-06,udp,dns,INT,2,0,114,0,125000.0003,254,0,57000000.0,0.0,0,0,0.008,0.0,0.0,0.0,0,0,0,0,0.0,0.0,0.0,57,0,0,0,6,2,6,6,6,6,0,0,0,6,6,0,Generic,1
9e-06,udp,dns,INT,2,0,114,0,111111.1072,254,0,50666664.0,0.0,0,0,0.009,0.0,0.0,0.0,0,0,0,0,0.0,0.0,0.0,57,0,0,0,27,2,17,17,17,27,0,0,0,17,27,0,Generic,1
1e-05,udp,-,INT,2,0,1450,0,100000.0025,254,0,580000000.0,0.0,0,0,0.01,0.0,0.0,0.0,0,0,0,0,0.0,0.0,0.0,725,0,0,0,1,2,1,1,1,1,0,0,0,13,1,0,Generic,1
3e-06,udp,dns,INT,2,0,114,0,333333.3215,254,0,152000000.0,0.0,0,0,0.003,0.0,0.0,0.0,0,0,0,0,0.0,0.0,0.0,57,0,0,0,19,2,18,17,17,20,0,0,0,18,19,0,Generic,1
2.82148,tcp,http,FIN,12,12,2154,2150,8.15175,254,252,5599.897949,5588.556152,3,3,256.395006,252.025266,16834.69333,421.010281,255,552414190,146585402,255,0.111871,0.049201,0.06267,180,179,1,30,1,1,1,1,1,1,0,0,1,2,1,0,Generic,1
2e-06,udp,dns,INT,2,0,114,0,500000.0013,254,0,228000000.0,0.0,0,0,0.002,0.0,0.0,0.0,0,0,0,0,0.0,0.0,0.0,57,0,0,0,27,2,16,16,16,27,0,0,0,16,27,0,Generic,1
8e-06,udp,dns,INT,2,0,114,0,125000.0003,254,0,57000000.0,0.0,0,0,0.008,0.0,0.0,0.0,0,0,0,0,0.0,0.0,0.0,57,0,0,0,35,2,18,18,8,35,0,0,0,18,35,0,Generic,1
9e-06,udp,dns,INT,2,0,114,0,111111.1072,254,0,50666664.0,0.0,0,0,0.009,0.0,0.0,0.0,0,0,0,0,0.0,0.0,0.0,57,0,0,0,35,2,18,18,10,35,0,0,0,18,35,0,Generic,1
6e-06,udp,dns,INT,2,0,114,0,166666.6608,254,0,76000000.0,0.0,0,0,0.006,0.0,0.0,0.0,0,0,0,0,0.0,0.0,0.0,57,0,0,0,18,2,10,10,6,18,0,0,0,10,18,0,Generic,1
9e-06,udp,dns,INT,2,0,214,0,111111.1072,254,0,95111104.0,0.0,0,0,0.009,0.0,0.0,0.0,0,0,0,0,0.0,0.0,0.0,107,0,0,0,2,2,1,1,1,2,0,0,0,2,2,0,Generic,1
6e-06,udp,dns,INT,2,0,114,0,166666.6608,254,0,76000000.0,0.0,0,0,0.006,0.0,0.0,0.0,0,0,0,0,0.0,0.0,0.0,57,0,0,0,27,2,23,23,10,27,0,0,0,23,27,0,Generic,1
3e-06,udp,dns,INT,2,0,114,0,333333.3215,254,0,152000000.0,0.0,0,0,0.003,0.0,0.0,0.0,0,0,0,0,0.0,0.0,0.0,57,0,0,0,32,2,18,16,16,32,0,0,0,16,32,0,Generic,1
29.135107,tcp,smtp,FIN,2722,430,3592470,19512,108.15131,254,252,986068.375,5345.303711,1358,8,10.754935,67.890922,1471.913395,83.910641,255,322519575,3634198367,255,0.035473,0.009238,0.026235,1320,45,0,0,1,1,1,1,1,1,0,0,0,2,1,0,Generic,1
7e-06,udp,dns,INT,2,0,114,0,142857.1409,254,0,65142856.0,0.0,0,0,0.007,0.0,0.0,0.0,0,0,0,0,0.0,0.0,0.0,57,0,0,0,22,2,5,5,5,22,0,0,0,6,22,0,Generic,1
9e-06,udp,dns,INT,2,0,114,0,111111.1072,254,0,50666664.0,0.0,0,0,0.009,0.0,0.0,0.0,0,0,0,0,0.0,0.0,0.0,57,0,0,0,20,2,17,16,16,21,0,0,0,16,20,0,Generic,1
7e-06,udp,dns,INT,2,0,114,0,142857.1409,254,0,65142856.0,0.0,0,0,0.007,0.0,0.0,0.0,0,0,0,0,0.0,0.0,0.0,57,0,0,0,28,2,11,11,11,28,0,0,0,11,28,0,Generic,1
8e-06,udp,dns,INT,2,0,114,0,125000.0003,254,0,57000000.0,0.0,0,0,0.008,0.0,0.0,0.0,0,0,0,0,0.0,0.0,0.0,57,0,0,0,22,2,17,17,17,22,0,0,0,20,22,0,Generic,1
2e-06,udp,dns,INT,2,0,114,0,500000.0013,254,0,228000000.0,0.0,0,0,0.002,0.0,0.0,0.0,0,0,0,0,0.0,0.0,0.0,57,0,0,0,18,2,6,6,6,18,0,0,0,6,18,0,Generic,1
9e-06,udp,dns,INT,2,0,114,0,111111.1072,254,0,50666664.0,0.0,0,0,0.009,0.0,0.0,0.0,0,0,0,0,0.0,0.0,0.0,57,0,0,0,19,2,14,14,6,19,0,0,0,15,19,0,Generic,1
1e-06,udp,dns,INT,2,0,114,0,1000000.003,254,0,456000000.0,0.0,0,0,0.001,0.0,0.0,0.0,0,0,0,0,0.0,0.0,0.0,57,0,0,0,28,2,16,16,16,28,0,0,0,17,28,0,Generic,1
1.6e-05,udp,dns,INT,2,0,114,0,62500.00016,254,0,28500000.0,0.0,0,0,0.016,0.0,0.0,0.0,0,0,0,0,0.0,0.0,0.0,57,0,0,0,13,2,13,13,13,13,0,0,0,13,13,0,Generic,1
6e-06,udp,-,INT,2,0,1274,0,166666.6608,254,0,849333312.0,0.0,0,0,0.006,0.0,0.0,0.0,0,0,0,0,0.0,0.0,0.0,637,0,0,0,6,2,2,1,1,1,0,0,0,2,2,0,Generic,1
1.6e-05,udp,dns,INT,2,0,114,0,62500.00016,254,0,28500000.0,0.0,0,0,0.016,0.0,0.0,0.0,0,0,0,0,0.0,0.0,0.0,57,0,0,0,15,2,3,3,3,15,0,0,0,3,15,0,Generic,1
7e-06,udp,dns,INT,2,0,114,0,142857.1409,254,0,65142856.0,0.0,0,0,0.007,0.0,0.0,0.0,0,0,0,0,0.0,0.0,0.0,57,0,0,0,15,2,13,12,12,15,0,0,0,12,15,0,Generic,1
5e-06,udp,dns,INT,2,0,114,0,200000.0051,254,0,91200000.0,0.0,0,0,0.005,0.0,0.0,0.0,0,0,0,0,0.0,0.0,0.0,57,0,0,0,28,2,13,12,12,28,0,0,0,13,28,0,Generic,1
5e-06,udp,dns,INT,2,0,114,0,200000.0051,254,0,91200000.0,0.0,0,0,0.005,0.0,0.0,0.0,0,0,0,0,0.0,0.0,0.0,57,0,0,0,22,2,6,6,6,22,0,0,0,6,22,0,Generic,1
8e-06,udp,dns,INT,2,0,114,0,125000.0003,254,0,57000000.0,0.0,0,0,0.008,0.0,0.0,0.0,0,0,0,0,0.0,0.0,0.0,57,0,0,0,26,2,17,16,7,26,0,0,0,16,26,0,Generic,1
2.6e-05,udp,dns,INT,2,0,114,0,38461.5389,254,0,17538462.0,0.0,0,0,0.026,0.0,0.0,0.0,0,0,0,0,0.0,0.0,0.0,57,0,0,0,12,2,9,9,6,13,0,0,0,9,12,0,Generic,1
2.6e-05,udp,dns,INT,2,0,114,0,38461.5389,254,0,17538462.0,0.0,0,0,0.026,0.0,0.0,0.0,0,0,0,0,0.0,0.0,0.0,57,0,0,0,24,2,24,24,11,24,0,0,0,24,24,0,Generic,1
0.727341,tcp,http,FIN,10,8,888,3232,23.372806,62,252,8799.173828,31105.08008,2,2,80.815667,88.47357,4351.975721,136.098141,255,2289151793,2257421583,255,0.165755,0.074434,0.091321,89,404,1,1187,1,1,1,1,1,1,0,0,1,1,1,0,Generic,1
8e-06,udp,dns,INT,2,0,114,0,125000.0003,254,0,57000000.0,0.0,0,0,0.008,0.0,0.0,0.0,0,0,0,0,0.0,0.0,0.0,57,0,0,0,31,2,15,15,7,31,0,0,0,15,31,0,Generic,1
5e-06,udp,dns,INT,2,0,114,0,200000.0051,254,0,91200000.0,0.0,0,0,0.005,0.0,0.0,0.0,0,0,0,0,0.0,0.0,0.0,57,0,0,0,14,2,14,14,14,14,0,0,0,16,14,0,Generic,1
8e-06,udp,dns,INT,2,0,114,0,125000.0003,254,0,57000000.0,0.0,0,0,0.008,0.0,0.0,0.0,0,0,0,0,0.0,0.0,0.0,57,0,0,0,19,2,25,17,17,19,0,0,0,17,27,0,Generic,1
5e-06,udp,dns,INT,2,0,114,0,200000.0051,254,0,91200000.0,0.0,0,0,0.005,0.0,0.0,0.0,0,0,0,0,0.0,0.0,0.0,57,0,0,0,24,2,12,11,11,24,0,0,0,11,24,0,Generic,1
9e-06,udp,dns,INT,2,0,114,0,111111.1072,254,0,50666664.0,0.0,0,0,0.009,0.0,0.0,0.0,0,0,0,0,0.0,0.0,0.0,57,0,0,0,20,2,3,3,3,20,0,0,0,3,20,0,Generic,1
9e-06,udp,dns,INT,2,0,114,0,111111.1072,254,0,50666664.0,0.0,0,0,0.009,0.0,0.0,0.0,0,0,0,0,0.0,0.0,0.0,57,0,0,0,24,2,14,13,13,24,0,0,0,14,24,0,Generic,1
2e-06,udp,dns,INT,2,0,114,0,500000.0013,254,0,228000000.0,0.0,0,0,0.002,0.0,0.0,0.0,0,0,0,0,0.0,0.0,0.0,57,0,0,0,26,2,27,25,13,26,0,0,0,26,26,0,Generic,1
0.30839,tcp,http,FIN,10,8,1192,1822,55.125006,62,252,27834.88477,41376.17969,2,2,34.265556,31.920857,1649.720177,50.64316,255,2963041904,670758872,255,0.064696,0.015824,0.048872,119,228,1,363,1,1,1,1,1,1,0,0,1,1,1,0,Generic,1
5e-06,udp,dns,INT,2,0,114,0,200000.0051,254,0,91200000.0,0.0,0,0,0.005,0.0,0.0,0.0,0,0,0,0,0.0,0.0,0.0,57,0,0,0,28,2,18,18,18,28,0,0,0,18,28,0,Generic,1
8e-06,crudp,-,INT,2,0,200,0,125000.0003,254,0,100000000.0,0.0,0,0,0.008,0.0,0.0,0.0,0,0,0,0,0.0,0.0,0.0,100,0,0,0,4,2,4,4,4,4,0,0,0,5,4,0,Generic,1
9e-06,udp,dns,INT,2,0,114,0,111111.1072,254,0,50666664.0,0.0,0,0,0.009,0.0,0.0,0.0,0,0,0,0,0.0,0.0,0.0,57,0,0,0,12,2,3,3,3,13,0,0,0,3,12,0,Generic,1
4e-06,udp,dns,INT,2,0,114,0,250000.0006,254,0,114000000.0,0.0,0,0,0.004,0.0,0.0,0.0,0,0,0,0,0.0,0.0,0.0,57,0,0,0,19,2,19,19,10,19,0,0,0,19,19,0,Generic,1
0.485915,tcp,http,FIN,12,26,1276,29348,76.145004,62,252,19262.62891,464608.0,2,11,44.174089,16.47484,2410.767699,2111.393694,255,1855302520,1024684574,255,0.12902,0.073389,0.055631,106,1129,1,13824,1,1,1,1,1,1,0,0,1,19,1,0,Generic,1
8e-06,udp,dns,INT,2,0,114,0,125000.0003,254,0,57000000.0,0.0,0,0,0.008,0.0,0.0,0.0,0,0,0,0,0.0,0.0,0.0,57,0,0,0,27,2,18,18,18,27,0,0,0,19,27,0,Generic,1
9.259217,tcp,http,FIN,124,692,6626,962903,88.020399,62,252,5679.097656,830750.125,2,344,75.273311,13.292772,3691.351086,1561.770469,255,1777949960,404584979,255,0.1266,0.07391,0.05269,53,1391,1,467212,1,1,2,1,1,1,0,0,1,1,1,0,Generic,1
0.315915,sctp,-,CON,2,2,152,82,9.496226,254,60,1924.568359,1038.254028,0,0,0.009,0.004,0.0,0.0,0,0,0,0,0.0,0.0,0.0,76,41,0,0,1,0,1,1,1,1,0,0,0,2,1,0,Generic,1
1.220932,tcp,-,FIN,14,12,1730,1014,20.476161,254,252,10529.66113,6093.705566,4,4,90.892002,107.048367,5020.458204,139.209781,255,516637128,2671364298,255,0.113186,0.043391,0.069795,124,85,0,0,2,1,4,1,1,2,0,0,0,2,7,0,Generic,1
8e-06,udp,dns,INT,2,0,114,0,125000.0003,254,0,57000000.0,0.0,0,0,0.008,0.0,0.0,0.0,0,0,0,0,0.0,0.0,0.0,57,0,0,0,17,2,1,1,1,17,0,0,0,1,17,0,Generic,1
1.648723,tcp,http,FIN,14,12,3054,6854,15.163251,62,252,13760.95313,30486.625,4,4,126.824851,138.007547,6181.927656,204.851016,255,3087654234,566578544,255,0.299421,0.089516,0.209905,218,571,1,60,1,1,1,1,1,1,0,0,1,1,1,0,Generic,1
8e-06,udp,dns,INT,2,0,114,0,125000.0003,254,0,57000000.0,0.0,0,0,0.008,0.0,0.0,0.0,0,0,0,0,0.0,0.0,0.0,57,0,0,0,18,2,12,12,12,18,0,0,0,12,18,0,Generic,1
0.861663,tcp,http,FIN,10,10,1226,1850,22.050384,62,252,10249.94727,15458.48047,2,2,95.740333,86.620555,6609.200317,123.047289,255,2732136049,3481817420,255,0.13882,0.081753,0.057067,123,185,1,328,1,1,1,1,1,1,0,0,1,1,1,0,Generic,1
9e-06,udp,dns,INT,2,0,114,0,111111.1072,254,0,50666664.0,0.0,0,0,0.009,0.0,0.0,0.0,0,0,0,0,0.0,0.0,0.0,57,0,0,0,23,2,22,22,9,23,0,0,0,22,23,0,Generic,1
3e-06,udp,dns,INT,2,0,114,0,333333.3215,254,0,152000000.0,0.0,0,0,0.003,0.0,0.0,0.0,0,0,0,0,0.0,0.0,0.0,57,0,0,0,31,2,15,15,15,31,0,0,0,15,31,0,Generic,1
2.196982,tcp,http,FIN,10,10,1172,1160,8.648228,254,252,3841.633789,3801.578857,2,2,244.109111,240.136781,19536.40267,462.819594,255,3152273118,4204677611,255,0.099307,0.035103,0.064204,117,116,1,179,4,1,4,4,1,4,0,0,1,4,4,0,Generic,1
9e-06,sctp,-,INT,2,0,200,0,111111.1072,254,0,88888888.0,0.0,0,0,0.009,0.0,0.0,0.0,0,0,0,0,0.0,0.0,0.0,100,0,0,0,5,2,3,3,3,5,0,0,0,5,5,0,Generic,1
1.45673,tcp,ssl,FIN,14,14,1988,3618,18.534663,254,252,10137.77441,18452.28711,4,4,111.984459,106.695461,6327.274518,145.757281,255,3879332873,4060880253,255,0.156819,0.069688,0.087131,142,258,0,0,2,1,1,1,1,2,0,0,0,1,2,0,Generic,1
2.794462,tcp,ssl,FIN,28,18,17978,6584,16.103279,254,252,49629.58984,17803.78516,11,6,103.495373,159.494703,7721.205603,222.937547,255,2062916386,4178534105,255,0.214513,0.083044,0.131469,642,366,0,0,1,1,1,1,1,1,0,0,0,1,1,0,Generic,1
6e-06,udp,dns,INT,2,0,114,0,166666.6608,254,0,76000000.0,0.0,0,0,0.006,0.0,0.0,0.0,0,0,0,0,0.0,0.0,0.0,57,0,0,0,20,2,17,16,16,20,0,0,0,17,20,0,Generic,1
7e-06,udp,dns,INT,2,0,114,0,142857.1409,254,0,65142856.0,0.0,0,0,0.007,0.0,0.0,0.0,0,0,0,0,0.0,0.0,0.0,57,0,0,0,13,2,13,13,13,13,0,0,0,13,13,0,Generic,1
3e-06,unas,-,INT,2,0,200,0,333333.3215,254,0,266666656.0,0.0,0,0,0.003,0.0,0.0,0.0,0,0,0,0,0.0,0.0,0.0,100,0,0,0,6,2,3,3,3,6,0,0,0,5,6,0,Generic,1
9e-06,udp,dns,INT,2,0,114,0,111111.1072,254,0,50666664.0,0.0,0,0,0.009,0.0,0.0,0.0,0,0,0,0,0.0,0.0,0.0,57,0,0,0,34,2,12,12,6,34,0,0,0,12,34,0,Generic,1
8e-06,udp,dns,INT,2,0,114,0,125000.0003,254,0,57000000.0,0.0,0,0,0.008,0.0,0.0,0.0,0,0,0,0,0.0,0.0,0.0,57,0,0,0,18,2,16,16,16,18,0,0,0,16,18,0,Generic,1
8e-06,udp,dns,INT,2,0,114,0,125000.0003,254,0,57000000.0,0.0,0,0,0.008,0.0,0.0,0.0,0,0,0,0,0.0,0.0,0.0,57,0,0,0,35,2,17,17,17,35,0,0,0,17,35,0,Generic,1
1.801717,tcp,http,FIN,12,24,1384,21746,19.425914,62,252,5634.625,92533.95313,2,9,163.792455,74.525217,9728.925185,7852.355099,255,1614134165,4093423134,255,0.193774,0.086872,0.106902,115,906,1,10007,1,1,1,1,1,1,0,0,1,1,1,0,Generic,1
8e-06,udp,dns,INT,2,0,114,0,125000.0003,254,0,57000000.0,0.0,0,0,0.008,0.0,0.0,0.0,0,0,0,0,0.0,0.0,0.0,57,0,0,0,20,2,18,17,17,20,0,0,0,17,20,0,Generic,1
20.806965,tcp,http,FIN,232,1388,10402,1927283,77.810484,62,252,3982.512695,740480.875,2,692,90.072801,14.93143,7091.682535,3091.674525,255,2121263377,1572307994,255,0.159066,0.097062,0.062004,45,1389,1,935583,1,1,3,3,1,3,0,0,1,5,1,0,Generic,1
1.927187,tcp,http,FIN,34,174,1732,222339,107.41044,62,252,6982.197266,917656.6875,2,85,58.379939,10.72937,2786.641182,1235.910985,255,3133033969,1058363339,255,0.140565,0.070998,0.069567,51,1278,1,107292,1,1,2,1,1,1,0,0,1,1,1,0,Generic,1
0.491626,tcp,-,FIN,10,10,1650,5694,38.647265,254,252,24164.71094,83396.72656,2,3,54.625111,44.294556,2995.94104,2842.58077,255,4042571782,4239442421,255,0.144776,0.061443,0.083333,165,569,0,0,2,1,1,1,1,1,0,0,0,1,1,0,Generic,1
8.89209,tcp,http,FIN,10,10,1194,638,2.136731,254,252,967.151733,517.313721,2,2,987.910111,977.732125,67071.85942,1824.646125,255,817104795,427602471,255,0.182198,0.0925,0.089698,119,64,1,0,2,1,2,1,1,1,0,0,1,2,1,0,Generic,1
5e-06,udp,-,INT,2,0,1418,0,200000.0051,254,0,1134400000.0,0.0,0,0,0.005,0.0,0.0,0.0,0,0,0,0,0.0,0.0,0.0,709,0,0,0,1,2,1,1,1,1,0,0,0,1,1,0,Generic,1
5e-06,udp,dns,INT,2,0,114,0,200000.0051,254,0,91200000.0,0.0,0,0,0.005,0.0,0.0,0.0,0,0,0,0,0.0,0.0,0.0,57,0,0,0,31,2,18,18,18,31,0,0,0,19,31,0,Generic,1
9e-06,udp,dns,INT,2,0,114,0,111111.1072,254,0,50666664.0,0.0,0,0,0.009,0.0,0.0,0.0,0,0,0,0,0.0,0.0,0.0,57,0,0,0,12,2,13,12,12,13,0,0,0,12,12,0,Generic,1
3e-06,udp,dns,INT,2,0,114,0,333333.3215,254,0,152000000.0,0.0,0,0,0.003,0.0,0.0,0.0,0,0,0,0,0.0,0.0,0.0,57,0,0,0,17,2,25,17,17,17,0,0,0,17,25,0,Generic,1
8e-06,udp,dns,INT,2,0,114,0,125000.0003,254,0,57000000.0,0.0,0,0,0.008,0.0,0.0,0.0,0,0,0,0,0.0,0.0,0.0,57,0,0,0,26,2,18,16,16,27,0,0,0,17,26,0,Generic,1
1e-05,udp,-,INT,2,0,586,0,100000.0025,254,0,234400000.0,0.0,0,0,0.01,0.0,0.0,0.0,0,0,0,0,0.0,0.0,0.0,293,0,0,0,1,2,19,1,1,1,0,0,0,2,1,0,Generic,1
1e-05,udp,dns,INT,2,0,114,0,100000.0025,254,0,45600000.0,0.0,0,0,0.01,0.0,0.0,0.0,0,0,0,0,0.0,0.0,0.0,57,0,0,0,28,2,7,7,7,28,0,0,0,7,28,0,Generic,1
9e-06,udp,dns,INT,2,0,114,0,111111.1072,254,0,50666664.0,0.0,0,0,0.009,0.0,0.0,0.0,0,0,0,0,0.0,0.0,0.0,57,0,0,0,26,2,10,10,10,27,0,0,0,10,26,0,Generic,1
3e-06,udp,dns,INT,2,0,114,0,333333.3215,254,0,152000000.0,0.0,0,0,0.003,0.0,0.0,0.0,0,0,0,0,0.0,0.0,0.0,57,0,0,0,23,2,6,6,1,23,0,0,0,6,23,0,Generic,1
1e-06,udp,dns,INT,2,0,114,0,1000000.003,254,0,456000000.0,0.0,0,0,0.001,0.0,0.0,0.0,0,0,0,0,0.0,0.0,0.0,57,0,0,0,12,2,12,12,12,13,0,0,0,13,12,0,Generic,1
1e-06,udp,dns,INT,2,0,114,0,1000000.003,254,0,456000000.0,0.0,0,0,0.001,0.0,0.0,0.0,0,0,0,0,0.0,0.0,0.0,57,0,0,0,32,2,32,32,17,32,0,0,0,32,32,0,Generic,1
5e-06,udp,dns,INT,2,0,114,0,200000.0051,254,0,91200000.0,0.0,0,0,0.005,0.0,0.0,0.0,0,0,0,0,0.0,0.0,0.0,57,0,0,0,30,2,17,16,16,30,0,0,0,16,30,0,Generic,1
5.797027,tcp,-,FIN,100,100,11244,10926,34.32794,254,252,15362.35742,14927.65137,47,47,58.555828,58.065777,3093.876817,67.873359,255,398171999,4288821039,255,0.052266,0.024206,0.02806,112,109,0,0,1,1,1,1,1,1,0,0,0,1,1,0,Generic,1
4e-06,visa,-,INT,2,0,200,0,250000.0006,254,0,200000000.0,0.0,0,0,0.004,0.0,0.0,0.0,0,0,0,0,0.0,0.0,0.0,100,0,0,0,4,2,3,3,3,4,0,0,0,4,4,0,Generic,1
6e-06,udp,dns,INT,2,0,114,0,166666.6608,254,0,76000000.0,0.0,0,0,0.006,0.0,0.0,0.0,0,0,0,0,0.0,0.0,0.0,57,0,0,0,22,2,5,5,5,22,0,0,0,5,22,0,Generic,1
3e-06,udp,dns,INT,2,0,114,0,333333.3215,254,0,152000000.0,0.0,0,0,0.003,0.0,0.0,0.0,0,0,0,0,0.0,0.0,0.0,57,0,0,0,23,2,14,14,7,23,0,0,0,14,23,0,Generic,1
8e-06,udp,dns,INT,2,0,114,0,125000.0003,254,0,57000000.0,0.0,0,0,0.008,0.0,0.0,0.0,0,0,0,0,0.0,0.0,0.0,57,0,0,0,23,2,17,17,17,23,0,0,0,18,23,0,Generic,1
6e-06,udp,dns,INT,2,0,114,0,166666.6608,254,0,76000000.0,0.0,0,0,0.006,0.0,0.0,0.0,0,0,0,0,0.0,0.0,0.0,57,0,0,0,15,2,1,1,1,15,0,0,0,1,15,0,Generic,1
1.1e-05,udp,-,INT,2,0,1210,0,90909.0902,254,0,440000000.0,0.0,0,0,0.011,0.0,0.0,0.0,0,0,0,0,0.0,0.0,0.0,605,0,0,0,1,2,1,1,1,1,0,0,0,1,1,0,Generic,1
9e-06,udp,dns,INT,2,0,114,0,111111.1072,254,0,50666664.0,0.0,0,0,0.009,0.0,0.0,0.0,0,0,0,0,0.0,0.0,0.0,57,0,0,0,11,2,11,11,6,11,0,0,0,11,11,0,Generic,1
1e-06,udp,dns,INT,2,0,114,0,1000000.003,254,0,456000000.0,0.0,0,0,0.001,0.0,0.0,0.0,0,0,0,0,0.0,0.0,0.0,57,0,0,0,29,2,18,18,18,29,0,0,0,18,29,0,Generic,1
2e-06,udp,dns,INT,2,0,114,0,500000.0013,254,0,228000000.0,0.0,0,0,0.002,0.0,0.0,0.0,0,0,0,0,0.0,0.0,0.0,57,0,0,0,29,2,11,11,11,29,0,0,0,11,29,0,Generic,1
2e-06,udp,dns,INT,2,0,114,0,500000.0013,254,0,228000000.0,0.0,0,0,0.002,0.0,0.0,0.0,0,0,0,0,0.0,0.0,0.0,57,0,0,0,39,2,5,5,5,39,0,0,0,5,39,0,Generic,1
5e-06,udp,dns,INT,2,0,114,0,200000.0051,254,0,91200000.0,0.0,0,0,0.005,0.0,0.0,0.0,0,0,0,0,0.0,0.0,0.0,57,0,0,0,11,2,11,11,11,11,0,0,0,12,11,0,Generic,1
1.85438,tcp,-,FIN,18,16,1450,1506,17.795705,254,252,5910.331055,6091.523926,6,6,109.081176,113.35793,5487.095451,149.070844,255,3887935832,802016920,255,0.211484,0.105596,0.105888,81,94,0,0,2,1,1,1,1,1,0,0,0,2,1,0,Generic,1
5e-06,udp,dns,INT,2,0,114,0,200000.0051,254,0,91200000.0,0.0,0,0,0.005,0.0,0.0,0.0,0,0,0,0,0.0,0.0,0.0,57,0,0,0,20,2,3,2,2,20,0,0,0,2,20,0,Generic,1
6e-06,udp,dns,INT,2,0,114,0,166666.6608,254,0,76000000.0,0.0,0,0,0.006,0.0,0.0,0.0,0,0,0,0,0.0,0.0,0.0,57,0,0,0,19,2,19,19,8,19,0,0,0,19,19,0,Generic,1
2e-06,udp,dns,INT,2,0,114,0,500000.0013,254,0,228000000.0,0.0,0,0,0.002,0.0,0.0,0.0,0,0,0,0,0.0,0.0,0.0,57,0,0,0,31,2,18,16,16,31,0,0,0,16,31,0,Generic,1
5e-06,udp,dns,INT,2,0,114,0,200000.0051,254,0,91200000.0,0.0,0,0,0.005,0.0,0.0,0.0,0,0,0,0,0.0,0.0,0.0,57,0,0,0,16,2,2,2,2,16,0,0,0,2,16,0,Generic,1
8e-06,udp,dns,INT,2,0,114,0,125000.0003,254,0,57000000.0,0.0,0,0,0.008,0.0,0.0,0.0,0,0,0,0,0.0,0.0,0.0,57,0,0,0,19,2,2,2,2,19,0,0,0,2,19,0,Generic,1
5e-06,udp,dns,INT,2,0,114,0,200000.0051,254,0,91200000.0,0.0,0,0,0.005,0.0,0.0,0.0,0,0,0,0,0.0,0.0,0.0,57,0,0,0,39,2,34,34,16,39,0,0,0,34,39,0,Generic,1
7e-06,udp,dns,INT,2,0,114,0,142857.1409,254,0,65142856.0,0.0,0,0,0.007,0.0,0.0,0.0,0,0,0,0,0.0,0.0,0.0,57,0,0,0,21,2,18,18,18,21,0,0,0,18,21,0,Generic,1
9e-06,udp,dns,INT,2,0,114,0,111111.1072,254,0,50666664.0,0.0,0,0,0.009,0.0,0.0,0.0,0,0,0,0,0.0,0.0,0.0,57,0,0,0,31,2,3,3,3,32,0,0,0,3,31,0,Generic,1
0.40953,tcp,http,FIN,10,6,1558,268,36.627352,254,252,27407.02734,4375.747559,2,1,40.689333,74.499602,2087.728129,105.821758,255,1813983673,4144706668,255,0.080432,0.037027,0.043405,156,45,1,0,1,1,1,1,1,1,0,0,1,1,1,0,Generic,1
7e-06,udp,dns,INT,2,0,114,0,142857.1409,254,0,65142856.0,0.0,0,0,0.007,0.0,0.0,0.0,0,0,0,0,0.0,0.0,0.0,57,0,0,0,19,2,2,2,2,19,0,0,0,2,19,0,Generic,1
5e-06,udp,dns,INT,2,0,114,0,200000.0051,254,0,91200000.0,0.0,0,0,0.005,0.0,0.0,0.0,0,0,0,0,0.0,0.0,0.0,57,0,0,0,23,2,8,7,7,23,0,0,0,7,23,0,Generic,1
9e-06,udp,dns,INT,2,0,114,0,111111.1072,254,0,50666664.0,0.0,0,0,0.009,0.0,0.0,0.0,0,0,0,0,0.0,0.0,0.0,57,0,0,0,3,2,3,3,3,3,0,0,0,4,3,0,Generic,1
1e-06,udp,dns,INT,2,0,114,0,1000000.003,254,0,456000000.0,0.0,0,0,0.001,0.0,0.0,0.0,0,0,0,0,0.0,0.0,0.0,57,0,0,0,22,2,5,5,5,22,0,0,0,5,22,0,Generic,1
8e-06,udp,dns,INT,2,0,114,0,125000.0003,254,0,57000000.0,0.0,0,0,0.008,0.0,0.0,0.0,0,0,0,0,0.0,0.0,0.0,57,0,0,0,21,2,3,3,2,21,0,0,0,3,21,0,Generic,1
9e-06,udp,dns,INT,2,0,114,0,111111.1072,254,0,50666664.0,0.0,0,0,0.009,0.0,0.0,0.0,0,0,0,0,0.0,0.0,0.0,57,0,0,0,30,2,15,14,14,30,0,0,0,14,30,0,Generic,1
1e-06,udp,dns,INT,2,0,114,0,1000000.003,254,0,456000000.0,0.0,0,0,0.001,0.0,0.0,0.0,0,0,0,0,0.0,0.0,0.0,57,0,0,0,28,2,11,11,11,28,0,0,0,11,28,0,Generic,1
3e-06,udp,dns,INT,2,0,114,0,333333.3215,254,0,152000000.0,0.0,0,0,0.003,0.0,0.0,0.0,0,0,0,0,0.0,0.0,0.0,57,0,0,0,29,2,17,16,16,29,0,0,0,16,29,0,Generic,1
3e-06,udp,dns,INT,2,0,114,0,333333.3215,254,0,152000000.0,0.0,0,0,0.003,0.0,0.0,0.0,0,0,0,0,0.0,0.0,0.0,57,0,0,0,31,2,31,31,17,31,0,0,0,31,31,0,Generic,1
9e-06,udp,dns,INT,2,0,114,0,111111.1072,254,0,50666664.0,0.0,0,0,0.009,0.0,0.0,0.0,0,0,0,0,0.0,0.0,0.0,57,0,0,0,27,2,17,16,16,28,0,0,0,17,27,0,Generic,1
4e-06,udp,dns,INT,2,0,114,0,250000.0006,254,0,114000000.0,0.0,0,0,0.004,0.0,0.0,0.0,0,0,0,0,0.0,0.0,0.0,57,0,0,0,23,2,9,9,9,23,0,0,0,9,23,0,Generic,1
5e-06,udp,dns,INT,2,0,114,0,200000.0051,254,0,91200000.0,0.0,0,0,0.005,0.0,0.0,0.0,0,0,0,0,0.0,0.0,0.0,57,0,0,0,16,2,8,8,4,16,0,0,0,8,16,0,Generic,1
7e-06,udp,dns,INT,2,0,114,0,142857.1409,254,0,65142856.0,0.0,0,0,0.007,0.0,0.0,0.0,0,0,0,0,0.0,0.0,0.0,57,0,0,0,21,2,16,16,16,21,0,0,0,16,21,0,Generic,1
5e-06,udp,dns,INT,2,0,114,0,200000.0051,254,0,91200000.0,0.0,0,0,0.005,0.0,0.0,0.0,0,0,0,0,0.0,0.0,0.0,57,0,0,0,31,2,16,15,15,31,0,0,0,15,31,0,Generic,1
2.275455,tcp,smtp,FIN,24,22,8482,1806,19.776265,254,252,28579.7793,6061.205566,9,8,98.932829,102.589953,5503.124725,137.555547,255,2653963129,3573460174,255,0.122251,0.062802,0.059449,353,82,0,0,1,1,1,1,1,1,0,0,0,2,1,0,Generic,1
6e-06,udp,dns,INT,2,0,114,0,166666.6608,254,0,76000000.0,0.0,0,0,0.006,0.0,0.0,0.0,0,0,0,0,0.0,0.0,0.0,57,0,0,0,16,2,15,14,14,16,0,0,0,14,16,0,Generic,1
4e-06,udp,-,INT,2,0,1348,0,250000.0006,254,0,1348000000.0,0.0,0,0,0.004,0.0,0.0,0.0,0,0,0,0,0.0,0.0,0.0,674,0,0,0,2,2,1,1,1,1,0,0,0,1,1,0,Generic,1
8e-06,udp,dns,INT,2,0,114,0,125000.0003,254,0,57000000.0,0.0,0,0,0.008,0.0,0.0,0.0,0,0,0,0,0.0,0.0,0.0,57,0,0,0,32,2,16,16,16,32,0,0,0,18,32,0,Generic,1
1.034365,tcp,smtp,FIN,24,20,8984,1858,41.571397,254,252,66591.57813,13658.62109,9,8,44.972391,52.472262,2937.929824,91.281219,255,2419457181,2956585550,255,0.099934,0.027357,0.072577,374,93,0,0,1,1,1,1,1,1,0,0,0,31,1,0,Generic,1
9e-06,udp,dns,INT,2,0,114,0,111111.1072,254,0,50666664.0,0.0,0,0,0.009,0.0,0.0,0.0,0,0,0,0,0.0,0.0,0.0,57,0,0,0,27,2,11,11,11,28,0,0,0,12,27,0,Generic,1
3e-06,udp,dns,INT,2,0,114,0,333333.3215,254,0,152000000.0,0.0,0,0,0.003,0.0,0.0,0.0,0,0,0,0,0.0,0.0,0.0,57,0,0,0,23,2,5,5,3,23,0,0,0,5,23,0,Generic,1
5.647473,tcp,-,FIN,28,32,3382,15285,10.447151,62,252,4620.827637,20976.46289,7,14,217.167228,179.657707,14334.54506,12654.23315,255,3801060139,2110326378,255,0.159738,0.078081,0.081657,121,478,0,0,5,1,3,3,1,4,0,0,0,4,4,0,Generic,1
2e-06,udp,dns,INT,2,0,114,0,500000.0013,254,0,228000000.0,0.0,0,0,0.002,0.0,0.0,0.0,0,0,0,0,0.0,0.0,0.0,57,0,0,0,23,2,16,16,16,23,0,0,0,16,23,0,Generic,1
3.763889,tcp,-,FIN,18,18,1666,1638,9.298893,62,252,3345.47583,3288.088379,6,5,235.231877,218.019937,16922.00781,410.864406,255,1998522661,2420886234,255,0.119115,0.057542,0.061573,93,91,0,0,5,1,3,3,1,4,0,0,0,4,4,0,Generic,1
0.769357,tcp,http,FIN,12,10,2174,3278,27.29552,62,252,20723.79883,30685.36328,3,3,69.941544,75.723891,3507.274445,95.174039,255,2074011352,4206318627,255,0.117823,0.087132,0.030691,181,328,1,671,1,1,1,1,1,1,0,0,1,2,1,0,Generic,1
9e-06,udp,dns,INT,2,0,114,0,111111.1072,254,0,50666664.0,0.0,0,0,0.009,0.0,0.0,0.0,0,0,0,0,0.0,0.0,0.0,57,0,0,0,11,2,12,11,11,11,0,0,0,11,11,0,Generic,1
3e-06,udp,dns,INT,2,0,114,0,333333.3215,254,0,152000000.0,0.0,0,0,0.003,0.0,0.0,0.0,0,0,0,0,0.0,0.0,0.0,57,0,0,0,14,2,12,12,12,14,0,0,0,12,14,0,Generic,1
6e-06,udp,dns,INT,2,0,114,0,166666.6608,254,0,76000000.0,0.0,0,0,0.006,0.0,0.0,0.0,0,0,0,0,0.0,0.0,0.0,57,0,0,0,19,2,2,2,2,19,0,0,0,2,19,0,Generic,1
9e-06,udp,dns,INT,2,0,114,0,111111.1072,254,0,50666664.0,0.0,0,0,0.009,0.0,0.0,0.0,0,0,0,0,0.0,0.0,0.0,57,0,0,0,31,2,32,31,16,31,0,0,0,31,31,0,Generic,1
9e-06,udp,dns,INT,2,0,114,0,111111.1072,254,0,50666664.0,0.0,0,0,0.009,0.0,0.0,0.0,0,0,0,0,0.0,0.0,0.0,57,0,0,0,31,2,32,31,15,31,0,0,0,31,31,0,Generic,1
3e-06,udp,dns,INT,2,0,114,0,333333.3215,254,0,152000000.0,0.0,0,0,0.003,0.0,0.0,0.0,0,0,0,0,0.0,0.0,0.0,57,0,0,0,19,2,18,17,17,19,0,0,0,21,19,0,Generic,1
4e-06,udp,dns,INT,2,0,114,0,250000.0006,254,0,114000000.0,0.0,0,0,0.004,0.0,0.0,0.0,0,0,0,0,0.0,0.0,0.0,57,0,0,0,33,2,17,16,16,33,0,0,0,16,33,0,Generic,1
1e-05,udp,-,INT,2,0,1216,0,100000.0025,254,0,486400000.0,0.0,0,0,0.01,0.0,0.0,0.0,0,0,0,0,0.0,0.0,0.0,608,0,0,0,4,2,1,1,1,1,0,0,0,2,1,0,Generic,1
3e-06,udp,dns,INT,2,0,114,0,333333.3215,254,0,152000000.0,0.0,0,0,0.003,0.0,0.0,0.0,0,0,0,0,0.0,0.0,0.0,57,0,0,0,21,2,18,18,18,21,0,0,0,18,21,0,Generic,1
4e-06,udp,dns,INT,2,0,114,0,250000.0006,254,0,114000000.0,0.0,0,0,0.004,0.0,0.0,0.0,0,0,0,0,0.0,0.0,0.0,57,0,0,0,33,2,34,33,16,33,0,0,0,33,33,0,Generic,1
4e-06,udp,dns,INT,2,0,114,0,250000.0006,254,0,114000000.0,0.0,0,0,0.004,0.0,0.0,0.0,0,0,0,0,0.0,0.0,0.0,57,0,0,0,45,2,9,9,7,45,0,0,0,9,45,0,Generic,1
7e-06,udp,dns,INT,2,0,114,0,142857.1409,254,0,65142856.0,0.0,0,0,0.007,0.0,0.0,0.0,0,0,0,0,0.0,0.0,0.0,57,0,0,0,21,2,5,5,5,21,0,0,0,5,21,0,Generic,1
9e-06,udp,dns,INT,2,0,114,0,111111.1072,254,0,50666664.0,0.0,0,0,0.009,0.0,0.0,0.0,0,0,0,0,0.0,0.0,0.0,57,0,0,0,22,2,7,7,7,22,0,0,0,7,22,0,Generic,1
5e-06,udp,dns,INT,2,0,114,0,200000.0051,254,0,91200000.0,0.0,0,0,0.005,0.0,0.0,0.0,0,0,0,0,0.0,0.0,0.0,57,0,0,0,8,2,1,1,1,8,0,0,0,1,8,0,Generic,1
9e-06,udp,dns,INT,2,0,114,0,111111.1072,254,0,50666664.0,0.0,0,0,0.009,0.0,0.0,0.0,0,0,0,0,0.0,0.0,0.0,57,0,0,0,45,2,11,11,11,45,0,0,0,11,45,0,Generic,1
9e-06,udp,dns,INT,2,0,114,0,111111.1072,254,0,50666664.0,0.0,0,0,0.009,0.0,0.0,0.0,0,0,0,0,0.0,0.0,0.0,57,0,0,0,24,2,9,9,4,24,0,0,0,9,24,0,Generic,1
5e-06,udp,dns,INT,2,0,114,0,200000.0051,254,0,91200000.0,0.0,0,0,0.005,0.0,0.0,0.0,0,0,0,0,0.0,0.0,0.0,57,0,0,0,25,2,8,8,8,25,0,0,0,8,25,0,Generic,1
3e-06,secure-vmtp,-,INT,2,0,200,0,333333.3215,254,0,266666656.0,0.0,0,0,0.003,0.0,0.0,0.0,0,0,0,0,0.0,0.0,0.0,100,0,0,0,4,2,2,2,2,4,0,0,0,2,4,0,Generic,1
1.846383,tcp,smtp,FIN,24,20,8932,1746,23.288776,254,252,37088.73047,7188.10791,9,8,80.270394,100.648719,5513.231858,166.020922,255,2587021919,3500626308,255,0.100504,0.034701,0.065803,372,87,0,0,1,1,1,1,1,2,0,0,0,2,1,0,Generic,1
7e-06,udp,dns,INT,2,0,114,0,142857.1409,254,0,65142856.0,0.0,0,0,0.007,0.0,0.0,0.0,0,0,0,0,0.0,0.0,0.0,57,0,0,0,40,2,28,28,13,40,0,0,0,28,40,0,Generic,1
9e-06,udp,dns,INT,2,0,114,0,111111.1072,254,0,50666664.0,0.0,0,0,0.009,0.0,0.0,0.0,0,0,0,0,0.0,0.0,0.0,57,0,0,0,23,2,9,9,9,23,0,0,0,9,23,0,Generic,1
7e-06,udp,dns,INT,2,0,114,0,142857.1409,254,0,65142856.0,0.0,0,0,0.007,0.0,0.0,0.0,0,0,0,0,0.0,0.0,0.0,57,0,0,0,31,2,7,7,7,31,0,0,0,8,31,0,Generic,1
9e-06,udp,dns,INT,2,0,114,0,111111.1072,254,0,50666664.0,0.0,0,0,0.009,0.0,0.0,0.0,0,0,0,0,0.0,0.0,0.0,57,0,0,0,28,2,8,8,8,28,0,0,0,8,28,0,Generic,1
9e-06,udp,dns,INT,2,0,114,0,111111.1072,254,0,50666664.0,0.0,0,0,0.009,0.0,0.0,0.0,0,0,0,0,0.0,0.0,0.0,57,0,0,0,12,2,12,12,12,13,0,0,0,13,12,0,Generic,1
0.651269,tcp,-,FIN,10,6,1268,268,23.031957,254,252,14027.99707,2751.551025,2,1,67.478444,118.930602,3364.755711,170.720328,255,3246002706,2757279098,255,0.12926,0.056613,0.072647,127,45,0,0,1,1,2,1,1,2,0,0,0,1,3,0,Generic,1
4e-06,udp,dns,INT,2,0,114,0,250000.0006,254,0,114000000.0,0.0,0,0,0.004,0.0,0.0,0.0,0,0,0,0,0.0,0.0,0.0,57,0,0,0,10,2,10,10,10,10,0,0,0,10,10,0,Generic,1
8e-06,udp,dns,INT,2,0,114,0,125000.0003,254,0,57000000.0,0.0,0,0,0.008,0.0,0.0,0.0,0,0,0,0,0.0,0.0,0.0,57,0,0,0,26,2,4,4,2,26,0,0,0,4,26,0,Generic,1
4e-06,udp,dns,INT,2,0,114,0,250000.0006,254,0,114000000.0,0.0,0,0,0.004,0.0,0.0,0.0,0,0,0,0,0.0,0.0,0.0,57,0,0,0,23,2,6,6,6,23,0,0,0,6,23,0,Generic,1
1.166052,tcp,http,FIN,14,40,1720,48452,45.452519,62,252,10963.49023,324109.0625,2,18,89.651077,26.463257,4854.842764,3361.50106,255,1710870616,1996364000,255,0.193988,0.133976,0.060012,123,1211,1,23040,1,1,1,1,1,1,0,0,1,1,1,0,Generic,1
7e-06,udp,dns,INT,2,0,114,0,142857.1409,254,0,65142856.0,0.0,0,0,0.007,0.0,0.0,0.0,0,0,0,0,0.0,0.0,0.0,57,0,0,0,37,2,29,29,14,37,0,0,0,29,37,0,Generic,1
8e-06,udp,dns,INT,2,0,114,0,125000.0003,254,0,57000000.0,0.0,0,0,0.008,0.0,0.0,0.0,0,0,0,0,0.0,0.0,0.0,57,0,0,0,20,2,19,17,17,21,0,0,0,18,20,0,Generic,1
9e-06,sun-nd,-,INT,1,0,60,0,0.0,0,0,0.0,0.0,0,0,0.0,0.0,0.0,0.0,0,0,0,0,0.0,0.0,0.0,60,0,0,0,4,2,3,3,3,4,0,0,0,3,4,0,Generic,1
7e-06,udp,dns,INT,2,0,114,0,142857.1409,254,0,65142856.0,0.0,0,0,0.007,0.0,0.0,0.0,0,0,0,0,0.0,0.0,0.0,57,0,0,0,37,2,8,8,8,37,0,0,0,9,37,0,Generic,1
2.62579,tcp,smtp,FIN,48,26,42134,1402,27.801156,62,252,125697.7813,4110.000977,21,8,55.867872,101.666203,4300.348769,120.050172,255,3804060161,1284500521,255,0.176896,0.083251,0.093645,878,54,0,0,1,1,1,1,1,1,0,0,0,2,1,0,Generic,1
1.565023,tcp,http,FIN,12,28,1202,29548,24.919762,62,252,5633.144043,145648.9844,2,11,142.213369,55.253446,8778.302183,5563.360286,255,1673621650,2341914090,255,0.208378,0.073167,0.135211,100,1055,1,13824,1,1,1,1,1,1,0,0,1,5,1,0,Generic,1
9e-06,udp,dns,INT,2,0,114,0,111111.1072,254,0,50666664.0,0.0,0,0,0.009,0.0,0.0,0.0,0,0,0,0,0.0,0.0,0.0,57,0,0,0,7,2,6,6,6,7,0,0,0,6,7,0,Generic,1
5e-06,udp,dns,INT,2,0,114,0,200000.0051,254,0,91200000.0,0.0,0,0,0.005,0.0,0.0,0.0,0,0,0,0,0.0,0.0,0.0,57,0,0,0,39,2,33,33,17,39,0,0,0,33,39,0,Generic,1
8e-06,udp,dns,INT,2,0,114,0,125000.0003,254,0,57000000.0,0.0,0,0,0.008,0.0,0.0,0.0,0,0,0,0,0.0,0.0,0.0,57,0,0,0,31,2,1,1,1,31,0,0,0,1,31,0,Generic,1
6e-06,udp,dns,INT,2,0,114,0,166666.6608,254,0,76000000.0,0.0,0,0,0.006,0.0,0.0,0.0,0,0,0,0,0.0,0.0,0.0,57,0,0,0,3,2,3,3,2,3,0,0,0,3,3,0,Generic,1
9e-06,udp,dns,INT,2,0,114,0,111111.1072,254,0,50666664.0,0.0,0,0,0.009,0.0,0.0,0.0,0,0,0,0,0.0,0.0,0.0,57,0,0,0,22,2,16,16,8,22,0,0,0,16,22,0,Generic,1
7e-06,udp,dns,INT,2,0,114,0,142857.1409,254,0,65142856.0,0.0,0,0,0.007,0.0,0.0,0.0,0,0,0,0,0.0,0.0,0.0,57,0,0,0,31,2,18,18,10,31,0,0,0,18,31,0,Generic,1
1e-05,udp,-,INT,2,0,1284,0,100000.0025,254,0,513600000.0,0.0,0,0,0.01,0.0,0.0,0.0,0,0,0,0,0.0,0.0,0.0,642,0,0,0,5,2,1,1,1,1,0,0,0,3,1,0,Generic,1
3e-06,udp,dns,INT,2,0,114,0,333333.3215,254,0,152000000.0,0.0,0,0,0.003,0.0,0.0,0.0,0,0,0,0,0.0,0.0,0.0,57,0,0,0,12,2,9,9,6,12,0,0,0,9,12,0,Generic,1
1e-06,udp,dns,INT,2,0,114,0,1000000.003,254,0,456000000.0,0.0,0,0,0.001,0.0,0.0,0.0,0,0,0,0,0.0,0.0,0.0,57,0,0,0,12,2,9,9,3,12,0,0,0,9,12,0,Generic,1
3e-06,udp,dns,INT,2,0,114,0,333333.3215,254,0,152000000.0,0.0,0,0,0.003,0.0,0.0,0.0,0,0,0,0,0.0,0.0,0.0,57,0,0,0,22,2,18,17,17,22,0,0,0,17,22,0,Generic,1
9e-06,udp,dns,INT,2,0,114,0,111111.1072,254,0,50666664.0,0.0,0,0,0.009,0.0,0.0,0.0,0,0,0,0,0.0,0.0,0.0,57,0,0,0,26,2,10,10,5,26,0,0,0,10,26,0,Generic,1
2e-06,ttp,-,INT,2,0,200,0,500000.0013,254,0,400000000.0,0.0,0,0,0.002,0.0,0.0,0.0,0,0,0,0,0.0,0.0,0.0,100,0,0,0,7,2,4,4,4,7,0,0,0,6,7,0,Generic,1
4e-06,udp,dns,INT,2,0,114,0,250000.0006,254,0,114000000.0,0.0,0,0,0.004,0.0,0.0,0.0,0,0,0,0,0.0,0.0,0.0,57,0,0,0,33,2,33,33,17,33,0,0,0,33,33,0,Generic,1
9e-06,udp,dns,INT,2,0,114,0,111111.1072,254,0,50666664.0,0.0,0,0,0.009,0.0,0.0,0.0,0,0,0,0,0.0,0.0,0.0,57,0,0,0,24,2,16,14,14,25,0,0,0,14,24,0,Generic,1
5e-06,udp,dns,INT,2,0,114,0,200000.0051,254,0,91200000.0,0.0,0,0,0.005,0.0,0.0,0.0,0,0,0,0,0.0,0.0,0.0,57,0,0,0,9,2,8,8,8,9,0,0,0,8,9,0,Generic,1
8e-06,udp,dns,INT,2,0,114,0,125000.0003,254,0,57000000.0,0.0,0,0,0.008,0.0,0.0,0.0,0,0,0,0,0.0,0.0,0.0,57,0,0,0,17,2,16,16,16,17,0,0,0,16,17,0,Generic,1
1e-06,udp,dns,INT,2,0,114,0,1000000.003,254,0,456000000.0,0.0,0,0,0.001,0.0,0.0,0.0,0,0,0,0,0.0,0.0,0.0,57,0,0,0,30,2,16,16,16,30,0,0,0,16,30,0,Generic,1
9e-06,udp,dns,INT,2,0,114,0,111111.1072,254,0,50666664.0,0.0,0,0,0.009,0.0,0.0,0.0,0,0,0,0,0.0,0.0,0.0,57,0,0,0,47,2,28,28,13,39,0,0,0,37,39,0,Generic,1
1.435868,tcp,http,FIN,30,148,1564,184892,123.270382,62,252,8424.172852,1023174.813,2,72,49.47855,9.663238,3296.807326,1852.64522,255,2095707166,4185257575,255,0.04882,0.015371,0.033449,52,1249,1,89088,1,1,1,1,1,1,0,0,1,2,1,0,Generic,1
5e-06,udp,dns,INT,2,0,114,0,200000.0051,254,0,91200000.0,0.0,0,0,0.005,0.0,0.0,0.0,0,0,0,0,0.0,0.0,0.0,57,0,0,0,22,2,6,6,3,22,0,0,0,6,22,0,Generic,1
7e-06,udp,dns,INT,2,0,114,0,142857.1409,254,0,65142856.0,0.0,0,0,0.007,0.0,0.0,0.0,0,0,0,0,0.0,0.0,0.0,57,0,0,0,28,2,17,16,16,28,0,0,0,16,28,0,Generic,1
5e-06,udp,dns,INT,2,0,114,0,200000.0051,254,0,91200000.0,0.0,0,0,0.005,0.0,0.0,0.0,0,0,0,0,0.0,0.0,0.0,57,0,0,0,28,2,13,12,12,28,0,0,0,12,28,0,Generic,1
8e-06,udp,dns,INT,2,0,114,0,125000.0003,254,0,57000000.0,0.0,0,0,0.008,0.0,0.0,0.0,0,0,0,0,0.0,0.0,0.0,57,0,0,0,24,2,8,8,8,24,0,0,0,8,24,0,Generic,1
9e-06,udp,dns,INT,2,0,114,0,111111.1072,254,0,50666664.0,0.0,0,0,0.009,0.0,0.0,0.0,0,0,0,0,0.0,0.0,0.0,57,0,0,0,18,2,7,7,7,18,0,0,0,7,18,0,Generic,1
9e-06,udp,dns,INT,2,0,114,0,111111.1072,254,0,50666664.0,0.0,0,0,0.009,0.0,0.0,0.0,0,0,0,0,0.0,0.0,0.0,57,0,0,0,47,2,11,11,11,39,0,0,0,11,39,0,Generic,1
9e-06,udp,dns,INT,2,0,114,0,111111.1072,254,0,50666664.0,0.0,0,0,0.009,0.0,0.0,0.0,0,0,0,0,0.0,0.0,0.0,57,0,0,0,27,2,23,23,11,27,0,0,0,23,27,0,Generic,1
9e-06,udp,dns,INT,2,0,114,0,111111.1072,254,0,50666664.0,0.0,0,0,0.009,0.0,0.0,0.0,0,0,0,0,0.0,0.0,0.0,57,0,0,0,4,2,5,4,4,4,0,0,0,4,4,0,Generic,1
0.359198,tcp,http,FIN,10,8,1068,1932,47.327657,254,252,21425.50977,37661.67969,2,2,39.910889,45.622145,1998.122694,72.30368,255,3573889389,3473333989,255,0.072154,0.039092,0.033062,107,242,1,566,1,1,1,1,1,1,0,0,1,1,1,0,Generic,1
7e-06,udp,dns,INT,2,0,114,0,142857.1409,254,0,65142856.0,0.0,0,0,0.007,0.0,0.0,0.0,0,0,0,0,0.0,0.0,0.0,57,0,0,0,24,2,11,10,10,25,0,0,0,10,24,0,Generic,1
7e-06,udp,dns,INT,2,0,114,0,142857.1409,254,0,65142856.0,0.0,0,0,0.007,0.0,0.0,0.0,0,0,0,0,0.0,0.0,0.0,57,0,0,0,7,2,9,7,7,7,0,0,0,7,7,0,Generic,1
0.469329,tcp,http,FIN,10,20,1530,16770,61.790343,62,252,23471.80859,271570.6875,2,7,52.147667,20.989895,3564.104762,2364.337525,255,8614274,1360337395,255,0.100708,0.048595,0.052113,153,839,1,7600,1,1,1,1,1,1,0,0,1,1,1,0,Generic,1
9e-06,udp,dns,INT,2,0,114,0,111111.1072,254,0,50666664.0,0.0,0,0,0.009,0.0,0.0,0.0,0,0,0,0,0.0,0.0,0.0,57,0,0,0,27,2,23,23,12,27,0,0,0,23,27,0,Generic,1
9e-06,udp,dns,INT,2,0,114,0,111111.1072,254,0,50666664.0,0.0,0,0,0.009,0.0,0.0,0.0,0,0,0,0,0.0,0.0,0.0,57,0,0,0,23,2,1,1,1,23,0,0,0,1,23,0,Generic,1
9e-06,udp,dns,INT,2,0,114,0,111111.1072,254,0,50666664.0,0.0,0,0,0.009,0.0,0.0,0.0,0,0,0,0,0.0,0.0,0.0,57,0,0,0,31,2,12,12,12,31,0,0,0,12,31,0,Generic,1
0.207909,tcp,-,FIN,12,30,1202,33038,197.201658,62,252,42403.16797,1228883.75,2,13,18.900818,6.770034,1061.538932,950.785886,255,3896186142,131026768,255,0.053212,0.006962,0.04625,100,1101,1,14336,2,1,1,1,1,1,0,0,1,1,1,0,Generic,1
3e-06,udp,dns,INT,2,0,114,0,333333.3215,254,0,152000000.0,0.0,0,0,0.003,0.0,0.0,0.0,0,0,0,0,0.0,0.0,0.0,57,0,0,0,36,2,11,11,6,36,0,0,0,11,36,0,Generic,1
5e-06,udp,dns,INT,2,0,114,0,200000.0051,254,0,91200000.0,0.0,0,0,0.005,0.0,0.0,0.0,0,0,0,0,0.0,0.0,0.0,57,0,0,0,27,2,23,23,13,27,0,0,0,23,27,0,Generic,1
5e-06,udp,dns,INT,2,0,114,0,200000.0051,254,0,91200000.0,0.0,0,0,0.005,0.0,0.0,0.0,0,0,0,0,0.0,0.0,0.0,57,0,0,0,5,2,6,5,5,5,0,0,0,5,5,0,Generic,1
8e-06,aris,-,INT,2,0,200,0,125000.0003,254,0,100000000.0,0.0,0,0,0.008,0.0,0.0,0.0,0,0,0,0,0.0,0.0,0.0,100,0,0,0,4,2,2,2,2,4,0,0,0,4,4,0,Generic,1
5e-06,udp,dns,INT,2,0,114,0,200000.0051,254,0,91200000.0,0.0,0,0,0.005,0.0,0.0,0.0,0,0,0,0,0.0,0.0,0.0,57,0,0,0,32,2,18,16,16,32,0,0,0,17,32,0,Generic,1
8e-06,qnx,-,INT,2,0,200,0,125000.0003,254,0,100000000.0,0.0,0,0,0.008,0.0,0.0,0.0,0,0,0,0,0.0,0.0,0.0,100,0,0,0,7,2,3,3,3,8,0,0,0,4,7,0,Generic,1
8e-06,udp,dns,INT,2,0,114,0,125000.0003,254,0,57000000.0,0.0,0,0,0.008,0.0,0.0,0.0,0,0,0,0,0.0,0.0,0.0,57,0,0,0,31,2,9,9,4,31,0,0,0,9,31,0,Generic,1
8e-06,udp,dns,INT,2,0,114,0,125000.0003,254,0,57000000.0,0.0,0,0,0.008,0.0,0.0,0.0,0,0,0,0,0.0,0.0,0.0,57,0,0,0,36,2,25,25,12,36,0,0,0,26,36,0,Generic,1
4e-06,udp,dns,INT,2,0,114,0,250000.0006,254,0,114000000.0,0.0,0,0,0.004,0.0,0.0,0.0,0,0,0,0,0.0,0.0,0.0,57,0,0,0,31,2,9,9,5,31,0,0,0,9,31,0,Generic,1
4e-06,udp,dns,INT,2,0,114,0,250000.0006,254,0,114000000.0,0.0,0,0,0.004,0.0,0.0,0.0,0,0,0,0,0.0,0.0,0.0,57,0,0,0,36,2,25,25,13,36,0,0,0,26,36,0,Generic,1
9e-06,udp,dns,INT,2,0,114,0,111111.1072,254,0,50666664.0,0.0,0,0,0.009,0.0,0.0,0.0,0,0,0,0,0.0,0.0,0.0,57,0,0,0,10,2,10,9,9,10,0,0,0,9,10,0,Generic,1
4e-06,udp,dns,INT,2,0,114,0,250000.0006,254,0,114000000.0,0.0,0,0,0.004,0.0,0.0,0.0,0,0,0,0,0.0,0.0,0.0,57,0,0,0,24,2,18,17,17,24,0,0,0,17,24,0,Generic,1
0.28616,tcp,-,FIN,12,8,732,468,66.396423,254,252,18758.73633,11462.11914,3,2,24.876727,39.835145,1330.248955,58.146496,255,1069546006,2084214444,255,0.051193,0.007305,0.043888,61,59,0,0,3,1,1,1,1,1,0,0,0,1,1,0,Generic,1
3e-06,udp,dns,INT,2,0,114,0,333333.3215,254,0,152000000.0,0.0,0,0,0.003,0.0,0.0,0.0,0,0,0,0,0.0,0.0,0.0,57,0,0,0,28,2,11,11,11,28,0,0,0,12,28,0,Generic,1
9e-06,udp,dns,INT,2,0,114,0,111111.1072,254,0,50666664.0,0.0,0,0,0.009,0.0,0.0,0.0,0,0,0,0,0.0,0.0,0.0,57,0,0,0,27,2,12,12,3,27,0,0,0,12,27,0,Generic,1
9e-06,udp,dns,INT,2,0,114,0,111111.1072,254,0,50666664.0,0.0,0,0,0.009,0.0,0.0,0.0,0,0,0,0,0.0,0.0,0.0,57,0,0,0,31,2,22,22,13,31,0,0,0,23,31,0,Generic,1
1e-06,udp,dns,INT,2,0,114,0,1000000.003,254,0,456000000.0,0.0,0,0,0.001,0.0,0.0,0.0,0,0,0,0,0.0,0.0,0.0,57,0,0,0,27,2,12,12,9,27,0,0,0,12,27,0,Generic,1
9e-06,udp,dns,INT,2,0,114,0,111111.1072,254,0,50666664.0,0.0,0,0,0.009,0.0,0.0,0.0,0,0,0,0,0.0,0.0,0.0,57,0,0,0,22,2,6,6,6,23,0,0,0,6,22,0,Generic,1
0.227859,tcp,http,FIN,10,8,1278,1832,74.607541,62,252,40410.95313,56280.41797,2,2,25.317667,30.677857,1379.243787,54.40507,255,3030737337,3855286249,255,0.051755,0.006885,0.04487,128,229,1,428,1,1,1,1,1,1,0,0,1,1,1,0,Generic,1
0.451871,tcp,http,FIN,22,94,1770,115654,254.497408,62,252,29920.04297,2025781.625,2,45,21.517666,4.661043,1069.336874,602.786644,255,3122115621,4105958427,255,0.032649,0.017823,0.014826,80,1230,1,55622,2,1,1,1,1,1,0,0,1,1,1,0,Generic,1
3e-06,udp,dns,INT,2,0,114,0,333333.3215,254,0,152000000.0,0.0,0,0,0.003,0.0,0.0,0.0,0,0,0,0,0.0,0.0,0.0,57,0,0,0,32,2,17,17,17,32,0,0,0,19,32,0,Generic,1
1e-06,udp,dns,INT,2,0,114,0,1000000.003,254,0,456000000.0,0.0,0,0,0.001,0.0,0.0,0.0,0,0,0,0,0.0,0.0,0.0,57,0,0,0,31,2,22,22,9,31,0,0,0,23,31,0,Generic,1
1.158718,tcp,smtp,FIN,108,34,122484,2308,121.686209,254,252,837822.5,15472.27246,51,8,10.821177,33.996816,1164.501354,45.641039,255,4002456254,852244635,255,0.056078,0.036821,0.019257,1134,68,0,0,2,1,1,1,1,2,0,0,0,1,1,0,Generic,1
9e-06,udp,dns,INT,2,0,114,0,111111.1072,254,0,50666664.0,0.0,0,0,0.009,0.0,0.0,0.0,0,0,0,0,0.0,0.0,0.0,57,0,0,0,27,2,16,15,15,27,0,0,0,15,27,0,Generic,1
1e-06,udp,dns,INT,2,0,114,0,1000000.003,254,0,456000000.0,0.0,0,0,0.001,0.0,0.0,0.0,0,0,0,0,0.0,0.0,0.0,57,0,0,0,1,2,1,1,1,1,0,0,0,1,1,0,Generic,1
8e-06,udp,dns,INT,2,0,114,0,125000.0003,254,0,57000000.0,0.0,0,0,0.008,0.0,0.0,0.0,0,0,0,0,0.0,0.0,0.0,57,0,0,0,42,2,5,5,5,42,0,0,0,5,42,0,Generic,1
9e-06,udp,dns,INT,2,0,114,0,111111.1072,254,0,50666664.0,0.0,0,0,0.009,0.0,0.0,0.0,0,0,0,0,0.0,0.0,0.0,57,0,0,0,31,2,3,3,3,31,0,0,0,4,31,0,Generic,1
0.668472,tcp,http,FIN,10,8,536,968,25.431133,254,252,5780.34668,10136.55078,2,2,74.274667,83.598711,3750.741751,146.415844,255,1079286079,2171228593,255,0.171455,0.082665,0.08879,54,121,1,48,2,1,2,1,1,2,0,0,1,1,2,0,Generic,1
5e-06,udp,dns,INT,2,0,114,0,200000.0051,254,0,91200000.0,0.0,0,0,0.005,0.0,0.0,0.0,0,0,0,0,0.0,0.0,0.0,57,0,0,0,31,2,28,28,15,31,0,0,0,28,31,0,Generic,1
8e-06,udp,dns,INT,2,0,114,0,125000.0003,254,0,57000000.0,0.0,0,0,0.008,0.0,0.0,0.0,0,0,0,0,0.0,0.0,0.0,57,0,0,0,23,2,1,1,1,23,0,0,0,1,23,0,Generic,1
8e-06,udp,dns,INT,2,0,114,0,125000.0003,254,0,57000000.0,0.0,0,0,0.008,0.0,0.0,0.0,0,0,0,0,0.0,0.0,0.0,57,0,0,0,32,2,15,15,15,32,0,0,0,17,32,0,Generic,1
4e-06,udp,dns,INT,2,0,114,0,250000.0006,254,0,114000000.0,0.0,0,0,0.004,0.0,0.0,0.0,0,0,0,0,0.0,0.0,0.0,57,0,0,0,18,2,2,2,2,18,0,0,0,2,18,0,Generic,1
0.222485,tcp,-,FIN,10,10,1188,5174,85.399013,62,252,38474.50391,167453.9844,2,3,24.720556,23.911556,1173.914987,1683.720625,255,3912312618,377237518,255,0.050775,0.006596,0.044179,119,517,1,1738,2,1,1,1,1,1,0,0,1,1,1,0,Generic,1
5e-06,udp,dns,INT,2,0,114,0,200000.0051,254,0,91200000.0,0.0,0,0,0.005,0.0,0.0,0.0,0,0,0,0,0.0,0.0,0.0,57,0,0,0,28,2,18,17,17,28,0,0,0,17,28,0,Generic,1
1e-05,udp,dns,INT,2,0,114,0,100000.0025,254,0,45600000.0,0.0,0,0,0.01,0.0,0.0,0.0,0,0,0,0,0.0,0.0,0.0,57,0,0,0,21,2,21,21,10,21,0,0,0,21,21,0,Generic,1
4e-06,udp,dns,INT,2,0,114,0,250000.0006,254,0,114000000.0,0.0,0,0,0.004,0.0,0.0,0.0,0,0,0,0,0.0,0.0,0.0,57,0,0,0,16,2,16,16,8,16,0,0,0,16,16,0,Generic,1
4e-06,udp,dns,INT,2,0,114,0,250000.0006,254,0,114000000.0,0.0,0,0,0.004,0.0,0.0,0.0,0,0,0,0,0.0,0.0,0.0,57,0,0,0,26,2,17,17,17,26,0,0,0,17,26,0,Generic,1
2e-06,udp,dns,INT,2,0,114,0,500000.0013,254,0,228000000.0,0.0,0,0,0.002,0.0,0.0,0.0,0,0,0,0,0.0,0.0,0.0,57,0,0,0,19,2,5,5,2,19,0,0,0,5,19,0,Generic,1
1e-05,ospf,-,REQ,2,0,544,0,100000.0025,254,0,217600000.0,0.0,0,0,1118.1925,0.0,1118.1825,0.0,0,0,0,0,0.0,0.0,0.0,272,0,0,0,1,6,1,1,1,1,0,0,0,1,1,0,Generic,1
1e-05,udp,dns,INT,2,0,114,0,100000.0025,254,0,45600000.0,0.0,0,0,0.01,0.0,0.0,0.0,0,0,0,0,0.0,0.0,0.0,57,0,0,0,21,2,5,5,5,21,0,0,0,5,21,0,Generic,1
1.9e-05,fire,-,INT,2,0,200,0,52631.58129,254,0,42105264.0,0.0,0,0,0.019,0.0,0.0,0.0,0,0,0,0,0.0,0.0,0.0,100,0,0,0,6,2,2,2,2,6,0,0,0,3,6,0,Generic,1
2e-06,iplt,-,INT,2,0,200,0,500000.0013,254,0,400000000.0,0.0,0,0,0.002,0.0,0.0,0.0,0,0,0,0,0.0,0.0,0.0,100,0,0,0,4,2,4,4,4,4,0,0,0,5,4,0,Generic,1
8e-06,sccopmce,-,INT,2,0,200,0,125000.0003,254,0,100000000.0,0.0,0,0,0.008,0.0,0.0,0.0,0,0,0,0,0.0,0.0,0.0,100,0,0,0,4,2,4,4,4,4,0,0,0,5,4,0,Generic,1
9e-06,udp,dns,INT,2,0,114,0,111111.1072,254,0,50666664.0,0.0,0,0,0.009,0.0,0.0,0.0,0,0,0,0,0.0,0.0,0.0,57,0,0,0,31,2,19,19,10,31,0,0,0,19,31,0,Generic,1
9e-06,udp,dns,INT,2,0,114,0,111111.1072,254,0,50666664.0,0.0,0,0,0.009,0.0,0.0,0.0,0,0,0,0,0.0,0.0,0.0,57,0,0,0,34,2,15,15,9,34,0,0,0,15,34,0,Generic,1
9e-06,udp,dns,INT,2,0,114,0,111111.1072,254,0,50666664.0,0.0,0,0,0.009,0.0,0.0,0.0,0,0,0,0,0.0,0.0,0.0,57,0,0,0,34,2,19,19,6,34,0,0,0,19,34,0,Generic,1
9e-06,udp,dns,INT,2,0,114,0,111111.1072,254,0,50666664.0,0.0,0,0,0.009,0.0,0.0,0.0,0,0,0,0,0.0,0.0,0.0,57,0,0,0,46,2,15,15,10,46,0,0,0,15,46,0,Generic,1
4e-06,sps,-,INT,2,0,200,0,250000.0006,254,0,200000000.0,0.0,0,0,0.004,0.0,0.0,0.0,0,0,0,0,0.0,0.0,0.0,100,0,0,0,4,2,4,4,4,4,0,0,0,5,4,0,Generic,1
4e-06,udp,dns,INT,2,0,114,0,250000.0006,254,0,114000000.0,0.0,0,0,0.004,0.0,0.0,0.0,0,0,0,0,0.0,0.0,0.0,57,0,0,0,40,2,34,34,18,40,0,0,0,34,40,0,Generic,1
9e-06,udp,dns,INT,2,0,114,0,111111.1072,254,0,50666664.0,0.0,0,0,0.009,0.0,0.0,0.0,0,0,0,0,0.0,0.0,0.0,57,0,0,0,34,2,19,19,13,34,0,0,0,19,34,0,Generic,1
3e-06,udp,dns,INT,2,0,114,0,333333.3215,254,0,152000000.0,0.0,0,0,0.003,0.0,0.0,0.0,0,0,0,0,0.0,0.0,0.0,57,0,0,0,19,2,5,5,3,19,0,0,0,5,19,0,Generic,1
3.00268,tcp,smtp,FIN,22,20,4850,1166,13.654468,62,252,12335.64648,2952.029541,8,8,142.984757,150.112266,7453.361951,176.940625,255,2280145407,835423864,255,0.185587,0.114622,0.070965,220,58,0,0,1,1,1,1,1,1,0,0,0,1,1,0,Generic,1
1.362765,tcp,http,FIN,16,42,2434,43354,41.826729,62,252,13396.29395,248447.8281,3,18,90.851003,32.008317,5276.372632,3149.902956,255,2925871516,3886230721,255,0.110082,0.049756,0.060326,152,1032,1,380,1,1,1,1,1,1,0,0,1,1,1,0,Generic,1
1e-05,udp,dns,INT,2,0,114,0,100000.0025,254,0,45600000.0,0.0,0,0,0.01,0.0,0.0,0.0,0,0,0,0,0.0,0.0,0.0,57,0,0,0,16,2,17,16,16,16,0,0,0,16,16,0,Generic,1
8e-06,udp,dns,INT,2,0,114,0,125000.0003,254,0,57000000.0,0.0,0,0,0.008,0.0,0.0,0.0,0,0,0,0,0.0,0.0,0.0,57,0,0,0,18,2,17,17,17,18,0,0,0,18,18,0,Generic,1
8e-06,udp,dns,INT,2,0,114,0,125000.0003,254,0,57000000.0,0.0,0,0,0.008,0.0,0.0,0.0,0,0,0,0,0.0,0.0,0.0,57,0,0,0,32,2,7,7,7,32,0,0,0,8,32,0,Generic,1
5e-06,udp,dns,INT,2,0,114,0,200000.0051,254,0,91200000.0,0.0,0,0,0.005,0.0,0.0,0.0,0,0,0,0,0.0,0.0,0.0,57,0,0,0,24,2,24,24,13,24,0,0,0,24,24,0,Generic,1
7e-06,udp,dns,INT,2,0,114,0,142857.1409,254,0,65142856.0,0.0,0,0,0.007,0.0,0.0,0.0,0,0,0,0,0.0,0.0,0.0,57,0,0,0,13,2,13,13,5,13,0,0,0,13,13,0,Generic,1
9e-06,udp,dns,INT,2,0,114,0,111111.1072,254,0,50666664.0,0.0,0,0,0.009,0.0,0.0,0.0,0,0,0,0,0.0,0.0,0.0,57,0,0,0,46,2,15,15,5,46,0,0,0,15,46,0,Generic,1
3e-06,udp,dns,INT,2,0,114,0,333333.3215,254,0,152000000.0,0.0,0,0,0.003,0.0,0.0,0.0,0,0,0,0,0.0,0.0,0.0,57,0,0,0,23,2,2,2,2,23,0,0,0,2,23,0,Generic,1
3e-06,udp,dns,INT,2,0,114,0,333333.3215,254,0,152000000.0,0.0,0,0,0.003,0.0,0.0,0.0,0,0,0,0,0.0,0.0,0.0,57,0,0,0,30,2,14,14,14,30,0,0,0,14,30,0,Generic,1
5e-06,udp,dns,INT,2,0,114,0,200000.0051,254,0,91200000.0,0.0,0,0,0.005,0.0,0.0,0.0,0,0,0,0,0.0,0.0,0.0,57,0,0,0,30,2,14,13,13,30,0,0,0,13,30,0,Generic,1
9e-06,udp,dns,INT,2,0,114,0,111111.1072,254,0,50666664.0,0.0,0,0,0.009,0.0,0.0,0.0,0,0,0,0,0.0,0.0,0.0,57,0,0,0,28,2,1,1,1,28,0,0,0,1,28,0,Generic,1
4e-06,udp,dns,INT,2,0,114,0,250000.0006,254,0,114000000.0,0.0,0,0,0.004,0.0,0.0,0.0,0,0,0,0,0.0,0.0,0.0,57,0,0,0,37,2,7,7,3,37,0,0,0,7,37,0,Generic,1
0.63205,tcp,-,FIN,12,10,1116,546,33.225221,254,252,12948.34277,6227.355469,3,3,52.748453,67.203336,2614.840146,76.29057,255,136058626,389652544,255,0.122975,0.027211,0.095764,93,55,0,0,5,1,1,1,1,1,0,0,0,1,1,0,Generic,1
0.330337,tcp,http,FIN,10,8,1116,1130,51.462599,62,252,24338.78125,23951.29883,2,2,36.704111,35.142285,1929.182258,58.49607,255,1353855445,3326077905,255,0.086554,0.062668,0.023886,112,141,1,32,2,1,1,2,1,1,0,0,1,2,1,0,Generic,1
7e-06,udp,dns,INT,2,0,114,0,142857.1409,254,0,65142856.0,0.0,0,0,0.007,0.0,0.0,0.0,0,0,0,0,0.0,0.0,0.0,57,0,0,0,2,2,2,2,2,3,0,0,0,2,2,0,Generic,1
7e-06,udp,dns,INT,2,0,114,0,142857.1409,254,0,65142856.0,0.0,0,0,0.007,0.0,0.0,0.0,0,0,0,0,0.0,0.0,0.0,57,0,0,0,15,2,15,15,15,15,0,0,0,16,15,0,Generic,1
8e-06,udp,dns,INT,2,0,114,0,125000.0003,254,0,57000000.0,0.0,0,0,0.008,0.0,0.0,0.0,0,0,0,0,0.0,0.0,0.0,57,0,0,0,18,2,20,17,17,18,0,0,0,17,18,0,Generic,1
2e-06,udp,dns,INT,2,0,114,0,500000.0013,254,0,228000000.0,0.0,0,0,0.002,0.0,0.0,0.0,0,0,0,0,0.0,0.0,0.0,57,0,0,0,7,2,7,7,7,7,0,0,0,7,7,0,Generic,1
8e-06,udp,dns,INT,2,0,114,0,125000.0003,254,0,57000000.0,0.0,0,0,0.008,0.0,0.0,0.0,0,0,0,0,0.0,0.0,0.0,57,0,0,0,23,2,17,17,17,23,0,0,0,17,23,0,Generic,1
6e-06,udp,dns,INT,2,0,114,0,166666.6608,254,0,76000000.0,0.0,0,0,0.006,0.0,0.0,0.0,0,0,0,0,0.0,0.0,0.0,57,0,0,0,20,2,3,3,3,20,0,0,0,3,20,0,Generic,1
9e-06,udp,dns,INT,2,0,114,0,111111.1072,254,0,50666664.0,0.0,0,0,0.009,0.0,0.0,0.0,0,0,0,0,0.0,0.0,0.0,57,0,0,0,30,2,4,4,1,30,0,0,0,4,30,0,Generic,1
9e-06,udp,dns,INT,2,0,114,0,111111.1072,254,0,50666664.0,0.0,0,0,0.009,0.0,0.0,0.0,0,0,0,0,0.0,0.0,0.0,57,0,0,0,23,2,23,23,11,23,0,0,0,25,23,0,Generic,1
1e-05,udp,dns,INT,2,0,114,0,100000.0025,254,0,45600000.0,0.0,0,0,0.01,0.0,0.0,0.0,0,0,0,0,0.0,0.0,0.0,57,0,0,0,40,2,31,31,15,40,0,0,0,31,40,0,Generic,1
7e-06,udp,dns,INT,2,0,114,0,142857.1409,254,0,65142856.0,0.0,0,0,0.007,0.0,0.0,0.0,0,0,0,0,0.0,0.0,0.0,57,0,0,0,5,2,5,5,5,5,0,0,0,5,5,0,Generic,1
5e-06,udp,dns,INT,2,0,114,0,200000.0051,254,0,91200000.0,0.0,0,0,0.005,0.0,0.0,0.0,0,0,0,0,0.0,0.0,0.0,57,0,0,0,40,2,9,9,5,40,0,0,0,9,40,0,Generic,1
8e-06,udp,dns,INT,2,0,114,0,125000.0003,254,0,57000000.0,0.0,0,0,0.008,0.0,0.0,0.0,0,0,0,0,0.0,0.0,0.0,57,0,0,0,16,2,7,7,5,16,0,0,0,8,16,0,Generic,1
8e-06,udp,dns,INT,2,0,114,0,125000.0003,254,0,57000000.0,0.0,0,0,0.008,0.0,0.0,0.0,0,0,0,0,0.0,0.0,0.0,57,0,0,0,18,2,8,8,8,18,0,0,0,8,18,0,Generic,1
9e-06,udp,dns,INT,2,0,114,0,111111.1072,254,0,50666664.0,0.0,0,0,0.009,0.0,0.0,0.0,0,0,0,0,0.0,0.0,0.0,57,0,0,0,16,2,8,8,5,16,0,0,0,8,16,0,Generic,1
9e-06,udp,dns,INT,2,0,114,0,111111.1072,254,0,50666664.0,0.0,0,0,0.009,0.0,0.0,0.0,0,0,0,0,0.0,0.0,0.0,57,0,0,0,30,2,26,26,13,30,0,0,0,27,30,0,Generic,1
9e-06,udp,dns,INT,2,0,114,0,111111.1072,254,0,50666664.0,0.0,0,0,0.009,0.0,0.0,0.0,0,0,0,0,0.0,0.0,0.0,57,0,0,0,17,2,19,17,17,18,0,0,0,18,17,0,Generic,1
0.213658,tcp,-,FIN,38,10,42108,440,219.977716,254,252,1535163.625,14827.43457,16,1,5.508919,22.840666,541.272282,40.452086,255,1672023486,3420087586,255,0.053125,0.008083,0.045042,1108,44,0,0,1,1,1,1,1,1,0,0,0,1,1,0,Generic,1
9e-06,udp,dns,INT,2,0,114,0,111111.1072,254,0,50666664.0,0.0,0,0,0.009,0.0,0.0,0.0,0,0,0,0,0.0,0.0,0.0,57,0,0,0,28,2,18,17,17,28,0,0,0,17,28,0,Generic,1
9e-06,udp,dns,INT,2,0,114,0,111111.1072,254,0,50666664.0,0.0,0,0,0.009,0.0,0.0,0.0,0,0,0,0,0.0,0.0,0.0,57,0,0,0,11,2,11,11,5,11,0,0,0,11,11,0,Generic,1
9e-06,udp,dns,INT,2,0,114,0,111111.1072,254,0,50666664.0,0.0,0,0,0.009,0.0,0.0,0.0,0,0,0,0,0.0,0.0,0.0,57,0,0,0,27,2,27,27,11,27,0,0,0,27,27,0,Generic,1
9e-06,udp,dns,INT,2,0,114,0,111111.1072,254,0,50666664.0,0.0,0,0,0.009,0.0,0.0,0.0,0,0,0,0,0.0,0.0,0.0,57,0,0,0,32,2,7,7,5,32,0,0,0,7,32,0,Generic,1
9e-06,udp,dns,INT,2,0,114,0,111111.1072,254,0,50666664.0,0.0,0,0,0.009,0.0,0.0,0.0,0,0,0,0,0.0,0.0,0.0,57,0,0,0,17,2,17,17,17,17,0,0,0,19,17,0,Generic,1
9e-06,udp,dns,INT,2,0,114,0,111111.1072,254,0,50666664.0,0.0,0,0,0.009,0.0,0.0,0.0,0,0,0,0,0.0,0.0,0.0,57,0,0,0,27,2,27,27,16,27,0,0,0,27,27,0,Generic,1
0.610889,tcp,http,FIN,12,28,790,29550,63.841383,62,252,9494.359375,373161.0625,2,11,55.494181,21.091407,3921.745301,2291.160413,255,1894719888,1318666538,255,0.093948,0.041412,0.052536,66,1055,1,13824,2,1,1,1,1,1,0,0,1,2,1,0,Generic,1
8e-06,udp,dns,INT,2,0,114,0,125000.0003,254,0,57000000.0,0.0,0,0,0.008,0.0,0.0,0.0,0,0,0,0,0.0,0.0,0.0,57,0,0,0,26,2,26,26,10,26,0,0,0,26,26,0,Generic,1
4e-06,udp,dns,INT,2,0,114,0,250000.0006,254,0,114000000.0,0.0,0,0,0.004,0.0,0.0,0.0,0,0,0,0,0.0,0.0,0.0,57,0,0,0,27,2,16,16,16,27,0,0,0,16,27,0,Generic,1
0.282355,tcp,http,FIN,10,8,1222,1226,60.207892,254,252,31166.4375,30401.44336,2,2,31.372778,37.816855,1597.685775,52.338703,255,281220636,3394830186,255,0.064854,0.016879,0.047975,122,153,1,176,3,1,1,1,1,2,0,0,1,1,2,0,Generic,1
1e-05,sctp,-,INT,2,0,152,0,100000.0025,254,0,60800000.0,0.0,0,0,0.01,0.0,0.0,0.0,0,0,0,0,0.0,0.0,0.0,76,0,0,0,1,2,2,1,1,1,0,0,0,1,1,0,Generic,1
0.576867,tcp,http,FIN,16,56,1498,64799,123.078633,62,252,19484.56055,882588.1875,2,25,38.457799,10.154582,2713.502159,1519.373945,255,770481755,1994974864,255,0.064009,0.017702,0.046307,94,1157,1,30881,2,1,1,2,1,1,0,0,1,2,1,0,Generic,1
7e-06,udp,dns,INT,2,0,114,0,142857.1409,254,0,65142856.0,0.0,0,0,0.007,0.0,0.0,0.0,0,0,0,0,0.0,0.0,0.0,57,0,0,0,28,2,2,2,2,28,0,0,0,2,28,0,Generic,1
8e-06,udp,dns,INT,2,0,114,0,125000.0003,254,0,57000000.0,0.0,0,0,0.008,0.0,0.0,0.0,0,0,0,0,0.0,0.0,0.0,57,0,0,0,42,2,8,8,6,42,0,0,0,8,42,0,Generic,1
9e-06,udp,dns,INT,2,0,114,0,111111.1072,254,0,50666664.0,0.0,0,0,0.009,0.0,0.0,0.0,0,0,0,0,0.0,0.0,0.0,57,0,0,0,25,2,13,12,12,25,0,0,0,12,25,0,Generic,1
9e-06,udp,dns,INT,2,0,114,0,111111.1072,254,0,50666664.0,0.0,0,0,0.009,0.0,0.0,0.0,0,0,0,0,0.0,0.0,0.0,57,0,0,0,26,2,26,26,16,26,0,0,0,26,26,0,Generic,1
0.188227,tcp,-,FIN,10,10,960,4016,100.941949,62,252,36721.61719,153644.2656,2,3,20.914111,19.325556,1079.111568,1640.724059,255,4154410841,850449094,255,0.05827,0.007795,0.050475,96,402,1,740,1,1,1,1,1,1,0,0,1,1,1,0,Generic,1
9e-06,udp,dns,INT,2,0,114,0,111111.1072,254,0,50666664.0,0.0,0,0,0.009,0.0,0.0,0.0,0,0,0,0,0.0,0.0,0.0,57,0,0,0,25,2,14,13,13,25,0,0,0,13,25,0,Generic,1
9e-06,udp,dns,INT,2,0,114,0,111111.1072,254,0,50666664.0,0.0,0,0,0.009,0.0,0.0,0.0,0,0,0,0,0.0,0.0,0.0,57,0,0,0,42,2,8,8,2,42,0,0,0,8,42,0,Generic,1
1e-05,udp,dns,INT,2,0,114,0,100000.0025,254,0,45600000.0,0.0,0,0,0.01,0.0,0.0,0.0,0,0,0,0,0.0,0.0,0.0,57,0,0,0,22,2,8,8,8,22,0,0,0,8,22,0,Generic,1
8e-06,udp,dns,INT,2,0,114,0,125000.0003,254,0,57000000.0,0.0,0,0,0.008,0.0,0.0,0.0,0,0,0,0,0.0,0.0,0.0,57,0,0,0,27,2,11,11,11,27,0,0,0,13,27,0,Generic,1
3e-06,udp,dns,INT,2,0,114,0,333333.3215,254,0,152000000.0,0.0,0,0,0.003,0.0,0.0,0.0,0,0,0,0,0.0,0.0,0.0,57,0,0,0,28,2,16,16,16,28,0,0,0,18,28,0,Generic,1
2.728954,tcp,http,FIN,62,352,3506,481985,151.340033,254,252,10113.76465,1408938.375,2,174,44.736952,7.732798,2129.038517,883.745996,255,3722053213,1010842193,255,0.041051,0.013613,0.027438,57,1369,1,233551,2,1,1,1,1,1,0,0,1,1,1,0,Generic,1
7e-06,udp,dns,INT,2,0,114,0,142857.1409,254,0,65142856.0,0.0,0,0,0.007,0.0,0.0,0.0,0,0,0,0,0.0,0.0,0.0,57,0,0,0,20,2,4,4,4,20,0,0,0,4,20,0,Generic,1
9e-06,udp,dns,INT,2,0,114,0,111111.1072,254,0,50666664.0,0.0,0,0,0.009,0.0,0.0,0.0,0,0,0,0,0.0,0.0,0.0,57,0,0,0,16,2,9,8,8,16,0,0,0,8,16,0,Generic,1
5e-06,udp,dns,INT,2,0,114,0,200000.0051,254,0,91200000.0,0.0,0,0,0.005,0.0,0.0,0.0,0,0,0,0,0.0,0.0,0.0,57,0,0,0,7,2,7,7,7,7,0,0,0,8,7,0,Generic,1
0.870066,tcp,smtp,FIN,24,14,17480,842,42.52551,254,252,154029.7031,7190.259277,9,4,36.541001,62.738461,2894.996012,107.572695,255,774785636,140639054,255,0.101404,0.054451,0.046953,728,60,0,0,1,1,1,1,1,1,0,0,0,1,1,0,Generic,1
9e-06,udp,dns,INT,2,0,114,0,111111.1072,254,0,50666664.0,0.0,0,0,0.009,0.0,0.0,0.0,0,0,0,0,0.0,0.0,0.0,57,0,0,0,26,2,11,10,10,27,0,0,0,10,26,0,Generic,1
7e-06,udp,dns,INT,2,0,114,0,142857.1409,254,0,65142856.0,0.0,0,0,0.007,0.0,0.0,0.0,0,0,0,0,0.0,0.0,0.0,57,0,0,0,32,2,14,14,14,32,0,0,0,14,32,0,Generic,1
3e-06,udp,dns,INT,2,0,114,0,333333.3215,254,0,152000000.0,0.0,0,0,0.003,0.0,0.0,0.0,0,0,0,0,0.0,0.0,0.0,57,0,0,0,13,2,4,4,4,13,0,0,0,5,13,0,Generic,1
4e-06,udp,dns,INT,2,0,114,0,250000.0006,254,0,114000000.0,0.0,0,0,0.004,0.0,0.0,0.0,0,0,0,0,0.0,0.0,0.0,57,0,0,0,40,2,17,16,16,41,0,0,0,17,40,0,Generic,1
8e-06,udp,dns,INT,2,0,114,0,125000.0003,254,0,57000000.0,0.0,0,0,0.008,0.0,0.0,0.0,0,0,0,0,0.0,0.0,0.0,57,0,0,0,28,2,12,12,12,28,0,0,0,13,28,0,Generic,1
0.683363,tcp,-,FIN,20,8,16864,436,39.510479,254,252,187554.7813,4472.000977,7,2,35.966473,76.645,2599.454825,126.290906,255,1708891534,3596721244,255,0.252628,0.145963,0.106665,843,55,0,0,1,1,1,1,1,1,0,0,0,1,1,0,Generic,1
8e-06,unas,-,INT,2,0,200,0,125000.0003,254,0,100000000.0,0.0,0,0,0.008,0.0,0.0,0.0,0,0,0,0,0.0,0.0,0.0,100,0,0,0,4,2,2,2,2,4,0,0,0,3,4,0,Generic,1
8e-06,udp,dns,INT,2,0,114,0,125000.0003,254,0,57000000.0,0.0,0,0,0.008,0.0,0.0,0.0,0,0,0,0,0.0,0.0,0.0,57,0,0,0,30,2,2,2,2,30,0,0,0,2,30,0,Generic,1
9e-06,udp,dns,INT,2,0,114,0,111111.1072,254,0,50666664.0,0.0,0,0,0.009,0.0,0.0,0.0,0,0,0,0,0.0,0.0,0.0,57,0,0,0,33,2,10,10,4,33,0,0,0,10,33,0,Generic,1
3e-06,udp,dns,INT,2,0,114,0,333333.3215,254,0,152000000.0,0.0,0,0,0.003,0.0,0.0,0.0,0,0,0,0,0.0,0.0,0.0,57,0,0,0,15,2,1,1,1,15,0,0,0,1,15,0,Generic,1
9e-06,udp,dns,INT,2,0,114,0,111111.1072,254,0,50666664.0,0.0,0,0,0.009,0.0,0.0,0.0,0,0,0,0,0.0,0.0,0.0,57,0,0,0,33,2,23,23,11,33,0,0,0,23,33,0,Generic,1
5e-06,udp,dns,INT,2,0,114,0,200000.0051,254,0,91200000.0,0.0,0,0,0.005,0.0,0.0,0.0,0,0,0,0,0.0,0.0,0.0,57,0,0,0,15,2,15,15,15,15,0,0,0,15,15,0,Generic,1
8e-06,udp,dns,INT,2,0,114,0,125000.0003,254,0,57000000.0,0.0,0,0,0.008,0.0,0.0,0.0,0,0,0,0,0.0,0.0,0.0,57,0,0,0,34,2,12,12,6,34,0,0,0,12,34,0,Generic,1
3e-06,unas,-,INT,2,0,200,0,333333.3215,254,0,266666656.0,0.0,0,0,0.003,0.0,0.0,0.0,0,0,0,0,0.0,0.0,0.0,100,0,0,0,5,2,2,2,2,5,0,0,0,2,5,0,Generic,1
6e-06,udp,dns,INT,2,0,114,0,166666.6608,254,0,76000000.0,0.0,0,0,0.006,0.0,0.0,0.0,0,0,0,0,0.0,0.0,0.0,57,0,0,0,29,2,14,14,14,29,0,0,0,14,29,0,Generic,1
1.072164,tcp,http,FIN,26,116,1922,142957,131.509725,62,252,13796.39648,1057487.375,2,55,44.673499,9.336702,2592.143783,1285.690381,255,2611392147,509132185,255,0.068702,0.007181,0.061521,74,1232,1,68766,2,1,1,1,1,1,0,0,1,1,1,0,Generic,1
1e-05,udp,dns,INT,2,0,114,0,100000.0025,254,0,45600000.0,0.0,0,0,0.01,0.0,0.0,0.0,0,0,0,0,0.0,0.0,0.0,57,0,0,0,24,2,5,5,5,28,0,0,0,5,24,0,Generic,1
2.094323,tcp,smtp,FIN,32,24,19768,1840,26.261471,254,252,73153.95313,6738.21582,13,8,67.558804,88.702523,4453.338382,123.49675,255,2317205566,1321100285,255,0.106266,0.053392,0.052874,618,77,0,0,1,1,1,1,1,1,0,0,0,1,1,0,Generic,1
9e-06,udp,dns,INT,2,0,114,0,111111.1072,254,0,50666664.0,0.0,0,0,0.009,0.0,0.0,0.0,0,0,0,0,0.0,0.0,0.0,57,0,0,0,42,2,34,34,16,42,0,0,0,34,42,0,Generic,1
7e-06,udp,dns,INT,2,0,114,0,142857.1409,254,0,65142856.0,0.0,0,0,0.007,0.0,0.0,0.0,0,0,0,0,0.0,0.0,0.0,57,0,0,0,42,2,34,34,18,42,0,0,0,34,42,0,Generic,1
3e-06,udp,dns,INT,2,0,114,0,333333.3215,254,0,152000000.0,0.0,0,0,0.003,0.0,0.0,0.0,0,0,0,0,0.0,0.0,0.0,57,0,0,0,23,2,12,12,12,23,0,0,0,12,23,0,Generic,1
0.823858,tcp,smtp,FIN,20,20,3676,1418,47.338254,254,252,33918.46484,13089.63379,7,8,43.360949,40.306895,2013.493764,47.465285,255,3257518997,77755952,255,0.064427,0.026581,0.037846,184,71,0,0,1,1,1,1,1,2,0,0,0,1,1,0,Generic,1
3e-06,udp,dns,INT,2,0,114,0,333333.3215,254,0,152000000.0,0.0,0,0,0.003,0.0,0.0,0.0,0,0,0,0,0.0,0.0,0.0,57,0,0,0,6,2,6,6,6,6,0,0,0,6,6,0,Generic,1
4e-06,udp,dns,INT,2,0,114,0,250000.0006,254,0,114000000.0,0.0,0,0,0.004,0.0,0.0,0.0,0,0,0,0,0.0,0.0,0.0,57,0,0,0,20,2,3,3,3,21,0,0,0,3,20,0,Generic,1
7e-06,unas,-,INT,2,0,200,0,142857.1409,254,0,114285712.0,0.0,0,0,0.007,0.0,0.0,0.0,0,0,0,0,0.0,0.0,0.0,100,0,0,0,3,2,1,1,1,3,0,0,0,2,3,0,Generic,1
5e-06,udp,dns,INT,2,0,114,0,200000.0051,254,0,91200000.0,0.0,0,0,0.005,0.0,0.0,0.0,0,0,0,0,0.0,0.0,0.0,57,0,0,0,20,2,16,16,6,21,0,0,0,16,20,0,Generic,1
2.715056,tcp,smtp,FIN,38,24,30920,1946,22.467309,254,252,88711.25,5495.282715,16,8,73.379894,111.141609,5412.535361,148.036469,255,1291241138,426645461,255,0.207597,0.111073,0.096524,814,81,0,0,1,1,2,1,1,1,0,0,0,1,1,0,Generic,1
1e-06,udp,dns,INT,2,0,114,0,1000000.003,254,0,456000000.0,0.0,0,0,0.001,0.0,0.0,0.0,0,0,0,0,0.0,0.0,0.0,57,0,0,0,23,2,11,11,11,23,0,0,0,11,23,0,Generic,1
9e-06,udp,dns,INT,2,0,114,0,111111.1072,254,0,50666664.0,0.0,0,0,0.009,0.0,0.0,0.0,0,0,0,0,0.0,0.0,0.0,57,0,0,0,3,2,3,3,3,4,0,0,0,3,3,0,Generic,1
1e-06,udp,dns,INT,2,0,114,0,1000000.003,254,0,456000000.0,0.0,0,0,0.001,0.0,0.0,0.0,0,0,0,0,0.0,0.0,0.0,57,0,0,0,30,2,5,5,5,30,0,0,0,5,30,0,Generic,1
8e-06,udp,dns,INT,2,0,114,0,125000.0003,254,0,57000000.0,0.0,0,0,0.008,0.0,0.0,0.0,0,0,0,0,0.0,0.0,0.0,57,0,0,0,30,2,18,18,18,30,0,0,0,18,30,0,Generic,1
9e-06,udp,dns,INT,2,0,114,0,111111.1072,254,0,50666664.0,0.0,0,0,0.009,0.0,0.0,0.0,0,0,0,0,0.0,0.0,0.0,57,0,0,0,11,2,12,11,11,11,0,0,0,12,11,0,Generic,1
0.606364,tcp,http,FIN,10,10,1194,4010,31.334313,62,252,14182.89941,47614.96484,2,3,67.359,55.853,3615.48753,3846.966862,255,307089315,2468556109,255,0.153262,0.103684,0.049578,119,401,1,1414,1,1,1,1,1,1,0,0,1,1,1,0,Generic,1
6e-06,udp,dns,INT,2,0,114,0,166666.6608,254,0,76000000.0,0.0,0,0,0.006,0.0,0.0,0.0,0,0,0,0,0.0,0.0,0.0,57,0,0,0,17,2,12,12,12,17,0,0,0,12,17,0,Generic,1
6e-06,udp,dns,INT,2,0,114,0,166666.6608,254,0,76000000.0,0.0,0,0,0.006,0.0,0.0,0.0,0,0,0,0,0.0,0.0,0.0,57,0,0,0,23,2,4,4,4,23,0,0,0,5,23,0,Generic,1
1.338851,tcp,http,FIN,16,62,1450,71883,57.512002,62,252,8126.371094,422595.2188,2,28,89.256733,20.993426,4590.019182,2593.965848,255,2559206106,4087106291,255,0.118089,0.057595,0.060494,91,1159,1,34304,1,1,1,1,1,1,0,0,1,1,1,0,Generic,1
2.283106,tcp,smtp,FIN,24,20,8510,1852,18.833991,254,252,28578.61133,6167.037109,9,8,99.265481,115.695898,5258.17204,136.023094,255,1514911710,4058407258,255,0.13053,0.08421,0.04632,355,93,0,0,1,1,1,1,1,3,0,0,0,1,1,0,Generic,1
1e-06,udp,dns,INT,2,0,114,0,1000000.003,254,0,456000000.0,0.0,0,0,0.001,0.0,0.0,0.0,0,0,0,0,0.0,0.0,0.0,57,0,0,0,18,2,9,9,9,18,0,0,0,9,18,0,Generic,1
0.679672,tcp,http,FIN,10,10,1852,1258,27.95466,254,252,19621.22852,13335.84473,2,2,75.417667,68.946555,5055.726244,122.120484,255,1432065209,2466095862,255,0.127804,0.059148,0.068656,185,126,1,259,1,1,1,1,1,1,0,0,1,1,1,0,Generic,1
6e-06,udp,dns,INT,2,0,114,0,166666.6608,254,0,76000000.0,0.0,0,0,0.006,0.0,0.0,0.0,0,0,0,0,0.0,0.0,0.0,57,0,0,0,52,2,25,25,13,52,0,0,0,25,52,0,Generic,1
9e-06,udp,dns,INT,2,0,114,0,111111.1072,254,0,50666664.0,0.0,0,0,0.009,0.0,0.0,0.0,0,0,0,0,0.0,0.0,0.0,57,0,0,0,52,2,27,27,12,52,0,0,0,28,52,0,Generic,1
2e-05,udp,dns,INT,2,0,114,0,50000.00126,254,0,22800000.0,0.0,0,0,0.02,0.0,0.0,0.0,0,0,0,0,0.0,0.0,0.0,57,0,0,0,19,2,17,16,16,20,0,0,0,17,19,0,Generic,1
9e-06,udp,dns,INT,2,0,114,0,111111.1072,254,0,50666664.0,0.0,0,0,0.009,0.0,0.0,0.0,0,0,0,0,0.0,0.0,0.0,57,0,0,0,19,2,3,3,3,20,0,0,0,3,19,0,Generic,1
5e-06,udp,dns,INT,2,0,114,0,200000.0051,254,0,91200000.0,0.0,0,0,0.005,0.0,0.0,0.0,0,0,0,0,0.0,0.0,0.0,57,0,0,0,20,2,16,16,10,21,0,0,0,16,20,0,Generic,1
5e-06,udp,dns,INT,2,0,114,0,200000.0051,254,0,91200000.0,0.0,0,0,0.005,0.0,0.0,0.0,0,0,0,0,0.0,0.0,0.0,57,0,0,0,25,2,7,7,3,25,0,0,0,7,25,0,Generic,1
5e-06,udp,dns,INT,2,0,114,0,200000.0051,254,0,91200000.0,0.0,0,0,0.005,0.0,0.0,0.0,0,0,0,0,0.0,0.0,0.0,57,0,0,0,52,2,27,27,15,52,0,0,0,28,52,0,Generic,1
7e-06,udp,dns,INT,2,0,114,0,142857.1409,254,0,65142856.0,0.0,0,0,0.007,0.0,0.0,0.0,0,0,0,0,0.0,0.0,0.0,57,0,0,0,25,2,18,18,18,25,0,0,0,19,25,0,Generic,1
3.538856,tcp,smtp,FIN,32,22,19534,1738,14.976591,254,252,42779.92578,3750.364502,13,8,114.156641,162.714812,10073.11954,331.880812,255,4046865464,1794645378,255,0.182338,0.087026,0.095312,610,79,0,0,1,1,2,1,1,1,0,0,0,1,1,0,Generic,1
4e-06,udp,dns,INT,2,0,114,0,250000.0006,254,0,114000000.0,0.0,0,0,0.004,0.0,0.0,0.0,0,0,0,0,0.0,0.0,0.0,57,0,0,0,38,2,28,28,13,38,0,0,0,28,38,0,Generic,1
3e-06,udp,dns,INT,2,0,114,0,333333.3215,254,0,152000000.0,0.0,0,0,0.003,0.0,0.0,0.0,0,0,0,0,0.0,0.0,0.0,57,0,0,0,38,2,10,10,4,38,0,0,0,10,38,0,Generic,1
3e-06,udp,dns,INT,2,0,114,0,333333.3215,254,0,152000000.0,0.0,0,0,0.003,0.0,0.0,0.0,0,0,0,0,0.0,0.0,0.0,57,0,0,0,8,2,8,8,8,9,0,0,0,8,8,0,Generic,1
1e-05,udp,dns,INT,2,0,114,0,100000.0025,254,0,45600000.0,0.0,0,0,0.01,0.0,0.0,0.0,0,0,0,0,0.0,0.0,0.0,57,0,0,0,9,2,9,9,9,9,0,0,0,9,9,0,Generic,1
2e-06,udp,dns,INT,2,0,114,0,500000.0013,254,0,228000000.0,0.0,0,0,0.002,0.0,0.0,0.0,0,0,0,0,0.0,0.0,0.0,57,0,0,0,18,2,8,8,8,18,0,0,0,8,18,0,Generic,1
8e-06,udp,dns,INT,2,0,114,0,125000.0003,254,0,57000000.0,0.0,0,0,0.008,0.0,0.0,0.0,0,0,0,0,0.0,0.0,0.0,57,0,0,0,27,2,12,12,12,27,0,0,0,12,27,0,Generic,1
9e-06,udp,dns,INT,2,0,114,0,111111.1072,254,0,50666664.0,0.0,0,0,0.009,0.0,0.0,0.0,0,0,0,0,0.0,0.0,0.0,57,0,0,0,6,2,6,6,4,6,0,0,0,6,6,0,Generic,1
5e-06,udp,dns,INT,2,0,114,0,200000.0051,254,0,91200000.0,0.0,0,0,0.005,0.0,0.0,0.0,0,0,0,0,0.0,0.0,0.0,57,0,0,0,21,2,16,16,16,21,0,0,0,16,21,0,Generic,1
7e-06,udp,dns,INT,2,0,114,0,142857.1409,254,0,65142856.0,0.0,0,0,0.007,0.0,0.0,0.0,0,0,0,0,0.0,0.0,0.0,57,0,0,0,21,2,4,4,4,21,0,0,0,4,21,0,Generic,1
3e-06,udp,dns,INT,2,0,114,0,333333.3215,254,0,152000000.0,0.0,0,0,0.003,0.0,0.0,0.0,0,0,0,0,0.0,0.0,0.0,57,0,0,0,33,2,16,16,16,33,0,0,0,18,33,0,Generic,1
5e-06,udp,dns,INT,2,0,114,0,200000.0051,254,0,91200000.0,0.0,0,0,0.005,0.0,0.0,0.0,0,0,0,0,0.0,0.0,0.0,57,0,0,0,30,2,13,13,7,30,0,0,0,13,30,0,Generic,1
5e-06,udp,dns,INT,2,0,114,0,200000.0051,254,0,91200000.0,0.0,0,0,0.005,0.0,0.0,0.0,0,0,0,0,0.0,0.0,0.0,57,0,0,0,32,2,20,20,10,32,0,0,0,20,32,0,Generic,1
9e-06,udp,dns,INT,2,0,114,0,111111.1072,254,0,50666664.0,0.0,0,0,0.009,0.0,0.0,0.0,0,0,0,0,0.0,0.0,0.0,57,0,0,0,35,2,1,1,1,35,0,0,0,1,35,0,Generic,1
1.532334,tcp,http,FIN,28,136,1440,170896,106.373678,62,252,7251.683105,885655.5,2,66,56.753111,10.97403,2963.273504,1368.430798,255,2248864512,598956698,255,0.091549,0.061143,0.030406,51,1257,1,82395,2,1,1,1,1,2,0,0,1,1,3,0,Generic,1
8e-06,udp,dns,INT,2,0,114,0,125000.0003,254,0,57000000.0,0.0,0,0,0.008,0.0,0.0,0.0,0,0,0,0,0.0,0.0,0.0,57,0,0,0,34,2,7,7,7,34,0,0,0,7,34,0,Generic,1
0.997656,tcp,-,FIN,14,12,2726,1246,25.058738,254,252,20303.5918,9165.484375,4,4,71.901385,86.013367,4120.189759,114.027969,255,1971841375,2102689432,255,0.105088,0.051501,0.053587,195,104,0,0,2,1,1,1,1,1,0,0,0,1,1,0,Generic,1
1.540881,tcp,-,FIN,10,8,500,354,11.032649,254,252,2336.325684,1609.468872,2,1,171.209,202.526422,12458.58173,322.44,255,403960629,4272916855,255,0.142135,0.066459,0.075676,50,44,0,0,2,1,1,1,1,1,0,0,0,1,1,0,Generic,1
9e-06,udp,dns,INT,2,0,114,0,111111.1072,254,0,50666664.0,0.0,0,0,0.009,0.0,0.0,0.0,0,0,0,0,0.0,0.0,0.0,57,0,0,0,11,2,2,2,2,11,0,0,0,2,11,0,Generic,1
1.8e-05,udp,dns,INT,2,0,114,0,55555.55359,254,0,25333332.0,0.0,0,0,0.018,0.0,0.0,0.0,0,0,0,0,0.0,0.0,0.0,57,0,0,0,8,2,4,4,3,8,0,0,0,4,8,0,Generic,1
9e-06,udp,dns,INT,2,0,114,0,111111.1072,254,0,50666664.0,0.0,0,0,0.009,0.0,0.0,0.0,0,0,0,0,0.0,0.0,0.0,57,0,0,0,14,2,16,14,14,14,0,0,0,14,14,0,Generic,1
2e-06,udp,dns,INT,2,0,114,0,500000.0013,254,0,228000000.0,0.0,0,0,0.002,0.0,0.0,0.0,0,0,0,0,0.0,0.0,0.0,57,0,0,0,33,2,8,8,8,33,0,0,0,8,33,0,Generic,1
8e-06,udp,dns,INT,2,0,114,0,125000.0003,254,0,57000000.0,0.0,0,0,0.008,0.0,0.0,0.0,0,0,0,0,0.0,0.0,0.0,57,0,0,0,32,2,12,12,12,32,0,0,0,12,32,0,Generic,1
9e-06,udp,dns,INT,2,0,114,0,111111.1072,254,0,50666664.0,0.0,0,0,0.009,0.0,0.0,0.0,0,0,0,0,0.0,0.0,0.0,57,0,0,0,18,2,16,16,16,18,0,0,0,17,18,0,Generic,1
9e-06,udp,dns,INT,2,0,114,0,111111.1072,254,0,50666664.0,0.0,0,0,0.009,0.0,0.0,0.0,0,0,0,0,0.0,0.0,0.0,57,0,0,0,41,2,27,27,12,41,0,0,0,27,41,0,Generic,1
0.529748,tcp,http,FIN,12,26,1268,29464,69.844527,62,252,17563.06641,427841.1563,2,11,48.158908,18.2314,2587.750737,1720.866081,255,3131872716,221807859,255,0.108109,0.073675,0.034434,106,1133,1,13824,2,1,1,1,1,1,0,0,1,1,2,0,Generic,1
5e-06,udp,dns,INT,2,0,114,0,200000.0051,254,0,91200000.0,0.0,0,0,0.005,0.0,0.0,0.0,0,0,0,0,0.0,0.0,0.0,57,0,0,0,17,2,12,12,12,17,0,0,0,12,17,0,Generic,1
9e-06,udp,dns,INT,2,0,114,0,111111.1072,254,0,50666664.0,0.0,0,0,0.009,0.0,0.0,0.0,0,0,0,0,0.0,0.0,0.0,57,0,0,0,33,2,8,8,8,33,0,0,0,8,33,0,Generic,1
0.988252,tcp,-,FIN,10,6,1486,268,15.178315,254,252,10831.24609,1813.302734,2,1,105.114889,182.095406,5989.675372,306.935313,255,320173287,1668640841,255,0.161567,0.077768,0.083799,149,45,0,0,1,1,1,1,1,1,0,0,0,1,1,0,Generic,1
8e-06,udp,dns,INT,2,0,114,0,125000.0003,254,0,57000000.0,0.0,0,0,0.008,0.0,0.0,0.0,0,0,0,0,0.0,0.0,0.0,57,0,0,0,29,2,9,9,5,29,0,0,0,9,29,0,Generic,1
9e-06,udp,dns,INT,2,0,114,0,111111.1072,254,0,50666664.0,0.0,0,0,0.009,0.0,0.0,0.0,0,0,0,0,0.0,0.0,0.0,57,0,0,0,34,2,24,24,12,34,0,0,0,24,34,0,Generic,1
9e-06,udp,dns,INT,2,0,114,0,111111.1072,254,0,50666664.0,0.0,0,0,0.009,0.0,0.0,0.0,0,0,0,0,0.0,0.0,0.0,57,0,0,0,32,2,24,24,12,32,0,0,0,24,32,0,Generic,1
9e-06,udp,dns,INT,2,0,114,0,111111.1072,254,0,50666664.0,0.0,0,0,0.009,0.0,0.0,0.0,0,0,0,0,0.0,0.0,0.0,57,0,0,0,38,2,10,10,6,38,0,0,0,10,38,0,Generic,1
4e-06,udp,dns,INT,2,0,114,0,250000.0006,254,0,114000000.0,0.0,0,0,0.004,0.0,0.0,0.0,0,0,0,0,0.0,0.0,0.0,57,0,0,0,37,2,26,26,13,37,0,0,0,27,37,0,Generic,1
8e-06,udp,dns,INT,2,0,114,0,125000.0003,254,0,57000000.0,0.0,0,0,0.008,0.0,0.0,0.0,0,0,0,0,0.0,0.0,0.0,57,0,0,0,23,2,23,23,11,23,0,0,0,23,23,0,Generic,1
0.360369,tcp,http,FIN,10,10,778,4074,52.723736,62,252,15561.82715,81405.44531,2,3,40.041,36.996222,1915.839284,2470.559291,255,1091212451,2084355432,255,0.096385,0.026678,0.069707,78,407,1,1602,1,1,16,1,1,1,0,0,1,1,1,0,Generic,1
2e-06,udp,dns,INT,2,0,114,0,500000.0013,254,0,228000000.0,0.0,0,0,0.002,0.0,0.0,0.0,0,0,0,0,0.0,0.0,0.0,57,0,0,0,15,2,16,15,15,15,0,0,0,15,15,0,Generic,1
1.399483,tcp,http,FIN,12,22,1582,18960,23.580137,254,252,8294.492188,103461.0625,2,8,127.132097,64.724288,10092.25919,5879.550033,255,1307938566,3034203309,255,0.141974,0.040269,0.101705,132,862,1,8930,2,1,1,1,1,5,0,0,1,1,2,0,Generic,1
3e-06,udp,dns,INT,2,0,114,0,333333.3215,254,0,152000000.0,0.0,0,0,0.003,0.0,0.0,0.0,0,0,0,0,0.0,0.0,0.0,57,0,0,0,28,2,28,28,14,28,0,0,0,28,28,0,Generic,1
4e-06,udp,dns,INT,2,0,114,0,250000.0006,254,0,114000000.0,0.0,0,0,0.004,0.0,0.0,0.0,0,0,0,0,0.0,0.0,0.0,57,0,0,0,13,2,15,13,13,13,0,0,0,13,13,0,Generic,1
1e-05,udp,dns,INT,2,0,114,0,100000.0025,254,0,45600000.0,0.0,0,0,0.01,0.0,0.0,0.0,0,0,0,0,0.0,0.0,0.0,57,0,0,0,22,2,5,5,5,22,0,0,0,5,22,0,Generic,1
8e-06,udp,dns,INT,2,0,114,0,125000.0003,254,0,57000000.0,0.0,0,0,0.008,0.0,0.0,0.0,0,0,0,0,0.0,0.0,0.0,57,0,0,0,27,2,7,7,7,27,0,0,0,8,27,0,Generic,1
1.1e-05,udp,-,INT,2,0,2122,0,90909.0902,254,0,771636352.0,0.0,0,0,0.011,0.0,0.0,0.0,0,0,0,0,0.0,0.0,0.0,1061,0,0,0,1,2,1,1,1,2,0,0,0,1,1,0,Generic,1
9e-06,udp,dns,INT,2,0,114,0,111111.1072,254,0,50666664.0,0.0,0,0,0.009,0.0,0.0,0.0,0,0,0,0,0.0,0.0,0.0,57,0,0,0,23,2,18,17,17,23,0,0,0,18,23,0,Generic,1
1.245213,tcp,-,FIN,12,8,4142,354,15.258433,254,252,24394.21875,1991.627075,3,1,110.054089,160.254422,6738.570347,270.854688,255,187026333,1861013399,255,0.19211,0.123423,0.068687,345,44,0,0,27,1,1,1,1,1,0,0,0,22,2,0,Generic,1
0.931871,tcp,http,FIN,10,8,1162,1814,18.242868,254,252,8979.78418,13632.78809,2,2,103.541222,117.279141,5435.469674,216.977484,255,427352673,2667688081,255,0.187984,0.084391,0.103593,116,227,1,477,2,1,1,1,1,2,0,0,1,1,2,0,Generic,1
0.441136,tcp,http,FIN,12,24,1120,22604,79.340611,62,252,18624.64258,392858.4375,2,9,40.103273,16.345174,2992.666466,2091.631218,255,3937714915,3176084421,255,0.081945,0.051114,0.030831,93,942,1,10483,1,1,1,1,1,1,0,0,1,1,1,0,Generic,1
5e-06,udp,dns,INT,2,0,114,0,200000.0051,254,0,91200000.0,0.0,0,0,0.005,0.0,0.0,0.0,0,0,0,0,0.0,0.0,0.0,57,0,0,0,17,2,5,5,5,17,0,0,0,6,17,0,Generic,1
3.234399,tcp,smtp,FIN,38,24,30138,2104,18.859763,254,252,72582.25781,4988.871094,16,8,87.416188,135.533703,7161.788886,216.262672,255,1317695262,852297462,255,0.232794,0.116436,0.116358,793,88,0,0,1,1,1,1,1,1,0,0,0,1,1,0,Generic,1
7e-06,udp,dns,INT,2,0,114,0,142857.1409,254,0,65142856.0,0.0,0,0,0.007,0.0,0.0,0.0,0,0,0,0,0.0,0.0,0.0,57,0,0,0,28,2,28,28,16,28,0,0,0,28,28,0,Generic,1
7e-06,udp,dns,INT,2,0,114,0,142857.1409,254,0,65142856.0,0.0,0,0,0.007,0.0,0.0,0.0,0,0,0,0,0.0,0.0,0.0,57,0,0,0,28,2,28,28,12,28,0,0,0,28,28,0,Generic,1
3e-06,udp,dns,INT,2,0,114,0,333333.3215,254,0,152000000.0,0.0,0,0,0.003,0.0,0.0,0.0,0,0,0,0,0.0,0.0,0.0,57,0,0,0,27,2,4,4,4,27,0,0,0,4,27,0,Generic,1
9e-06,udp,dns,INT,2,0,114,0,111111.1072,254,0,50666664.0,0.0,0,0,0.009,0.0,0.0,0.0,0,0,0,0,0.0,0.0,0.0,57,0,0,0,30,2,10,10,3,30,0,0,0,10,30,0,Generic,1
1.177419,tcp,http,FIN,12,32,1212,33690,36.520561,62,252,7548.714844,221759.6406,2,13,107.026185,35.407162,6246.657013,3846.575111,255,1054924822,2220398007,255,0.1547,0.079791,0.074909,101,1053,1,15872,1,1,1,1,1,1,0,0,1,1,1,0,Generic,1
0.527325,tcp,http,FIN,10,8,2462,1164,32.238185,254,252,33618.73828,15459.1582,2,2,58.591667,69.81643,3188.660891,88.050898,255,362814463,1770977656,255,0.102705,0.037913,0.064792,246,146,1,194,1,1,19,1,1,1,0,0,1,1,6,0,Generic,1
9e-06,udp,dns,INT,2,0,114,0,111111.1072,254,0,50666664.0,0.0,0,0,0.009,0.0,0.0,0.0,0,0,0,0,0.0,0.0,0.0,57,0,0,0,33,2,15,15,15,33,0,0,0,16,33,0,Generic,1
3.3e-05,udp,dns,INT,2,0,114,0,30303.03007,254,0,13818182.0,0.0,0,0,0.033,0.0,0.0,0.0,0,0,0,0,0.0,0.0,0.0,57,0,0,0,34,2,19,18,18,34,0,0,0,18,34,0,Generic,1
7e-06,udp,dns,INT,2,0,114,0,142857.1409,254,0,65142856.0,0.0,0,0,0.007,0.0,0.0,0.0,0,0,0,0,0.0,0.0,0.0,57,0,0,0,34,2,16,16,16,34,0,0,0,17,34,0,Generic,1
0.56855,tcp,-,FIN,12,8,1212,468,33.418345,254,252,15632.75,5769.061523,3,2,51.686364,75.74957,2645.186404,105.073273,255,953604189,1450691879,255,0.091338,0.037531,0.053807,101,59,0,0,1,1,2,1,1,1,0,0,0,1,1,0,Generic,1
9e-06,udp,dns,INT,2,0,114,0,111111.1072,254,0,50666664.0,0.0,0,0,0.009,0.0,0.0,0.0,0,0,0,0,0.0,0.0,0.0,57,0,0,0,10,2,8,8,8,10,0,0,0,9,10,0,Generic,1
8e-06,udp,dns,INT,2,0,114,0,125000.0003,254,0,57000000.0,0.0,0,0,0.008,0.0,0.0,0.0,0,0,0,0,0.0,0.0,0.0,57,0,0,0,15,2,15,15,15,15,0,0,0,17,15,0,Generic,1
3e-06,udp,dns,INT,2,0,114,0,333333.3215,254,0,152000000.0,0.0,0,0,0.003,0.0,0.0,0.0,0,0,0,0,0.0,0.0,0.0,57,0,0,0,16,2,17,16,16,19,0,0,0,17,16,0,Generic,1
1e-05,udp,dns,INT,2,0,114,0,100000.0025,254,0,45600000.0,0.0,0,0,0.01,0.0,0.0,0.0,0,0,0,0,0.0,0.0,0.0,57,0,0,0,37,2,28,28,14,37,0,0,0,28,37,0,Generic,1
9e-06,sep,-,INT,2,0,200,0,111111.1072,254,0,88888888.0,0.0,0,0,0.009,0.0,0.0,0.0,0,0,0,0,0.0,0.0,0.0,100,0,0,0,4,2,1,1,1,4,0,0,0,2,4,0,Generic,1
3e-06,udp,dns,INT,2,0,114,0,333333.3215,254,0,152000000.0,0.0,0,0,0.003,0.0,0.0,0.0,0,0,0,0,0.0,0.0,0.0,57,0,0,0,18,2,5,5,5,18,0,0,0,5,18,0,Generic,1
3e-06,udp,dns,INT,2,0,114,0,333333.3215,254,0,152000000.0,0.0,0,0,0.003,0.0,0.0,0.0,0,0,0,0,0.0,0.0,0.0,57,0,0,0,28,2,13,12,12,28,0,0,0,12,28,0,Generic,1
9e-06,udp,dns,INT,2,0,114,0,111111.1072,254,0,50666664.0,0.0,0,0,0.009,0.0,0.0,0.0,0,0,0,0,0.0,0.0,0.0,57,0,0,0,20,2,10,10,6,20,0,0,0,10,20,0,Generic,1
1.199503,tcp,http,FIN,18,74,1724,90194,75.864757,62,252,10864.5,593419.125,2,35,70.499941,15.668315,3414.943706,1941.438518,255,3389228895,377570314,255,0.116804,0.055715,0.061089,96,1219,1,43222,1,1,1,1,1,1,0,0,1,1,1,0,Generic,1
4e-06,udp,dns,INT,2,0,114,0,250000.0006,254,0,114000000.0,0.0,0,0,0.004,0.0,0.0,0.0,0,0,0,0,0.0,0.0,0.0,57,0,0,0,45,2,3,3,1,45,0,0,0,3,45,0,Generic,1
1.08036,tcp,http,FIN,10,8,792,1304,15.735495,62,252,5279.721191,8449.035156,2,2,120.04,138.206422,6375.72878,260.844594,255,2325286765,3573693174,255,0.164869,0.086079,0.07879,79,163,1,250,3,1,2,1,1,6,0,0,1,2,3,0,Generic,1
7e-06,udp,dns,INT,2,0,114,0,142857.1409,254,0,65142856.0,0.0,0,0,0.007,0.0,0.0,0.0,0,0,0,0,0.0,0.0,0.0,57,0,0,0,31,2,19,18,18,31,0,0,0,18,31,0,Generic,1
9e-06,udp,dns,INT,2,0,114,0,111111.1072,254,0,50666664.0,0.0,0,0,0.009,0.0,0.0,0.0,0,0,0,0,0.0,0.0,0.0,57,0,0,0,29,2,17,17,17,29,0,0,0,19,29,0,Generic,1
8e-06,udp,dns,INT,2,0,114,0,125000.0003,254,0,57000000.0,0.0,0,0,0.008,0.0,0.0,0.0,0,0,0,0,0.0,0.0,0.0,57,0,0,0,17,2,19,17,17,20,0,0,0,18,17,0,Generic,1
9e-06,udp,dns,INT,2,0,114,0,111111.1072,254,0,50666664.0,0.0,0,0,0.009,0.0,0.0,0.0,0,0,0,0,0.0,0.0,0.0,57,0,0,0,31,2,14,13,13,31,0,0,0,14,31,0,Generic,1
0.474737,tcp,http,FIN,12,10,2122,3054,44.23502,62,252,32792.89453,46324.59766,3,3,43.081273,51.403777,2152.675814,61.41166,255,1854699952,3684172878,255,0.060775,0.012094,0.048681,177,305,1,432,2,1,1,1,1,1,0,0,1,1,1,0,Generic,1
9e-06,il,-,INT,2,0,200,0,111111.1072,254,0,88888888.0,0.0,0,0,0.009,0.0,0.0,0.0,0,0,0,0,0.0,0.0,0.0,100,0,0,0,7,2,2,2,2,7,0,0,0,4,7,0,Generic,1
6e-06,udp,dns,INT,2,0,114,0,166666.6608,254,0,76000000.0,0.0,0,0,0.006,0.0,0.0,0.0,0,0,0,0,0.0,0.0,0.0,57,0,0,0,31,2,17,17,17,31,0,0,0,18,31,0,Generic,1
1e-06,udp,dns,INT,2,0,114,0,1000000.003,254,0,456000000.0,0.0,0,0,0.001,0.0,0.0,0.0,0,0,0,0,0.0,0.0,0.0,57,0,0,0,16,2,13,13,13,16,0,0,0,13,16,0,Generic,1
5e-06,ipv6,-,INT,2,0,200,0,200000.0051,254,0,160000000.0,0.0,0,0,0.005,0.0,0.0,0.0,0,0,0,0,0.0,0.0,0.0,100,0,0,0,7,2,2,2,2,7,0,0,0,4,7,0,Generic,1
3e-06,ipv6-frag,-,INT,2,0,200,0,333333.3215,254,0,266666656.0,0.0,0,0,0.003,0.0,0.0,0.0,0,0,0,0,0.0,0.0,0.0,100,0,0,0,7,2,3,3,3,7,0,0,0,4,7,0,Generic,1
3e-06,ipv6-route,-,INT,2,0,200,0,333333.3215,254,0,266666656.0,0.0,0,0,0.003,0.0,0.0,0.0,0,0,0,0,0.0,0.0,0.0,100,0,0,0,7,2,3,3,3,7,0,0,0,4,7,0,Generic,1
2.324521,tcp,http,FIN,10,10,1172,1160,8.173727,254,252,3630.855469,3592.998291,2,2,258.269222,244.441328,18386.49408,420.08,255,1232591556,316743713,255,0.206122,0.12454,0.081582,117,116,1,179,2,1,2,1,1,4,0,0,1,2,2,0,Generic,1
7e-06,sdrp,-,INT,2,0,200,0,142857.1409,254,0,114285712.0,0.0,0,0,0.007,0.0,0.0,0.0,0,0,0,0,0.0,0.0,0.0,100,0,0,0,7,2,3,3,3,7,0,0,0,4,7,0,Generic,1
2e-06,udp,dns,INT,2,0,114,0,500000.0013,254,0,228000000.0,0.0,0,0,0.002,0.0,0.0,0.0,0,0,0,0,0.0,0.0,0.0,57,0,0,0,17,2,1,1,1,17,0,0,0,1,17,0,Generic,1
9.93306,tcp,http,FIN,12,10,910,1212,2.114152,254,252,672.50177,878.681946,2,2,903.005466,1087.66375,64241.04276,1925.568875,255,4247064361,2512497225,255,0.289781,0.143445,0.146336,76,121,1,186,1,1,2,1,1,1,0,0,1,1,2,0,Generic,1
9e-06,bna,-,INT,2,0,200,0,111111.1072,254,0,88888888.0,0.0,0,0,0.009,0.0,0.0,0.0,0,0,0,0,0.0,0.0,0.0,100,0,0,0,3,2,1,1,1,3,0,0,0,2,3,0,Generic,1
1e-05,udp,dns,INT,2,0,114,0,100000.0025,254,0,45600000.0,0.0,0,0,0.01,0.0,0.0,0.0,0,0,0,0,0.0,0.0,0.0,57,0,0,0,21,2,17,16,16,21,0,0,0,16,21,0,Generic,1
3e-06,udp,dns,INT,2,0,114,0,333333.3215,254,0,152000000.0,0.0,0,0,0.003,0.0,0.0,0.0,0,0,0,0,0.0,0.0,0.0,57,0,0,0,31,2,7,7,3,31,0,0,0,7,31,0,Generic,1
8e-06,udp,-,INT,2,0,1368,0,125000.0003,254,0,684000000.0,0.0,0,0,0.008,0.0,0.0,0.0,0,0,0,0,0.0,0.0,0.0,684,0,0,0,4,2,2,1,1,1,0,0,0,2,1,0,Generic,1
11.32145,rvd,-,INT,4,0,400,0,0.264984,254,0,211.986969,0.0,0,0,3773.81675,0.0,5336.978,0.0,0,0,0,0,0.0,0.0,0.0,100,0,0,0,2,2,1,1,1,2,0,0,0,2,2,0,Generic,1
8e-06,udp,dns,INT,2,0,114,0,125000.0003,254,0,57000000.0,0.0,0,0,0.008,0.0,0.0,0.0,0,0,0,0,0.0,0.0,0.0,57,0,0,0,20,2,15,14,14,20,0,0,0,14,20,0,Generic,1
5e-06,udp,dns,INT,2,0,114,0,200000.0051,254,0,91200000.0,0.0,0,0,0.005,0.0,0.0,0.0,0,0,0,0,0.0,0.0,0.0,57,0,0,0,20,2,7,6,6,20,0,0,0,6,20,0,Generic,1
5e-06,udp,dns,INT,2,0,114,0,200000.0051,254,0,91200000.0,0.0,0,0,0.005,0.0,0.0,0.0,0,0,0,0,0.0,0.0,0.0,57,0,0,0,28,2,12,12,12,28,0,0,0,12,28,0,Generic,1
9e-06,udp,dns,INT,2,0,114,0,111111.1072,254,0,50666664.0,0.0,0,0,0.009,0.0,0.0,0.0,0,0,0,0,0.0,0.0,0.0,57,0,0,0,12,2,13,12,12,12,0,0,0,12,12,0,Generic,1
8e-06,udp,dns,INT,2,0,114,0,125000.0003,254,0,57000000.0,0.0,0,0,0.008,0.0,0.0,0.0,0,0,0,0,0.0,0.0,0.0,57,0,0,0,34,2,18,18,18,34,0,0,0,18,34,0,Generic,1
9e-06,narp,-,INT,2,0,200,0,111111.1072,254,0,88888888.0,0.0,0,0,0.009,0.0,0.0,0.0,0,0,0,0,0.0,0.0,0.0,100,0,0,0,6,2,3,3,3,6,0,0,0,4,6,0,Generic,1
0.496327,tcp,http,FIN,10,16,1202,15268,50.370017,62,252,17440.11523,230718.8594,2,6,55.147444,27.186932,2711.24174,2472.176567,255,605806618,3003322090,255,0.132146,0.087808,0.044338,120,954,1,7011,1,1,3,1,1,1,0,0,1,1,1,0,Generic,1
1e-05,udp,dns,INT,2,0,114,0,100000.0025,254,0,45600000.0,0.0,0,0,0.01,0.0,0.0,0.0,0,0,0,0,0.0,0.0,0.0,57,0,0,0,7,2,7,7,7,7,0,0,0,7,7,0,Generic,1
0.373404,tcp,-,FIN,12,8,1612,436,50.883226,254,252,31665.43555,8184.165039,3,2,33.844544,42.966,1700.64261,59.35657,255,1261446924,2386092376,255,0.107717,0.072611,0.035106,134,55,0,0,4,1,1,1,1,1,0,0,0,3,1,0,Generic,1
1e-05,udp,dns,INT,2,0,114,0,100000.0025,254,0,45600000.0,0.0,0,0,0.01,0.0,0.0,0.0,0,0,0,0,0.0,0.0,0.0,57,0,0,0,39,2,6,6,6,39,0,0,0,6,39,0,Generic,1
3e-06,udp,dns,INT,2,0,114,0,333333.3215,254,0,152000000.0,0.0,0,0,0.003,0.0,0.0,0.0,0,0,0,0,0.0,0.0,0.0,57,0,0,0,32,2,16,16,16,32,0,0,0,17,32,0,Generic,1
3e-06,udp,dns,INT,2,0,114,0,333333.3215,254,0,152000000.0,0.0,0,0,0.003,0.0,0.0,0.0,0,0,0,0,0.0,0.0,0.0,57,0,0,0,22,2,6,6,6,23,0,0,0,6,22,0,Generic,1
9e-06,udp,dns,INT,2,0,114,0,111111.1072,254,0,50666664.0,0.0,0,0,0.009,0.0,0.0,0.0,0,0,0,0,0.0,0.0,0.0,57,0,0,0,21,2,17,17,17,21,0,0,0,18,21,0,Generic,1
9e-06,ipv6-opts,-,INT,2,0,200,0,111111.1072,254,0,88888888.0,0.0,0,0,0.009,0.0,0.0,0.0,0,0,0,0,0.0,0.0,0.0,100,0,0,0,6,2,1,1,1,6,0,0,0,2,6,0,Generic,1
47.485291,ospf,-,REQ,70,0,19040,0,1.453082,254,0,3161.905518,0.0,0,0,693.785,0.0,827.209375,0.0,0,0,0,0,0.0,0.0,0.0,272,0,0,0,2,6,2,2,2,2,0,0,0,6,2,0,Generic,1
3.545872,tcp,http,FIN,10,16,1192,10122,7.050452,62,252,2420.843262,21410.8125,2,5,393.946889,230.395458,24510.76942,0.0,255,1962420142,92810069,255,0.223095,0.089924,0.133171,119,633,1,4346,2,1,2,2,1,1,0,0,1,19,1,0,Generic,1
2e-06,udp,dns,INT,2,0,114,0,500000.0013,254,0,228000000.0,0.0,0,0,0.002,0.0,0.0,0.0,0,0,0,0,0.0,0.0,0.0,57,0,0,0,34,2,3,3,3,34,0,0,0,3,34,0,Generic,1
8e-06,udp,dns,INT,2,0,114,0,125000.0003,254,0,57000000.0,0.0,0,0,0.008,0.0,0.0,0.0,0,0,0,0,0.0,0.0,0.0,57,0,0,0,24,2,13,13,13,24,0,0,0,13,24,0,Generic,1
9e-06,udp,dns,INT,2,0,114,0,111111.1072,254,0,50666664.0,0.0,0,0,0.009,0.0,0.0,0.0,0,0,0,0,0.0,0.0,0.0,57,0,0,0,33,2,18,17,17,34,0,0,0,17,33,0,Generic,1
9e-06,udp,dns,INT,2,0,114,0,111111.1072,254,0,50666664.0,0.0,0,0,0.009,0.0,0.0,0.0,0,0,0,0,0.0,0.0,0.0,57,0,0,0,10,2,2,2,1,10,0,0,0,2,10,0,Generic,1
1e-05,udp,-,INT,2,0,1424,0,100000.0025,254,0,569600000.0,0.0,0,0,0.01,0.0,0.0,0.0,0,0,0,0,0.0,0.0,0.0,712,0,0,0,1,2,1,1,1,1,0,0,0,1,2,0,Generic,1
9e-06,udp,dns,INT,2,0,114,0,111111.1072,254,0,50666664.0,0.0,0,0,0.009,0.0,0.0,0.0,0,0,0,0,0.0,0.0,0.0,57,0,0,0,13,2,7,7,7,13,0,0,0,7,13,0,Generic,1
6e-06,udp,dns,INT,2,0,114,0,166666.6608,254,0,76000000.0,0.0,0,0,0.006,0.0,0.0,0.0,0,0,0,0,0.0,0.0,0.0,57,0,0,0,3,2,3,3,3,3,0,0,0,3,3,0,Generic,1
1e-06,udp,dns,INT,2,0,114,0,1000000.003,254,0,456000000.0,0.0,0,0,0.001,0.0,0.0,0.0,0,0,0,0,0.0,0.0,0.0,57,0,0,0,26,2,10,10,10,26,0,0,0,12,26,0,Generic,1
2.534634,tcp,smtp,FIN,20,20,1568,1400,15.386836,62,252,4702.848633,4197.844727,7,8,133.401785,128.830844,7469.942317,188.01825,255,3957411226,1752616466,255,0.201477,0.086144,0.115333,78,70,0,0,1,1,1,1,1,1,0,0,0,2,1,0,Generic,1
5e-06,udp,dns,INT,2,0,114,0,200000.0051,254,0,91200000.0,0.0,0,0,0.005,0.0,0.0,0.0,0,0,0,0,0.0,0.0,0.0,57,0,0,0,19,2,2,2,1,19,0,0,0,2,19,0,Generic,1
7e-06,udp,dns,INT,2,0,114,0,142857.1409,254,0,65142856.0,0.0,0,0,0.007,0.0,0.0,0.0,0,0,0,0,0.0,0.0,0.0,57,0,0,0,41,2,6,6,4,41,0,0,0,6,41,0,Generic,1
3e-06,udp,dns,INT,2,0,114,0,333333.3215,254,0,152000000.0,0.0,0,0,0.003,0.0,0.0,0.0,0,0,0,0,0.0,0.0,0.0,57,0,0,0,14,2,15,14,14,15,0,0,0,15,14,0,Generic,1
2.544252,tcp,smtp,FIN,20,18,2006,1440,14.542585,254,252,5993.117188,4276.306152,7,7,131.07563,145.295359,6565.995522,162.88875,255,2494293189,517058197,255,0.195147,0.074222,0.120925,100,80,0,0,1,1,2,1,1,5,0,0,0,1,1,0,Generic,1
2e-06,udp,dns,INT,2,0,114,0,500000.0013,254,0,228000000.0,0.0,0,0,0.002,0.0,0.0,0.0,0,0,0,0,0.0,0.0,0.0,57,0,0,0,3,2,3,3,3,3,0,0,0,3,3,0,Generic,1
3e-06,udp,dns,INT,2,0,114,0,333333.3215,254,0,152000000.0,0.0,0,0,0.003,0.0,0.0,0.0,0,0,0,0,0.0,0.0,0.0,57,0,0,0,23,2,1,1,1,23,0,0,0,1,23,0,Generic,1
6e-06,udp,dns,INT,2,0,114,0,166666.6608,254,0,76000000.0,0.0,0,0,0.006,0.0,0.0,0.0,0,0,0,0,0.0,0.0,0.0,57,0,0,0,25,2,1,1,1,25,0,0,0,1,25,0,Generic,1
3e-06,udp,dns,INT,2,0,114,0,333333.3215,254,0,152000000.0,0.0,0,0,0.003,0.0,0.0,0.0,0,0,0,0,0.0,0.0,0.0,57,0,0,0,12,2,12,12,6,12,0,0,0,12,12,0,Generic,1
9e-06,udp,dns,INT,2,0,114,0,111111.1072,254,0,50666664.0,0.0,0,0,0.009,0.0,0.0,0.0,0,0,0,0,0.0,0.0,0.0,57,0,0,0,44,2,1,1,1,44,0,0,0,1,44,0,Generic,1
3e-06,udp,dns,INT,2,0,114,0,333333.3215,254,0,152000000.0,0.0,0,0,0.003,0.0,0.0,0.0,0,0,0,0,0.0,0.0,0.0,57,0,0,0,23,2,22,22,10,23,0,0,0,22,23,0,Generic,1
3e-06,udp,dns,INT,2,0,114,0,333333.3215,254,0,152000000.0,0.0,0,0,0.003,0.0,0.0,0.0,0,0,0,0,0.0,0.0,0.0,57,0,0,0,32,2,6,6,6,32,0,0,0,6,32,0,Generic,1
9e-06,udp,dns,INT,2,0,114,0,111111.1072,254,0,50666664.0,0.0,0,0,0.009,0.0,0.0,0.0,0,0,0,0,0.0,0.0,0.0,57,0,0,0,5,2,6,5,5,5,0,0,0,5,5,0,Generic,1
1.4e-05,udp,dns,INT,2,0,114,0,71428.57045,254,0,32571428.0,0.0,0,0,0.014,0.0,0.0,0.0,0,0,0,0,0.0,0.0,0.0,57,0,0,0,28,2,18,17,17,28,0,0,0,17,28,0,Generic,1
0.359029,tcp,http,FIN,10,12,1140,6520,58.491098,254,252,22861.66406,133181.4375,2,4,39.892111,27.770727,2054.273832,2079.296837,255,206129110,3060036775,255,0.080716,0.023834,0.056882,114,543,1,2739,1,1,1,1,1,1,0,0,1,1,1,0,Generic,1
0.674448,tcp,-,FIN,12,10,1066,676,31.136573,254,252,11600.59766,7223.685059,3,3,58.724362,71.060891,3281.539962,89.307297,255,717047528,4230719856,255,0.091791,0.034891,0.0569,89,68,0,0,1,1,1,1,1,1,0,0,0,1,1,0,Generic,1
3e-06,unas,-,INT,2,0,200,0,333333.3215,254,0,266666656.0,0.0,0,0,0.003,0.0,0.0,0.0,0,0,0,0,0.0,0.0,0.0,100,0,0,0,3,2,3,3,3,3,0,0,0,6,3,0,Generic,1
8e-06,udp,dns,INT,2,0,114,0,125000.0003,254,0,57000000.0,0.0,0,0,0.008,0.0,0.0,0.0,0,0,0,0,0.0,0.0,0.0,57,0,0,0,30,2,8,8,8,30,0,0,0,8,30,0,Generic,1
4e-06,udp,dns,INT,2,0,114,0,250000.0006,254,0,114000000.0,0.0,0,0,0.004,0.0,0.0,0.0,0,0,0,0,0.0,0.0,0.0,57,0,0,0,33,2,17,16,16,33,0,0,0,17,33,0,Generic,1
9e-06,udp,dns,INT,2,0,114,0,111111.1072,254,0,50666664.0,0.0,0,0,0.009,0.0,0.0,0.0,0,0,0,0,0.0,0.0,0.0,57,0,0,0,33,2,18,17,17,33,0,0,0,18,33,0,Generic,1
59.972233,tcp,http,CON,978,6494,42538,8645430,124.574318,62,252,5668.623535,1153080.125,2,3246,61.383977,9.23263,3010.062191,1163.841861,255,1368257979,3074775950,255,0.109793,0.040654,0.069139,43,1331,1,5242880,1,3,1,1,1,1,0,0,2,1,1,0,Generic,1
6e-06,udp,dns,INT,2,0,114,0,166666.6608,254,0,76000000.0,0.0,0,0,0.006,0.0,0.0,0.0,0,0,0,0,0.0,0.0,0.0,57,0,0,0,19,2,10,10,3,20,0,0,0,10,19,0,Generic,1
2e-06,udp,radius,INT,2,0,100,0,500000.0013,254,0,200000000.0,0.0,0,0,0.002,0.0,0.0,0.0,0,0,0,0,0.0,0.0,0.0,50,0,0,0,1,2,1,1,1,1,0,0,0,1,1,0,Generic,1
9e-06,udp,dns,INT,2,0,114,0,111111.1072,254,0,50666664.0,0.0,0,0,0.009,0.0,0.0,0.0,0,0,0,0,0.0,0.0,0.0,57,0,0,0,43,2,34,34,16,43,0,0,0,34,43,0,Generic,1
8e-06,udp,dns,INT,2,0,114,0,125000.0003,254,0,57000000.0,0.0,0,0,0.008,0.0,0.0,0.0,0,0,0,0,0.0,0.0,0.0,57,0,0,0,37,2,6,6,3,37,0,0,0,7,37,0,Generic,1
6e-06,udp,dns,INT,2,0,114,0,166666.6608,254,0,76000000.0,0.0,0,0,0.006,0.0,0.0,0.0,0,0,0,0,0.0,0.0,0.0,57,0,0,0,23,2,23,23,13,23,0,0,0,23,23,0,Generic,1
3.242586,tcp,-,FIN,84,492,4412,663871,177.327608,62,252,10756.84668,1634552.25,2,244,39.0673,6.538896,1993.77087,815.14324,255,4176199167,920633800,255,0.078604,0.031213,0.047391,53,1349,1,320532,1,1,1,1,1,1,0,0,1,1,1,0,Generic,1
1e-05,udp,dns,INT,2,0,114,0,100000.0025,254,0,45600000.0,0.0,0,0,0.01,0.0,0.0,0.0,0,0,0,0,0.0,0.0,0.0,57,0,0,0,10,2,10,10,10,10,0,0,0,10,10,0,Generic,1
2.946985,tcp,http,FIN,12,12,968,7072,7.804587,62,252,2410.599365,17599.00391,2,4,267.898994,258.18554,18554.75638,21080.9622,255,2759316282,1037513734,255,0.201493,0.106936,0.094557,81,589,1,2963,2,1,2,2,1,2,0,0,1,4,2,0,Generic,1
9e-06,udp,dns,INT,2,0,114,0,111111.1072,254,0,50666664.0,0.0,0,0,0.009,0.0,0.0,0.0,0,0,0,0,0.0,0.0,0.0,57,0,0,0,36,2,3,3,3,36,0,0,0,3,36,0,Generic,1
8e-06,udp,dns,INT,2,0,114,0,125000.0003,254,0,57000000.0,0.0,0,0,0.008,0.0,0.0,0.0,0,0,0,0,0.0,0.0,0.0,57,0,0,0,29,2,13,13,5,29,0,0,0,13,29,0,Generic,1
4e-06,udp,dns,INT,2,0,114,0,250000.0006,254,0,114000000.0,0.0,0,0,0.004,0.0,0.0,0.0,0,0,0,0,0.0,0.0,0.0,57,0,0,0,20,2,4,3,3,20,0,0,0,3,20,0,Generic,1
1.378224,tcp,http,FIN,10,8,1244,1236,12.334715,62,252,6501.120117,6280.546387,2,2,153.031556,218.185672,11133.43085,428.298656,255,2065169452,2426915357,255,0.108975,0.069107,0.039868,124,155,1,216,2,1,2,2,1,2,0,0,1,4,2,0,Generic,1
7e-06,udp,dns,INT,2,0,114,0,142857.1409,254,0,65142856.0,0.0,0,0,0.007,0.0,0.0,0.0,0,0,0,0,0.0,0.0,0.0,57,0,0,0,20,2,4,4,4,20,0,0,0,5,20,0,Generic,1
1.5e-05,udp,-,INT,2,0,1272,0,66666.66835,254,0,339200000.0,0.0,0,0,0.015,0.0,0.0,0.0,0,0,0,0,0.0,0.0,0.0,636,0,0,0,1,2,1,1,1,1,0,0,0,2,2,0,Generic,1
4e-06,udp,dns,INT,2,0,114,0,250000.0006,254,0,114000000.0,0.0,0,0,0.004,0.0,0.0,0.0,0,0,0,0,0.0,0.0,0.0,57,0,0,0,14,2,15,14,14,14,0,0,0,14,14,0,Generic,1
3e-06,udp,dns,INT,2,0,114,0,333333.3215,254,0,152000000.0,0.0,0,0,0.003,0.0,0.0,0.0,0,0,0,0,0.0,0.0,0.0,57,0,0,0,19,2,3,3,3,19,0,0,0,3,27,0,Generic,1
8e-06,udp,dns,INT,2,0,114,0,125000.0003,254,0,57000000.0,0.0,0,0,0.008,0.0,0.0,0.0,0,0,0,0,0.0,0.0,0.0,57,0,0,0,3,2,3,3,3,3,0,0,0,3,3,0,Generic,1
5e-06,udp,dns,INT,2,0,114,0,200000.0051,254,0,91200000.0,0.0,0,0,0.005,0.0,0.0,0.0,0,0,0,0,0.0,0.0,0.0,57,0,0,0,10,2,2,2,1,10,0,0,0,2,10,0,Generic,1
1.462357,tcp,http,FIN,24,114,1566,144763,93.684371,62,252,8211.401367,785001.1875,2,55,63.580743,12.127212,3119.995853,1699.043654,255,3833276762,2694166780,255,0.123123,0.044683,0.07844,65,1270,1,69771,1,1,1,1,1,1,0,0,1,3,1,0,Generic,1
3e-06,udp,dns,INT,2,0,114,0,333333.3215,254,0,152000000.0,0.0,0,0,0.003,0.0,0.0,0.0,0,0,0,0,0.0,0.0,0.0,57,0,0,0,10,2,11,10,10,10,0,0,0,10,10,0,Generic,1
1e-05,udp,dns,INT,2,0,114,0,100000.0025,254,0,45600000.0,0.0,0,0,0.01,0.0,0.0,0.0,0,0,0,0,0.0,0.0,0.0,57,0,0,0,26,2,13,13,5,26,0,0,0,13,26,0,Generic,1
6e-06,udp,dns,INT,2,0,114,0,166666.6608,254,0,76000000.0,0.0,0,0,0.006,0.0,0.0,0.0,0,0,0,0,0.0,0.0,0.0,57,0,0,0,19,2,18,17,17,19,0,0,0,17,19,0,Generic,1
0.673781,tcp,http,FIN,10,6,586,268,22.262427,254,252,6269.099609,2659.61792,2,1,69.339556,110.855602,3652.426303,170.625516,255,2592217646,2555567569,255,0.192357,0.119494,0.072863,59,45,1,0,2,1,1,1,1,2,0,0,1,2,2,0,Generic,1
0.681986,tcp,ftp,FIN,10,10,2642,548,27.85981,254,252,27895.00195,5794.84082,2,2,75.776222,69.164336,4461.806915,118.790117,255,84376093,3664323936,255,0.122406,0.058868,0.063538,264,55,0,0,1,1,2,1,1,1,0,0,0,1,1,0,Generic,1
8e-06,unas,-,INT,2,0,200,0,125000.0003,254,0,100000000.0,0.0,0,0,0.008,0.0,0.0,0.0,0,0,0,0,0.0,0.0,0.0,100,0,0,0,5,2,1,1,1,5,0,0,0,1,5,0,Generic,1
5e-06,udp,dns,INT,2,0,114,0,200000.0051,254,0,91200000.0,0.0,0,0,0.005,0.0,0.0,0.0,0,0,0,0,0.0,0.0,0.0,57,0,0,0,22,2,17,17,17,22,0,0,0,18,22,0,Generic,1
9e-06,unas,-,INT,2,0,200,0,111111.1072,254,0,88888888.0,0.0,0,0,0.009,0.0,0.0,0.0,0,0,0,0,0.0,0.0,0.0,100,0,0,0,5,2,1,1,1,5,0,0,0,1,5,0,Generic,1
1e-06,udp,dns,INT,2,0,114,0,1000000.003,254,0,456000000.0,0.0,0,0,0.001,0.0,0.0,0.0,0,0,0,0,0.0,0.0,0.0,57,0,0,0,31,2,15,14,14,31,0,0,0,14,31,0,Generic,1
9e-06,udp,dns,INT,2,0,114,0,111111.1072,254,0,50666664.0,0.0,0,0,0.009,0.0,0.0,0.0,0,0,0,0,0.0,0.0,0.0,57,0,0,0,2,2,3,2,2,2,0,0,0,2,2,0,Generic,1
9e-06,unas,-,INT,2,0,200,0,111111.1072,254,0,88888888.0,0.0,0,0,0.009,0.0,0.0,0.0,0,0,0,0,0.0,0.0,0.0,100,0,0,0,6,2,3,3,3,6,0,0,0,4,6,0,Generic,1
3e-06,udp,dns,INT,2,0,114,0,333333.3215,254,0,152000000.0,0.0,0,0,0.003,0.0,0.0,0.0,0,0,0,0,0.0,0.0,0.0,57,0,0,0,27,2,8,8,8,27,0,0,0,8,27,0,Generic,1
3e-06,udp,dns,INT,2,0,114,0,333333.3215,254,0,152000000.0,0.0,0,0,0.003,0.0,0.0,0.0,0,0,0,0,0.0,0.0,0.0,57,0,0,0,31,2,17,17,17,31,0,0,0,17,31,0,Generic,1
1e-06,udp,dns,INT,2,0,114,0,1000000.003,254,0,456000000.0,0.0,0,0,0.001,0.0,0.0,0.0,0,0,0,0,0.0,0.0,0.0,57,0,0,0,18,2,3,2,2,18,0,0,0,2,18,0,Generic,1
2.167252,tcp,http,FIN,10,18,1152,12804,12.458172,254,252,3827.888916,44639.01563,2,6,240.688111,123.464003,16827.94959,14409.94018,255,2009930984,753777854,255,0.129092,0.068359,0.060733,115,711,1,5842,2,1,3,2,1,4,0,0,1,3,2,0,Generic,1
8.509854,tcp,http,FIN,12,12,1262,6720,2.702749,254,252,1087.680176,5790.933594,2,4,773.623068,764.55217,74016.57571,75566.73906,255,3683457547,1630227401,255,0.141934,0.099045,0.042889,105,560,1,2938,3,1,3,3,1,3,0,0,1,3,3,0,Generic,1
0.624932,tcp,http,FIN,10,6,1256,268,24.002612,254,252,14478.375,2867.511963,2,1,65.060556,103.986602,3690.112824,167.153562,255,1029555921,1828528656,255,0.146519,0.104996,0.041523,126,45,1,0,2,1,2,1,1,2,0,0,1,1,2,0,Generic,1
3e-06,udp,dns,INT,2,0,114,0,333333.3215,254,0,152000000.0,0.0,0,0,0.003,0.0,0.0,0.0,0,0,0,0,0.0,0.0,0.0,57,0,0,0,13,2,13,13,13,13,0,0,0,13,13,0,Generic,1
9e-06,unas,-,INT,2,0,200,0,111111.1072,254,0,88888888.0,0.0,0,0,0.009,0.0,0.0,0.0,0,0,0,0,0.0,0.0,0.0,100,0,0,0,7,2,1,1,1,7,0,0,0,2,7,0,Generic,1
0.91134,tcp,http,FIN,12,26,1204,29464,40.599557,62,252,9691.223633,248697.5156,2,11,82.761912,33.30808,4712.641377,4020.674989,255,3728453991,882285103,255,0.177503,0.078634,0.098869,100,1133,1,13824,1,1,2,1,1,1,0,0,1,1,1,0,Generic,1
6e-06,udp,dns,INT,2,0,114,0,166666.6608,254,0,76000000.0,0.0,0,0,0.006,0.0,0.0,0.0,0,0,0,0,0.0,0.0,0.0,57,0,0,0,25,2,17,17,17,25,0,0,0,18,25,0,Generic,1
3e-06,udp,dns,INT,2,0,114,0,333333.3215,254,0,152000000.0,0.0,0,0,0.003,0.0,0.0,0.0,0,0,0,0,0.0,0.0,0.0,57,0,0,0,28,2,13,13,13,28,0,0,0,13,28,0,Generic,1
5e-06,udp,dns,INT,2,0,114,0,200000.0051,254,0,91200000.0,0.0,0,0,0.005,0.0,0.0,0.0,0,0,0,0,0.0,0.0,0.0,57,0,0,0,28,2,16,15,15,28,0,0,0,15,28,0,Generic,1
4e-06,udp,dns,INT,2,0,114,0,250000.0006,254,0,114000000.0,0.0,0,0,0.004,0.0,0.0,0.0,0,0,0,0,0.0,0.0,0.0,57,0,0,0,31,2,7,7,4,31,0,0,0,7,31,0,Generic,1
9e-06,udp,dns,INT,2,0,114,0,111111.1072,254,0,50666664.0,0.0,0,0,0.009,0.0,0.0,0.0,0,0,0,0,0.0,0.0,0.0,57,0,0,0,33,2,19,17,17,33,0,0,0,17,33,0,Generic,1
6e-06,udp,dns,INT,2,0,114,0,166666.6608,254,0,76000000.0,0.0,0,0,0.006,0.0,0.0,0.0,0,0,0,0,0.0,0.0,0.0,57,0,0,0,37,2,4,4,1,37,0,0,0,4,37,0,Generic,1
9e-06,udp,dns,INT,2,0,114,0,111111.1072,254,0,50666664.0,0.0,0,0,0.009,0.0,0.0,0.0,0,0,0,0,0.0,0.0,0.0,57,0,0,0,14,2,1,1,1,14,0,0,0,1,14,0,Generic,1
9e-06,udp,dns,INT,2,0,114,0,111111.1072,254,0,50666664.0,0.0,0,0,0.009,0.0,0.0,0.0,0,0,0,0,0.0,0.0,0.0,57,0,0,0,32,2,15,15,15,32,0,0,0,15,32,0,Generic,1
0.971238,tcp,-,FIN,14,8,8896,354,21.621888,254,252,68045.10938,2553.442139,4,1,72.902922,128.362859,4929.005039,263.831344,255,53997929,2147732197,255,0.141987,0.072695,0.069292,635,44,0,0,1,1,1,1,1,1,0,0,0,2,3,0,Generic,1
2e-06,udp,dns,INT,2,0,114,0,500000.0013,254,0,228000000.0,0.0,0,0,0.002,0.0,0.0,0.0,0,0,0,0,0.0,0.0,0.0,57,0,0,0,18,2,1,1,1,18,0,0,0,1,18,0,Generic,1
3e-06,udp,dns,INT,2,0,114,0,333333.3215,254,0,152000000.0,0.0,0,0,0.003,0.0,0.0,0.0,0,0,0,0,0.0,0.0,0.0,57,0,0,0,20,2,3,3,3,20,0,0,0,3,20,0,Generic,1
3e-06,udp,dns,INT,2,0,114,0,333333.3215,254,0,152000000.0,0.0,0,0,0.003,0.0,0.0,0.0,0,0,0,0,0.0,0.0,0.0,57,0,0,0,23,2,22,22,12,23,0,0,0,22,23,0,Generic,1
9e-06,udp,dns,INT,2,0,114,0,111111.1072,254,0,50666664.0,0.0,0,0,0.009,0.0,0.0,0.0,0,0,0,0,0.0,0.0,0.0,57,0,0,0,16,2,18,16,16,19,0,0,0,18,16,0,Generic,1
5e-06,udp,dns,INT,2,0,114,0,200000.0051,254,0,91200000.0,0.0,0,0,0.005,0.0,0.0,0.0,0,0,0,0,0.0,0.0,0.0,57,0,0,0,31,2,18,18,18,31,0,0,0,18,31,0,Generic,1
1.769901,tcp,http,FIN,10,10,1136,1224,10.735063,254,252,4623.987305,4981.069336,2,2,196.655667,184.674109,15584.13193,347.878469,255,3788895847,1618393790,255,0.17159,0.107166,0.064424,114,122,1,212,2,1,2,1,1,4,0,0,1,2,2,0,Generic,1
3e-06,udp,dns,INT,2,0,114,0,333333.3215,254,0,152000000.0,0.0,0,0,0.003,0.0,0.0,0.0,0,0,0,0,0.0,0.0,0.0,57,0,0,0,31,2,13,13,13,31,0,0,0,14,31,0,Generic,1
5e-06,udp,dns,INT,2,0,114,0,200000.0051,254,0,91200000.0,0.0,0,0,0.005,0.0,0.0,0.0,0,0,0,0,0.0,0.0,0.0,57,0,0,0,34,2,36,34,16,34,0,0,0,34,34,0,Generic,1
9e-06,udp,dns,INT,2,0,114,0,111111.1072,254,0,50666664.0,0.0,0,0,0.009,0.0,0.0,0.0,0,0,0,0,0.0,0.0,0.0,57,0,0,0,12,2,9,9,3,13,0,0,0,9,12,0,Generic,1
9e-06,udp,dns,INT,2,0,114,0,111111.1072,254,0,50666664.0,0.0,0,0,0.009,0.0,0.0,0.0,0,0,0,0,0.0,0.0,0.0,57,0,0,0,24,2,16,16,8,24,0,0,0,16,24,0,Generic,1
8e-06,udp,dns,INT,2,0,114,0,125000.0003,254,0,57000000.0,0.0,0,0,0.008,0.0,0.0,0.0,0,0,0,0,0.0,0.0,0.0,57,0,0,0,17,2,18,17,17,19,0,0,0,17,17,0,Generic,1
9e-06,udp,dns,INT,2,0,114,0,111111.1072,254,0,50666664.0,0.0,0,0,0.009,0.0,0.0,0.0,0,0,0,0,0.0,0.0,0.0,57,0,0,0,29,2,18,16,16,30,0,0,0,18,29,0,Generic,1
4e-06,udp,dns,INT,2,0,114,0,250000.0006,254,0,114000000.0,0.0,0,0,0.004,0.0,0.0,0.0,0,0,0,0,0.0,0.0,0.0,57,0,0,0,33,2,18,16,16,33,0,0,0,16,33,0,Generic,1
14.847153,tcp,http,FIN,176,1048,8330,1429148,82.372696,62,252,4463.078125,769324.625,2,522,84.840877,14.110793,4010.509563,1680.567636,255,4097623417,1963188386,255,0.147101,0.068028,0.079073,47,1364,1,693194,2,1,1,1,1,1,0,0,1,1,1,0,Generic,1
2.9e-05,udp,dns,INT,2,0,114,0,34482.75776,254,0,15724138.0,0.0,0,0,0.029,0.0,0.0,0.0,0,0,0,0,0.0,0.0,0.0,57,0,0,0,34,2,34,34,18,34,0,0,0,34,34,0,Generic,1
9e-06,udp,dns,INT,2,0,114,0,111111.1072,254,0,50666664.0,0.0,0,0,0.009,0.0,0.0,0.0,0,0,0,0,0.0,0.0,0.0,57,0,0,0,19,2,18,18,18,19,0,0,0,18,19,0,Generic,1
6e-06,udp,dns,INT,2,0,114,0,166666.6608,254,0,76000000.0,0.0,0,0,0.006,0.0,0.0,0.0,0,0,0,0,0.0,0.0,0.0,57,0,0,0,23,2,8,8,8,23,0,0,0,8,23,0,Generic,1
2.029841,tcp,http,FIN,12,12,1802,4120,11.330937,62,252,6510.85498,14885.89551,3,3,184.531006,168.099641,10024.68004,278.165156,255,1210067142,1342502146,255,0.224138,0.116817,0.107321,150,343,1,706,2,1,1,1,1,2,0,0,1,2,1,0,Generic,1
7e-06,udp,dns,INT,2,0,114,0,142857.1409,254,0,65142856.0,0.0,0,0,0.007,0.0,0.0,0.0,0,0,0,0,0.0,0.0,0.0,57,0,0,0,33,2,2,2,2,33,0,0,0,2,33,0,Generic,1
9e-06,udp,dns,INT,2,0,114,0,111111.1072,254,0,50666664.0,0.0,0,0,0.009,0.0,0.0,0.0,0,0,0,0,0.0,0.0,0.0,57,0,0,0,33,2,16,16,16,34,0,0,0,16,33,0,Generic,1
3e-06,udp,dns,INT,2,0,114,0,333333.3215,254,0,152000000.0,0.0,0,0,0.003,0.0,0.0,0.0,0,0,0,0,0.0,0.0,0.0,57,0,0,0,29,2,13,13,13,30,0,0,0,13,29,0,Generic,1
6e-06,udp,dns,INT,2,0,114,0,166666.6608,254,0,76000000.0,0.0,0,0,0.006,0.0,0.0,0.0,0,0,0,0,0.0,0.0,0.0,57,0,0,0,24,2,7,7,7,24,0,0,0,7,24,0,Generic,1
3e-06,udp,dns,INT,2,0,114,0,333333.3215,254,0,152000000.0,0.0,0,0,0.003,0.0,0.0,0.0,0,0,0,0,0.0,0.0,0.0,57,0,0,0,4,2,4,4,4,5,0,0,0,4,4,0,Generic,1
1e-05,udp,dns,INT,2,0,114,0,100000.0025,254,0,45600000.0,0.0,0,0,0.01,0.0,0.0,0.0,0,0,0,0,0.0,0.0,0.0,57,0,0,0,23,2,13,13,13,23,0,0,0,13,23,0,Generic,1
0.526847,tcp,http,FIN,12,20,1264,19986,58.840612,62,252,17599.03711,288311.4063,2,8,47.895183,25.625052,3385.122043,2955.300592,255,1478029044,1307517906,255,0.097832,0.03938,0.058452,105,999,1,9211,1,1,1,1,1,1,0,0,1,2,1,0,Generic,1
9e-06,unas,-,INT,2,0,200,0,111111.1072,254,0,88888888.0,0.0,0,0,0.009,0.0,0.0,0.0,0,0,0,0,0.0,0.0,0.0,100,0,0,0,3,2,3,2,2,4,0,0,0,5,3,0,Generic,1
8e-06,udp,dns,INT,2,0,114,0,125000.0003,254,0,57000000.0,0.0,0,0,0.008,0.0,0.0,0.0,0,0,0,0,0.0,0.0,0.0,57,0,0,0,25,2,3,3,3,25,0,0,0,3,25,0,Generic,1
1.781108,tcp,smtp,FIN,38,22,30988,1800,33.125447,254,252,135524.625,7721.036621,16,8,48.138056,80.801711,3202.177747,99.950195,255,3985262376,3185323716,255,0.20043,0.081659,0.118771,815,82,0,0,1,1,1,1,1,1,0,0,0,2,1,0,Generic,1
0.947589,tcp,-,FIN,12,10,2604,574,22.161507,254,252,20152.19727,4364.761719,3,3,84.119821,91.456664,4438.984474,122.041469,255,1977258823,2736518208,255,0.292762,0.124478,0.168284,217,57,0,0,2,1,1,1,1,1,0,0,0,1,1,0,Generic,1
9e-06,udp,dns,INT,2,0,114,0,111111.1072,254,0,50666664.0,0.0,0,0,0.009,0.0,0.0,0.0,0,0,0,0,0.0,0.0,0.0,57,0,0,0,33,2,19,17,17,34,0,0,0,18,33,0,Generic,1
6e-06,gre,-,INT,2,0,156,0,166666.6608,254,0,104000000.0,0.0,0,0,0.006,0.0,0.0,0.0,0,0,0,0,0.0,0.0,0.0,78,0,0,0,2,2,2,2,2,2,0,0,0,2,2,0,Generic,1
7e-06,udp,dns,INT,2,0,114,0,142857.1409,254,0,65142856.0,0.0,0,0,0.007,0.0,0.0,0.0,0,0,0,0,0.0,0.0,0.0,57,0,0,0,17,2,5,5,4,17,0,0,0,5,17,0,Generic,1
6e-06,udp,dns,INT,2,0,114,0,166666.6608,254,0,76000000.0,0.0,0,0,0.006,0.0,0.0,0.0,0,0,0,0,0.0,0.0,0.0,57,0,0,0,22,2,16,16,16,23,0,0,0,16,22,0,Generic,1
9e-06,udp,dns,INT,2,0,114,0,111111.1072,254,0,50666664.0,0.0,0,0,0.009,0.0,0.0,0.0,0,0,0,0,0.0,0.0,0.0,57,0,0,0,16,2,16,16,16,18,0,0,0,16,16,0,Generic,1
6e-06,udp,dns,INT,2,0,114,0,166666.6608,254,0,76000000.0,0.0,0,0,0.006,0.0,0.0,0.0,0,0,0,0,0.0,0.0,0.0,57,0,0,0,17,2,17,17,17,19,0,0,0,17,17,0,Generic,1
2.982797,tcp,-,FIN,14,14,2710,2088,9.051907,254,252,6750.710938,5200.488281,4,4,229.445918,221.231766,13712.46181,441.207844,255,850892757,3095100589,255,0.247229,0.106025,0.141204,194,149,0,0,1,1,2,1,1,2,0,0,0,3,2,0,Generic,1
2e-06,udp,dns,INT,2,0,114,0,500000.0013,254,0,228000000.0,0.0,0,0,0.002,0.0,0.0,0.0,0,0,0,0,0.0,0.0,0.0,57,0,0,0,19,2,19,19,9,19,0,0,0,19,19,0,Generic,1
4e-06,udp,dns,INT,2,0,114,0,250000.0006,254,0,114000000.0,0.0,0,0,0.004,0.0,0.0,0.0,0,0,0,0,0.0,0.0,0.0,57,0,0,0,31,2,7,7,2,31,0,0,0,7,31,0,Generic,1
7e-06,unas,-,INT,2,0,200,0,142857.1409,254,0,114285712.0,0.0,0,0,0.007,0.0,0.0,0.0,0,0,0,0,0.0,0.0,0.0,100,0,0,0,4,2,2,2,2,5,0,0,0,4,4,0,Generic,1
8e-06,udp,dns,INT,2,0,114,0,125000.0003,254,0,57000000.0,0.0,0,0,0.008,0.0,0.0,0.0,0,0,0,0,0.0,0.0,0.0,57,0,0,0,15,2,16,15,15,15,0,0,0,15,15,0,Generic,1
6e-06,udp,dns,INT,2,0,114,0,166666.6608,254,0,76000000.0,0.0,0,0,0.006,0.0,0.0,0.0,0,0,0,0,0.0,0.0,0.0,57,0,0,0,32,2,2,2,2,32,0,0,0,2,32,0,Generic,1
1e-05,udp,-,INT,2,0,1416,0,100000.0025,254,0,566400000.0,0.0,0,0,0.01,0.0,0.0,0.0,0,0,0,0,0.0,0.0,0.0,708,0,0,0,3,2,1,1,1,2,0,0,0,1,2,0,Generic,1
8e-06,udp,dns,INT,2,0,114,0,125000.0003,254,0,57000000.0,0.0,0,0,0.008,0.0,0.0,0.0,0,0,0,0,0.0,0.0,0.0,57,0,0,0,22,2,2,2,2,22,0,0,0,2,22,0,Generic,1
3e-05,udp,dns,INT,2,0,114,0,33333.33418,254,0,15200000.0,0.0,0,0,0.03,0.0,0.0,0.0,0,0,0,0,0.0,0.0,0.0,57,0,0,0,22,2,16,16,16,23,0,0,0,16,22,0,Generic,1
6e-06,unas,-,INT,2,0,200,0,166666.6608,254,0,133333328.0,0.0,0,0,0.006,0.0,0.0,0.0,0,0,0,0,0.0,0.0,0.0,100,0,0,0,5,2,1,1,1,5,0,0,0,3,5,0,Generic,1
3e-06,udp,dns,INT,2,0,114,0,333333.3215,254,0,152000000.0,0.0,0,0,0.003,0.0,0.0,0.0,0,0,0,0,0.0,0.0,0.0,57,0,0,0,11,2,11,11,11,12,0,0,0,11,11,0,Generic,1
3e-06,udp,dns,INT,2,0,114,0,333333.3215,254,0,152000000.0,0.0,0,0,0.003,0.0,0.0,0.0,0,0,0,0,0.0,0.0,0.0,57,0,0,0,22,2,7,6,6,23,0,0,0,7,22,0,Generic,1
4e-06,udp,dns,INT,2,0,114,0,250000.0006,254,0,114000000.0,0.0,0,0,0.004,0.0,0.0,0.0,0,0,0,0,0.0,0.0,0.0,57,0,0,0,4,2,5,4,4,4,0,0,0,4,4,0,Generic,1
3e-06,udp,dns,INT,2,0,114,0,333333.3215,254,0,152000000.0,0.0,0,0,0.003,0.0,0.0,0.0,0,0,0,0,0.0,0.0,0.0,57,0,0,0,19,2,2,2,2,19,0,0,0,2,19,0,Generic,1
0.438143,tcp,-,FIN,10,6,568,268,34.235399,254,252,9348.545898,4089.989014,2,1,43.771778,73.611398,2312.638315,106.578523,255,971470861,626277885,255,0.145599,0.070077,0.075522,57,45,0,0,1,1,1,1,1,1,0,0,0,29,1,0,Generic,1
7e-06,udp,dns,INT,2,0,114,0,142857.1409,254,0,65142856.0,0.0,0,0,0.007,0.0,0.0,0.0,0,0,0,0,0.0,0.0,0.0,57,0,0,0,33,2,34,33,16,33,0,0,0,33,33,0,Generic,1
7e-06,udp,dns,INT,2,0,114,0,142857.1409,254,0,65142856.0,0.0,0,0,0.007,0.0,0.0,0.0,0,0,0,0,0.0,0.0,0.0,57,0,0,0,31,2,1,1,1,31,0,0,0,1,31,0,Generic,1
9e-06,udp,dns,INT,2,0,114,0,111111.1072,254,0,50666664.0,0.0,0,0,0.009,0.0,0.0,0.0,0,0,0,0,0.0,0.0,0.0,57,0,0,0,17,2,19,17,17,17,0,0,0,17,17,0,Generic,1
1e-05,udp,-,INT,2,0,1430,0,100000.0025,254,0,572000000.0,0.0,0,0,0.01,0.0,0.0,0.0,0,0,0,0,0.0,0.0,0.0,715,0,0,0,1,2,1,1,1,1,0,0,0,1,1,0,Generic,1
7e-06,udp,dns,INT,2,0,114,0,142857.1409,254,0,65142856.0,0.0,0,0,0.007,0.0,0.0,0.0,0,0,0,0,0.0,0.0,0.0,57,0,0,0,26,2,11,9,9,26,0,0,0,9,26,0,Generic,1
0.846235,tcp,http,FIN,12,26,1204,29464,43.72308,62,252,10436.81738,267831.0625,2,11,76.930457,31.268,4423.583024,3530.368077,255,949234818,141502274,255,0.103601,0.063811,0.03979,100,1133,1,13824,1,1,1,1,1,1,0,0,1,2,1,0,Generic,1
1.184669,udp,-,CON,2,2,1316,678,2.532353,254,60,4443.435059,2289.24707,0,0,0.01,0.008,0.0,0.0,0,0,0,0,0.0,0.0,0.0,658,339,0,0,1,0,1,1,1,1,0,0,0,18,1,0,Generic,1
0.30937,tcp,http,FIN,10,6,1068,268,48.48563,254,252,24876.36133,5792.416504,2,1,31.582667,48.068801,1614.753298,61.786328,255,989546060,459520931,255,0.119799,0.06901,0.050789,107,45,1,0,1,1,1,1,1,1,0,0,1,1,1,0,Generic,1
9e-06,udp,dns,INT,2,0,114,0,111111.1072,254,0,50666664.0,0.0,0,0,0.009,0.0,0.0,0.0,0,0,0,0,0.0,0.0,0.0,57,0,0,0,34,2,5,5,5,34,0,0,0,5,34,0,Generic,1
0.903551,tcp,smtp,FIN,14,10,2714,742,25.455121,254,252,22320.82031,5914.441895,4,3,66.282538,85.217219,3558.031079,113.361484,255,591575729,478250805,255,0.22983,0.136586,0.093244,194,74,0,0,1,1,1,1,1,2,0,0,0,1,1,0,Generic,1
9e-06,udp,dns,INT,2,0,114,0,111111.1072,254,0,50666664.0,0.0,0,0,0.009,0.0,0.0,0.0,0,0,0,0,0.0,0.0,0.0,57,0,0,0,13,2,14,13,13,13,0,0,0,14,13,0,Generic,1
9e-06,udp,dns,INT,2,0,114,0,111111.1072,254,0,50666664.0,0.0,0,0,0.009,0.0,0.0,0.0,0,0,0,0,0.0,0.0,0.0,57,0,0,0,2,2,2,2,2,3,0,0,0,2,2,0,Generic,1
9e-06,udp,dns,INT,2,0,114,0,111111.1072,254,0,50666664.0,0.0,0,0,0.009,0.0,0.0,0.0,0,0,0,0,0.0,0.0,0.0,57,0,0,0,3,2,3,3,3,5,0,0,0,3,3,0,Generic,1
9e-06,udp,dns,INT,2,0,114,0,111111.1072,254,0,50666664.0,0.0,0,0,0.009,0.0,0.0,0.0,0,0,0,0,0.0,0.0,0.0,57,0,0,0,26,2,17,16,16,26,0,0,0,16,29,0,Generic,1
9e-06,unas,-,INT,2,0,200,0,111111.1072,254,0,88888888.0,0.0,0,0,0.009,0.0,0.0,0.0,0,0,0,0,0.0,0.0,0.0,100,0,0,0,6,2,2,2,2,6,0,0,0,2,6,0,Generic,1
0.662181,tcp,http,FIN,14,34,1370,36502,70.97757,62,252,15379.48047,428027.9688,2,14,50.937,18.924091,3283.878485,2070.77639,255,3186381959,3778180170,255,0.073041,0.020161,0.05288,98,1074,1,17185,1,1,1,1,1,1,0,0,1,10,1,0,Generic,1
9e-06,udp,dns,INT,2,0,114,0,111111.1072,254,0,50666664.0,0.0,0,0,0.009,0.0,0.0,0.0,0,0,0,0,0.0,0.0,0.0,57,0,0,0,27,2,4,4,4,27,0,0,0,4,27,0,Generic,1
8e-06,udp,dns,INT,2,0,114,0,125000.0003,254,0,57000000.0,0.0,0,0,0.008,0.0,0.0,0.0,0,0,0,0,0.0,0.0,0.0,57,0,0,0,22,2,6,6,6,22,0,0,0,7,22,0,Generic,1
3e-06,udp,dns,INT,2,0,114,0,333333.3215,254,0,152000000.0,0.0,0,0,0.003,0.0,0.0,0.0,0,0,0,0,0.0,0.0,0.0,57,0,0,0,6,2,6,6,6,6,0,0,0,7,6,0,Generic,1
5e-06,udp,dns,INT,2,0,114,0,200000.0051,254,0,91200000.0,0.0,0,0,0.005,0.0,0.0,0.0,0,0,0,0,0.0,0.0,0.0,57,0,0,0,19,2,16,16,16,19,0,0,0,18,19,0,Generic,1
9e-06,udp,dns,INT,2,0,114,0,111111.1072,254,0,50666664.0,0.0,0,0,0.009,0.0,0.0,0.0,0,0,0,0,0.0,0.0,0.0,57,0,0,0,17,2,20,17,17,19,0,0,0,19,17,0,Generic,1
8e-06,udp,dns,INT,2,0,114,0,125000.0003,254,0,57000000.0,0.0,0,0,0.008,0.0,0.0,0.0,0,0,0,0,0.0,0.0,0.0,57,0,0,0,26,2,13,10,10,26,0,0,0,10,29,0,Generic,1
8e-06,udp,dns,INT,2,0,114,0,125000.0003,254,0,57000000.0,0.0,0,0,0.008,0.0,0.0,0.0,0,0,0,0,0.0,0.0,0.0,57,0,0,0,18,2,1,1,1,18,0,0,0,1,18,0,Generic,1
3e-06,udp,dns,INT,2,0,114,0,333333.3215,254,0,152000000.0,0.0,0,0,0.003,0.0,0.0,0.0,0,0,0,0,0.0,0.0,0.0,57,0,0,0,37,2,4,4,1,37,0,0,0,4,37,0,Generic,1
9e-06,udp,dns,INT,2,0,114,0,111111.1072,254,0,50666664.0,0.0,0,0,0.009,0.0,0.0,0.0,0,0,0,0,0.0,0.0,0.0,57,0,0,0,36,2,4,4,2,36,0,0,0,4,36,0,Generic,1
0.634043,tcp,ftp,FIN,10,8,2642,462,26.812063,254,252,30004.27539,5110.063477,2,2,70.449222,78.463,3639.343503,136.534609,255,1244454550,2838357125,255,0.146775,0.084266,0.062509,264,58,0,0,1,1,1,1,1,1,0,0,0,1,1,0,Generic,1
9e-06,udp,dns,INT,2,0,114,0,111111.1072,254,0,50666664.0,0.0,0,0,0.009,0.0,0.0,0.0,0,0,0,0,0.0,0.0,0.0,57,0,0,0,17,2,17,16,16,17,0,0,0,16,17,0,Generic,1
5e-06,udp,dns,INT,2,0,114,0,200000.0051,254,0,91200000.0,0.0,0,0,0.005,0.0,0.0,0.0,0,0,0,0,0.0,0.0,0.0,57,0,0,0,23,2,17,16,16,26,0,0,0,16,23,0,Generic,1
1e-05,udp,-,INT,2,0,1324,0,100000.0025,254,0,529600000.0,0.0,0,0,0.01,0.0,0.0,0.0,0,0,0,0,0.0,0.0,0.0,662,0,0,0,1,2,2,1,1,1,0,0,0,2,1,0,Generic,1
5e-06,udp,dns,INT,2,0,114,0,200000.0051,254,0,91200000.0,0.0,0,0,0.005,0.0,0.0,0.0,0,0,0,0,0.0,0.0,0.0,57,0,0,0,19,2,17,17,17,19,0,0,0,17,19,0,Generic,1
9e-06,udp,dns,INT,2,0,114,0,111111.1072,254,0,50666664.0,0.0,0,0,0.009,0.0,0.0,0.0,0,0,0,0,0.0,0.0,0.0,57,0,0,0,4,2,4,4,4,4,0,0,0,5,4,0,Generic,1
5e-06,udp,dns,INT,2,0,114,0,200000.0051,254,0,91200000.0,0.0,0,0,0.005,0.0,0.0,0.0,0,0,0,0,0.0,0.0,0.0,57,0,0,0,33,2,10,10,10,34,0,0,0,10,33,0,Generic,1
0.940277,tcp,-,FIN,12,12,820,648,24.460877,254,252,6398.114746,5053.830078,3,4,85.47973,73.588273,4518.794554,102.404273,255,3419241842,503090978,255,0.178702,0.128848,0.049854,68,54,0,0,1,1,1,1,1,1,0,0,0,1,1,0,Generic,1
3e-06,udp,dns,INT,2,0,114,0,333333.3215,254,0,152000000.0,0.0,0,0,0.003,0.0,0.0,0.0,0,0,0,0,0.0,0.0,0.0,57,0,0,0,24,2,1,1,1,24,0,0,0,2,24,0,Generic,1
1.291703,tcp,http,FIN,12,10,3770,1414,16.257607,62,252,21404.30078,7884.165527,3,2,117.42755,128.693445,8866.176109,185.461141,255,3579291785,3517079817,255,0.201219,0.132507,0.068712,314,141,1,0,1,1,2,1,1,3,0,0,1,2,1,0,Generic,1
7e-06,udp,dns,INT,2,0,114,0,142857.1409,254,0,65142856.0,0.0,0,0,0.007,0.0,0.0,0.0,0,0,0,0,0.0,0.0,0.0,57,0,0,0,10,2,11,10,10,13,0,0,0,11,10,0,Generic,1
5e-06,udp,dns,INT,2,0,114,0,200000.0051,254,0,91200000.0,0.0,0,0,0.005,0.0,0.0,0.0,0,0,0,0,0.0,0.0,0.0,57,0,0,0,30,2,19,17,17,30,0,0,0,17,30,0,Generic,1
0.628181,tcp,http,FIN,10,14,742,11442,36.613652,62,252,8507.102539,135311.3281,2,5,69.797889,41.608307,4014.542522,4095.165057,255,3826982126,1682536585,255,0.103068,0.050761,0.052307,74,817,1,5052,2,1,2,1,1,1,0,0,1,1,1,0,Generic,1
37.642654,ospf,-,INT,20,0,1280,0,0.504747,254,0,258.430237,0.0,0,0,1981.19225,0.0,2308.8885,0.0,0,0,0,0,0.0,0.0,0.0,64,0,0,0,2,2,2,2,2,2,0,0,0,2,2,0,Generic,1
1.161402,tcp,http,FIN,10,10,1216,1964,16.359538,254,252,7542.60791,12178.38477,2,2,128.936222,120.595664,7912.74948,181.047141,255,2526500758,2719024180,255,0.15893,0.076033,0.082897,122,196,1,452,1,1,2,1,1,1,0,0,1,2,1,0,Generic,1
9e-06,sctp,-,INT,2,0,104,0,111111.1072,254,0,46222220.0,0.0,0,0,0.009,0.0,0.0,0.0,0,0,0,0,0.0,0.0,0.0,52,0,0,0,2,2,2,2,2,2,0,0,0,2,2,0,Generic,1
1e-05,udp,dns,INT,2,0,114,0,100000.0025,254,0,45600000.0,0.0,0,0,0.01,0.0,0.0,0.0,0,0,0,0,0.0,0.0,0.0,57,0,0,0,16,2,5,5,3,16,0,0,0,5,16,0,Generic,1
3e-06,udp,dns,INT,2,0,114,0,333333.3215,254,0,152000000.0,0.0,0,0,0.003,0.0,0.0,0.0,0,0,0,0,0.0,0.0,0.0,57,0,0,0,8,2,8,8,8,8,0,0,0,9,8,0,Generic,1
3.882512,tcp,smtp,FIN,20,22,3346,2018,10.560173,254,252,6550.397949,3970.625,7,8,204.295678,180.588234,11139.66645,223.76875,255,962788347,190226812,255,0.170455,0.09015,0.080305,167,92,0,0,1,1,1,1,1,1,0,0,0,1,1,0,Generic,1
9e-06,udp,dns,INT,2,0,114,0,111111.1072,254,0,50666664.0,0.0,0,0,0.009,0.0,0.0,0.0,0,0,0,0,0.0,0.0,0.0,57,0,0,0,18,2,2,2,1,18,0,0,0,2,18,0,Generic,1
0.414189,tcp,http,FIN,10,10,1034,5090,45.872777,62,252,17982.12891,88481.34375,2,3,46.021,37.030556,2448.264069,3099.927,255,3013073073,3139545871,255,0.119734,0.058423,0.061311,103,509,1,2032,1,1,14,1,1,1,0,0,1,1,1,0,Generic,1
3e-06,udp,dns,INT,2,0,114,0,333333.3215,254,0,152000000.0,0.0,0,0,0.003,0.0,0.0,0.0,0,0,0,0,0.0,0.0,0.0,57,0,0,0,35,2,1,1,1,35,0,0,0,1,35,0,Generic,1
6e-06,udp,dns,INT,2,0,114,0,166666.6608,254,0,76000000.0,0.0,0,0,0.006,0.0,0.0,0.0,0,0,0,0,0.0,0.0,0.0,57,0,0,0,20,2,2,2,2,20,0,0,0,2,20,0,Generic,1
5e-06,udp,dns,INT,2,0,114,0,200000.0051,254,0,91200000.0,0.0,0,0,0.005,0.0,0.0,0.0,0,0,0,0,0.0,0.0,0.0,57,0,0,0,8,2,9,8,8,8,0,0,0,8,8,0,Generic,1
3.289697,tcp,http,FIN,32,138,1830,185587,51.372513,62,252,4311.643555,448048.5625,2,67,106.114901,23.306351,5177.365016,2790.795101,255,2627194754,3809703399,255,0.195753,0.096726,0.099027,57,1345,1,0,1,1,1,1,1,1,0,0,1,1,1,0,Generic,1
2e-06,udp,dns,INT,2,0,114,0,500000.0013,254,0,228000000.0,0.0,0,0,0.002,0.0,0.0,0.0,0,0,0,0,0.0,0.0,0.0,57,0,0,0,30,2,14,13,13,30,0,0,0,14,30,0,Generic,1
1e-05,udp,-,INT,2,0,1270,0,100000.0025,254,0,508000000.0,0.0,0,0,0.01,0.0,0.0,0.0,0,0,0,0,0.0,0.0,0.0,635,0,0,0,1,2,1,1,1,1,0,0,0,1,1,0,Generic,1
8e-06,udp,dns,INT,2,0,114,0,125000.0003,254,0,57000000.0,0.0,0,0,0.008,0.0,0.0,0.0,0,0,0,0,0.0,0.0,0.0,57,0,0,0,23,2,5,5,2,23,0,0,0,5,23,0,Generic,1
4e-06,udp,dns,INT,2,0,114,0,250000.0006,254,0,114000000.0,0.0,0,0,0.004,0.0,0.0,0.0,0,0,0,0,0.0,0.0,0.0,57,0,0,0,31,2,8,7,7,31,0,0,0,7,31,0,Generic,1
2.892281,tcp,http,FIN,16,22,3034,10458,12.792671,254,252,7869.221191,27612.80664,4,8,192.818727,135.426956,11622.65037,10778.0271,255,3595874046,2796854630,255,0.100504,0.047622,0.052882,190,475,1,554,2,1,1,1,1,18,0,0,1,2,1,0,Generic,1
1e-06,udp,dns,INT,2,0,114,0,1000000.003,254,0,456000000.0,0.0,0,0,0.001,0.0,0.0,0.0,0,0,0,0,0.0,0.0,0.0,57,0,0,0,20,2,17,16,16,20,0,0,0,16,20,0,Generic,1
7.07152,tcp,-,FIN,14,16,1028,2332,4.100957,62,252,1080.390137,2474.149902,4,4,543.95225,465.634531,50204.24664,1328.464,255,622107793,1807134876,255,0.174857,0.087,0.087857,73,146,0,0,5,1,1,1,1,4,0,0,0,1,4,0,Generic,1
10.880782,tcp,-,FIN,120,108,12104,11270,20.862471,254,252,8825.835938,8209.704102,47,47,91.435142,101.467875,5218.221989,166.478578,255,1746662837,1747964687,255,0.042896,0.022927,0.019969,101,104,0,0,1,1,1,1,1,1,0,0,0,1,1,0,Generic,1
5e-06,udp,dns,INT,2,0,114,0,200000.0051,254,0,91200000.0,0.0,0,0,0.005,0.0,0.0,0.0,0,0,0,0,0.0,0.0,0.0,57,0,0,0,4,2,4,4,4,4,0,0,0,5,12,0,Generic,1
4e-06,udp,dns,INT,2,0,114,0,250000.0006,254,0,114000000.0,0.0,0,0,0.004,0.0,0.0,0.0,0,0,0,0,0.0,0.0,0.0,57,0,0,0,33,2,33,33,17,33,0,0,0,34,33,0,Generic,1
0.553365,tcp,-,FIN,10,8,1524,398,30.721134,254,252,19835.00977,5045.494629,2,2,61.485,70.222859,3490.961895,106.180937,255,1001214247,4083569853,255,0.10625,0.04767,0.05858,152,50,0,0,1,1,1,1,1,1,0,0,0,1,1,0,Generic,1
1.719745,tcp,ssl,FIN,38,18,35114,4832,31.981485,254,252,159046.8281,21231.05469,16,4,46.479595,99.580529,4754.856432,6018.57935,255,4149830995,3183631254,255,0.063339,0.026209,0.03713,924,268,0,0,1,1,1,1,1,1,0,0,0,1,1,0,Generic,1
5e-06,udp,dns,INT,2,0,114,0,200000.0051,254,0,91200000.0,0.0,0,0,0.005,0.0,0.0,0.0,0,0,0,0,0.0,0.0,0.0,57,0,0,0,9,2,9,9,3,9,0,0,0,9,9,0,Generic,1
9e-06,udp,dns,INT,2,0,114,0,111111.1072,254,0,50666664.0,0.0,0,0,0.009,0.0,0.0,0.0,0,0,0,0,0.0,0.0,0.0,57,0,0,0,33,2,10,10,6,33,0,0,0,10,33,0,Generic,1
6e-06,udp,dns,INT,2,0,114,0,166666.6608,254,0,76000000.0,0.0,0,0,0.006,0.0,0.0,0.0,0,0,0,0,0.0,0.0,0.0,57,0,0,0,3,2,3,3,3,4,0,0,0,3,3,0,Generic,1
3e-06,udp,dns,INT,2,0,114,0,333333.3215,254,0,152000000.0,0.0,0,0,0.003,0.0,0.0,0.0,0,0,0,0,0.0,0.0,0.0,57,0,0,0,30,2,6,6,6,30,0,0,0,6,30,0,Generic,1
8e-06,udp,dns,INT,2,0,114,0,125000.0003,254,0,57000000.0,0.0,0,0,0.008,0.0,0.0,0.0,0,0,0,0,0.0,0.0,0.0,57,0,0,0,1,2,1,1,1,1,0,0,0,1,1,0,Generic,1
0.69328,tcp,http,FIN,12,8,1126,1482,27.405955,62,252,11920.14844,14966.53613,2,2,62.621906,89.68557,4079.580332,117.534852,255,3297941496,922349826,255,0.120976,0.065478,0.055498,94,185,1,234,1,1,1,1,1,1,0,0,1,1,1,0,Generic,1
9e-06,udp,dns,INT,2,0,114,0,111111.1072,254,0,50666664.0,0.0,0,0,0.009,0.0,0.0,0.0,0,0,0,0,0.0,0.0,0.0,57,0,0,0,1,2,1,1,1,2,0,0,0,1,1,0,Generic,1
58.881458,ospf,-,REQ,68,0,18496,0,1.137879,254,0,2476.025635,0.0,0,0,919.770813,0.0,1146.88425,0.0,0,0,0,0,0.0,0.0,0.0,272,0,0,0,2,6,3,2,2,5,0,0,0,4,2,0,Generic,1
9e-06,udp,dns,INT,2,0,114,0,111111.1072,254,0,50666664.0,0.0,0,0,0.009,0.0,0.0,0.0,0,0,0,0,0.0,0.0,0.0,57,0,0,0,7,2,1,1,1,7,0,0,0,1,7,0,Generic,1
1.068618,tcp,http,FIN,10,12,1354,3806,19.651549,62,252,9125.804688,26119.71484,2,3,118.735333,91.492727,8168.935561,6080.852193,255,245088605,3757309924,255,0.123129,0.061507,0.061622,135,317,1,1331,2,1,1,1,1,1,0,0,1,1,1,0,Generic,1
4e-06,udp,dns,INT,2,0,114,0,250000.0006,254,0,114000000.0,0.0,0,0,0.004,0.0,0.0,0.0,0,0,0,0,0.0,0.0,0.0,57,0,0,0,16,2,10,10,4,16,0,0,0,10,16,0,Generic,1
4e-06,udp,dns,INT,2,0,114,0,250000.0006,254,0,114000000.0,0.0,0,0,0.004,0.0,0.0,0.0,0,0,0,0,0.0,0.0,0.0,57,0,0,0,31,2,10,10,10,31,0,0,0,10,31,0,Generic,1
1e-05,udp,dns,INT,2,0,114,0,100000.0025,254,0,45600000.0,0.0,0,0,0.01,0.0,0.0,0.0,0,0,0,0,0.0,0.0,0.0,57,0,0,0,13,2,3,3,3,13,0,0,0,3,13,0,Generic,1
5e-06,udp,dns,INT,2,0,114,0,200000.0051,254,0,91200000.0,0.0,0,0,0.005,0.0,0.0,0.0,0,0,0,0,0.0,0.0,0.0,57,0,0,0,31,2,16,15,15,31,0,0,0,16,31,0,Generic,1
8e-06,udp,dns,INT,2,0,114,0,125000.0003,254,0,57000000.0,0.0,0,0,0.008,0.0,0.0,0.0,0,0,0,0,0.0,0.0,0.0,57,0,0,0,24,2,7,7,5,24,0,0,0,7,24,0,Generic,1
59.49752,ospf,-,INT,54,0,14688,0,0.890793,254,0,1938.366455,0.0,0,0,1122.594375,0.0,1293.59325,0.0,0,0,0,0,0.0,0.0,0.0,272,0,0,0,2,2,5,2,2,6,0,0,0,4,2,0,Generic,1
8e-06,udp,dns,INT,2,0,114,0,125000.0003,254,0,57000000.0,0.0,0,0,0.008,0.0,0.0,0.0,0,0,0,0,0.0,0.0,0.0,57,0,0,0,5,2,4,4,1,5,0,0,0,4,5,0,Generic,1
3.3e-05,udp,dns,INT,2,0,114,0,30303.03007,254,0,13818182.0,0.0,0,0,0.033,0.0,0.0,0.0,0,0,0,0,0.0,0.0,0.0,57,0,0,0,16,2,13,13,13,16,0,0,0,13,16,0,Generic,1
9e-06,udp,dns,INT,2,0,114,0,111111.1072,254,0,50666664.0,0.0,0,0,0.009,0.0,0.0,0.0,0,0,0,0,0.0,0.0,0.0,57,0,0,0,14,2,15,14,14,14,0,0,0,15,14,0,Generic,1
8e-06,udp,-,INT,2,0,1278,0,125000.0003,254,0,639000000.0,0.0,0,0,0.008,0.0,0.0,0.0,0,0,0,0,0.0,0.0,0.0,639,0,0,0,1,2,1,1,1,1,0,0,0,1,1,0,Generic,1
3e-06,udp,dns,INT,2,0,114,0,333333.3215,254,0,152000000.0,0.0,0,0,0.003,0.0,0.0,0.0,0,0,0,0,0.0,0.0,0.0,57,0,0,0,3,2,3,3,3,4,0,0,0,4,3,0,Generic,1
2e-06,udp,dns,INT,2,0,114,0,500000.0013,254,0,228000000.0,0.0,0,0,0.002,0.0,0.0,0.0,0,0,0,0,0.0,0.0,0.0,57,0,0,0,22,2,5,5,5,22,0,0,0,5,22,0,Generic,1
3e-06,udp,dns,INT,2,0,114,0,333333.3215,254,0,152000000.0,0.0,0,0,0.003,0.0,0.0,0.0,0,0,0,0,0.0,0.0,0.0,57,0,0,0,4,2,2,1,1,4,0,0,0,2,4,0,Generic,1
3e-06,udp,dns,INT,2,0,114,0,333333.3215,254,0,152000000.0,0.0,0,0,0.003,0.0,0.0,0.0,0,0,0,0,0.0,0.0,0.0,57,0,0,0,3,2,4,3,3,3,0,0,0,3,3,0,Generic,1
2.104695,tcp,http,FIN,10,18,1140,12804,12.828462,254,252,3899.852295,45965.80469,2,6,233.749889,118.123475,19001.21802,10271.23635,255,3621627692,2726102168,255,0.187536,0.096587,0.090949,114,711,1,5842,2,1,3,2,1,4,0,0,1,3,2,0,Generic,1
1.211645,tcp,smtp,FIN,12,12,652,718,18.982458,254,252,3948.351074,4351.109375,3,3,110.149543,104.558906,7574.508359,136.509062,255,4200877793,3640512939,255,0.114139,0.060747,0.053392,54,60,0,0,1,1,1,1,1,1,0,0,0,11,1,0,Generic,1
1.313287,tcp,http,FIN,10,14,1164,6806,17.513308,254,252,6383.981445,38498.82031,2,4,145.920778,96.222155,8267.875173,8554.396304,255,1446066535,2090713892,255,0.134118,0.062,0.072118,116,486,1,2938,5,1,3,3,1,6,0,0,1,3,5,0,Generic,1
9e-06,udp,dns,INT,2,0,114,0,111111.1072,254,0,50666664.0,0.0,0,0,0.009,0.0,0.0,0.0,0,0,0,0,0.0,0.0,0.0,57,0,0,0,32,2,1,1,1,32,0,0,0,1,32,0,Generic,1
0.30348,tcp,http,FIN,10,8,1200,2130,56.016871,62,252,28469.75,49136.67969,2,2,33.72,40.397855,1630.941852,59.415969,255,3679567900,1147778065,255,0.074931,0.016457,0.058474,120,266,1,578,1,1,1,1,1,1,0,0,1,1,1,0,Generic,1
8e-06,udp,dns,INT,2,0,114,0,125000.0003,254,0,57000000.0,0.0,0,0,0.008,0.0,0.0,0.0,0,0,0,0,0.0,0.0,0.0,57,0,0,0,9,2,1,1,1,9,0,0,0,1,9,0,Generic,1
32.905418,ospf,-,INT,28,0,12832,0,0.820534,254,0,3008.379883,0.0,0,0,1218.71925,0.0,1492.610625,0.0,0,0,0,0,0.0,0.0,0.0,458,0,0,0,1,2,1,1,1,1,0,0,0,1,1,0,Generic,1
1.583141,tcp,http,FIN,24,112,2134,138999,85.273518,62,252,10338.94043,696125.0,2,54,68.832217,12.862622,3286.935171,1613.390978,255,2811034665,454368869,255,0.208399,0.09673,0.111669,89,1241,1,66861,3,1,1,2,1,1,0,0,1,2,1,0,Generic,1
9e-06,udp,dns,INT,2,0,114,0,111111.1072,254,0,50666664.0,0.0,0,0,0.009,0.0,0.0,0.0,0,0,0,0,0.0,0.0,0.0,57,0,0,0,35,2,2,2,2,35,0,0,0,2,35,0,Generic,1
3e-06,udp,dns,INT,2,0,114,0,333333.3215,254,0,152000000.0,0.0,0,0,0.003,0.0,0.0,0.0,0,0,0,0,0.0,0.0,0.0,57,0,0,0,18,2,1,1,1,18,0,0,0,1,18,0,Generic,1
9e-06,udp,dns,INT,2,0,114,0,111111.1072,254,0,50666664.0,0.0,0,0,0.009,0.0,0.0,0.0,0,0,0,0,0.0,0.0,0.0,57,0,0,0,34,2,1,1,1,35,0,0,0,1,34,0,Generic,1
0.874911,tcp,http,FIN,10,8,1284,1502,19.430548,254,252,10570.21777,12024.08008,2,2,97.212333,116.04157,5251.513309,213.122703,255,3455927391,3167747201,255,0.10891,0.061844,0.047066,128,188,1,292,1,1,1,1,1,1,0,0,1,1,1,0,Generic,1
0.754778,tcp,http,FIN,10,10,1138,3814,25.172964,254,252,10864.12109,36386.85547,2,3,83.864222,74.206778,4305.6582,5302.252973,255,2259510272,1764974261,255,0.127427,0.086523,0.040904,114,381,1,1529,5,1,3,3,1,6,0,0,1,3,5,0,Generic,1
4e-06,sctp,-,INT,2,0,640,0,250000.0006,254,0,640000000.0,0.0,0,0,0.004,0.0,0.0,0.0,0,0,0,0,0.0,0.0,0.0,320,0,0,0,2,2,2,2,2,2,0,0,0,2,2,0,Generic,1
1.228565,tcp,http,FIN,10,8,1124,1686,13.837282,254,252,6589.802246,9611.212891,2,2,136.494111,163.350719,8362.817074,321.632938,255,302769738,432654490,255,0.125143,0.085102,0.040041,112,211,1,493,5,1,1,1,1,6,0,0,1,1,5,0,Generic,1
0.550536,tcp,http,FIN,10,10,1434,4420,34.511823,62,252,18759.90039,57805.48828,2,3,61.170667,52.012,3468.510788,3452.873292,255,2160183619,2068205292,255,0.188522,0.081771,0.106751,143,442,1,1614,3,1,1,1,1,3,0,0,1,1,3,0,Generic,1
5e-06,udp,dns,INT,2,0,114,0,200000.0051,254,0,91200000.0,0.0,0,0,0.005,0.0,0.0,0.0,0,0,0,0,0.0,0.0,0.0,57,0,0,0,19,2,2,2,2,19,0,0,0,2,27,0,Generic,1
6e-06,udp,-,INT,2,0,1182,0,166666.6608,254,0,788000000.0,0.0,0,0,0.006,0.0,0.0,0.0,0,0,0,0,0.0,0.0,0.0,591,0,0,0,1,2,1,1,1,1,0,0,0,1,1,0,Generic,1
3e-06,udp,dns,INT,2,0,114,0,333333.3215,254,0,152000000.0,0.0,0,0,0.003,0.0,0.0,0.0,0,0,0,0,0.0,0.0,0.0,57,0,0,0,26,2,17,16,9,26,0,0,0,16,26,0,Generic,1
9e-06,udp,snmp,INT,2,0,300,0,111111.1072,254,0,133333328.0,0.0,0,0,0.009,0.0,0.0,0.0,0,0,0,0,0.0,0.0,0.0,150,0,0,0,1,2,1,1,1,1,0,0,0,14,1,0,Generic,1
1.508221,tcp,-,FIN,12,12,734,566,15.249754,254,252,3569.768555,2752.912109,3,3,137.030097,125.484453,7976.284305,191.273266,255,3724694745,2979125114,255,0.201211,0.127885,0.073326,61,47,0,0,1,1,1,1,1,1,0,0,0,1,2,0,Generic,1
7e-06,udp,dns,INT,2,0,114,0,142857.1409,254,0,65142856.0,0.0,0,0,0.007,0.0,0.0,0.0,0,0,0,0,0.0,0.0,0.0,57,0,0,0,23,2,7,7,7,26,0,0,0,7,23,0,Generic,1
44.764431,tcp,http,FIN,542,3314,24406,4606315,86.11748,62,252,4353.635254,822961.625,2,1654,82.743769,13.485537,4002.647189,1636.408088,255,620170249,1978256891,255,0.219118,0.0995,0.119618,45,1390,1,2236480,1,1,1,1,1,1,0,0,1,1,2,0,Generic,1
0.875007,tcp,http,FIN,10,10,1256,1548,21.714113,62,252,10340.48926,12745.04102,2,2,97.223,82.231781,5496.074738,166.990813,255,639648639,4213009103,255,0.178588,0.106916,0.071672,126,155,1,254,1,1,1,1,1,1,0,0,1,2,1,0,Generic,1
2.431584,tcp,-,FIN,12,10,2638,574,8.636346,254,252,7958.598633,1700.948975,3,3,218.278003,261.081328,17171.28098,530.257562,255,701075152,250224678,255,0.164814,0.081851,0.082963,220,57,0,0,3,1,2,1,1,1,0,0,0,2,4,0,Generic,1
8e-06,udp,dns,INT,2,0,114,0,125000.0003,254,0,57000000.0,0.0,0,0,0.008,0.0,0.0,0.0,0,0,0,0,0.0,0.0,0.0,57,0,0,0,27,2,5,5,3,27,0,0,0,5,27,0,Generic,1
3e-06,udp,dns,INT,2,0,114,0,333333.3215,254,0,152000000.0,0.0,0,0,0.003,0.0,0.0,0.0,0,0,0,0,0.0,0.0,0.0,57,0,0,0,26,2,5,5,2,26,0,0,0,5,26,0,Generic,1
3.074095,tcp,http,FIN,40,212,2832,282467,81.650046,62,252,7187.806641,731623.4375,2,104,78.82295,14.314114,4409.555917,2201.075106,255,669922481,2054747202,255,0.101523,0.052818,0.048705,71,1332,1,136586,1,1,1,1,1,1,0,0,1,17,1,0,Generic,1
9e-06,udp,dns,INT,2,0,114,0,111111.1072,254,0,50666664.0,0.0,0,0,0.009,0.0,0.0,0.0,0,0,0,0,0.0,0.0,0.0,57,0,0,0,16,2,9,9,4,16,0,0,0,9,16,0,Generic,1
0.269837,tcp,-,FIN,10,8,564,412,63.000999,254,252,15060.94434,10702.75781,2,2,29.981889,34.267285,1566.874077,59.254852,255,4095886964,2084002923,255,0.068872,0.014105,0.054767,56,52,0,0,2,1,2,1,1,2,0,0,0,2,2,0,Generic,1
0.412566,tcp,http,FIN,10,8,862,2068,41.205528,62,252,15047.28906,35097.41406,2,2,45.840667,48.889,2502.603102,73.69718,255,435456866,4024976555,255,0.129705,0.069633,0.060072,86,259,1,485,1,1,1,1,1,1,0,0,1,1,1,0,Generic,1
9e-06,udp,dns,INT,2,0,114,0,111111.1072,254,0,50666664.0,0.0,0,0,0.009,0.0,0.0,0.0,0,0,0,0,0.0,0.0,0.0,57,0,0,0,7,2,7,7,2,7,0,0,0,7,7,0,Generic,1
5e-06,udp,dns,INT,2,0,114,0,200000.0051,254,0,91200000.0,0.0,0,0,0.005,0.0,0.0,0.0,0,0,0,0,0.0,0.0,0.0,57,0,0,0,20,2,5,4,4,21,0,0,0,4,20,0,Generic,1
9e-06,udp,dns,INT,2,0,114,0,111111.1072,254,0,50666664.0,0.0,0,0,0.009,0.0,0.0,0.0,0,0,0,0,0.0,0.0,0.0,57,0,0,0,20,2,7,7,2,20,0,0,0,7,20,0,Generic,1
0.743304,tcp,http,FIN,10,10,944,1212,25.561546,254,252,9148.342773,11742.16699,2,2,82.589333,69.413,5248.182816,129.065164,255,3181777924,1664451682,255,0.121786,0.08568,0.036106,94,121,1,162,1,1,1,1,1,1,0,0,1,1,1,0,Generic,1
0.624991,tcp,http,FIN,10,8,1192,2710,27.200392,62,252,13734.59766,30362.03711,2,2,69.336,86.659859,3696.825383,153.894828,255,2151428352,3299933118,255,0.095727,0.018364,0.077363,119,339,1,806,1,1,1,1,1,1,0,0,1,2,1,0,Generic,1
0.193772,tcp,http,FIN,10,10,1034,5090,98.053381,62,252,38436.92578,189129.4844,2,3,21.530222,20.171,1156.421171,1343.970107,255,1993602398,2338392478,255,0.023413,0.011532,0.011881,103,509,1,2032,2,1,1,1,1,1,0,0,1,1,1,0,Generic,1
59.400505,ospf,-,REQ,64,0,17408,0,1.060597,254,0,2307.859131,0.0,0,0,954.815563,0.0,1174.32875,0.0,0,0,0,0,0.0,0.0,0.0,272,0,0,0,2,6,3,2,2,5,0,0,0,3,2,0,Generic,1
6e-06,udp,dns,INT,2,0,114,0,166666.6608,254,0,76000000.0,0.0,0,0,0.006,0.0,0.0,0.0,0,0,0,0,0.0,0.0,0.0,57,0,0,0,41,2,8,8,8,41,0,0,0,8,41,0,Generic,1
1e-05,udp,dns,INT,2,0,114,0,100000.0025,254,0,45600000.0,0.0,0,0,0.01,0.0,0.0,0.0,0,0,0,0,0.0,0.0,0.0,57,0,0,0,23,2,8,7,7,23,0,0,0,7,23,0,Generic,1
1.284826,tcp,http,FIN,14,10,1888,4034,17.901256,62,252,10921.32324,22608.50781,3,3,98.754613,132.391672,5264.670507,182.182344,255,4289858887,3562683560,255,0.195839,0.093292,0.102547,135,403,1,706,2,1,1,1,1,1,0,0,1,1,1,0,Generic,1
5e-06,udp,dns,INT,2,0,114,0,200000.0051,254,0,91200000.0,0.0,0,0,0.005,0.0,0.0,0.0,0,0,0,0,0.0,0.0,0.0,57,0,0,0,16,2,4,4,1,16,0,0,0,4,16,0,Generic,1
2.087879,tcp,http,FIN,38,178,2584,238382,102.975319,62,252,9640.405273,908263.375,3,87,56.429163,11.332418,2914.250403,1480.282755,255,3899844467,1427168265,255,0.150597,0.068162,0.082435,68,1339,1,297,1,1,1,1,1,1,0,0,1,1,1,0,Generic,1
1.254756,tcp,http,FIN,16,56,1788,65231,56.584708,62,252,10692.11914,408474.6563,2,25,83.558865,21.806327,5140.31444,2986.780107,255,2044816440,3530623720,255,0.114529,0.055405,0.059124,112,1165,1,31107,1,1,1,1,1,1,0,0,1,18,1,0,Generic,1
0.885838,tcp,http,FIN,12,26,1206,29462,41.768361,62,252,9988.282227,255839.1094,2,11,80.530724,31.06784,4467.799115,3804.470383,255,161334991,2798034224,255,0.198932,0.108152,0.09078,101,1133,1,13824,3,1,1,2,1,1,0,0,1,2,1,0,Generic,1
4.598935,ospf,-,INT,82,0,5248,0,17.612773,254,0,9017.739258,0.0,0,0,56.776977,0.0,161.878984,0.0,0,0,0,0,0.0,0.0,0.0,64,0,0,0,1,2,13,1,1,1,0,0,0,1,1,0,Generic,1
2e-06,udp,dns,INT,2,0,114,0,500000.0013,254,0,228000000.0,0.0,0,0,0.002,0.0,0.0,0.0,0,0,0,0,0.0,0.0,0.0,57,0,0,0,31,2,16,16,16,31,0,0,0,17,31,0,Generic,1
1e-05,udp,-,INT,2,0,1346,0,100000.0025,254,0,538400000.0,0.0,0,0,0.01,0.0,0.0,0.0,0,0,0,0,0.0,0.0,0.0,673,0,0,0,2,2,1,1,1,1,0,0,0,5,1,0,Generic,1
9e-06,udp,dns,INT,2,0,114,0,111111.1072,254,0,50666664.0,0.0,0,0,0.009,0.0,0.0,0.0,0,0,0,0,0.0,0.0,0.0,57,0,0,0,30,2,13,13,6,30,0,0,0,13,30,0,Generic,1
9e-06,udp,-,INT,2,0,1202,0,111111.1072,254,0,534222208.0,0.0,0,0,0.009,0.0,0.0,0.0,0,0,0,0,0.0,0.0,0.0,601,0,0,0,1,2,2,1,1,1,0,0,0,1,2,0,Generic,1
0.59221,tcp,http,FIN,12,10,1722,2144,35.460394,254,252,21330.27148,26071.83203,3,3,53.837271,59.143777,2673.714004,88.485414,255,1750853820,2498897338,255,0.154426,0.059265,0.095161,144,214,1,157,1,1,1,1,1,1,0,0,1,1,1,0,Generic,1
0.464837,tcp,-,FIN,10,6,500,268,32.269375,254,252,7744.649902,3855.114746,2,1,48.714333,78.341602,2398.588197,106.732242,255,1075235882,3073534677,255,0.135791,0.073126,0.062665,50,45,0,0,1,1,1,1,1,1,0,0,0,1,1,0,Generic,1
59.810604,ospf,-,INT,130,0,35360,0,2.156808,254,0,4693.214355,0.0,0,0,463.647906,0.0,553.786375,0.0,0,0,0,0,0.0,0.0,0.0,272,0,0,0,2,2,2,2,2,2,0,0,0,2,2,0,Generic,1
3e-06,udp,dns,INT,2,0,114,0,333333.3215,254,0,152000000.0,0.0,0,0,0.003,0.0,0.0,0.0,0,0,0,0,0.0,0.0,0.0,57,0,0,0,31,2,1,1,1,31,0,0,0,1,31,0,Generic,1
0.458943,tcp,http,FIN,10,8,1432,1096,37.041636,254,252,22469.02148,16716.67188,2,2,50.979667,59.267285,2553.752188,82.037437,255,3417599129,2496130390,255,0.075792,0.044071,0.031721,143,137,1,215,1,1,1,1,1,1,0,0,1,2,1,0,Generic,1
8e-06,udp,dns,INT,2,0,114,0,125000.0003,254,0,57000000.0,0.0,0,0,0.008,0.0,0.0,0.0,0,0,0,0,0.0,0.0,0.0,57,0,0,0,21,2,11,11,4,21,0,0,0,11,21,0,Generic,1
2.036049,tcp,smtp,FIN,32,22,16698,1652,26.030809,62,252,63562.32422,6196.314941,12,8,65.679001,93.896187,4182.236792,147.239563,255,182601364,1291288201,255,0.076274,0.042764,0.03351,522,75,0,0,1,1,11,1,1,27,0,0,0,11,2,0,Generic,1
3e-06,udp,dns,INT,2,0,114,0,333333.3215,254,0,152000000.0,0.0,0,0,0.003,0.0,0.0,0.0,0,0,0,0,0.0,0.0,0.0,57,0,0,0,30,2,18,17,17,30,0,0,0,18,30,0,Generic,1
8e-06,udp,dns,INT,2,0,114,0,125000.0003,254,0,57000000.0,0.0,0,0,0.008,0.0,0.0,0.0,0,0,0,0,0.0,0.0,0.0,57,0,0,0,18,2,2,2,2,18,0,0,0,2,18,0,Generic,1
0.429406,tcp,http,FIN,10,6,590,268,34.931977,254,252,9892.735352,4173.207031,2,1,41.559444,63.846199,2149.082075,84.041977,255,1323765630,3426070773,255,0.154813,0.110168,0.044645,59,45,1,0,1,1,1,1,1,1,0,0,1,2,1,0,Generic,1
18.142353,tcp,-,FIN,8,6,364,268,0.716555,62,252,140.665329,98.774399,1,1,3023.700333,3609.92075,231281.7002,7194.7235,255,1445991233,984132176,255,0.176308,0.092748,0.08356,46,45,0,0,4,1,3,3,1,3,0,0,0,5,2,0,Generic,1
9e-06,udp,dns,INT,2,0,114,0,111111.1072,254,0,50666664.0,0.0,0,0,0.009,0.0,0.0,0.0,0,0,0,0,0.0,0.0,0.0,57,0,0,0,27,2,9,9,9,27,0,0,0,10,27,0,Generic,1
16.170187,ospf,-,REQ,16,0,4352,0,0.927633,254,0,2018.529541,0.0,0,0,1290.972,0.0,1493.258125,0.0,0,0,0,0,0.0,0.0,0.0,272,0,0,0,2,6,13,2,2,4,0,0,0,4,2,0,Generic,1
0.521064,tcp,ftp,FIN,14,14,2018,822,51.817053,254,252,28771.89844,11729.8457,4,5,40.01554,36.743078,1940.62562,42.360402,255,2821412561,3159712889,255,0.08292,0.043401,0.039519,144,59,0,0,1,1,1,1,1,1,0,0,0,1,1,0,Generic,1
1.134499,tcp,smtp,FIN,40,22,31190,1924,53.768229,254,252,214445.3281,12953.73633,17,8,29.065052,52.779191,2041.496465,66.656023,255,1566566210,3145202639,255,0.047322,0.026127,0.021195,780,87,0,0,1,1,1,1,1,1,0,0,0,1,1,0,Generic,1
5e-06,udp,dns,INT,2,0,114,0,200000.0051,254,0,91200000.0,0.0,0,0,0.005,0.0,0.0,0.0,0,0,0,0,0.0,0.0,0.0,57,0,0,0,20,2,4,4,2,21,0,0,0,4,20,0,Generic,1
0.859965,tcp,-,FIN,10,8,2448,354,19.768246,254,252,20503.16016,2883.838135,2,1,77.514444,110.575859,5028.136104,150.5035,255,2664132613,1295244682,255,0.146294,0.085933,0.060361,245,44,0,0,3,1,1,1,1,1,0,0,0,1,1,0,Generic,1
1e-06,udp,-,INT,2,0,1400,0,1000000.003,254,0,5600000000.0,0.0,0,0,0.001,0.0,0.0,0.0,0,0,0,0,0.0,0.0,0.0,700,0,0,0,1,2,1,1,1,1,0,0,0,1,1,0,Generic,1
0.442045,tcp,http,FIN,12,10,2122,3054,47.506475,62,252,35218.13281,49750.58984,3,3,40.18591,47.097668,1994.065543,57.655488,255,3444704580,223272659,255,0.071935,0.017415,0.05452,177,305,1,432,1,1,1,1,1,1,0,0,1,9,1,0,Generic,1
1.347437,tcp,http,FIN,12,22,1472,20072,24.490941,62,252,8015.216797,113756.7109,2,8,122.494273,58.721526,7485.767427,6227.992118,255,2961772807,3665262130,255,0.215316,0.091401,0.123915,123,912,1,9211,1,1,1,1,1,1,0,0,1,1,1,0,Generic,1
3e-06,udp,dns,INT,2,0,114,0,333333.3215,254,0,152000000.0,0.0,0,0,0.003,0.0,0.0,0.0,0,0,0,0,0.0,0.0,0.0,57,0,0,0,30,2,5,5,5,30,0,0,0,5,30,0,Generic,1
0.2438,tcp,http,FIN,10,8,1354,1164,69.729286,62,252,40000.0,33437.24219,2,2,27.088889,23.12,1421.912867,36.928613,255,2032631220,2561480151,255,0.099536,0.047398,0.052138,135,146,1,92,1,1,1,1,1,1,0,0,1,1,1,0,Generic,1
0.726831,tcp,http,FIN,10,8,1848,720,23.389205,254,252,18315.12305,6934.211426,2,2,80.759,87.963289,4384.077854,165.959734,255,2200620399,2860407311,255,0.131799,0.092827,0.038972,185,90,1,93,7,1,1,1,1,1,0,0,1,3,1,0,Generic,1
2.028164,tcp,http,FIN,12,28,788,29468,19.229215,62,252,2851.840576,112085.6172,2,11,184.378543,71.119518,10745.98873,8300.999993,255,3407383420,585055062,255,0.234384,0.107187,0.127197,66,1052,1,13824,1,1,1,1,1,1,0,0,1,1,2,0,Generic,1
9e-06,udp,dns,INT,2,0,114,0,111111.1072,254,0,50666664.0,0.0,0,0,0.009,0.0,0.0,0.0,0,0,0,0,0.0,0.0,0.0,57,0,0,0,8,2,2,2,2,8,0,0,0,2,8,0,Generic,1
6e-06,udp,-,INT,2,0,592,0,166666.6608,254,0,394666656.0,0.0,0,0,0.006,0.0,0.0,0.0,0,0,0,0,0.0,0.0,0.0,296,0,0,0,2,2,1,1,1,1,0,0,0,1,1,0,Generic,1
0.526483,tcp,http,FIN,10,12,1228,2364,39.887328,62,252,16805.86133,32927.9375,2,3,58.498111,44.802364,3922.086908,3362.793946,255,1673478699,279598150,255,0.047621,0.032906,0.014715,123,197,1,609,1,1,1,1,1,1,0,0,1,1,1,0,Generic,1
0.521439,tcp,http,FIN,10,10,558,1092,36.437626,254,252,7717.105469,15081.3418,2,2,57.937667,50.750668,4234.66018,98.219414,255,1856824309,3548860946,255,0.105688,0.056222,0.049466,56,109,1,110,1,1,1,1,1,1,0,0,1,1,1,0,Generic,1
7e-06,udp,dns,INT,2,0,114,0,142857.1409,254,0,65142856.0,0.0,0,0,0.007,0.0,0.0,0.0,0,0,0,0,0.0,0.0,0.0,57,0,0,0,18,2,1,1,1,18,0,0,0,1,18,0,Generic,1
9e-06,udp,dns,INT,2,0,114,0,111111.1072,254,0,50666664.0,0.0,0,0,0.009,0.0,0.0,0.0,0,0,0,0,0.0,0.0,0.0,57,0,0,0,20,2,6,4,4,20,0,0,0,4,20,0,Generic,1
1.541354,tcp,-,FIN,24,10,24172,440,21.409748,254,252,120231.9531,2055.335938,9,1,67.010129,161.871438,7266.351622,260.109156,255,3981327476,2512339724,255,0.194572,0.084502,0.11007,1007,44,0,0,2,1,1,1,1,1,0,0,0,1,2,0,Generic,1
7e-06,udp,dns,INT,2,0,114,0,142857.1409,254,0,65142856.0,0.0,0,0,0.007,0.0,0.0,0.0,0,0,0,0,0.0,0.0,0.0,57,0,0,0,33,2,5,5,5,33,0,0,0,5,33,0,Generic,1
1.211654,tcp,-,FIN,24,20,3538,1782,35.488681,254,252,22389.23047,11178.10938,9,8,51.680741,60.852895,2594.70026,73.306266,255,1084712711,334313584,255,0.079258,0.055445,0.023813,147,89,0,0,1,1,1,1,1,1,0,0,0,1,1,0,Generic,1
1e-06,udp,dns,INT,2,0,114,0,1000000.003,254,0,456000000.0,0.0,0,0,0.001,0.0,0.0,0.0,0,0,0,0,0.0,0.0,0.0,57,0,0,0,17,2,1,1,1,17,0,0,0,1,17,0,Generic,1
0.466087,tcp,http,FIN,10,16,1190,11848,53.638053,62,252,18382.83398,190659.6719,2,5,51.787444,27.933532,3680.407814,2618.941553,255,351221067,3116174194,255,0.093474,0.046347,0.047127,119,741,1,5280,1,1,1,1,1,2,0,0,1,1,1,0,Generic,1
2.393419,tcp,http,FIN,10,8,810,1060,7.10281,62,252,2436.681641,3101.838867,2,2,247.737111,326.513562,14791.3297,550.97825,255,372734062,2278666038,255,0.246401,0.107815,0.138586,81,133,1,128,1,1,1,1,1,1,0,0,1,1,1,0,Generic,1
5e-06,unas,-,INT,2,0,200,0,200000.0051,254,0,160000000.0,0.0,0,0,0.005,0.0,0.0,0.0,0,0,0,0,0.0,0.0,0.0,100,0,0,0,5,2,2,2,2,5,0,0,0,5,5,0,Generic,1
4e-06,udp,-,INT,2,0,1316,0,250000.0006,254,0,1316000000.0,0.0,0,0,0.004,0.0,0.0,0.0,0,0,0,0,0.0,0.0,0.0,658,0,0,0,1,2,1,1,1,1,0,0,0,1,1,0,Generic,1
4e-06,unas,-,INT,2,0,200,0,250000.0006,254,0,200000000.0,0.0,0,0,0.004,0.0,0.0,0.0,0,0,0,0,0.0,0.0,0.0,100,0,0,0,4,2,2,2,2,4,0,0,0,2,4,0,Generic,1
9.378412,udp,-,INT,8,0,712,0,0.746395,254,0,531.433228,0.0,0,0,1339.773125,0.0,1584.418625,0.0,0,0,0,0,0.0,0.0,0.0,89,0,0,0,2,2,1,1,1,1,0,0,0,2,3,0,Generic,1
8e-06,unas,-,INT,2,0,200,0,125000.0003,254,0,100000000.0,0.0,0,0,0.008,0.0,0.0,0.0,0,0,0,0,0.0,0.0,0.0,100,0,0,0,5,2,2,2,2,5,0,0,0,4,5,0,Generic,1
5e-06,unas,-,INT,2,0,200,0,200000.0051,254,0,160000000.0,0.0,0,0,0.005,0.0,0.0,0.0,0,0,0,0,0.0,0.0,0.0,100,0,0,0,5,2,2,2,2,5,0,0,0,4,5,0,Generic,1
8e-06,udp,dns,INT,2,0,114,0,125000.0003,254,0,57000000.0,0.0,0,0,0.008,0.0,0.0,0.0,0,0,0,0,0.0,0.0,0.0,57,0,0,0,22,2,6,6,6,22,0,0,0,6,22,0,Generic,1
0.689632,tcp,http,FIN,12,14,1960,8738,36.251218,62,252,20845.90039,94125.5625,3,5,62.693815,47.044617,3375.21279,3038.847119,255,553572515,3406701500,255,0.115443,0.045112,0.070331,163,624,1,3243,2,1,2,1,1,1,0,0,1,1,1,0,Generic,1
1.932372,tcp,smtp,FIN,24,20,8310,1764,22.252444,254,252,32970.87891,6938.622559,9,8,84.016171,99.788266,4791.184007,137.749375,255,2484317352,1609485483,255,0.163678,0.036327,0.127351,346,88,0,0,1,1,2,1,1,2,0,0,0,1,1,0,Generic,1
6e-06,unas,-,INT,2,0,200,0,166666.6608,254,0,133333328.0,0.0,0,0,0.006,0.0,0.0,0.0,0,0,0,0,0.0,0.0,0.0,100,0,0,0,2,2,1,1,1,2,0,0,0,4,2,0,Generic,1
0.443652,tcp,-,FIN,16,6,10156,268,47.334397,254,252,171702.1406,4039.201904,5,1,29.490999,70.973,1898.284273,111.629805,255,1055515788,356467284,255,0.162837,0.088781,0.074056,635,45,0,0,5,1,1,1,1,1,0,0,0,2,2,0,Generic,1
3e-06,udp,-,INT,2,0,2128,0,333333.3215,254,0,2837333248.0,0.0,0,0,0.003,0.0,0.0,0.0,0,0,0,0,0.0,0.0,0.0,1064,0,0,0,2,2,1,1,1,1,0,0,0,1,1,0,Generic,1
5e-06,unas,-,INT,2,0,200,0,200000.0051,254,0,160000000.0,0.0,0,0,0.005,0.0,0.0,0.0,0,0,0,0,0.0,0.0,0.0,100,0,0,0,3,2,2,1,1,3,0,0,0,3,3,0,Generic,1
8.705108,tcp,http,FIN,52,244,2626,332151,33.888151,254,252,2367.345703,303996.25,2,119,170.676797,35.218111,13153.26877,6860.829733,255,998880790,19423050,255,0.380442,0.147106,0.233336,51,1361,1,160901,1,1,1,1,1,1,0,0,1,1,1,0,Generic,1
1e-06,udp,dns,INT,2,0,114,0,1000000.003,254,0,456000000.0,0.0,0,0,0.001,0.0,0.0,0.0,0,0,0,0,0.0,0.0,0.0,57,0,0,0,3,2,3,3,1,3,0,0,0,3,3,0,Generic,1
5e-06,udp,dns,INT,2,0,114,0,200000.0051,254,0,91200000.0,0.0,0,0,0.005,0.0,0.0,0.0,0,0,0,0,0.0,0.0,0.0,57,0,0,0,40,2,1,1,1,40,0,0,0,1,40,0,Generic,1
3e-06,udp,dns,INT,2,0,114,0,333333.3215,254,0,152000000.0,0.0,0,0,0.003,0.0,0.0,0.0,0,0,0,0,0.0,0.0,0.0,57,0,0,0,15,2,1,1,1,16,0,0,0,1,15,0,Generic,1
2.34732,tcp,http,FIN,22,94,1708,115786,48.99204,62,252,5558.679688,390419.6875,2,44,109.946574,24.464753,7492.219387,3696.602135,255,2753472553,911825452,255,0.176643,0.072089,0.104554,78,1232,1,55622,1,1,1,1,1,1,0,0,1,1,1,0,Generic,1
42.793449,ospf,-,INT,42,0,2184,0,0.958091,254,0,398.565674,0.0,0,0,1043.742625,0.0,1236.527125,0.0,0,0,0,0,0.0,0.0,0.0,52,0,0,0,1,2,1,1,1,1,0,0,0,2,1,0,Generic,1
3e-06,unas,-,INT,2,0,200,0,333333.3215,254,0,266666656.0,0.0,0,0,0.003,0.0,0.0,0.0,0,0,0,0,0.0,0.0,0.0,100,0,0,0,6,2,2,2,2,6,0,0,0,3,6,0,Generic,1
1.051007,tcp,-,FIN,10,8,1418,2156,16.174963,254,252,9720.201172,14363.36719,2,2,116.778556,134.304422,6402.988236,247.658641,255,3291287567,1401781925,255,0.148616,0.081451,0.067165,142,270,0,0,2,1,1,1,1,1,0,0,0,3,1,0,Generic,1
1.397952,tcp,http,FIN,10,10,792,1170,13.591311,62,252,4080.254639,6025.958008,2,2,155.328,138.182219,9157.618963,228.701687,255,3322018365,3086827750,255,0.234367,0.124082,0.110285,79,117,1,140,3,1,1,1,1,3,0,0,1,1,3,0,Generic,1
3.2e-05,udp,dns,INT,2,0,114,0,31250.00008,254,0,14250000.0,0.0,0,0,0.032,0.0,0.0,0.0,0,0,0,0,0.0,0.0,0.0,57,0,0,0,21,2,3,3,3,21,0,0,0,4,21,0,Generic,1
1.322304,tcp,-,FIN,38,10,42564,440,35.54402,254,252,250738.1094,2395.818115,16,1,35.737947,134.933328,4458.858182,289.266469,255,2760862201,1261574267,255,0.125611,0.074952,0.050659,1120,44,0,0,3,1,1,1,1,1,0,0,0,2,1,0,Generic,1
2e-06,udp,dns,INT,2,0,114,0,500000.0013,254,0,228000000.0,0.0,0,0,0.002,0.0,0.0,0.0,0,0,0,0,0.0,0.0,0.0,57,0,0,0,18,2,2,2,2,18,0,0,0,2,18,0,Generic,1
9e-06,udp,-,INT,2,0,94,0,111111.1072,254,0,41777776.0,0.0,0,0,0.009,0.0,0.0,0.0,0,0,0,0,0.0,0.0,0.0,47,0,0,0,1,2,1,1,1,1,0,0,0,17,1,0,Generic,1
2.521585,tcp,http,FIN,10,10,1362,2870,7.534943,62,252,3889.617188,8194.845703,2,2,280.164222,266.790875,16462.01754,472.164531,255,1812438621,1893456581,255,0.251054,0.120458,0.130596,136,287,1,838,2,1,2,1,1,1,0,0,1,1,1,0,Generic,1
1e-06,udp,dns,INT,2,0,114,0,1000000.003,254,0,456000000.0,0.0,0,0,0.001,0.0,0.0,0.0,0,0,0,0,0.0,0.0,0.0,57,0,0,0,16,2,6,6,3,17,0,0,0,6,16,0,Generic,1
5e-06,udp,dns,INT,2,0,114,0,200000.0051,254,0,91200000.0,0.0,0,0,0.005,0.0,0.0,0.0,0,0,0,0,0.0,0.0,0.0,57,0,0,0,29,2,2,2,2,29,0,0,0,2,29,0,Generic,1
1.891798,tcp,http,FIN,18,58,1190,69101,39.644824,62,252,4753.149902,287176.5313,2,27,111.275588,31.666649,6375.886534,4335.954514,255,1971473044,3474253113,255,0.173418,0.086794,0.086624,66,1191,1,33118,1,1,1,1,1,1,0,0,1,1,1,0,Generic,1
5e-06,unas,-,INT,2,0,200,0,200000.0051,254,0,160000000.0,0.0,0,0,0.005,0.0,0.0,0.0,0,0,0,0,0.0,0.0,0.0,100,0,0,0,3,2,3,3,3,3,0,0,0,6,3,0,Generic,1
7e-06,udp,dns,INT,2,0,114,0,142857.1409,254,0,65142856.0,0.0,0,0,0.007,0.0,0.0,0.0,0,0,0,0,0.0,0.0,0.0,57,0,0,0,26,2,3,3,3,26,0,0,0,3,26,0,Generic,1
1.403232,tcp,http,FIN,22,92,1706,114870,80.528381,254,252,9287.131836,647773.125,2,44,66.780189,14.058978,3346.358828,1704.877223,255,33247058,3387544825,255,0.224487,0.123859,0.100628,78,1249,1,55203,1,1,1,1,1,1,0,0,1,2,1,0,Generic,1
0.881039,tcp,-,FIN,8,8,364,388,17.025353,62,252,2896.580078,3087.263916,1,2,125.775576,112.59657,7355.851982,178.076984,255,3012714729,2740227785,255,0.184713,0.09286,0.091853,46,49,0,0,3,1,1,1,1,1,0,0,0,17,1,0,Generic,1
1.864391,udp,-,INT,4,0,1360,0,1.609105,254,0,4376.76416,0.0,0,0,621.463687,0.0,878.872438,0.0,0,0,0,0,0.0,0.0,0.0,340,0,0,0,4,2,2,1,1,2,0,0,0,3,2,0,Generic,1
4e-06,udp,dns,INT,2,0,114,0,250000.0006,254,0,114000000.0,0.0,0,0,0.004,0.0,0.0,0.0,0,0,0,0,0.0,0.0,0.0,57,0,0,0,19,2,3,3,3,19,0,0,0,4,19,0,Generic,1
1.347953,tcp,http,FIN,28,134,1894,169716,119.44037,254,252,10843.1084,999738.125,2,65,49.924186,9.79921,2385.671035,1149.424552,255,2628144933,1930399189,255,0.100062,0.043942,0.05612,68,1267,1,81780,1,1,1,1,1,1,0,0,1,1,2,0,Generic,1
0.865463,tcp,http,FIN,10,8,1244,1294,19.642665,62,252,10352.83984,10473.00684,2,2,96.149222,107.14443,5149.244948,204.920469,255,413245893,3380422996,255,0.202661,0.115448,0.087213,124,162,1,218,1,1,2,1,1,1,0,0,1,1,1,0,Generic,1
5e-06,udp,dns,INT,2,0,114,0,200000.0051,254,0,91200000.0,0.0,0,0,0.005,0.0,0.0,0.0,0,0,0,0,0.0,0.0,0.0,57,0,0,0,23,2,3,3,3,23,0,0,0,3,23,0,Generic,1
1e-05,udp,dhcp,INT,2,0,1152,0,100000.0025,254,0,460800000.0,0.0,0,0,0.01,0.0,0.0,0.0,0,0,0,0,0.0,0.0,0.0,576,0,0,0,2,2,2,2,2,2,0,0,0,3,2,0,Generic,1
8e-06,udp,dns,INT,2,0,114,0,125000.0003,254,0,57000000.0,0.0,0,0,0.008,0.0,0.0,0.0,0,0,0,0,0.0,0.0,0.0,57,0,0,0,37,2,8,8,3,37,0,0,0,8,37,0,Generic,1
2e-06,udp,dns,INT,2,0,114,0,500000.0013,254,0,228000000.0,0.0,0,0,0.002,0.0,0.0,0.0,0,0,0,0,0.0,0.0,0.0,57,0,0,0,3,2,3,3,3,4,0,0,0,3,3,0,Generic,1
2e-06,udp,-,INT,2,0,1242,0,500000.0013,254,0,2484000000.0,0.0,0,0,0.002,0.0,0.0,0.0,0,0,0,0,0.0,0.0,0.0,621,0,0,0,1,2,1,1,1,1,0,0,0,14,1,0,Generic,1
0.829202,tcp,-,FIN,12,10,1070,684,25.325554,254,252,9464.521484,5943.063477,3,3,74.206911,86.297445,4778.394602,122.006531,255,2367863036,2667067313,255,0.075624,0.05252,0.023104,89,68,0,0,1,1,1,1,1,1,0,0,0,1,1,0,Generic,1
2.885742,tcp,http,FIN,12,10,1202,2754,7.277158,254,252,3055.020264,6872.40918,2,2,262.340176,312.090125,16824.64816,581.426125,255,3075796509,3442762470,255,0.152109,0.049752,0.102357,100,275,1,784,1,1,1,1,1,1,0,0,1,1,1,0,Generic,1
3e-06,udp,dns,INT,2,0,114,0,333333.3215,254,0,152000000.0,0.0,0,0,0.003,0.0,0.0,0.0,0,0,0,0,0.0,0.0,0.0,57,0,0,0,3,2,1,1,1,3,0,0,0,1,3,0,Generic,1
3e-06,udp,dns,INT,2,0,114,0,333333.3215,254,0,152000000.0,0.0,0,0,0.003,0.0,0.0,0.0,0,0,0,0,0.0,0.0,0.0,57,0,0,0,1,2,1,1,1,1,0,0,0,1,1,0,Generic,1
1.87397,tcp,http,FIN,42,220,2918,282807,139.276507,62,252,12162.41406,1201820.75,2,108,45.706585,8.281729,2295.369664,1026.583966,255,284948093,150779616,255,0.128023,0.041249,0.086774,69,1285,1,136586,3,1,1,1,1,1,0,0,1,1,1,0,Generic,1
0.870097,tcp,http,FIN,14,28,1400,32602,47.121184,254,252,11952.69043,289052.8438,2,12,66.930541,29.969742,3433.94682,3112.677044,255,3213327247,672247678,255,0.116326,0.060256,0.05607,100,1164,1,15343,2,1,1,1,1,1,0,0,1,1,1,0,Generic,1
0.769354,tcp,http,FIN,10,8,1250,2482,22.096461,62,252,11698.12598,22585.18164,2,2,85.483778,97.625711,4621.429342,176.257906,255,539906844,2284937359,255,0.139721,0.085204,0.054517,125,310,1,747,4,1,3,3,1,4,0,0,1,3,4,0,Generic,1
8e-06,udp,-,INT,2,0,1362,0,125000.0003,254,0,681000000.0,0.0,0,0,0.008,0.0,0.0,0.0,0,0,0,0,0.0,0.0,0.0,681,0,0,0,1,2,1,1,1,1,0,0,0,1,1,0,Generic,1
9e-06,udp,dns,INT,2,0,114,0,111111.1072,254,0,50666664.0,0.0,0,0,0.009,0.0,0.0,0.0,0,0,0,0,0.0,0.0,0.0,57,0,0,0,10,2,1,1,1,10,0,0,0,1,10,0,Generic,1
5e-06,unas,-,INT,2,0,200,0,200000.0051,254,0,160000000.0,0.0,0,0,0.005,0.0,0.0,0.0,0,0,0,0,0.0,0.0,0.0,100,0,0,0,6,2,3,3,3,6,0,0,0,4,6,0,Generic,1
7e-06,udp,-,INT,2,0,1336,0,142857.1409,254,0,763428544.0,0.0,0,0,0.007,0.0,0.0,0.0,0,0,0,0,0.0,0.0,0.0,668,0,0,0,1,2,1,1,1,1,0,0,0,1,1,0,Generic,1
3e-06,unas,-,INT,2,0,200,0,333333.3215,254,0,266666656.0,0.0,0,0,0.003,0.0,0.0,0.0,0,0,0,0,0.0,0.0,0.0,100,0,0,0,7,2,3,3,3,7,0,0,0,4,7,0,Generic,1
1.626462,tcp,smtp,FIN,26,20,10772,1126,27.667416,62,252,50947.39453,5262.95752,10,8,65.058478,82.263211,3771.592059,102.094078,255,869151959,2491488822,255,0.096911,0.062731,0.03418,414,56,0,0,1,1,2,1,1,1,0,0,0,1,1,0,Generic,1
15.602136,ospf,-,INT,20,0,900,0,1.217782,254,0,438.40152,0.0,0,0,821.165062,0.0,987.040687,0.0,0,0,0,0,0.0,0.0,0.0,45,0,0,0,2,2,3,2,2,3,0,0,0,3,2,0,Generic,1
1.227135,sctp,-,CON,4,2,568,432,4.074532,254,60,2777.200684,1408.158081,0,0,409.045,0.008,578.47275,0.0,0,0,0,0,0.0,0.0,0.0,142,216,0,0,2,0,2,2,2,2,0,0,0,2,2,0,Generic,1
7e-06,udp,dns,INT,2,0,156,0,142857.1409,254,0,89142856.0,0.0,0,0,0.007,0.0,0.0,0.0,0,0,0,0,0.0,0.0,0.0,78,0,0,0,4,2,2,2,2,4,0,0,0,2,4,0,Generic,1
4.153977,tcp,http,FIN,48,260,3168,333188,73.905081,62,252,5974.03418,639208.1875,2,127,88.382486,15.651482,6438.242008,2246.117342,255,2134882416,2136399964,255,0.194685,0.099476,0.095209,66,1281,1,160986,1,1,1,1,1,1,0,0,1,15,1,0,Generic,1
0.299423,tcp,-,FIN,10,6,2120,268,50.09635,254,252,50978.04688,5984.844238,2,1,29.085111,56.184199,1547.089439,82.138437,255,4221286898,3360894875,255,0.054612,0.018499,0.036113,212,45,0,0,1,1,1,1,1,1,0,0,0,2,1,0,Generic,1
8e-06,udp,dns,INT,2,0,114,0,125000.0003,254,0,57000000.0,0.0,0,0,0.008,0.0,0.0,0.0,0,0,0,0,0.0,0.0,0.0,57,0,0,0,26,2,25,25,14,26,0,0,0,25,26,0,Generic,1
0.483121,tcp,http,FIN,12,26,1276,29348,76.585368,62,252,19374.02734,467294.9375,2,11,43.879181,18.33296,2941.687109,2329.34833,255,2745055422,1245226781,255,0.045496,0.024788,0.020708,106,1129,1,13824,1,1,1,1,1,1,0,0,1,1,1,0,Generic,1
9e-06,unas,-,INT,2,0,200,0,111111.1072,254,0,88888888.0,0.0,0,0,0.009,0.0,0.0,0.0,0,0,0,0,0.0,0.0,0.0,100,0,0,0,3,2,1,1,1,4,0,0,0,2,3,0,Generic,1
0.26366,tcp,http,FIN,10,8,648,1794,64.476975,254,252,17719.78906,47637.10547,2,2,29.295556,36.55,1467.061182,52.38518,255,2463335525,2448139764,255,0.05245,0.007127,0.045323,65,224,1,444,2,1,1,1,1,1,0,0,1,1,1,0,Generic,1
3e-06,unas,-,INT,2,0,200,0,333333.3215,254,0,266666656.0,0.0,0,0,0.003,0.0,0.0,0.0,0,0,0,0,0.0,0.0,0.0,100,0,0,0,3,2,3,2,2,4,0,0,0,5,3,0,Generic,1
0.317863,tcp,-,FIN,12,10,1204,590,66.066201,254,252,27785.55664,13364.24902,3,3,27.832272,33.635223,1497.807517,43.634699,255,1859574294,673026180,255,0.059186,0.015143,0.044043,100,59,0,0,3,1,1,1,1,1,0,0,0,1,1,0,Generic,1
4e-06,udp,dns,INT,2,0,114,0,250000.0006,254,0,114000000.0,0.0,0,0,0.004,0.0,0.0,0.0,0,0,0,0,0.0,0.0,0.0,57,0,0,0,20,2,2,2,2,20,0,0,0,2,20,0,Generic,1
0.636202,tcp,-,FIN,10,6,468,268,23.577418,254,252,5306.490723,2816.715576,2,1,67.267778,108.183398,3448.170323,172.026,255,3136600550,3194667250,255,0.201655,0.095283,0.106372,47,45,0,0,1,1,6,1,1,1,0,0,0,1,1,0,Generic,1
3.787714,tcp,http,FIN,66,384,3522,515457,118.541157,62,252,7326.84668,1085858.125,2,190,58.272523,9.674416,2731.846866,1172.485016,255,1722238088,3172069020,255,0.128175,0.06437,0.063805,53,1342,1,249697,1,1,1,1,1,1,0,0,1,1,1,0,Generic,1
3e-06,udp,dns,INT,2,0,114,0,333333.3215,254,0,152000000.0,0.0,0,0,0.003,0.0,0.0,0.0,0,0,0,0,0.0,0.0,0.0,57,0,0,0,20,2,10,10,4,20,0,0,0,10,20,0,Generic,1
8e-06,udp,dns,INT,2,0,114,0,125000.0003,254,0,57000000.0,0.0,0,0,0.008,0.0,0.0,0.0,0,0,0,0,0.0,0.0,0.0,57,0,0,0,32,2,1,1,1,32,0,0,0,1,32,0,Generic,1
8e-06,udp,dns,INT,2,0,114,0,125000.0003,254,0,57000000.0,0.0,0,0,0.008,0.0,0.0,0.0,0,0,0,0,0.0,0.0,0.0,57,0,0,0,20,2,4,3,3,20,0,0,0,3,20,0,Generic,1
5e-06,udp,dns,INT,2,0,114,0,200000.0051,254,0,91200000.0,0.0,0,0,0.005,0.0,0.0,0.0,0,0,0,0,0.0,0.0,0.0,57,0,0,0,3,2,3,3,1,3,0,0,0,3,3,0,Generic,1
1.845986,tcp,http,FIN,20,50,3868,60336,37.378398,62,252,15926.44824,256253.2969,4,23,97.157161,34.093838,4777.093145,3497.490623,255,770726488,2484002078,255,0.227184,0.119067,0.108117,193,1207,1,773,1,1,1,1,1,1,0,0,1,1,1,0,Generic,1
8e-06,udp,dns,INT,2,0,114,0,125000.0003,254,0,57000000.0,0.0,0,0,0.008,0.0,0.0,0.0,0,0,0,0,0.0,0.0,0.0,57,0,0,0,4,2,1,1,1,4,0,0,0,1,4,0,Generic,1
23.314079,tcp,http,FIN,296,1742,15076,2390666,87.372097,62,252,5156.025879,819863.0625,4,869,79.026472,13.371032,3847.238263,1656.182045,255,2811538549,2006272040,255,0.163493,0.061851,0.101642,51,1372,1,1159260,1,1,1,1,1,1,0,0,1,1,1,0,Generic,1
3.3e-05,udp,dns,INT,2,0,114,0,30303.03007,254,0,13818182.0,0.0,0,0,0.033,0.0,0.0,0.0,0,0,0,0,0.0,0.0,0.0,57,0,0,0,20,2,3,3,3,20,0,0,0,3,20,0,Generic,1
8e-06,udp,dns,INT,2,0,114,0,125000.0003,254,0,57000000.0,0.0,0,0,0.008,0.0,0.0,0.0,0,0,0,0,0.0,0.0,0.0,57,0,0,0,26,2,1,1,1,26,0,0,0,1,26,0,Generic,1
1.973245,tcp,-,FIN,10,8,982,354,8.61525,254,252,3583.944092,1256.812988,2,1,219.151333,271.813,13930.71376,415.680687,255,2797786418,3862894756,255,0.127552,0.070546,0.057006,98,44,0,0,3,1,2,1,1,1,0,0,0,3,2,0,Generic,1
1.268698,tcp,http,FIN,10,10,818,1424,14.975984,62,252,4647.28418,8083.878418,2,2,140.878111,135.539219,10469.69482,219.634187,255,3176034101,2215865047,255,0.118357,0.048842,0.069515,82,142,1,267,2,1,1,1,1,2,0,0,1,1,2,0,Generic,1
0.252934,tcp,http,FIN,14,38,1450,43252,201.633621,62,252,42603.99609,1332015.375,2,17,19.390001,6.236703,1016.737292,696.878218,255,1343077205,1609204904,255,0.032374,0.022167,0.010207,104,1138,1,20480,1,1,1,1,1,1,0,0,1,1,1,0,Generic,1
1.328292,tcp,http,FIN,16,32,960,34852,35.383786,62,252,5420.494629,203346.8594,2,14,88.5528,40.857225,5102.390278,4463.815456,255,3485060499,2865884906,255,0.114851,0.061004,0.053847,60,1089,1,16384,1,1,1,1,1,1,0,0,1,2,1,0,Generic,1
2e-06,udp,dns,INT,2,0,114,0,500000.0013,254,0,228000000.0,0.0,0,0,0.002,0.0,0.0,0.0,0,0,0,0,0.0,0.0,0.0,57,0,0,0,28,2,8,8,8,28,0,0,0,10,28,0,Generic,1
0.426944,tcp,-,FIN,10,6,1486,268,35.133414,254,252,25071.20508,4197.271973,2,1,47.438222,73.987203,2381.0923,107.839031,255,3779876953,96735278,255,0.104869,0.056049,0.04882,149,45,0,0,1,1,1,1,1,1,0,0,0,1,1,0,Generic,1
4e-06,udp,dns,INT,2,0,114,0,250000.0006,254,0,114000000.0,0.0,0,0,0.004,0.0,0.0,0.0,0,0,0,0,0.0,0.0,0.0,57,0,0,0,19,2,2,2,2,19,0,0,0,2,19,0,Generic,1
4e-06,udp,-,INT,2,0,102,0,250000.0006,254,0,102000000.0,0.0,0,0,0.004,0.0,0.0,0.0,0,0,0,0,0.0,0.0,0.0,51,0,0,0,1,2,2,1,1,1,0,0,0,1,3,0,Generic,1
0.614679,tcp,http,FIN,10,8,776,354,27.656713,254,252,9097.431641,4034.626221,2,1,59.722556,79.706859,3874.652204,133.919656,255,3627077252,2912882493,255,0.11555,0.056727,0.058823,78,44,1,0,3,1,1,1,1,1,0,0,1,1,1,0,Generic,1
0.411841,tcp,-,FIN,10,8,1390,354,41.278066,254,252,24300.64063,6021.741211,2,1,44.096,51.453,3130.748463,107.432281,255,4088777469,3729197068,255,0.104274,0.051662,0.052612,139,44,0,0,2,1,1,1,1,1,0,0,0,1,1,0,Generic,1
0.442441,tcp,http,FIN,10,8,1218,1642,38.423203,62,252,19835.41406,25983.12695,2,2,49.160111,49.65143,2500.101291,76.610016,255,2146714155,1182376420,255,0.07782,0.037363,0.040457,122,205,1,281,1,1,1,1,1,1,0,0,1,2,1,0,Generic,1
1e-06,ggp,-,INT,2,0,180,0,1000000.003,254,0,720000000.0,0.0,0,0,0.001,0.0,0.0,0.0,0,0,0,0,0.0,0.0,0.0,90,0,0,0,4,2,3,4,3,3,0,0,0,4,3,0,Generic,1
1e-06,udp,dns,INT,2,0,114,0,1000000.003,254,0,456000000.0,0.0,0,0,0.001,0.0,0.0,0.0,0,0,0,0,0.0,0.0,0.0,57,0,0,0,2,2,2,2,2,2,0,0,0,2,2,0,Generic,1
0.501797,tcp,http,FIN,10,8,1018,968,33.87824,62,252,14619.45703,13503.46777,2,2,55.650889,67.086859,2952.949245,123.03775,255,1732105263,2265184241,255,0.076831,0.032186,0.044645,102,121,1,0,1,1,1,1,1,1,0,0,1,1,1,0,Generic,1
1.252496,tcp,http,FIN,10,14,1124,10320,18.363332,62,252,6463.893066,61208.97656,2,5,139.058333,92.252385,8041.859429,9392.182587,255,2919977320,3612232297,255,0.168945,0.053207,0.115738,112,737,1,4503,1,1,1,1,1,1,0,0,1,1,1,0,Generic,1
7e-06,udp,dns,INT,2,0,114,0,142857.1409,254,0,65142856.0,0.0,0,0,0.007,0.0,0.0,0.0,0,0,0,0,0.0,0.0,0.0,57,0,0,0,17,2,5,5,1,17,0,0,0,5,17,0,Generic,1
1.76093,tcp,http,FIN,10,8,1344,1312,9.65399,62,252,5497.095703,5215.42627,2,2,195.554889,224.240719,12468.02609,492.904688,255,2636202826,1671257564,255,0.262375,0.191236,0.071139,134,164,1,169,1,1,1,1,1,1,0,0,1,1,4,0,Generic,1
0.358542,tcp,http,FIN,12,26,1256,30158,103.195722,62,252,25704.10156,647042.75,2,11,32.506092,12.68248,1681.379717,1457.028639,255,440437814,2308678119,255,0.113999,0.041471,0.072528,105,1160,1,14242,2,1,1,1,1,2,0,0,1,1,2,0,Generic,1
3e-06,prm,-,INT,2,0,200,0,333333.3215,254,0,266666656.0,0.0,0,0,0.003,0.0,0.0,0.0,0,0,0,0,0.0,0.0,0.0,100,0,0,0,6,2,2,2,2,6,0,0,0,2,6,0,Generic,1
9e-06,trunk-1,-,INT,2,0,200,0,111111.1072,254,0,88888888.0,0.0,0,0,0.009,0.0,0.0,0.0,0,0,0,0,0.0,0.0,0.0,100,0,0,0,6,2,1,1,1,6,0,0,0,3,6,0,Generic,1
5e-06,leaf-1,-,INT,2,0,200,0,200000.0051,254,0,160000000.0,0.0,0,0,0.005,0.0,0.0,0.0,0,0,0,0,0.0,0.0,0.0,100,0,0,0,4,2,1,1,1,4,0,0,0,1,4,0,Generic,1
1.120035,ospf,-,INT,28,0,3024,0,24.106388,254,0,20827.91992,0.0,0,0,41.482777,0.0,46.794559,0.0,0,0,0,0,0.0,0.0,0.0,108,0,0,0,1,2,1,1,1,1,0,0,0,1,1,0,Generic,1
0.945221,tcp,http,FIN,10,10,1926,5926,20.101119,62,252,14675.93262,45144.99609,2,3,105.024556,94.924778,5801.520933,7114.645814,255,3919058101,2672452793,255,0.139744,0.090428,0.049316,193,593,1,2451,1,1,1,1,1,1,0,0,1,1,1,0,Generic,1
9e-06,udp,-,INT,2,0,254,0,111111.1072,254,0,112888888.0,0.0,0,0,0.009,0.0,0.0,0.0,0,0,0,0,0.0,0.0,0.0,127,0,0,0,2,2,2,1,1,2,0,0,0,2,2,0,Generic,1
1.428021,tcp,-,FIN,14,24,1662,22840,25.909984,254,252,8649.733398,122625.6484,4,10,109.847767,59.07491,5534.176731,4999.638661,255,3870143512,1206659677,255,0.222464,0.068522,0.153942,119,952,0,0,3,1,1,1,1,1,0,0,0,1,1,0,Generic,1
8e-06,udp,dns,INT,2,0,114,0,125000.0003,254,0,57000000.0,0.0,0,0,0.008,0.0,0.0,0.0,0,0,0,0,0.0,0.0,0.0,57,0,0,0,29,2,3,3,3,29,0,0,0,3,29,0,Generic,1
9e-06,idpr-cmtp,-,INT,2,0,200,0,111111.1072,254,0,88888888.0,0.0,0,0,0.009,0.0,0.0,0.0,0,0,0,0,0.0,0.0,0.0,100,0,0,0,7,2,1,1,1,7,0,0,0,4,7,0,Generic,1
0.335205,tcp,http,FIN,10,8,932,1608,50.715236,254,252,20023.56836,33579.45313,2,2,37.245,36.127715,1921.841505,56.149504,255,3552718706,1625307380,255,0.091767,0.066581,0.025186,93,201,1,407,2,1,12,2,1,2,0,0,1,2,2,0,Generic,1
5e-06,idrp,-,INT,2,0,200,0,200000.0051,254,0,160000000.0,0.0,0,0,0.005,0.0,0.0,0.0,0,0,0,0,0.0,0.0,0.0,100,0,0,0,4,2,2,2,2,4,0,0,0,3,4,0,Generic,1
1.370718,tcp,http,FIN,12,26,1206,29462,26.993152,62,252,6455.01123,165338.1719,2,11,124.610722,52.5984,7871.669612,6900.930432,255,1308745742,1162831144,255,0.12794,0.055069,0.072871,101,1133,1,13824,1,1,1,1,1,1,0,0,1,2,1,0,Generic,1
9e-06,skip,-,INT,2,0,200,0,111111.1072,254,0,88888888.0,0.0,0,0,0.009,0.0,0.0,0.0,0,0,0,0,0.0,0.0,0.0,100,0,0,0,6,2,2,2,2,6,0,0,0,4,6,0,Generic,1
7e-06,udp,dns,INT,2,0,114,0,142857.1409,254,0,65142856.0,0.0,0,0,0.007,0.0,0.0,0.0,0,0,0,0,0.0,0.0,0.0,57,0,0,0,51,2,10,10,5,51,0,0,0,10,51,0,Generic,1
1.508618,tcp,ssl,FIN,16,14,5544,5944,19.222891,254,252,27564.30078,29271.82422,5,4,100.534268,102.759615,6032.407385,6212.201421,255,3707388300,2527149551,255,0.239182,0.172741,0.066441,347,425,0,0,1,1,1,1,1,1,0,0,0,1,1,0,Generic,1
9e-06,sat-expak,-,INT,2,0,200,0,111111.1072,254,0,88888888.0,0.0,0,0,0.009,0.0,0.0,0.0,0,0,0,0,0.0,0.0,0.0,100,0,0,0,3,2,2,2,2,3,0,0,0,4,3,0,Generic,1
4e-06,udp,dns,INT,2,0,114,0,250000.0006,254,0,114000000.0,0.0,0,0,0.004,0.0,0.0,0.0,0,0,0,0,0.0,0.0,0.0,57,0,0,0,23,2,6,6,6,23,0,0,0,7,23,0,Generic,1
3.500736,tcp,http,FIN,12,10,1276,2326,5.998739,62,252,2673.723389,4785.279297,2,2,318.16817,380.005344,20975.17687,543.347375,255,1241522225,1502927899,255,0.176978,0.08068,0.096298,106,233,1,632,2,1,5,2,1,1,0,0,1,3,1,0,Generic,1
4e-06,udp,dns,INT,2,0,114,0,250000.0006,254,0,114000000.0,0.0,0,0,0.004,0.0,0.0,0.0,0,0,0,0,0.0,0.0,0.0,57,0,0,0,1,2,1,1,1,1,0,0,0,1,1,0,Generic,1
1.594432,tcp,http,FIN,30,102,4588,127964,82.16092,62,252,22257.45508,635762.4375,5,49,54.980415,14.728713,2799.782676,1635.472549,255,3213103406,219075850,255,0.162635,0.085516,0.077119,153,1255,1,181,1,1,1,1,1,1,0,0,1,1,1,0,Generic,1
5e-06,wb-expak,-,INT,2,0,200,0,200000.0051,254,0,160000000.0,0.0,0,0,0.005,0.0,0.0,0.0,0,0,0,0,0.0,0.0,0.0,100,0,0,0,5,2,2,2,2,5,0,0,0,2,5,0,Generic,1
9e-06,wb-mon,-,INT,2,0,200,0,111111.1072,254,0,88888888.0,0.0,0,0,0.009,0.0,0.0,0.0,0,0,0,0,0.0,0.0,0.0,100,0,0,0,5,2,2,2,2,5,0,0,0,2,5,0,Generic,1
0.816299,tcp,-,FIN,12,10,3196,1148,25.725867,254,252,28714.9668,10133.54102,3,2,72.102815,84.864664,4365.430146,128.833633,255,3225261604,88594911,255,0.133104,0.052509,0.080595,266,115,0,0,2,1,2,1,1,1,0,0,0,4,2,0,Generic,1
3e-06,iso-ip,-,INT,2,0,200,0,333333.3215,254,0,266666656.0,0.0,0,0,0.003,0.0,0.0,0.0,0,0,0,0,0.0,0.0,0.0,100,0,0,0,4,2,3,2,2,4,0,0,0,2,4,0,Generic,1
6e-06,vmtp,-,INT,2,0,200,0,166666.6608,254,0,133333328.0,0.0,0,0,0.006,0.0,0.0,0.0,0,0,0,0,0.0,0.0,0.0,100,0,0,0,4,2,3,2,2,4,0,0,0,2,4,0,Generic,1
9e-06,sprite-rpc,-,INT,2,0,200,0,111111.1072,254,0,88888888.0,0.0,0,0,0.009,0.0,0.0,0.0,0,0,0,0,0.0,0.0,0.0,100,0,0,0,7,2,3,3,3,7,0,0,0,3,7,0,Generic,1
9e-06,aes-sp3-d,-,INT,2,0,200,0,111111.1072,254,0,88888888.0,0.0,0,0,0.009,0.0,0.0,0.0,0,0,0,0,0.0,0.0,0.0,100,0,0,0,6,2,3,3,3,6,0,0,0,4,6,0,Generic,1
5e-06,micp,-,INT,2,0,200,0,200000.0051,254,0,160000000.0,0.0,0,0,0.005,0.0,0.0,0.0,0,0,0,0,0.0,0.0,0.0,100,0,0,0,6,2,3,3,3,6,0,0,0,4,6,0,Generic,1
1.781777,tcp,http,FIN,20,68,1196,84337,48.827658,62,252,5105.016113,373097.1875,2,32,93.777738,25.454283,4664.020893,2725.635401,255,4235734114,1594624930,255,0.164915,0.075676,0.089239,60,1240,1,40561,4,1,1,1,1,3,0,0,1,1,3,0,Generic,1
8e-06,pim,-,INT,2,0,200,0,125000.0003,254,0,100000000.0,0.0,0,0,0.008,0.0,0.0,0.0,0,0,0,0,0.0,0.0,0.0,100,0,0,0,4,2,2,2,2,4,0,0,0,4,4,0,Generic,1
9e-06,pnni,-,INT,2,0,200,0,111111.1072,254,0,88888888.0,0.0,0,0,0.009,0.0,0.0,0.0,0,0,0,0,0.0,0.0,0.0,100,0,0,0,4,2,2,2,2,4,0,0,0,4,4,0,Generic,1
1e-06,scps,-,INT,2,0,200,0,1000000.003,254,0,800000000.0,0.0,0,0,0.001,0.0,0.0,0.0,0,0,0,0,0.0,0.0,0.0,100,0,0,0,4,2,2,2,2,4,0,0,0,4,4,0,Generic,1
9e-06,ipcomp,-,INT,2,0,200,0,111111.1072,254,0,88888888.0,0.0,0,0,0.009,0.0,0.0,0.0,0,0,0,0,0.0,0.0,0.0,100,0,0,0,7,2,3,3,3,8,0,0,0,4,7,0,Generic,1
0.969606,tcp,http,FIN,10,10,818,1358,19.595589,62,252,6080.820801,10090.69727,2,2,107.660667,97.917336,5984.509798,165.275984,255,3900424311,3562079914,255,0.190568,0.088349,0.102219,82,136,1,234,3,1,1,1,1,3,0,0,1,1,3,0,Generic,1
1e-06,snp,-,INT,2,0,200,0,1000000.003,254,0,800000000.0,0.0,0,0,0.001,0.0,0.0,0.0,0,0,0,0,0.0,0.0,0.0,100,0,0,0,7,2,3,3,3,8,0,0,0,4,7,0,Generic,1
3e-06,udp,dns,INT,2,0,114,0,333333.3215,254,0,152000000.0,0.0,0,0,0.003,0.0,0.0,0.0,0,0,0,0,0.0,0.0,0.0,57,0,0,0,33,2,11,11,3,33,0,0,0,11,33,0,Generic,1
3e-06,pgm,-,INT,2,0,200,0,333333.3215,254,0,266666656.0,0.0,0,0,0.003,0.0,0.0,0.0,0,0,0,0,0.0,0.0,0.0,100,0,0,0,2,2,1,1,1,2,0,0,0,2,2,0,Generic,1
0.146282,udp,-,CON,2,2,1352,678,20.508333,254,60,36969.6875,18539.5332,0,0,0.01,0.01,0.0,0.0,0,0,0,0,0.0,0.0,0.0,676,339,0,0,2,0,1,1,1,2,0,0,0,1,2,0,Generic,1
1.1e-05,udp,dns,INT,2,0,114,0,90909.0902,254,0,41454544.0,0.0,0,0,0.011,0.0,0.0,0.0,0,0,0,0,0.0,0.0,0.0,57,0,0,0,34,2,14,14,10,34,0,0,0,14,34,0,Generic,1
5.176806,tcp,smtp,FIN,28,22,8266,1808,9.465296,254,252,12318.02051,2667.281738,9,8,191.73356,241.066625,13590.8467,412.929625,255,268862422,4071858281,255,0.239233,0.1136,0.125633,295,82,0,0,1,1,1,1,1,1,0,0,0,1,1,0,Generic,1
1e-05,udp,-,INT,2,0,1140,0,100000.0025,254,0,456000000.0,0.0,0,0,0.01,0.0,0.0,0.0,0,0,0,0,0.0,0.0,0.0,570,0,0,0,1,2,1,1,1,1,0,0,0,16,1,0,Generic,1
1e-05,udp,dns,INT,2,0,114,0,100000.0025,254,0,45600000.0,0.0,0,0,0.01,0.0,0.0,0.0,0,0,0,0,0.0,0.0,0.0,57,0,0,0,38,2,2,2,2,38,0,0,0,2,38,0,Generic,1
9e-06,udp,dns,INT,2,0,114,0,111111.1072,254,0,50666664.0,0.0,0,0,0.009,0.0,0.0,0.0,0,0,0,0,0.0,0.0,0.0,57,0,0,0,37,2,4,4,3,37,0,0,0,4,37,0,Generic,1
9e-06,srp,-,INT,2,0,200,0,111111.1072,254,0,88888888.0,0.0,0,0,0.009,0.0,0.0,0.0,0,0,0,0,0.0,0.0,0.0,100,0,0,0,6,2,3,3,3,6,0,0,0,4,6,0,Generic,1
0.77041,tcp,http,FIN,10,10,806,1242,24.662193,62,252,7538.842773,11609.40234,2,2,85.601111,77.172664,4672.393016,165.363656,255,1699579990,1157342306,255,0.122799,0.075082,0.047717,81,124,1,176,2,1,1,1,1,2,0,0,1,2,2,0,Generic,1
8e-06,udp,dns,INT,2,0,114,0,125000.0003,254,0,57000000.0,0.0,0,0,0.008,0.0,0.0,0.0,0,0,0,0,0.0,0.0,0.0,57,0,0,0,38,2,3,3,1,38,0,0,0,3,38,0,Generic,1
0.514679,tcp,-,FIN,12,8,1612,436,36.916213,254,252,22973.54297,5937.681152,3,2,43.335365,61.94843,2268.501394,80.483406,255,728725300,1417292972,255,0.148741,0.081037,0.067704,134,55,0,0,1,1,1,1,1,1,0,0,0,1,1,0,Generic,1
4e-06,udp,-,INT,2,0,586,0,250000.0006,254,0,586000000.0,0.0,0,0,0.004,0.0,0.0,0.0,0,0,0,0,0.0,0.0,0.0,293,0,0,0,1,2,1,1,1,1,0,0,0,1,1,0,Generic,1
1.036959,tcp,http,FIN,12,32,1336,33804,41.467404,62,252,9450.710938,252646.4219,2,13,94.269,28.455838,5420.010701,3799.687065,255,2547547581,2612483231,255,0.232348,0.15413,0.078218,111,1056,1,15872,1,1,1,1,1,1,0,0,1,3,1,0,Generic,1
9e-06,unas,-,INT,2,0,200,0,111111.1072,254,0,88888888.0,0.0,0,0,0.009,0.0,0.0,0.0,0,0,0,0,0.0,0.0,0.0,100,0,0,0,6,2,3,3,3,6,0,0,0,5,6,0,Generic,1
9e-06,udp,dns,INT,2,0,114,0,111111.1072,254,0,50666664.0,0.0,0,0,0.009,0.0,0.0,0.0,0,0,0,0,0.0,0.0,0.0,57,0,0,0,14,2,2,2,1,14,0,0,0,2,14,0,Generic,1
0.463223,tcp,http,FIN,10,10,1354,3720,41.016961,62,252,21052.49414,57820.96094,2,3,51.469222,41.524,2642.944875,2456.836446,255,1520326832,3362097136,255,0.10138,0.062434,0.038946,135,372,1,1331,3,1,1,2,1,1,0,0,1,4,1,0,Generic,1
0.292196,tcp,http,FIN,10,6,1034,268,51.335404,254,252,25489.74023,6132.869629,2,1,32.437444,50.615199,1544.585553,67.257859,255,2149102734,2195936887,255,0.073274,0.039119,0.034155,103,45,1,0,1,1,1,1,1,1,0,0,1,17,1,0,Generic,1
1.176635,tcp,http,FIN,24,116,1566,144843,118.133488,62,252,10205.37402,976309.5625,2,56,51.128784,9.656527,2396.476299,1043.109714,255,3123284143,3172244107,255,0.105611,0.075782,0.029829,65,1249,1,69771,1,1,1,1,1,1,0,0,1,1,1,0,Generic,1
1e-05,udp,-,INT,2,0,1372,0,100000.0025,254,0,548800000.0,0.0,0,0,0.01,0.0,0.0,0.0,0,0,0,0,0.0,0.0,0.0,686,0,0,0,1,2,1,1,1,1,0,0,0,1,1,0,Generic,1
7e-06,udp,dns,INT,2,0,114,0,142857.1409,254,0,65142856.0,0.0,0,0,0.007,0.0,0.0,0.0,0,0,0,0,0.0,0.0,0.0,57,0,0,0,17,2,1,1,1,17,0,0,0,1,17,0,Generic,1
8e-06,udp,dns,INT,2,0,114,0,125000.0003,254,0,57000000.0,0.0,0,0,0.008,0.0,0.0,0.0,0,0,0,0,0.0,0.0,0.0,57,0,0,0,33,2,1,1,1,33,0,0,0,1,33,0,Generic,1
1.8069,tcp,-,FIN,24,28,3056,13938,28.225137,62,252,12968.06641,59509.65625,9,11,78.520738,65.389814,3986.338804,3797.250454,255,2296738239,3675529834,255,0.090337,0.041372,0.048965,127,498,0,0,1,1,1,1,1,4,0,0,0,1,1,0,Generic,1
2.805197,tcp,-,FIN,30,38,3902,26368,23.884241,62,252,10757.17676,73221.24219,10,17,96.700344,74.015488,4857.557067,5047.451157,255,3428858268,526381571,255,0.158592,0.066621,0.091971,130,694,0,0,4,1,2,1,1,2,0,0,0,2,1,0,Generic,1
0.755846,tcp,smtp,FIN,24,20,8756,1718,56.889894,254,252,88822.32031,17283.94336,9,8,32.86287,36.537262,1777.25852,44.311867,255,3647546316,1842278563,255,0.055866,0.030114,0.025752,365,86,0,0,1,1,1,1,1,1,0,0,0,1,1,0,Generic,1
0.264269,tcp,http,FIN,10,6,1366,268,56.760348,254,252,37234.78906,6780.969727,2,1,24.503111,42.205398,1234.85269,55.078676,255,2760453822,1365218414,255,0.073149,0.053233,0.019916,137,45,1,0,2,1,18,1,1,2,0,0,1,1,2,0,Generic,1
5e-06,udp,dns,INT,2,0,114,0,200000.0051,254,0,91200000.0,0.0,0,0,0.005,0.0,0.0,0.0,0,0,0,0,0.0,0.0,0.0,57,0,0,0,30,2,30,30,13,30,0,0,0,30,30,0,Generic,1
1.991362,tcp,smtp,FIN,32,22,19506,1716,26.61495,254,252,75915.88281,6580.420898,13,8,64.20703,90.801617,4221.419899,120.12475,255,3168986011,2786308991,255,0.15276,0.084527,0.068233,610,78,0,0,1,1,2,1,1,1,0,0,0,1,1,0,Generic,1
1.443546,tcp,http,FIN,10,8,1412,1736,11.776555,254,252,7043.765625,8418.15918,2,2,160.385,197.857141,10544.63334,408.81625,255,150355701,2065784782,255,0.125063,0.058538,0.066525,141,217,1,456,1,1,1,1,1,1,0,0,1,18,1,0,Generic,1
3.297495,tcp,smtp,FIN,24,20,8530,1794,13.040202,254,252,19833.23828,4136.473633,9,8,143.369351,163.231687,9988.361242,301.857813,255,2249893297,714248436,255,0.279125,0.176205,0.10292,355,90,0,0,1,1,1,1,1,1,0,0,0,18,1,0,Generic,1
1.480772,tcp,-,FIN,14,12,1490,700,16.883085,254,252,7477.180664,3468.460938,4,4,113.835231,126.346906,7001.093422,204.495844,255,149406634,741899204,255,0.197138,0.09095,0.106188,106,58,0,0,1,1,2,1,1,1,0,0,0,1,1,0,Generic,1
1.75726,tcp,-,FIN,22,34,2192,28460,31.298727,62,252,9528.470703,125754.8672,5,15,83.669949,51.035242,3964.51708,3644.721469,255,2216436572,4159259432,255,0.130674,0.073094,0.05758,100,837,0,0,5,1,3,3,1,4,0,0,0,4,4,0,Generic,1
2.184577,tcp,http,FIN,10,10,1140,892,8.697336,254,252,3757.249023,2940.61499,2,2,242.730778,230.218328,15179.08713,379.080375,255,3163978157,2572297126,255,0.15793,0.080953,0.076977,114,89,1,45,1,1,1,1,1,2,0,0,1,1,2,0,Generic,1
2.688303,tcp,http,FIN,10,10,1148,1940,7.067656,254,252,3077.03418,5195.842773,2,2,298.700333,293.141656,24286.11315,565.927125,255,2307177053,3262927431,255,0.078401,0.049334,0.029067,115,194,1,575,2,1,2,1,1,3,0,0,1,2,2,0,Generic,1
2.07701,tcp,http,FIN,24,114,2326,139085,65.960205,62,252,8589.270508,531013.375,2,54,90.30478,17.531301,5443.211701,2794.553614,255,311985644,102537216,255,0.132702,0.08213,0.050572,97,1220,1,66861,1,1,2,1,1,1,0,0,1,1,1,0,Generic,1
0.300286,tcp,http,FIN,12,26,1620,27492,123.21587,62,252,39562.28516,704261.9375,2,11,27.298728,9.73352,1403.118629,1029.685641,255,3502813422,3108460307,255,0.095241,0.056289,0.038952,135,1057,1,12836,1,1,1,1,1,1,0,0,1,2,1,0,Generic,1
8e-06,udp,dns,INT,2,0,114,0,125000.0003,254,0,57000000.0,0.0,0,0,0.008,0.0,0.0,0.0,0,0,0,0,0.0,0.0,0.0,57,0,0,0,34,2,1,1,1,34,0,0,0,1,34,0,Generic,1
1.063932,tcp,http,FIN,14,34,1366,39472,44.175758,62,252,9541.963867,288078.5625,2,15,81.840925,30.013849,4369.466613,2992.035516,255,268417466,3032393786,255,0.160726,0.072784,0.087942,98,1161,1,18663,1,1,1,1,1,1,0,0,1,1,1,0,Generic,1
1.247212,tcp,smtp,FIN,38,22,30922,1774,47.305508,254,252,193128.3438,10865.83496,16,8,33.708431,54.161191,2561.479566,86.288203,255,3273711209,1387794999,255,0.132268,0.065328,0.06694,814,81,0,0,1,1,1,1,1,1,0,0,0,3,1,0,Generic,1
36.410484,sctp,-,CON,250,24,248562,1652,7.49784,254,60,54394.88281,348.031616,0,0,146.226828,472.506875,217.958844,517.294969,0,0,0,0,0.0,0.0,0.0,994,69,0,0,1,0,1,1,1,1,0,0,0,34,1,0,Generic,1
3e-06,udp,-,INT,2,0,92,0,333333.3215,254,0,122666664.0,0.0,0,0,0.003,0.0,0.0,0.0,0,0,0,0,0.0,0.0,0.0,46,0,0,0,1,2,1,1,1,1,0,0,0,15,1,0,Generic,1
0.988602,tcp,smtp,FIN,24,20,8956,1638,43.495765,254,252,69455.65625,12599.61035,9,8,42.982696,49.620738,2249.473895,55.165137,255,947350909,1940399360,255,0.064274,0.045073,0.019201,373,82,0,0,1,1,1,1,1,1,0,0,0,1,1,0,Generic,1
